corpus,titolo,sequenza,tipo,n_eventi,gamma,gamma_A1,gamma_A2,cv_tau
wikipedia,Industrial Revolution,vocali,vocali,18093,1.2656809862085732,0.9691250505061726,1.081721235886076,0.5246157258384266
wikipedia,Industrial Revolution,spazio,spazio,9332,1.216932858376328,0.9629895300557418,1.0079323307001549,0.47422867083163367
wikipedia,Industrial Revolution,e,lettera,5532,1.2474881033375276,1.0131176785372953,0.9337356060681895,0.8632911857273119
wikipedia,Industrial Revolution,t,lettera,4044,1.0503451551385496,0.9720055191033795,1.0000141848925017,0.8731229733862724
wikipedia,Industrial Revolution,n,lettera,3915,1.0003594167983676,1.0281984651766412,1.0157889749484676,0.8636040278704775
wikipedia,Industrial Revolution,a,lettera,3831,1.084260948138823,0.9863338709158903,0.9888383415642842,0.8643821304182737
wikipedia,Industrial Revolution,i,lettera,3662,1.0841896987487436,0.9796063013477637,0.8592025670628036,0.8878471477520239
wikipedia,Industrial Revolution,o,lettera,3619,1.248233790968205,0.9777802010830347,0.9342149231834033,0.9373471366843078
wikipedia,Industrial Revolution,r,lettera,3128,1.1904519207462927,1.0896712768828463,0.94247163688975,0.8358392317583405
wikipedia,Industrial Revolution,s,lettera,3013,1.1102636376737607,0.9708034574635906,0.9512634477057178,0.8904226870486264
wikipedia,Industrial Revolution,d,lettera,2164,1.0232578424623373,0.9536026979526323,0.9261561770760877,0.8791662244827895
wikipedia,Industrial Revolution,l,lettera,2044,1.1629160503740725,0.9674332920840477,1.0503514052340643,0.9758450976610049
wikipedia,Industrial Revolution,h,lettera,2025,1.216614885779399,0.9475755276858736,0.9843592275912888,0.9068286330495745
wikipedia,Industrial Revolution,c,lettera,1790,1.180348491962468,0.9918180605839223,0.9943752520022132,0.9985778004342686
wikipedia,Industrial Revolution,u,lettera,1449,1.0915223705947723,0.9496507008241335,0.9793193036291097,0.9899415409191964
wikipedia,Industrial Revolution,m,lettera,1222,1.180005979668538,0.9780192449233852,1.0163801866196647,0.977254888989848
wikipedia,Industrial Revolution,p,lettera,1118,1.0776613951347958,0.9635417827882763,1.0405123389704376,1.0543193980482974
wikipedia,Industrial Revolution,w,lettera,1047,1.2971774668236138,0.99986509262237,0.9971333847239974,1.0614561544713064
wikipedia,Industrial Revolution,f,lettera,1015,1.128089993024686,0.9622971018322951,0.9730263514471879,0.9731864651493802
wikipedia,Industrial Revolution,g,lettera,954,1.0782091504795446,0.9938604470433914,1.009545086976818,1.0136027646110692
wikipedia,Industrial Revolution,b,lettera,751,1.1572279424306575,0.9307835160908652,0.9885632464817986,1.0138935393590418
wikipedia,Industrial Revolution,the,funzione,675,1.031701384028829,0.9474615450387903,0.9994173507918366,0.971826744803382
wikipedia,Industrial Revolution,and,funzione,368,1.1994242107837991,1.0561347873469975,1.0361559490655545,0.9440087338295542
wikipedia,Industrial Revolution,in,funzione,332,1.0886326609760681,0.9811093205509974,0.9408217030118265,0.9797989574249744
wikipedia,Industrial Revolution,of,funzione,331,1.0668989130434636,0.9963468491528583,0.9834725072667595,0.9833626968380584
wikipedia,Industrial Revolution,to,funzione,200,0.7853079772259387,0.9049883147111816,0.8560249337779666,0.8572181029823365
wikipedia,Industrial Revolution,was,funzione,177,1.1935915608197103,1.0494800989915882,1.1276372887855173,1.2099018198938953
wikipedia,Industrial Revolution,iron,keyword,61,1.5780991063637566,0.9373140801166727,1.4188757013139257,2.238565882357266
wikipedia,Industrial Revolution,industrial,keyword,59,1.1931158183499695,0.9383094115859829,1.1178772135353163,1.1026618961308408
wikipedia,Industrial Revolution,cotton,keyword,46,1.6369787867094807,1.0493319203472733,1.5816430744583603,4.893399611532834
wikipedia,Industrial Revolution,revolution,keyword,46,1.2492639372406371,0.975671401555848,1.1769196657527508,1.3107074536214982
wikipedia,Industrial Revolution,century,keyword,47,0.9748002772731342,1.0284476927041828,0.981838035490379,0.9513968312259061
wikipedia,Industrial Revolution,steam,keyword,43,1.3752600547489555,0.9809071631952548,1.3085460435247194,1.7400458451285665
wikipedia,Industrial Revolution,first,keyword,38,1.1607255653101003,0.9737975701261287,1.1311275674728283,1.3037026361404767
wikipedia,Industrial Revolution,with,appaiata,62,1.109851831966077,0.9249539420656058,1.0778545207344703,1.12669413071591
wikipedia,Industrial Revolution,as,appaiata,71,1.0234451693898785,0.9715833168102291,1.080219784306947,1.1749986397853305
wikipedia,Industrial Revolution,from,appaiata,46,1.0179032996186228,1.0217015068476245,1.0199883762226039,1.157438530502181
wikipedia,Industrial Revolution,th,appaiata,47,0.9919331553003217,1.008446264961526,0.98566530943685,1.0874517301435298
wikipedia,Industrial Revolution,which,appaiata,43,1.041073235298208,0.978643480096823,1.064798094696923,0.9289751476844416
wikipedia,Industrial Revolution,had,appaiata,38,1.0540140303838976,1.0235746536279673,1.0090582779376855,0.9414844211918251
wikipedia,Industrial Revolution,it,appaiata,38,1.1307503911453705,1.0179067171694391,1.0942552906866416,0.9928182120461707
wikipedia,Protestantism,vocali,vocali,18658,1.0797502792947598,1.0251398993498941,0.9410455070691904,0.4922286199283487
wikipedia,Protestantism,spazio,spazio,8871,1.3521532857476002,0.9653193719919494,1.0014636484433632,0.5204162480710285
wikipedia,Protestantism,e,lettera,5872,1.2493483767000166,1.0076377765388276,0.9485737196586115,0.8272242420128207
wikipedia,Protestantism,t,lettera,4710,1.0496295140472978,0.9918351150144514,0.948975071514424,0.8222551533320929
wikipedia,Protestantism,i,lettera,4029,1.1712251537012754,0.9032259866909081,0.9562654514315255,0.8821731855025202
wikipedia,Protestantism,a,lettera,3934,1.1882416140721717,0.9477027006301945,0.9663783590439797,0.8155344098841284
wikipedia,Protestantism,n,lettera,3789,1.2554376294059053,1.0126004859450561,0.962673254349415,0.8392437014734844
wikipedia,Protestantism,o,lettera,3573,1.143165738961984,1.0586480693155427,0.9166152927642356,0.8811819777367452
wikipedia,Protestantism,r,lettera,3331,1.1295833832113704,0.9321829746169809,0.9598825299237959,0.8459069610775863
wikipedia,Protestantism,s,lettera,3196,1.158541824457069,1.0641945780594382,0.9192425309903774,0.9248012434234166
wikipedia,Protestantism,h,lettera,2754,1.2068626488720804,0.9654930853181986,0.9497040476243676,0.9205017312431291
wikipedia,Protestantism,l,lettera,1955,1.1269853471090505,1.015701108296961,0.9680172778975517,0.977245294541938
wikipedia,Protestantism,c,lettera,1946,1.1744501651224781,0.9432929212497592,0.9894713591753993,0.9929088368149397
wikipedia,Protestantism,d,lettera,1772,1.0291802473047706,0.9227687235838591,0.9773566604551563,0.9282559558825417
wikipedia,Protestantism,m,lettera,1363,1.290797395860056,0.9652156460839825,0.9702477969792072,1.046739302012708
wikipedia,Protestantism,u,lettera,1250,1.1399382394737254,0.9628305958559101,0.9399824879652932,0.9044489142081215
wikipedia,Protestantism,f,lettera,1175,1.1662837999752576,0.9385399710977076,0.9824775617035145,1.03073008570599
wikipedia,Protestantism,p,lettera,953,1.2455556112718125,0.9777875104849967,1.0508032838172772,1.09637130861543
wikipedia,Protestantism,g,lettera,899,1.2554880271888575,1.0697022821454787,0.9938152455833372,1.0568622174643454
wikipedia,Protestantism,y,lettera,648,1.108562476692998,1.0207081580611168,0.9565207373729345,0.9363587212794569
wikipedia,Protestantism,w,lettera,604,1.2140932307175996,1.0460032534871677,1.075630556729949,1.116585481025658
wikipedia,Protestantism,the,funzione,858,1.2284980800884255,0.9743314679324996,1.017092606166154,0.8953073287486796
wikipedia,Protestantism,of,funzione,466,1.1804425739246436,1.0280134578979763,1.0050339354340414,1.0039207025303614
wikipedia,Protestantism,and,funzione,297,1.126190255192658,1.0549312004106317,1.0233970953234233,0.8785882792832571
wikipedia,Protestantism,in,funzione,233,1.1867463641969855,0.9983102671951039,1.082050527069845,1.063487948105617
wikipedia,Protestantism,to,funzione,167,1.2020849289718576,0.9429067072561598,1.0677784798484966,1.1277021386766175
wikipedia,Protestantism,as,funzione,134,1.0911521294461874,1.016297999352096,0.9419448853729099,0.9783329866738516
wikipedia,Protestantism,church,keyword,103,1.176527760333445,0.983568323234825,1.1399631288586118,1.3142233057358603
wikipedia,Protestantism,protestant,keyword,75,1.2222209040003706,1.0101203406239843,1.1445808845674312,1.1742817746244958
wikipedia,Protestantism,reformation,keyword,55,1.1412009133729593,1.026048250391766,1.139681642203431,1.317664946741493
wikipedia,Protestantism,catholic,keyword,42,1.162074835517738,0.9659418400958083,1.1680517243937498,1.2708307644456176
wikipedia,Protestantism,churches,keyword,40,1.233100907444113,0.9670127163382584,1.186078095939483,1.773137647541117
wikipedia,Protestantism,reformed,keyword,40,1.2073078864208748,0.9777860169883117,1.1597151665828491,1.377210988471028
wikipedia,Protestantism,movement,keyword,36,1.2095211299330564,0.9813992638966876,1.1643736178018749,1.4386238291399294
wikipedia,Protestantism,that,appaiata,88,1.2107975700086855,1.0382082774612982,1.112460498406004,1.396049652819261
wikipedia,Protestantism,by,appaiata,72,1.0017022346233753,0.9813295511324105,1.0113594057181075,0.9587701775755653
wikipedia,Protestantism,was,appaiata,61,1.1425359263823809,1.0493875049714723,1.1664430536011017,1.3067529166923808
wikipedia,Protestantism,on,appaiata,40,1.0480606841160547,1.0015829684855933,0.9989549258134341,0.9597410678704874
wikipedia,Protestantism,or,appaiata,39,1.1436666798193398,0.9980554109606835,1.1336355172008756,1.430663784039251
wikipedia,Protestantism,for,appaiata,43,0.9479731659728986,0.9993346640282562,0.9835033229972264,1.0178592590650004
wikipedia,Protestantism,are,appaiata,37,1.1899627600220284,0.986142808268314,1.164228097206796,2.087975560117818
wikipedia,Slavery,vocali,vocali,18451,1.227173970585005,0.9974421494408516,0.9454791614427526,0.5219368997928412
wikipedia,Slavery,spazio,spazio,9502,1.243001214418465,0.9319673945398503,1.0174924656274642,0.4622277490314717
wikipedia,Slavery,e,lettera,5999,1.1365311923103008,0.9431109304352692,1.030359220963124,0.8300592058272662
wikipedia,Slavery,a,lettera,4510,1.3523830302928546,0.9558753809542457,0.9754084665352147,0.8561941704333909
wikipedia,Slavery,t,lettera,4102,1.1347427095048699,0.9431563286971132,1.0143780132947584,0.8887654454600535
wikipedia,Slavery,n,lettera,3529,1.1543722032524448,0.9060983974061801,1.0188398164768755,0.8756597683856517
wikipedia,Slavery,i,lettera,3451,1.13957482007919,0.978028822457525,0.9791239058716656,0.900547852209235
wikipedia,Slavery,s,lettera,3445,1.1488320023124619,1.067787517245327,1.0209803446382322,0.9580918832195152
wikipedia,Slavery,o,lettera,3244,1.1972270265241782,1.0434479154390661,0.9828481875869416,0.9411469009042154
wikipedia,Slavery,r,lettera,3206,1.0700969722465017,0.95321654090053,0.9678649823285141,0.8315339825925468
wikipedia,Slavery,l,lettera,2153,0.981954536527988,0.9449230779132152,1.027933549194015,0.957761402098292
wikipedia,Slavery,h,lettera,2074,1.0748592924710745,1.071067844723613,0.9979197574005528,0.8703629150058241
wikipedia,Slavery,d,lettera,1847,1.1209659743933285,0.9308706836649123,1.0209789394259612,0.8817530437762102
wikipedia,Slavery,c,lettera,1542,1.053269817629853,0.9994940120090446,1.0241846106549592,0.9327468298653502
wikipedia,Slavery,u,lettera,1247,0.9483875525230052,0.9339883305603442,0.997623822052898,0.9731698281061246
wikipedia,Slavery,m,lettera,1145,0.9714907537823221,0.861189609919541,0.9521691714700755,0.9670233065415522
wikipedia,Slavery,f,lettera,1044,1.226554843833842,1.0410014377800811,1.0315443855727413,1.0250177347489298
wikipedia,Slavery,p,lettera,976,1.0731594205454114,0.9191978774332196,0.9465900380029512,1.0266623856082915
wikipedia,Slavery,v,lettera,819,1.1033104383013266,0.980554912737805,0.9997905149309831,0.8703059981599597
wikipedia,Slavery,y,lettera,819,1.1940289971279907,0.9862130889054064,1.022523800121542,1.0679505832148746
wikipedia,Slavery,b,lettera,755,1.1257212097507685,0.9292724896939983,1.0407693670421383,1.0379788888538037
wikipedia,Slavery,the,funzione,760,1.3342127332444944,1.058454868644499,1.095006700315012,1.0052043142780422
wikipedia,Slavery,of,funzione,378,1.0486946895378895,0.8947993592078127,1.04065143961216,1.0069838636743287
wikipedia,Slavery,in,funzione,362,1.2233892966073545,0.9781847236540115,1.1826623796618865,1.1902152336583873
wikipedia,Slavery,and,funzione,302,0.9244269691896009,0.968391095800491,0.9388784803162054,0.8369644269902505
wikipedia,Slavery,to,funzione,240,1.0540548657164461,1.040640446868398,1.1017842504345483,1.0180562117141194
wikipedia,Slavery,as,funzione,156,1.168687528733167,0.9750810740581358,1.1391277179822425,1.3410635464155591
wikipedia,Slavery,slavery,keyword,151,1.3300169633582275,0.9105133675433489,1.228259341343996,1.3194020740309937
wikipedia,Slavery,slaves,keyword,135,1.144736273109749,1.0393911648079568,1.1008480601976558,1.0430798384057396
wikipedia,Slavery,slave,keyword,106,1.1370545223501833,1.0021925151806161,1.1826657022439895,1.3849569338231682
wikipedia,Slavery,labour,keyword,46,1.1948777581628507,0.950605607155307,1.1479808276507137,1.403221782415239
wikipedia,Slavery,trade,keyword,41,1.3247924463069571,1.0525492959742033,1.3418853741069157,1.7207462201881383
wikipedia,Slavery,african,keyword,39,1.3006566031404139,0.9928162628587183,1.2157187970120937,1.6458505069812626
wikipedia,Slavery,africa,keyword,33,1.236102271577607,0.9335409956751706,1.167036554450288,1.3745706878055093
wikipedia,Slavery,were,appaiata,118,1.1724418706598196,0.9956031120765253,1.1373292189118054,1.302387711342481
wikipedia,Slavery,was,appaiata,109,1.0861464511708379,0.9593846467627919,1.0094433320355447,1.0098420267281114
wikipedia,Slavery,by,appaiata,77,1.0584312828535063,0.9365220913077646,1.0242470713632121,1.1643018870703674
wikipedia,Slavery,or,appaiata,48,1.144584444660639,0.991555823503849,1.1732571555663693,1.344234273123908
wikipedia,Slavery,with,appaiata,41,1.0291881101517257,0.9619808665783941,1.0147652888014747,0.9175340374745667
wikipedia,Slavery,it,appaiata,40,0.9670511978112564,0.9008547873890188,0.956607372466881,1.0714352347987302
wikipedia,Slavery,who,appaiata,33,1.0326336205582172,0.9723204410586265,1.0510441954535006,0.9581993858349216
wikipedia,Sigmund Freud,vocali,vocali,18466,1.2566100623505672,1.0364110581487103,0.9523959568933343,0.5306203712956764
wikipedia,Sigmund Freud,spazio,spazio,9239,1.2854900201150188,0.9363629781266058,0.9456001791055545,0.4937102024732337
wikipedia,Sigmund Freud,e,lettera,5946,1.2262243108081656,0.897567228739153,1.0224087561929307,0.828467424886316
wikipedia,Sigmund Freud,t,lettera,3973,1.1185276206123382,0.948244407175661,1.0135385589963037,0.8957293081258453
wikipedia,Sigmund Freud,i,lettera,3851,1.230308963186658,0.9922931719726487,0.8985776898228486,0.8822945615989605
wikipedia,Sigmund Freud,a,lettera,3749,1.2339281289407735,0.9986644851586474,0.9438568579907569,0.8739452476294627
wikipedia,Sigmund Freud,n,lettera,3613,1.1432918477445706,1.0569789546331905,0.9443953599234417,0.8680733731425377
wikipedia,Sigmund Freud,s,lettera,3470,1.339468716742504,1.0376272176116859,1.0273528099665536,0.9369762230512507
wikipedia,Sigmund Freud,o,lettera,3396,1.153392565026473,1.0374459181710318,1.0687498132595157,0.8910898383919073
wikipedia,Sigmund Freud,r,lettera,3156,1.1497496813992034,0.9143599352638998,0.9778681337494822,0.8679276749789404
wikipedia,Sigmund Freud,h,lettera,2404,1.2446793051595058,0.9352017953023908,0.9128412216054608,0.8438109266231061
wikipedia,Sigmund Freud,d,lettera,2110,1.101237074284388,0.9947903757505685,0.9072501729644534,0.9310180475840137
wikipedia,Sigmund Freud,l,lettera,1816,1.1742135954276238,0.9894675784563636,0.9719468305917758,1.028963074827879
wikipedia,Sigmund Freud,c,lettera,1723,1.3426766783020256,1.081348960724419,1.0835555044903822,1.101546579932308
wikipedia,Sigmund Freud,u,lettera,1524,1.0978202383690643,0.9870488757930289,0.9540416619501247,0.8691494117256967
wikipedia,Sigmund Freud,f,lettera,1376,1.0380126759319133,0.9390465322799262,0.9394684494726043,0.9022529676090477
wikipedia,Sigmund Freud,p,lettera,1085,1.2031631915111105,1.0015641838851532,1.0228895616852767,1.0073381737246176
wikipedia,Sigmund Freud,m,lettera,1056,1.0307989548403451,0.9647242054936381,0.9490815184034548,1.0403591352607995
wikipedia,Sigmund Freud,y,lettera,897,1.0982712298000785,0.991632316796394,1.0526611185037282,1.0822396084296866
wikipedia,Sigmund Freud,g,lettera,777,1.2304181946224948,0.9777285800774275,1.0542077224356272,1.044085854580401
wikipedia,Sigmund Freud,w,lettera,728,1.1958829259818804,0.9633021088422079,1.0848745018126251,1.0146252644097067
wikipedia,Sigmund Freud,the,funzione,581,1.3850084903746587,0.9916992563084385,1.0360922662934018,1.012698705655612
wikipedia,Sigmund Freud,of,funzione,435,1.1457090549261566,0.9947381070797393,1.069183665950585,0.9658121528289909
wikipedia,Sigmund Freud,in,funzione,312,1.162740531574665,0.9971185373164316,1.0396733573360362,0.9966276116499379
wikipedia,Sigmund Freud,and,funzione,307,1.0303945312882012,0.9804314349701997,0.8797392334317258,0.8642641067420183
wikipedia,Sigmund Freud,to,funzione,232,1.1216341921245678,0.972449444692656,1.0402698587389865,1.00855495161975
wikipedia,Sigmund Freud,his,funzione,197,1.1012557061182233,1.0758368943303587,1.050460525754055,1.1780889588076862
wikipedia,Sigmund Freud,freud,keyword,237,1.1942928459120967,0.9638110130656797,0.9510685392683568,0.8665513211831161
wikipedia,Sigmund Freud,freud's,keyword,77,1.2937301556589391,1.0159858471934065,1.1277235024284866,1.1110044559534158
wikipedia,Sigmund Freud,psychoanalytic,keyword,36,1.476940561801222,0.9671376780089918,1.44098426809975,2.3046442786769377
wikipedia,Sigmund Freud,work,keyword,40,1.1924412145609553,0.9819015569204437,1.1417780083982212,1.2760151318335855
wikipedia,Sigmund Freud,theory,keyword,31,1.2781685926924717,0.9813217348251918,1.221657945772545,1.75173959287051
wikipedia,Sigmund Freud,vienna,keyword,28,1.0962087703608743,1.0033434506726284,1.0769273186120945,1.1871276826261472
wikipedia,Sigmund Freud,unconscious,keyword,27,1.4870968060637886,0.9639390766911392,1.413652928357006,2.116318174006387
wikipedia,Sigmund Freud,he,appaiata,115,1.2547090171647786,0.9371950535575199,1.1550260181349243,1.2594588003269847
wikipedia,Sigmund Freud,that,appaiata,82,1.3957265678318649,0.9522832282294887,1.291326188033205,1.701936636511848
wikipedia,Sigmund Freud,it,appaiata,44,1.0796933739205326,1.0170312337893115,1.1114505309881653,1.2784521882786395
wikipedia,Sigmund Freud,who,appaiata,29,1.159085270942188,0.9990919141310156,1.1397745738183056,1.128477778925235
wikipedia,Sigmund Freud,first,appaiata,25,1.0495480872039387,0.9415522829348797,1.10620473247035,1.4287597237551657
wikipedia,Sigmund Freud,him,appaiata,25,0.9762406840774057,0.9795378538418033,0.9837980837172501,1.2966877239220527
wikipedia,Sigmund Freud,after,appaiata,24,1.034379320651263,0.9569498577035723,1.0426710452821555,1.0171053204412048
wikipedia,Christianity,vocali,vocali,18466,1.2205490410840114,0.9830835354746378,0.9235009624533917,0.5037571494945694
wikipedia,Christianity,spazio,spazio,9071,1.2769309744223247,0.9409692279487123,1.009185425505513,0.5008406960761804
wikipedia,Christianity,e,lettera,5642,1.1251608319838606,0.9605546623763811,0.9835590184167811,0.8812655549190418
wikipedia,Christianity,t,lettera,4637,1.2237264548597766,0.8892969956970244,0.934670582463863,0.811307153979877
wikipedia,Christianity,i,lettera,4309,1.1580664924737334,1.0167841995845497,1.0564565817438132,0.879400931679588
wikipedia,Christianity,a,lettera,3913,1.1625279249098024,0.9874919040238481,1.0167839599494422,0.8028121091437342
wikipedia,Christianity,n,lettera,3815,1.1992533385627282,0.9629750908122555,1.0048944867417131,0.838919388419775
wikipedia,Christianity,s,lettera,3446,1.1901868284272157,0.921618326484491,0.9696397155027855,0.9124893576669754
wikipedia,Christianity,o,lettera,3360,0.9547174428486869,0.941586728646231,0.9714376817833803,0.8859009696222079
wikipedia,Christianity,r,lettera,3228,1.142121263265301,0.936230691936669,0.9279748886627078,0.8262222924802055
wikipedia,Christianity,h,lettera,2798,1.017635090643816,0.9838871842528545,0.9752647253738255,0.8883577887906476
wikipedia,Christianity,c,lettera,2125,1.2691953183033933,0.9581775819633771,1.040435836279853,1.015524435817705
wikipedia,Christianity,d,lettera,1846,1.153277970138612,0.9487528793207062,0.9992516810261026,0.8716084769986487
wikipedia,Christianity,l,lettera,1778,1.2886430499947943,0.9530035824466525,0.8872780700719494,1.038392775923941
wikipedia,Christianity,u,lettera,1242,1.2399787087953922,1.0583456918903618,0.9840205621128763,1.023604197210972
wikipedia,Christianity,m,lettera,1110,1.2002059140628685,0.9100593581242222,1.0441961946788603,1.0071604360277486
wikipedia,Christianity,f,lettera,1057,1.084393768374538,0.8839895394051304,0.9746023173558817,0.9761423250830221
wikipedia,Christianity,p,lettera,921,1.1834991810357047,1.0582223109585154,1.0272870798864753,1.047253629374404
wikipedia,Christianity,g,lettera,885,1.1612621921248099,0.9313039585384214,0.9887475756219736,1.009752481313207
wikipedia,Christianity,y,lettera,749,1.0904396097783233,0.9387520772971868,0.9975339719028332,0.9962270142726167
wikipedia,Christianity,w,lettera,627,1.2464777384874577,1.024113665619011,1.0125902726629248,0.9964098724564564
wikipedia,Christianity,the,funzione,886,1.1696338555160535,1.0011405343644764,1.0002004238773416,0.9284912534907995
wikipedia,Christianity,of,funzione,449,1.1270005725928844,1.0296661302873145,0.9916772843015607,0.8963974667405941
wikipedia,Christianity,and,funzione,372,1.235880790584049,0.971742923996261,1.015488221466974,0.8988649094668738
wikipedia,Christianity,in,funzione,279,1.133889879269675,1.0339694344908057,1.0707510537470637,1.0604024867929878
wikipedia,Christianity,to,funzione,179,1.0284592274648057,1.0411908674299841,1.0780673737212065,1.1221222503632096
wikipedia,Christianity,as,funzione,113,0.9651892489750629,0.9258527924406327,0.9574945294214153,1.0670154718606877
wikipedia,Christianity,christian,keyword,79,1.029687809646832,0.9615372464787155,1.1208317177796383,1.1455667068426798
wikipedia,Christianity,church,keyword,63,1.0948423888899232,1.023514380302147,1.1026417516050688,1.5504005907414715
wikipedia,Christianity,christianity,keyword,59,1.3179098265641005,0.9875598173023473,1.2345825503192789,1.5315711918770927
wikipedia,Christianity,jesus,keyword,55,1.5290232180560561,1.0517753437892867,1.3826592376741054,2.1648062968933646
wikipedia,Christianity,christians,keyword,54,1.204809219049083,1.042339240416193,1.1267515163052153,1.1853373714030069
wikipedia,Christianity,god,keyword,53,1.3819032728043608,0.993695941399466,1.3373277806162862,2.581304973754384
wikipedia,Christianity,churches,keyword,35,1.1577644979689732,0.9667254770303236,1.0959149341380052,1.0649651416920975
wikipedia,Christianity,that,appaiata,86,1.244176397143883,0.9647691470131431,1.2047548049569456,1.6452083953722068
wikipedia,Christianity,by,appaiata,66,1.1473088770984212,0.9993677047993096,1.0488805258187208,1.0612786181753808
wikipedia,Christianity,are,appaiata,58,1.2011794297200231,0.9785053354949816,1.0995661682654345,2.0115593408450296
wikipedia,Christianity,was,appaiata,53,1.1022068953250097,1.0025070299819927,1.1546383091095869,1.2193217494083144
wikipedia,Christianity,from,appaiata,49,1.0789076784058185,0.971580732070255,1.0707581141655202,1.1869434747626664
wikipedia,Christianity,for,appaiata,47,0.9585846593111623,1.0149999091104747,1.0436741309162392,1.0193063412948555
wikipedia,Christianity,this,appaiata,36,1.2127493114502956,0.9608823256756697,1.1706324444915077,1.2058344526883955
wikipedia,Judaism,vocali,vocali,18386,1.537443287933239,1.042307151878157,0.8849413648560415,0.5785595868054932
wikipedia,Judaism,spazio,spazio,9118,1.3508161297845578,0.9953480312635746,0.9816093395983732,0.49746269983224073
wikipedia,Judaism,e,lettera,5539,1.3170831039991162,0.9885745255223547,0.8988357165690655,0.880729962615346
wikipedia,Judaism,t,lettera,4108,1.146544909088173,0.9007244359865209,1.0054226984637735,0.9248602563517107
wikipedia,Judaism,a,lettera,4095,1.0158533298541141,1.0259102888858074,0.9473914146518713,0.8730265746914875
wikipedia,Judaism,i,lettera,4035,1.286790075172836,0.9658614237673939,0.995668840802357,0.9174969370659953
wikipedia,Judaism,o,lettera,3572,1.121906113466218,0.9990145070600377,0.9630890494751734,0.8965025201025856
wikipedia,Judaism,s,lettera,3292,1.0193999958693525,1.0359909221988461,0.9895303844715575,0.903274022080123
wikipedia,Judaism,n,lettera,3255,1.2412503790924745,0.9879275534604322,0.9987754468793612,0.883034982340188
wikipedia,Judaism,r,lettera,3047,1.2406139244095746,1.0469903984404099,1.0038562017628092,0.8346329115826829
wikipedia,Judaism,h,lettera,2585,1.2311957105219415,0.9801416342769412,1.0472890661578953,0.9328776936393831
wikipedia,Judaism,d,lettera,1918,1.2264396167635925,1.0201039758036805,1.056258233715215,0.9005607827962145
wikipedia,Judaism,l,lettera,1902,1.010155344450769,0.919954924953951,0.9397776053980708,1.0031775364457216
wikipedia,Judaism,c,lettera,1503,1.1015372638086989,1.0430243943595425,0.945581891270377,0.9858817184324349
wikipedia,Judaism,m,lettera,1367,1.1136573635117137,0.9711965661195975,0.9358562964144271,1.0220273569955958
wikipedia,Judaism,u,lettera,1145,1.0904222587870676,0.980916009093821,0.9699879037370279,0.9311032230667433
wikipedia,Judaism,f,lettera,868,1.0630238221293544,0.9260379539464942,0.9850485091263715,1.000478409863732
wikipedia,Judaism,w,lettera,839,1.2391041064258639,1.023976572009798,1.0057811117928006,0.9940147986695357
wikipedia,Judaism,g,lettera,819,1.1950933473760967,0.9907646699195083,0.976154882451282,1.0874831451091873
wikipedia,Judaism,b,lettera,768,1.0832493351718266,0.9863316213982566,0.9845834427539336,1.14734564665566
wikipedia,Judaism,p,lettera,762,1.1302744773074462,1.0082450593336378,1.0029012678876876,1.1319225281735286
wikipedia,Judaism,the,funzione,768,1.350875046296825,0.9156575997658671,1.0730871100184756,1.1110058689789961
wikipedia,Judaism,of,funzione,428,1.0947273486273557,1.0337525908292007,1.049846870280992,1.0537723982914422
wikipedia,Judaism,and,funzione,350,1.0821969751313638,0.9979422446418932,1.0456119326185294,0.925733919229172
wikipedia,Judaism,in,funzione,215,1.1368808065381482,0.9888859368115428,1.0651946978954907,1.1571684203650283
wikipedia,Judaism,to,funzione,198,1.0418748095455528,0.8713989813344506,0.9839178173416611,0.9999499920532463
wikipedia,Judaism,is,funzione,152,1.1444524146695287,0.9421119112194885,1.0683138796954277,1.1483359145177647
wikipedia,Judaism,jewish,keyword,141,1.286397144080547,1.04387888940056,1.070826111757762,1.3160523906414516
wikipedia,Judaism,judaism,keyword,110,1.463254062726429,0.9922061086443229,1.3753839614718382,1.6185981128528786
wikipedia,Judaism,jews,keyword,73,1.198638777972585,1.0090519674352283,1.0147736856471283,1.350464262592126
wikipedia,Judaism,torah,keyword,55,1.2134611619501612,0.9688008882872251,1.1528993926999294,1.6090787075973811
wikipedia,Judaism,religious,keyword,44,1.0738589252069033,1.0311348646399845,0.9980939739339932,1.0388751117202832
wikipedia,Judaism,god,keyword,42,1.4778100796104425,0.9696062491278216,1.4023911880063853,1.935190953105398
wikipedia,Judaism,hebrew,keyword,33,1.0190201344922385,0.9905620424892149,0.9757415539909146,1.0192146200265477
wikipedia,Judaism,as,appaiata,110,1.0980035793931364,0.8988668769399074,1.108838957209037,1.1519338682362903
wikipedia,Judaism,are,appaiata,82,1.129368921565092,1.0052375891139222,1.0673088831512068,1.2349870745813394
wikipedia,Judaism,or,appaiata,74,1.1270495441790291,0.9582626158303563,1.1457452296881552,1.4725062888970555
wikipedia,Judaism,with,appaiata,53,1.056161133773119,0.9386061012118523,1.0153112667260937,1.041366818419461
wikipedia,Judaism,from,appaiata,41,1.073441433366983,0.9226793275741719,1.0700226932567112,1.0729450173827708
wikipedia,Judaism,for,appaiata,36,1.14467871433068,0.9679757789535378,1.123588891745148,1.3276004889374309
wikipedia,Judaism,be,appaiata,33,1.1216215454861493,0.9791069161752942,1.0897897460907318,1.1528945941366102
wikipedia,Roman Empire,vocali,vocali,19091,1.1560867363837504,0.9512598363344238,0.9448479129308307,0.49089857856385205
wikipedia,Roman Empire,spazio,spazio,9162,1.1944305495573753,0.983900556790454,1.0032599927028085,0.4796198837640276
wikipedia,Roman Empire,e,lettera,6058,1.0994404742227557,0.9674434274705117,0.9683967701148634,0.8290942707228612
wikipedia,Roman Empire,t,lettera,4208,1.0725477892985786,0.9759681846734839,0.9791661989527158,0.8241495184532809
wikipedia,Roman Empire,a,lettera,4158,1.1784018448008966,0.9873308412656359,0.9433575900367762,0.8298523312259096
wikipedia,Roman Empire,i,lettera,3916,1.1841486911847234,1.004971697000089,0.9699718973181947,0.9291071916565349
wikipedia,Roman Empire,n,lettera,3565,1.1661880697327294,0.989030836661637,0.9837226702199198,0.8460339261264762
wikipedia,Roman Empire,r,lettera,3515,1.0613778655953092,1.014557014665451,0.9555635263401373,0.8524502667471207
wikipedia,Roman Empire,o,lettera,3449,1.1054132059241166,0.9908416507674819,0.9457128347526251,0.8829331391078247
wikipedia,Roman Empire,s,lettera,3056,1.2083640007935257,0.9009670116556702,1.0239414244666,0.8997693200105177
wikipedia,Roman Empire,l,lettera,2132,1.2592419978185563,0.9286697921327969,1.0398656196078209,0.9836545542621346
wikipedia,Roman Empire,d,lettera,1967,1.14977379696203,1.047045527829651,1.0538384917867145,0.9340706464542203
wikipedia,Roman Empire,h,lettera,1918,1.2595115023050927,1.0413312509036734,0.9675594811373461,0.9832660947028151
wikipedia,Roman Empire,c,lettera,1703,1.140487281853322,0.9421058320969609,0.9781176412036693,0.9296872584818611
wikipedia,Roman Empire,u,lettera,1510,1.0847995968571362,1.0060573766503773,0.9631800858596238,0.9948610101523155
wikipedia,Roman Empire,m,lettera,1441,0.9615080642063091,0.9175527717659367,0.9811639479108148,0.9384424376717186
wikipedia,Roman Empire,p,lettera,1170,1.1967649315754643,1.0048016056282736,1.0487967220364227,1.0041635955569261
wikipedia,Roman Empire,f,lettera,1004,1.0924173423085946,0.9927539973482409,0.9506632768973265,0.9587549026375245
wikipedia,Roman Empire,g,lettera,936,1.1641959693930934,1.000083813278577,1.0382864749618301,1.0606897988906538
wikipedia,Roman Empire,y,lettera,715,1.110755108542646,0.9450221006491294,1.0475119948793405,0.9940373701896528
wikipedia,Roman Empire,w,lettera,694,1.1960526286423208,1.0133813140544747,0.993449990295099,1.03445777271556
wikipedia,Roman Empire,the,funzione,754,1.339192900242475,1.0044348615200678,1.085053004657379,1.0382392323377672
wikipedia,Roman Empire,of,funzione,379,1.0197149777502252,0.9363613900622311,1.0528923672612656,0.950551167535249
wikipedia,Roman Empire,and,funzione,320,1.0501867242836451,0.9911201593575704,0.9594633209082143,0.854942631719913
wikipedia,Roman Empire,in,funzione,221,1.0106509024826869,0.9898181765466542,0.9828114734090727,0.9260669029407466
wikipedia,Roman Empire,to,funzione,218,1.072947728281087,0.9795946327567547,0.9805728151043634,0.9613198898644073
wikipedia,Roman Empire,was,funzione,132,1.0585121075486918,0.9632916990670702,1.12210897122186,1.0583569878946748
wikipedia,Roman Empire,roman,keyword,100,1.2291441710826603,1.0184474058601587,1.0829448603727034,1.0434267860626372
wikipedia,Roman Empire,empire,keyword,86,1.3682683449706265,0.987972077159936,1.2714525748309464,1.6172297219651726
wikipedia,Roman Empire,rome,keyword,39,1.1126185693328652,0.9616488088606627,1.0662294203938123,1.322720838842566
wikipedia,Roman Empire,slaves,keyword,33,1.6328167303993997,1.0174455287552118,1.4881330910816344,2.2026405437829206
wikipedia,Roman Empire,century,keyword,28,1.0870706198708404,0.980250799383399,1.0457980595130283,0.9820801615313506
wikipedia,Roman Empire,military,keyword,25,1.2538851259659536,0.92756574469554,1.1396831198908222,1.3507668371638197
wikipedia,Roman Empire,imperial,keyword,26,0.9174252592618147,0.9996534340274241,0.9204837592829233,0.97154772782325
wikipedia,Roman Empire,were,appaiata,94,1.2174387392411081,1.0293100870688816,1.1164104079497372,1.2609134351976465
wikipedia,Roman Empire,by,appaiata,86,1.137360521845678,1.0831706345513847,1.0973925996644986,1.3419121219598122
wikipedia,Roman Empire,their,appaiata,36,1.0631502974874152,1.0081124370038934,1.0587310962321743,1.0594584401793887
wikipedia,Roman Empire,who,appaiata,33,1.1009374623779526,0.9459495304392106,1.16436560013689,1.4690410195398924
wikipedia,Roman Empire,most,appaiata,27,1.0051547815859079,0.9001209573952513,1.026337008638224,1.4312913957036333
wikipedia,Roman Empire,be,appaiata,25,1.1715873468857378,1.0025617218827632,1.1245684844282384,1.07201912408022
wikipedia,Roman Empire,its,appaiata,26,1.0714589152739704,0.9502154393873173,1.0446252330602777,1.0494497749190408
wikipedia,Cold War,vocali,vocali,18711,1.083069132241846,0.9523870472813782,1.0397646820259296,0.5113973196459439
wikipedia,Cold War,spazio,spazio,9224,1.1148762044813547,1.020463948812734,1.0383067242486466,0.47387579156302345
wikipedia,Cold War,e,lettera,5974,1.1179620776373025,1.0172028336857981,0.9839317774486599,0.824076819308999
wikipedia,Cold War,t,lettera,4531,1.1165423887969625,1.0705441927908599,0.9939316867248706,0.8351009367101514
wikipedia,Cold War,a,lettera,3982,1.1468064668942273,0.9547900134660798,0.9118101117164295,0.8714747399274115
wikipedia,Cold War,n,lettera,3982,1.1901875228522538,0.9585219170644557,0.9874692645757808,0.8677321276116136
wikipedia,Cold War,i,lettera,3817,1.1185266797737625,0.9886951992014055,1.0450814902727157,0.8833322135834737
wikipedia,Cold War,o,lettera,3546,1.075100868628632,0.9892286855409173,0.9704576062752707,0.8824226447923235
wikipedia,Cold War,s,lettera,3079,0.9807772223630568,0.9596172671770073,0.9522966584143896,0.9395162607140899
wikipedia,Cold War,r,lettera,3035,1.0724842475789704,0.9541750998661467,0.9416450274803007,0.8466297076428462
wikipedia,Cold War,h,lettera,1990,1.194330615281918,0.8813283907936266,0.9931647608012953,0.8700330588280041
wikipedia,Cold War,l,lettera,1943,0.9812119282030384,0.9843424497620318,0.990893565550356,0.9667307871085847
wikipedia,Cold War,d,lettera,1914,1.1005704705289374,0.9835611122587485,0.9766514736750889,0.9140968077727526
wikipedia,Cold War,c,lettera,1730,1.1069305148150885,0.9538074659470744,0.9827407814818075,0.9562671043992229
wikipedia,Cold War,u,lettera,1392,1.1178739875738548,0.9316638091252322,1.0418462371265813,0.8732947736680159
wikipedia,Cold War,m,lettera,1287,1.174148355612853,0.9875471001220876,0.9057136736244868,0.999053077926941
wikipedia,Cold War,p,lettera,1071,1.0440897204811046,0.9725214921674151,0.9522123193849773,1.0289691097865397
wikipedia,Cold War,f,lettera,940,0.9667716765363504,0.9476269945489878,0.9649173721166115,0.9163455605414192
wikipedia,Cold War,g,lettera,918,1.0686520871115408,1.0030540818788396,0.9939314391209919,1.0077915298332025
wikipedia,Cold War,w,lettera,833,1.1492456541199403,1.0481250379020486,0.9868136939093981,1.031532136075782
wikipedia,Cold War,b,lettera,650,1.1230077683659825,0.957584603661855,1.0071170399395213,1.1155847200060673
wikipedia,Cold War,the,funzione,854,1.097124817312132,0.9976921924258416,1.0783094242314146,0.8112412561843649
wikipedia,Cold War,of,funzione,373,1.0237332449471936,0.9736621474808715,1.012186910094213,0.9087654801572883
wikipedia,Cold War,in,funzione,297,1.0346561549146949,1.0036603929662595,0.992032405177438,0.9743071989273614
wikipedia,Cold War,and,funzione,295,0.978395945797915,1.0241494924899428,0.9447475240992809,0.9156560013762914
wikipedia,Cold War,to,funzione,269,1.0153719592706238,0.9926378401026706,0.9526021167422364,0.8797595547838053
wikipedia,Cold War,was,funzione,85,1.1170905714820831,0.9610163886941486,1.0203731000652199,1.0336760116608403
wikipedia,Cold War,soviet,keyword,106,1.0482440034287455,0.9794699695832244,1.0498637605405536,1.1713221109949545
wikipedia,Cold War,war,keyword,87,1.1903172216816873,0.8953514308520013,1.1006099325238201,1.2456988724095936
wikipedia,Cold War,us,keyword,61,1.1953534811305766,0.9645961230818173,1.1678343630655827,1.5915238963812515
wikipedia,Cold War,united,keyword,51,1.0912288840353492,1.033720474892607,1.0835169047068958,1.04401950108042
wikipedia,Cold War,states,keyword,45,0.9170586775988506,0.9553577539595474,0.8722772854106919,0.8714688486320018
wikipedia,Cold War,cold,keyword,37,1.1097167732422233,0.9572085955870367,1.1565474359088859,1.3799302765119041
wikipedia,Cold War,nuclear,keyword,38,1.2386770401867278,0.9669119462648202,1.2011365519263935,1.5211661465232416
wikipedia,Cold War,as,appaiata,80,0.9025578478751526,1.0125031506662754,0.9740677874337679,1.051517865827945
wikipedia,Cold War,by,appaiata,73,1.0095315922239088,1.011008560715485,1.0667172179632445,1.1853594616738061
wikipedia,Cold War,for,appaiata,58,1.1098537969597664,0.978312615749101,1.0168181742402993,1.0384802790415908
wikipedia,Cold War,from,appaiata,50,1.119616870200844,1.0188226931420459,1.040503820234502,1.0656158050854951
wikipedia,Cold War,an,appaiata,45,0.8680560680868973,0.9308041695303904,0.9465306760730282,0.8463753574175349
wikipedia,Cold War,its,appaiata,36,1.042668893077505,1.0076643498015903,1.131606499838351,1.1211477749987333
wikipedia,Cold War,communist,appaiata,41,1.1331333464636502,0.9285135477240098,1.0691745041565726,1.0913105130504182
wikipedia,Moscow,vocali,vocali,17673,1.2951257299894496,0.9254833626224488,0.9802806579463224,0.5859505660827382
wikipedia,Moscow,spazio,spazio,9528,1.2373963420614944,0.946320596513285,0.9263960316302886,0.479463656572466
wikipedia,Moscow,e,lettera,5346,1.0593560875934402,0.9771840747817847,1.0099045439757202,0.8550180312917902
wikipedia,Moscow,t,lettera,4199,1.1391277398622852,0.9914014715746142,0.909879263452772,0.8470707304414226
wikipedia,Moscow,a,lettera,3812,1.169676143814573,0.9464971254116582,0.990251035877899,0.8662727291779211
wikipedia,Moscow,o,lettera,3678,1.1065584010952207,0.9855391193513988,1.0127932552597878,0.9552474581299102
wikipedia,Moscow,i,lettera,3542,1.2303983239736964,0.9968178701133686,0.9418329880727883,0.8870773072179521
wikipedia,Moscow,s,lettera,3359,1.28693131460172,1.0165245354538015,1.005949536669885,0.9520645820470426
wikipedia,Moscow,n,lettera,3266,1.178598134981785,0.9571783778675268,0.9547289104890756,0.8800133167580734
wikipedia,Moscow,r,lettera,3095,1.184177253476125,0.9816388218043288,1.0236189530505888,0.8605462569698578
wikipedia,Moscow,h,lettera,2134,1.1408771932131456,0.9324668330012158,0.9498102445983698,0.8707395207780712
wikipedia,Moscow,l,lettera,1893,1.2240227987441934,1.033583532509863,1.0186757156008603,1.0250415643445767
wikipedia,Moscow,c,lettera,1763,1.2085520930082492,0.9883088615584978,0.9602379021714827,0.9747591855969223
wikipedia,Moscow,d,lettera,1637,1.1988746946623487,1.0142742693158906,0.956861857672834,0.936364775534994
wikipedia,Moscow,m,lettera,1496,1.2924201213902065,1.0073802349691077,1.0049403139439124,0.9741454103273147
wikipedia,Moscow,u,lettera,1295,1.2411417468046755,0.9807725653782017,1.0073856064476117,0.9512446652796925
wikipedia,Moscow,f,lettera,1074,0.9986341753357522,1.0190118504700987,0.986816955227311,0.9799851373650564
wikipedia,Moscow,w,lettera,915,1.2468351290209518,1.0070598165297,0.9478810742101026,0.9364227934429701
wikipedia,Moscow,p,lettera,823,1.0190577395958507,0.8994039233935517,0.9315729365678288,1.0932878668607453
wikipedia,Moscow,y,lettera,796,1.2610796806440874,0.9191915741997283,1.0186897911295436,0.9759671675903715
wikipedia,Moscow,g,lettera,765,1.05678798549014,1.0659533790596811,1.0351171016774081,1.0072696043151246
wikipedia,Moscow,the,funzione,898,1.1956029740771843,0.9231295065367924,1.0407828758130793,0.9310137137388965
wikipedia,Moscow,of,funzione,453,1.2445655481593203,0.9698839311836357,1.027286373602332,0.9167160776489538
wikipedia,Moscow,in,funzione,312,1.1487212197910392,1.0044651127992574,1.0184943458939606,1.0076493428581588
wikipedia,Moscow,and,funzione,267,1.117149007015298,0.9738812004592177,1.0256836785968884,0.9166782726414595
wikipedia,Moscow,to,funzione,131,1.1504461746526584,0.9540565677681837,1.0647920182339436,1.1173241232389945
wikipedia,Moscow,is,funzione,122,1.378803737922326,1.0338986642975037,1.3014059294209532,2.1929862069843566
wikipedia,Moscow,moscow,keyword,214,1.2753912035796873,0.9872428460728614,1.0724925342949116,1.106178229295712
wikipedia,Moscow,city,keyword,97,1.265223780854805,0.9304414250582148,1.2048998713786616,1.5334485456387361
wikipedia,Moscow,russian,keyword,51,1.1301294335402103,1.0316693400309676,1.1162921030128865,1.271176709063208
wikipedia,Moscow,century,keyword,36,1.2906401023544445,1.000242680928711,1.1856626603681926,1.4092427499637907
wikipedia,Moscow,first,keyword,28,1.1368796243306634,0.9898982932773025,1.006273325874114,1.177994214063643
wikipedia,Moscow,also,keyword,28,1.0513135106918439,0.955910509983223,1.0508533242054094,1.3843517853781606
wikipedia,Moscow,moscow's,keyword,27,1.0838848801305183,0.9980088662518383,1.1129787661692363,0.9752235881662346
wikipedia,Moscow,was,appaiata,112,1.3744888694750181,1.0259806645047018,1.1131199635385647,1.247926776952383
wikipedia,Moscow,from,appaiata,76,1.1199153024771007,0.9638175735586584,1.107001008678375,1.1877699474502263
wikipedia,Moscow,it,appaiata,50,0.9948436064362857,0.9585231500329492,0.9677177444938517,0.9948176219217956
wikipedia,Moscow,has,appaiata,29,1.081487238050165,0.9901117365518276,1.0946268358758908,1.7113438171351194
wikipedia,Moscow,an,appaiata,27,1.1858817151519288,1.0443045964489361,1.0855529575912641,1.2484117336688305
wikipedia,Moscow,there,appaiata,27,1.0042239151683823,0.9418996349890699,1.0065166666205607,0.9435763915599618
wikipedia,Moscow,most,appaiata,26,1.1940117810013002,1.0039606163346155,1.1540866074588034,1.274226159455027
wikipedia,Nelson Mandela,vocali,vocali,18690,1.0342207675177053,0.9408690274525165,0.9964309532158312,0.49778480909726613
wikipedia,Nelson Mandela,spazio,spazio,9286,1.0282823903061167,1.0251587010214371,0.9314145841007108,0.4745680381917575
wikipedia,Nelson Mandela,e,lettera,5828,1.055350336382932,0.9806183617736669,1.030184588150318,0.8566377555231964
wikipedia,Nelson Mandela,a,lettera,4589,1.1643034408176143,0.9545116706633804,0.9347599791449803,0.8642301026030896
wikipedia,Nelson Mandela,t,lettera,4004,1.16773429774352,0.9415797796713977,1.0932673344295825,0.8861479706042482
wikipedia,Nelson Mandela,n,lettera,3947,1.1546438574216413,0.9886625393358859,0.945789664863351,0.8522245380515809
wikipedia,Nelson Mandela,i,lettera,3833,1.1718050543864527,1.008068746853591,0.9646393694473154,0.8872450255519849
wikipedia,Nelson Mandela,o,lettera,3190,1.0397895994789526,0.9090371861372426,1.0240201222158698,0.8969613003742548
wikipedia,Nelson Mandela,r,lettera,2969,1.0922648751460253,1.0133731416321445,1.028832163307068,0.857515067543994
wikipedia,Nelson Mandela,s,lettera,2800,1.0942444667427875,1.0091770726045122,1.000444762170722,0.9110731103290504
wikipedia,Nelson Mandela,d,lettera,2244,1.008076560654888,0.9915207527436184,1.0232662867991371,0.8907894350278508
wikipedia,Nelson Mandela,h,lettera,2221,1.2287892851599862,1.0448387591578001,1.0346417223895534,0.9418824623734673
wikipedia,Nelson Mandela,l,lettera,2058,1.1229588839782418,1.0273741449894886,0.9836765385848167,0.95247050386948
wikipedia,Nelson Mandela,c,lettera,1695,1.070019815027418,1.0194470752271885,1.0176675821659777,1.0371038101975654
wikipedia,Nelson Mandela,m,lettera,1444,1.2184441671800135,1.0602052904525203,1.0368882728730984,0.9708713368531521
wikipedia,Nelson Mandela,u,lettera,1250,1.0389849871712522,0.9789147511326454,0.9738807939215327,0.9527860958038925
wikipedia,Nelson Mandela,g,lettera,1020,0.9554359172881902,0.9887495765787276,0.9143564126810958,0.9363558033411319
wikipedia,Nelson Mandela,f,lettera,1007,1.0319960921647227,0.9344746937546904,0.9750254440968423,1.0139182658294
wikipedia,Nelson Mandela,p,lettera,976,1.0961896900473913,0.9563629536888589,1.0184987969418644,1.0703965878838766
wikipedia,Nelson Mandela,w,lettera,802,1.005677348175962,0.9708274533668598,0.9333775613155332,0.9514161507647354
wikipedia,Nelson Mandela,b,lettera,787,1.088262118251753,1.0080737603018235,1.0098392088412222,1.0185509906801733
wikipedia,Nelson Mandela,the,funzione,547,1.1810065125339224,0.9523488600033431,0.9939633618185293,0.8907578090119205
wikipedia,Nelson Mandela,and,funzione,293,0.975697956968151,1.0002112263833174,0.9381475835408488,0.7660299107960796
wikipedia,Nelson Mandela,in,funzione,285,1.2512954730009926,1.0067739879688815,1.144226894966712,1.0973287439077182
wikipedia,Nelson Mandela,of,funzione,249,1.0467315281682144,1.0368248597654077,0.9427545507790476,0.9373044785121675
wikipedia,Nelson Mandela,to,funzione,237,0.9364467854542611,1.1020828092338408,0.9244860687379766,0.8781907908706441
wikipedia,Nelson Mandela,was,funzione,164,1.097210002401643,0.9462157102365237,1.1160936776283057,1.0273038738728364
wikipedia,Nelson Mandela,mandela,keyword,209,0.7706147508626118,1.0059599906983572,0.8914193020431919,0.7244428024394657
wikipedia,Nelson Mandela,anc,keyword,89,1.1486805636574375,0.9981419085188165,1.1185959879440583,1.328350307223501
wikipedia,Nelson Mandela,south,keyword,42,0.9809539962990385,1.0149168954474188,0.9644726097096751,0.8870840328328552
wikipedia,Nelson Mandela,president,keyword,33,1.202311996004887,0.9627727603499926,1.1905573305174943,1.5921445314276346
wikipedia,Nelson Mandela,national,keyword,33,1.1682254954240472,1.0395162458609057,1.1430091405098872,1.6526875575994682
wikipedia,Nelson Mandela,government,keyword,32,1.043302000541765,0.9804450362797258,1.0460430233694835,1.128701050202667
wikipedia,Nelson Mandela,although,keyword,31,0.8729799597325995,1.003031693749466,0.8640741440527947,0.8300559706454828
wikipedia,Nelson Mandela,he,appaiata,161,1.2366714699192114,1.0703518953409112,1.1791335414173096,1.3504390289022739
wikipedia,Nelson Mandela,as,appaiata,76,1.0659302753929356,1.1086697973436799,1.0859884106157514,1.0680345243418867
wikipedia,Nelson Mandela,an,appaiata,44,0.9954643660115527,0.965244946112552,0.9469903990567285,1.1085365969557297
wikipedia,Nelson Mandela,but,appaiata,34,0.9887766705527895,1.0855884300632088,0.9700128858062427,0.9323328523433823
wikipedia,Nelson Mandela,him,appaiata,32,0.9890132633121412,0.9780429200984324,1.0174734607847193,1.0743897856275333
wikipedia,Nelson Mandela,de,appaiata,28,1.3053643654807756,1.0012734194891708,1.3114584359393238,2.6830617033449533
wikipedia,Nelson Mandela,were,appaiata,28,1.0462580585282255,1.016616123229238,1.0948822767127033,1.2549174143180533
wikipedia,Ancient Rome,vocali,vocali,18931,1.058583245684211,0.9606590752044876,0.9900277020346828,0.5011111419661265
wikipedia,Ancient Rome,spazio,spazio,9468,1.135986494879403,0.9608032712949807,0.9196269358602557,0.4659802868814705
wikipedia,Ancient Rome,e,lettera,6037,1.2040247465905436,0.9668269570401588,1.0024386010414499,0.8403317343242741
wikipedia,Ancient Rome,a,lettera,4398,1.2828074603426265,1.0431786729385442,0.940883107561333,0.8444807507835257
wikipedia,Ancient Rome,t,lettera,4117,1.271592447848967,0.9675837052129026,0.9780549403139789,0.8729266567732196
wikipedia,Ancient Rome,i,lettera,3774,1.0990322603223406,0.9890308449333555,1.0306758447293687,0.9280673160048744
wikipedia,Ancient Rome,n,lettera,3518,1.192681179987741,0.9893203124806895,0.9929070006236614,0.8453132373481952
wikipedia,Ancient Rome,r,lettera,3394,0.918454188522612,0.9820948936760941,0.9679999711722758,0.8445544603364308
wikipedia,Ancient Rome,o,lettera,3232,1.0253720987232555,0.9769172084266146,0.9349988193461707,0.8881565491142979
wikipedia,Ancient Rome,s,lettera,3125,1.1911689595866661,1.046562144955596,0.9554720240191198,0.9591378548515778
wikipedia,Ancient Rome,h,lettera,2168,1.184075114927661,0.8847923142799049,1.0507028574922062,0.8546829177348095
wikipedia,Ancient Rome,d,lettera,2097,1.2949761141664091,1.0417136534860854,1.0352200361647979,0.8925408374743288
wikipedia,Ancient Rome,l,lettera,2009,1.079162668871835,0.977873219974159,0.9138350419360949,0.9950905066208838
wikipedia,Ancient Rome,c,lettera,1655,1.296040204447517,0.9985867196874088,0.9903302980799316,0.9226770255972985
wikipedia,Ancient Rome,u,lettera,1490,1.314437711810735,0.9702990136214824,1.0168065660891814,1.0308772079103847
wikipedia,Ancient Rome,m,lettera,1387,1.075453070350601,1.0499977396567026,0.9405874010523222,0.9785383127687697
wikipedia,Ancient Rome,p,lettera,1068,1.1742096121514574,0.9896157548487068,1.0606875730804608,1.0316279286058048
wikipedia,Ancient Rome,f,lettera,1010,1.1036717470813893,0.9846220536344189,1.025425783015874,0.9355299107912097
wikipedia,Ancient Rome,g,lettera,843,1.3048491410347096,0.9654871298337865,1.034966737124831,0.9999865312488283
wikipedia,Ancient Rome,w,lettera,723,1.198699795578392,0.9991096842511956,0.9790307831686219,0.9393967770379751
wikipedia,Ancient Rome,b,lettera,675,1.1030672603172285,1.0172670833217952,1.1010835248395876,1.0934363751398304
wikipedia,Ancient Rome,the,funzione,896,1.2635338990061302,0.9903167012372686,0.9887674150904591,0.9304832178384874
wikipedia,Ancient Rome,and,funzione,398,1.0459842839874156,1.0190437668722698,1.0264458984021312,0.8504949189120055
wikipedia,Ancient Rome,of,funzione,394,1.0704102066261842,0.962036636145585,1.005860597757964,0.9105877389080541
wikipedia,Ancient Rome,in,funzione,237,1.0830519183626144,1.0292616142929518,1.0470405596602728,1.1133022174215055
wikipedia,Ancient Rome,to,funzione,196,1.0436153744408097,0.9534446266844757,1.0117541778086372,0.8976457143119001
wikipedia,Ancient Rome,was,funzione,134,1.1818677424477644,1.0500042124759614,1.1248400036839736,1.1639140219244903
wikipedia,Ancient Rome,roman,keyword,95,0.9404841929036298,0.955988464514561,1.0009859845419091,1.0878077187979038
wikipedia,Ancient Rome,rome,keyword,84,1.052404149811011,1.0118822144801471,1.0859441365426932,1.1334257637271796
wikipedia,Ancient Rome,empire,keyword,63,1.3785264594729905,1.0318778015276908,1.2278015576883938,2.1645026993007277
wikipedia,Ancient Rome,bc,keyword,53,1.284640886443359,1.044712670359782,1.3395542535917206,3.4331923536074247
wikipedia,Ancient Rome,ad,keyword,38,1.2247593577571962,1.0899672243976835,1.1319348706432422,2.1584349296543146
wikipedia,Ancient Rome,emperor,keyword,31,1.157130272000193,1.069105251724044,1.1315235703261013,1.284496248389892
wikipedia,Ancient Rome,century,keyword,29,1.0723714655005014,1.0209533813456064,1.0865798962775308,1.4942425029194295
wikipedia,Ancient Rome,by,appaiata,95,0.9672129470099509,1.0057474769021093,0.9150841805941546,0.941213753796933
wikipedia,Ancient Rome,were,appaiata,85,1.2387517430041008,0.9299860564909128,1.1444582681355293,1.1660941324351073
wikipedia,Ancient Rome,with,appaiata,59,0.9023588732935994,0.9304365646929975,0.9496349375738323,0.9689057989817517
wikipedia,Ancient Rome,from,appaiata,55,1.012936700485103,0.98637833771543,1.0619254365742605,1.1723361297794122
wikipedia,Ancient Rome,after,appaiata,39,1.0765443966043784,1.0330591647215166,1.0669492100742912,1.0519540900226731
wikipedia,Ancient Rome,on,appaiata,31,1.1045143427057762,0.9381618757502354,1.0201602866364348,1.0185102723266597
wikipedia,Ancient Rome,military,appaiata,27,1.0940235427617173,1.0225686132416474,1.1027206045739015,0.9624022133501107
wikipedia,Ottoman Empire,vocali,vocali,18461,1.0773235720053687,0.9087637347896976,0.9698939123493157,0.5422853436387151
wikipedia,Ottoman Empire,spazio,spazio,9361,0.9741768174171355,0.9819051828052254,1.0018233337597182,0.4697362777931708
wikipedia,Ottoman Empire,e,lettera,5758,1.001987167342871,0.9945576160259072,0.9799308545603682,0.8560510101682042
wikipedia,Ottoman Empire,t,lettera,4850,1.2047117931851026,0.9815400354336559,0.922299179346664,0.9023240521845522
wikipedia,Ottoman Empire,a,lettera,4229,1.0798942746988132,1.014344935547349,1.02553990704917,0.8799609178726986
wikipedia,Ottoman Empire,n,lettera,3726,1.1637594675750698,0.9496614246063017,0.997108210774539,0.83898751335568
wikipedia,Ottoman Empire,i,lettera,3676,1.0146001291850588,0.8700528476592878,0.9915293158986795,0.8955163574107332
wikipedia,Ottoman Empire,o,lettera,3494,1.0650128901876188,1.0155732734082312,1.0152495789780027,0.905102084377964
wikipedia,Ottoman Empire,r,lettera,3070,0.9966715735350083,0.8554627150415951,1.0174769186706396,0.8669535605198262
wikipedia,Ottoman Empire,s,lettera,2947,1.152396014426403,0.9688100658467533,1.0013085542244389,0.9483257691752857
wikipedia,Ottoman Empire,h,lettera,2252,1.2150057962860705,0.9557643649890227,1.0119004583914895,0.8298325886401479
wikipedia,Ottoman Empire,d,lettera,1828,1.0893939938250752,0.9182117927182926,0.988990701353762,0.9247111116178504
wikipedia,Ottoman Empire,l,lettera,1794,1.2106296315865983,0.973547603134842,0.9754668895328585,1.0236211927753731
wikipedia,Ottoman Empire,m,lettera,1508,1.1281238177580184,0.9740125517869935,0.974856841164779,0.9334575208015552
wikipedia,Ottoman Empire,c,lettera,1397,1.2377051057159298,0.9618312128292948,1.0627086189099069,0.9730310074631664
wikipedia,Ottoman Empire,u,lettera,1304,1.060051520508778,0.9534668035503082,0.9218060594066143,0.9177669534573404
wikipedia,Ottoman Empire,f,lettera,1030,1.0055785154334538,0.9707097765872944,0.9534874772185219,0.9228515749001917
wikipedia,Ottoman Empire,p,lettera,952,1.102248397350429,0.9157396248022837,0.9620972403513894,0.9720093396001228
wikipedia,Ottoman Empire,g,lettera,812,1.095900763197257,1.0186932590425484,0.9741315906918633,0.9843957340359866
wikipedia,Ottoman Empire,y,lettera,736,1.0922872733488933,1.0197948076019427,1.0064647676011342,0.9991049995449639
wikipedia,Ottoman Empire,w,lettera,700,1.1060561510762104,0.9763414746408562,0.996860176854057,0.9492616248195286
wikipedia,Ottoman Empire,the,funzione,1063,1.0943839686066963,0.9903449214987888,1.0185997830009401,0.789422755371768
wikipedia,Ottoman Empire,of,funzione,457,0.9891931919555818,0.964979983438654,0.9705514396128511,0.8824837785705137
wikipedia,Ottoman Empire,and,funzione,317,1.037926542174205,0.990037968660836,1.0203842445272777,0.9189238386015044
wikipedia,Ottoman Empire,in,funzione,294,1.1294429139632356,0.9970555931774543,1.0084052938439942,1.006456256250424
wikipedia,Ottoman Empire,to,funzione,215,0.9664249858177082,1.0136505312788668,0.9587370827428127,0.9926579343641758
wikipedia,Ottoman Empire,was,funzione,130,1.3075399684274311,0.9952728486565476,1.130646950930256,1.1305235665110307
wikipedia,Ottoman Empire,ottoman,keyword,212,1.1486109227153851,0.9782994627177944,1.0524573083169038,1.0145354924172536
wikipedia,Ottoman Empire,empire,keyword,113,1.0833362228518892,1.0322433369611248,1.0528026066295904,1.0370330400688434
wikipedia,Ottoman Empire,war,keyword,41,1.2247671199902603,0.9231628583884549,1.1797435285297733,1.8066632703538432
wikipedia,Ottoman Empire,sultan,keyword,43,1.263628343823854,0.9896967934860065,1.2248888746931967,1.6386782299911702
wikipedia,Ottoman Empire,state,keyword,40,1.3255968270747165,1.0588472027715257,1.2270538912695443,1.7236745001584584
wikipedia,Ottoman Empire,century,keyword,36,1.212226955769712,1.0513672056267123,1.1211610557712695,1.7221486606892455
wikipedia,Ottoman Empire,turkish,keyword,35,1.359966565132437,0.9859028319875393,1.3137725341907214,1.5704684401564775
wikipedia,Ottoman Empire,by,appaiata,76,0.9273767709069062,0.9553312311055354,1.0128180791408896,1.0078565616645412
wikipedia,Ottoman Empire,as,appaiata,68,1.0038892174056333,1.0010468574741014,1.013702235992478,1.0521660469690304
wikipedia,Ottoman Empire,its,appaiata,42,1.0507993746997306,0.9831456475648611,1.0148670028968834,1.0533831338110111
wikipedia,Ottoman Empire,for,appaiata,44,1.1426624589573593,0.9488278437275514,1.1078486694708716,1.3656739254675319
wikipedia,Ottoman Empire,it,appaiata,32,0.9595118064691259,1.0370205061192077,0.9430636596179055,0.8727898403885055
wikipedia,Ottoman Empire,an,appaiata,32,1.1315002280509758,0.9687232294531167,1.1049752637813162,1.1507039219812871
wikipedia,Ottoman Empire,system,appaiata,28,1.4770909842290236,0.9922942786897727,1.382819225981601,2.0066564767474873
wikipedia,American Civil War,vocali,vocali,18359,1.2853572334671075,0.8786271781596477,0.971787495205224,0.5089645961376332
wikipedia,American Civil War,spazio,spazio,9359,1.161490624961578,0.9755513050484489,1.007384757690218,0.4680866658119889
wikipedia,American Civil War,e,lettera,6116,1.1722328147375267,0.9633958682974358,0.9393686639927697,0.8597973815402687
wikipedia,American Civil War,t,lettera,4422,1.2254420378617015,0.9722320239360034,0.9410311943222291,0.9056677623942794
wikipedia,American Civil War,n,lettera,3952,1.0807000919394276,0.8818242869690698,0.9976174095170931,0.8621192111237324
wikipedia,American Civil War,a,lettera,3875,1.0841530894072906,0.945585918683935,0.9940650962950298,0.8523865722216482
wikipedia,American Civil War,o,lettera,3638,1.0365872338045896,1.0073686013273686,1.0878490485763994,0.8429250166455253
wikipedia,American Civil War,i,lettera,3450,1.1385037057038256,0.974839054791082,1.028640985925688,0.9856076677092409
wikipedia,American Civil War,r,lettera,3313,1.1088859709361671,0.9963975536438436,0.9341279662677842,0.8238903669471599
wikipedia,American Civil War,s,lettera,3073,1.2046007972323407,0.9199239372386704,1.0380245620967472,0.9862684665026177
wikipedia,American Civil War,h,lettera,2139,1.0773661880363203,1.0085633653877117,0.9565543417436272,0.8753076539929515
wikipedia,American Civil War,d,lettera,2032,1.0818539657232906,0.9800024004713919,1.020425745253524,0.9104929750583579
wikipedia,American Civil War,l,lettera,1912,1.1560950647857073,1.0093373245808905,1.00558618493377,1.0446537957749367
wikipedia,American Civil War,c,lettera,1689,1.1904002120238593,0.9463176609462343,0.9797671064548988,0.9471480742208033
wikipedia,American Civil War,u,lettera,1280,1.0982273676389693,1.0228948330100305,1.003174430016103,0.9482627959134673
wikipedia,American Civil War,f,lettera,1211,0.996675455752057,0.9712465220792602,1.006361963403749,0.9540652593578364
wikipedia,American Civil War,m,lettera,1141,1.2942578845061348,0.9695598850365105,1.0617044643573783,0.9964468919000571
wikipedia,American Civil War,p,lettera,886,1.154554125915167,1.0560904536463542,1.0225781027525709,1.1388350458420153
wikipedia,American Civil War,g,lettera,840,1.126181751810982,1.0145406227041287,1.046321916604034,1.0326821258584369
wikipedia,American Civil War,w,lettera,812,1.2592829901140432,0.9467204652073732,1.0810754091425252,1.0178627579461468
wikipedia,American Civil War,y,lettera,703,1.0452348173350483,1.0049924195451299,0.9725919908414985,0.9111236459339674
wikipedia,American Civil War,the,funzione,881,1.2556116955073287,1.0294825701857417,1.0146033425248042,0.8546185153136251
wikipedia,American Civil War,of,funzione,337,1.3602656980021728,1.0402648564920376,1.0796047472812287,1.0492796348560147
wikipedia,American Civil War,to,funzione,266,1.0518108588702726,1.0077011637126596,1.0855054695613926,1.0509239894529343
wikipedia,American Civil War,and,funzione,265,0.9782393482147268,0.9701613851157243,1.003430758815533,0.9413139115235656
wikipedia,American Civil War,in,funzione,266,0.9864240652778437,0.946064975556497,0.9771070526678197,0.8977846834629291
wikipedia,American Civil War,was,funzione,115,0.9565583250047549,1.0192486507276932,0.9726405104267685,0.9662019284723368
wikipedia,American Civil War,union,keyword,123,1.2404920541530318,0.994371473541916,1.1382277357300394,1.1804756048136997
wikipedia,American Civil War,confederate,keyword,78,1.1797886708641703,0.9744637539873836,1.0702795859218206,1.2335263938681826
wikipedia,American Civil War,army,keyword,54,1.4638372930858206,0.9771092658312539,1.3196027016286782,1.9523423186102264
wikipedia,American Civil War,confederacy,keyword,58,1.0848939651221439,0.9891280847776085,1.0705151996606665,1.099976596223379
wikipedia,American Civil War,states,keyword,51,1.4013047056916963,0.9396387347517369,1.368379464015777,2.619354440579525
wikipedia,American Civil War,south,keyword,45,1.1574713336539184,0.9893815814207215,1.130981820001092,1.275733013869389
wikipedia,American Civil War,lincoln,keyword,52,1.3950756813080885,1.0054069119152516,1.3727774451010026,1.9239784581773778
wikipedia,American Civil War,on,appaiata,80,1.1149222033464996,0.9561620814222908,1.0682118850758762,1.1795011289079107
wikipedia,American Civil War,by,appaiata,73,1.057105386876532,0.9955951745776036,1.0104329482897383,1.1255538955316784
wikipedia,American Civil War,with,appaiata,53,1.072081704728868,0.9940606312795243,1.0384233123350317,1.2084007593853243
wikipedia,American Civil War,it,appaiata,54,1.2364352028967645,1.0176531273430809,1.1339567792435077,1.3344096430499695
wikipedia,American Civil War,which,appaiata,49,1.0908465008551005,0.9595844552322101,0.9998213614382907,0.9782935591500682
wikipedia,American Civil War,at,appaiata,44,0.9952766143441654,1.0048811204633796,1.0624042992149505,1.0817963097017813
wikipedia,American Civil War,but,appaiata,37,0.9891051486700896,0.9576901700909822,0.9880372819728866,0.9109101394999505
wikipedia,United Kingdom,vocali,vocali,18011,1.3377059842505061,0.9869519403652266,0.9916856628261069,0.540542213762312
wikipedia,United Kingdom,spazio,spazio,9436,1.1958000786400154,1.0795853198848346,1.0505170374567308,0.47666492509367614
wikipedia,United Kingdom,e,lettera,5784,1.054771454460711,1.0249307980739373,0.9209668802088534,0.8098414744688374
wikipedia,United Kingdom,t,lettera,4399,1.1914024548758342,1.0011311581741154,0.9944759780880039,0.8474343851883555
wikipedia,United Kingdom,n,lettera,4134,1.057415344468555,0.904146944660591,0.9179180670591895,0.8658130434816099
wikipedia,United Kingdom,a,lettera,3795,1.283924392392328,1.0122115359069417,0.9156474877241904,0.898562965809728
wikipedia,United Kingdom,i,lettera,3768,1.161876195855695,0.9680568102815243,0.9843566893964414,0.9157690994414108
wikipedia,United Kingdom,o,lettera,3365,1.161100365064766,0.9453282103681412,0.9766110892709823,0.8994331854846134
wikipedia,United Kingdom,r,lettera,3186,1.081810307180633,1.0145789369306526,0.9320416853993789,0.8610751729023495
wikipedia,United Kingdom,s,lettera,2898,1.202365936889984,1.0184620815151142,1.0118827835376905,0.9553336833605427
wikipedia,United Kingdom,l,lettera,2121,1.1357997808066669,0.9858640685926229,0.9789867582517061,0.9820201148457414
wikipedia,United Kingdom,h,lettera,2105,1.2015890938570624,1.0283618018171155,1.0005372304417703,0.9032262907808742
wikipedia,United Kingdom,d,lettera,2025,0.9048920036439243,1.0127192988640557,0.9316128604623515,0.933462877946073
wikipedia,United Kingdom,c,lettera,1665,1.3039466786171825,1.0069007979348674,1.006329757208574,1.0052025004416272
wikipedia,United Kingdom,u,lettera,1299,1.1700269271390162,1.04328422604739,1.0191806559013485,0.9888496127735555
wikipedia,United Kingdom,m,lettera,1186,1.2379980897887914,0.9661553616127301,0.9950890690994734,1.021324209228288
wikipedia,United Kingdom,f,lettera,992,1.1282244074574594,0.9986875346215868,1.0388015550055065,0.9999448800845318
wikipedia,United Kingdom,g,lettera,962,1.1566371119809278,1.002554605549192,1.009894621736812,1.0124070288907399
wikipedia,United Kingdom,p,lettera,869,1.0776422920921593,0.9883471143589593,1.0187667265145341,1.0100747274212103
wikipedia,United Kingdom,w,lettera,687,1.0880434490046516,0.9505192853952599,1.063304274129772,1.0391025492642727
wikipedia,United Kingdom,y,lettera,629,1.1508102794789374,0.993906284887821,1.0473183479149535,1.0643351354325237
wikipedia,United Kingdom,the,funzione,966,1.2511820763992156,0.9360976919329215,1.0495910189561513,0.88422435077389
wikipedia,United Kingdom,of,funzione,440,1.1140296545837263,0.9729632174630524,1.0027976140586865,1.0047203832574427
wikipedia,United Kingdom,and,funzione,386,0.9868555326311311,1.0254014621829481,0.9119826506216538,0.7960985908697421
wikipedia,United Kingdom,in,funzione,311,1.196110932816842,0.9311376177820029,1.0166928594841036,1.0315929153960346
wikipedia,United Kingdom,to,funzione,166,1.196277054770656,0.9781132888082783,1.0957392342454628,1.1610062261974317
wikipedia,United Kingdom,is,funzione,119,1.4263547855752778,0.9631387896439128,1.2557608593589695,1.621862494097821
wikipedia,United Kingdom,uk,keyword,111,1.3618892665010656,0.9512426597848337,1.2408074059914316,2.399181945144979
wikipedia,United Kingdom,united,keyword,77,1.2182219098969769,1.0141578872719184,1.1509395889913498,1.1720305095388268
wikipedia,United Kingdom,kingdom,keyword,76,1.2455545274180668,0.9598852995534634,1.1281791256687785,1.159172009292564
wikipedia,United Kingdom,ireland,keyword,67,1.2375706134478939,0.9550381323561984,1.2012107996630996,1.333568814748364
wikipedia,United Kingdom,british,keyword,68,1.238691718452584,0.9548069651834291,1.210562007675578,1.7340434667776428
wikipedia,United Kingdom,government,keyword,53,1.384770290710294,0.9710353379944797,1.2757339422751788,1.7730348932230797
wikipedia,United Kingdom,britain,keyword,56,1.3743927469423884,0.9868496638044689,1.269410651054715,1.8111850041154463
wikipedia,United Kingdom,by,appaiata,88,0.9585445535725343,0.9738948889433671,0.8168991349183133,0.8469505432157083
wikipedia,United Kingdom,as,appaiata,79,1.2397888859432202,1.0096413712653192,1.1211267052600318,1.3077322418643071
wikipedia,United Kingdom,was,appaiata,69,1.128485214756817,0.9968769135653295,1.087133346694871,1.1010442989632714
wikipedia,United Kingdom,for,appaiata,63,1.2483801438958344,1.0217309391381566,1.1723554777289689,1.3288857695250174
wikipedia,United Kingdom,with,appaiata,81,0.9534741091407329,1.0044175454255035,1.106174995433345,1.0308192316596436
wikipedia,United Kingdom,it,appaiata,49,1.0471610867191157,0.9085412601182842,1.1170488157492924,1.2202270518291962
wikipedia,United Kingdom,has,appaiata,46,1.12244049873621,1.0285166152141896,1.1542631828772636,2.212082112026329
wikipedia,Joseph Stalin,vocali,vocali,18440,1.158277799662433,0.9526193883699365,0.9614083442313884,0.5196185923017688
wikipedia,Joseph Stalin,spazio,spazio,9157,1.094647699763465,0.9728870208491235,0.9801436600597503,0.45968852697400614
wikipedia,Joseph Stalin,e,lettera,5733,1.1804386635968922,0.9633417647512829,0.9429166416226241,0.864473822439146
wikipedia,Joseph Stalin,t,lettera,4265,1.2336807804143215,0.963489253683556,1.0318899670491255,0.8523178784921045
wikipedia,Joseph Stalin,i,lettera,4067,1.100473518026223,1.048584114491784,1.0565282836700998,0.8897769547290498
wikipedia,Joseph Stalin,a,lettera,3990,0.9793235127579093,0.912931018172086,0.9224584752090079,0.8584084101667876
wikipedia,Joseph Stalin,n,lettera,3762,1.1146437346632245,0.9724205800658877,0.9551480897693816,0.8328053108053931
wikipedia,Joseph Stalin,o,lettera,3422,1.0833643063912939,1.037440110125694,0.994476274988975,0.8995234537895895
wikipedia,Joseph Stalin,s,lettera,3380,1.0808750110439493,1.1215591753420318,0.9369308379580423,0.9066931103618322
wikipedia,Joseph Stalin,r,lettera,3174,1.1336272918480048,1.0230014122538522,1.0303992840380214,0.8518529342141726
wikipedia,Joseph Stalin,h,lettera,2184,1.096669536815883,1.007991389193804,1.0065164091370729,0.9313004882793509
wikipedia,Joseph Stalin,l,lettera,1984,1.1101295757510992,1.0286317233490232,0.9662053070679363,0.960790085768385
wikipedia,Joseph Stalin,d,lettera,1917,1.095956655530144,0.9603909074294633,1.00435276350594,0.9029691505449047
wikipedia,Joseph Stalin,c,lettera,1458,1.072513360841366,1.0066235428300905,1.0210380699616048,0.9979429433989228
wikipedia,Joseph Stalin,u,lettera,1228,1.111839674611858,1.0214524737847608,0.988289974571304,0.9586179351967018
wikipedia,Joseph Stalin,m,lettera,1227,0.9799660977376058,0.9067441036475244,1.0193754892621671,0.9592212978094399
wikipedia,Joseph Stalin,p,lettera,998,0.9756469665273676,1.0543982072912215,0.9794155091707116,1.0258218476814707
wikipedia,Joseph Stalin,g,lettera,943,1.1299457796701136,0.9071577245910302,0.9876047451970887,1.0292901971941308
wikipedia,Joseph Stalin,f,lettera,914,1.0217492899564342,1.0073863828708196,0.9903688451332854,0.9996907888303436
wikipedia,Joseph Stalin,w,lettera,799,1.0699740107387352,0.928184864628812,0.9867099559969429,0.9581923360938779
wikipedia,Joseph Stalin,v,lettera,723,0.9986563984623791,0.9437387644994931,0.9726406265571322,0.9964234817968974
wikipedia,Joseph Stalin,the,funzione,656,1.0498953750305757,0.9496307722786979,1.0309917735839262,0.9061331077216976
wikipedia,Joseph Stalin,in,funzione,326,1.134256949485109,1.0546522507839367,0.988986699749768,1.0133788710214242
wikipedia,Joseph Stalin,and,funzione,293,1.0392694972742105,1.0201154000978316,1.0114492753020283,0.9002444763659491
wikipedia,Joseph Stalin,of,funzione,276,0.9889234848129913,0.9407295485725631,1.0060040002576065,0.9307864951148855
wikipedia,Joseph Stalin,to,funzione,237,1.1726996898306616,1.0209542745190119,1.0846879409646786,1.0755136913675414
wikipedia,Joseph Stalin,was,funzione,135,1.0580493036191536,0.8996758560761943,1.028978375011999,0.9624180269834581
wikipedia,Joseph Stalin,stalin,keyword,232,1.0474602998816542,0.9495555663613401,0.9266788020537894,0.7325768027191211
wikipedia,Joseph Stalin,soviet,keyword,88,1.268815007198937,0.9722520392913722,1.3100113811419396,1.7361924003490647
wikipedia,Joseph Stalin,union,keyword,38,1.1443337680042243,1.012908411394015,1.1898239999437321,2.0716553209709243
wikipedia,Joseph Stalin,party,keyword,37,1.179439778928501,0.9557143474125088,1.189140156517446,1.22233232203915
wikipedia,Joseph Stalin,lenin,keyword,48,1.4739409897414575,0.8872364743533913,1.40916230807599,3.3218877573507295
wikipedia,Joseph Stalin,stalin's,keyword,28,1.0246147929239164,0.9730870844997099,1.0084517004529687,0.8579901317969941
wikipedia,Joseph Stalin,germany,keyword,30,1.3556570317356729,1.0357939176794975,1.3153304539896944,3.461476567397605
wikipedia,Joseph Stalin,he,appaiata,116,1.3382707863939753,0.8946614568212364,1.2329737999470896,1.2830825642347825
wikipedia,Joseph Stalin,as,appaiata,83,0.9634188528429203,0.9887149080955241,1.051362081146394,1.0739503339308147
wikipedia,Joseph Stalin,an,appaiata,31,0.9936580675327912,1.0375029518125127,0.9620234081341202,0.9683926779585807
wikipedia,Joseph Stalin,at,appaiata,31,1.0523154444487244,0.9446846726270407,1.0548961509961312,1.0412995842269275
wikipedia,Joseph Stalin,their,appaiata,28,1.0302490649955989,0.9803862174570656,1.0634758235704125,1.1093004161186968
wikipedia,Joseph Stalin,him,appaiata,27,0.9219483137311684,0.987851519594801,0.9762875609410337,0.9696722854424817
wikipedia,Joseph Stalin,after,appaiata,24,0.9419876674091043,0.9772214035120809,0.9845210453443146,0.9788578172822208
wikipedia,Italy,vocali,vocali,18717,1.2878451611534447,1.0006575775609095,0.9834735237790344,0.5723235455798414
wikipedia,Italy,spazio,spazio,9215,1.1842428110173766,0.9538625184744779,0.9570194019739504,0.4788774975944655
wikipedia,Italy,e,lettera,5441,1.2845407743237396,0.9872654733125265,0.9988296251974752,0.8796754782658553
wikipedia,Italy,a,lettera,4480,1.2236677225540233,0.9310973758981556,0.9582173023590812,0.8377378551536465
wikipedia,Italy,i,lettera,4299,1.2499800003326051,0.9399441846823325,0.9942898331801349,0.8925608741513414
wikipedia,Italy,t,lettera,4251,1.2043092692234298,0.9961130125375114,0.9188476301232562,0.8506923423021244
wikipedia,Italy,n,lettera,3775,1.239388201912909,0.9609975677565931,0.913987066939911,0.8428388909343167
wikipedia,Italy,o,lettera,3301,1.258391872250309,0.9600375744107591,0.9679559108103465,0.8753050351625566
wikipedia,Italy,r,lettera,3176,1.122118018491763,1.0485786766499867,0.975463813014256,0.8638671400305522
wikipedia,Italy,s,lettera,2821,1.1352041364596472,1.0895475733557605,0.9608567611841634,0.9053759461566288
wikipedia,Italy,l,lettera,2230,1.0882194044260352,1.026646742730355,0.9925038195732977,0.9323760082006899
wikipedia,Italy,h,lettera,1868,1.2233628794773048,0.8747326290813048,0.9861042540704914,0.953833637593848
wikipedia,Italy,d,lettera,1826,1.1847913731884774,1.0184662814848149,0.9929577020179353,0.9408543082916452
wikipedia,Italy,c,lettera,1730,1.194600542785963,0.9489898149120203,0.9488854653609428,0.9466022827990297
wikipedia,Italy,m,lettera,1204,1.1260832312333364,0.9745737347125117,1.0107508397384652,1.0804794522309826
wikipedia,Italy,u,lettera,1196,1.1561695147925881,0.9951723142688262,0.961414538186203,0.9388039820089784
wikipedia,Italy,p,lettera,1039,1.1294452521068559,0.9259236976198261,1.0889331741724628,1.1011239907612527
wikipedia,Italy,f,lettera,987,1.0155080089484894,0.987337797188795,0.9483743121867941,0.9204618835833478
wikipedia,Italy,g,lettera,824,1.1510692988334503,1.0239664975157254,1.0026072151942234,0.992653399333736
wikipedia,Italy,y,lettera,792,1.062591405513428,0.9828660737219815,1.0450378920533059,0.9774088100710593
wikipedia,Italy,w,lettera,624,1.1271262364733392,1.0012479728051114,1.0085493211604428,1.1146074811544242
wikipedia,Italy,the,funzione,908,1.2630540317124472,0.9815492620375559,0.9964025483685529,0.9277158864938729
wikipedia,Italy,and,funzione,411,1.0704957146681247,1.0426997442239476,1.0518215558649906,0.8386750623928966
wikipedia,Italy,of,funzione,407,1.1645959331301396,0.9666033958367467,1.0326030109820106,1.0059916360373649
wikipedia,Italy,in,funzione,276,1.1572121976423957,0.9217223814240357,0.9673737981817204,0.9892111076909103
wikipedia,Italy,to,funzione,147,1.0749061337469534,1.0108987110062937,1.0908184306051159,1.1857116260680205
wikipedia,Italy,is,funzione,97,1.3616795732213443,0.973342139346714,1.3545523339435717,2.4821368952745426
wikipedia,Italy,italy,keyword,180,1.117177505680915,0.9880572315246798,0.9860770719080572,0.9440163707918825
wikipedia,Italy,italian,keyword,91,1.3148841713615742,1.0288627575774028,1.1772349009899303,1.4047196634586419
wikipedia,Italy,war,keyword,32,1.331414106944899,1.005643327169366,1.3928020745074268,2.3251461127842386
wikipedia,Italy,world,keyword,41,1.1123656830396178,0.9282393852490937,1.1554083271783206,1.1631706112198656
wikipedia,Italy,roman,keyword,28,1.4779028177105666,0.9448007971742031,1.4549421943904273,1.9550484135287098
wikipedia,Italy,europe,keyword,25,0.9665281352843825,0.9847642501625374,0.9993098380190583,1.1403457145277607
wikipedia,Italy,country,keyword,31,1.0665485282427678,1.0560978600471866,1.0909484086690298,1.8280426802126086
wikipedia,Italy,was,appaiata,85,1.2333098607902049,1.011173193153682,1.1930644253572613,1.361117376027433
wikipedia,Italy,by,appaiata,83,1.1058351713743027,1.0746620493522079,1.0748175940709406,0.9981692124532149
wikipedia,Italy,it,appaiata,31,1.1640644705503598,0.8830235803962965,1.1299138871572707,1.1977715866626013
wikipedia,Italy,during,appaiata,29,1.1316791282881393,0.9338908294076921,1.0765703482574993,1.2860103856998393
wikipedia,Italy,most,appaiata,29,1.178969523226208,0.891763631750563,1.1136100934802575,1.349001894426545
wikipedia,Italy,at,appaiata,25,1.0102084146299255,1.0363960672162922,1.0610095293149002,1.143407267289025
wikipedia,Italy,an,appaiata,23,1.0686648917615005,0.9005165029837668,1.0454198822036986,0.9117346717154364
wikipedia,New York City,vocali,vocali,17523,1.2042701609046282,1.0151000055869683,0.9217932221287034,0.5723585233362377
wikipedia,New York City,spazio,spazio,9488,1.2190267622387916,1.0035101703197282,0.945885615236647,0.47316306013128984
wikipedia,New York City,e,lettera,5291,1.1940526793272388,0.9929959163546926,0.9824516682014143,0.8321524250569942
wikipedia,New York City,t,lettera,4367,1.149379620556203,1.0031539230694413,1.0315890830122545,0.8706536733994009
wikipedia,New York City,n,lettera,3938,1.2606418116279232,0.9739565955804105,0.9380276048116954,0.8235221845404603
wikipedia,New York City,a,lettera,3923,1.30016308233082,0.9688174668256991,0.9735509396443286,0.9505895034165872
wikipedia,New York City,i,lettera,3735,1.297250008556144,0.9521415866495978,0.9992127659519875,0.8826655841536539
wikipedia,New York City,o,lettera,3391,1.0885988016572323,0.9269258054633803,1.0128002608491409,0.920411583725779
wikipedia,New York City,r,lettera,3116,1.1110894931636788,1.0175028979461211,0.9926189045550097,0.862931074125075
wikipedia,New York City,s,lettera,2810,1.069247545359065,0.9403877605742071,0.9984384859124487,0.8943167622830535
wikipedia,New York City,l,lettera,1972,1.058192603647937,0.9672335186621411,0.9877179029734631,1.014013147715534
wikipedia,New York City,h,lettera,1971,1.2065399249208406,0.9640631347053253,0.987713014192062,0.9227460762090443
wikipedia,New York City,c,lettera,1680,1.2276562352427,1.1094073409727672,0.9942923857448397,1.001989648772014
wikipedia,New York City,d,lettera,1659,1.3445431950627889,0.9730170087733626,0.9269188928267219,0.9558889369524008
wikipedia,New York City,m,lettera,1266,1.1532255972037282,0.9521606946825774,0.9947576632499872,0.9369413594997862
wikipedia,New York City,u,lettera,1183,1.1614605310240909,0.9710233832345825,0.9537484471868587,0.9316172635761942
wikipedia,New York City,y,lettera,1136,1.2006359039380303,0.9858458347144105,0.979030019584175,1.0273967536157145
wikipedia,New York City,p,lettera,932,1.0567444627697098,0.9345449238037279,1.0043718732512061,1.0722855731354095
wikipedia,New York City,f,lettera,873,1.1976261331224671,1.0484069382425933,1.002648303727564,0.9434958385801308
wikipedia,New York City,w,lettera,859,1.1858928525345722,0.9551474148714805,0.9675456062345154,0.933642879469564
wikipedia,New York City,g,lettera,851,1.0922908009362666,1.0840052625213377,0.910827272980479,0.9799790048701247
wikipedia,New York City,the,funzione,837,1.2229910796549681,1.002844144837096,1.0329406927865614,0.9180364922213757
wikipedia,New York City,of,funzione,383,0.9529936429245284,0.9596306461871841,0.9955391109180365,0.9673989927410626
wikipedia,New York City,in,funzione,353,0.9064213824523312,0.9396648485957727,1.0364201578157057,0.9618055141815134
wikipedia,New York City,and,funzione,322,1.1121087252249928,0.9915185164930161,0.9634696216210413,0.8760183678030309
wikipedia,New York City,is,funzione,128,1.4622204274281685,1.010042066923772,1.2816410516221932,2.026793303998265
wikipedia,New York City,to,funzione,127,1.1886726702523354,1.0210214493392058,1.1123537751278467,1.26023919310776
wikipedia,New York City,new,keyword,267,0.9956420552879937,0.9533632711110203,0.9840876988282762,0.9250023420221903
wikipedia,New York City,york,keyword,239,1.0599684842651453,0.9630390512415028,1.0408418317133354,1.0755012639148085
wikipedia,New York City,city,keyword,247,1.2946003333389917,1.003938601777407,1.193272189173278,1.508682948478668
wikipedia,New York City,largest,keyword,66,1.3637175181168542,0.9656537764364268,1.2827709459266095,1.7144190758141837
wikipedia,New York City,population,keyword,47,1.4067599996266906,0.9756646565022288,1.3140976670568438,1.9727211126336475
wikipedia,New York City,city's,keyword,46,1.1314870704291182,0.957037061431416,1.1073081413192678,1.479556542694953
wikipedia,New York City,world,keyword,60,1.2122451184522713,1.068362411909246,1.2339679653037292,1.8183113090848864
wikipedia,New York City,as,appaiata,87,0.971740431051373,0.9486838716035745,0.938208872675112,0.9747111745721327
wikipedia,New York City,by,appaiata,75,1.0697889623730998,0.9115926193654517,1.0125010509195524,1.1097879728150417
wikipedia,New York City,for,appaiata,64,1.010139993659517,0.9506229417437861,0.9939429602745014,0.9656530601034253
wikipedia,New York City,was,appaiata,63,1.2305694690228255,0.9729155410143219,1.1523480806094617,1.254184634596478
wikipedia,New York City,on,appaiata,50,1.1825235557092604,0.9439991100285301,1.082445601666372,1.1205382312298062
wikipedia,New York City,are,appaiata,41,1.1657420839443375,1.0168052461281303,1.110120611036178,1.9891559954684068
wikipedia,New York City,most,appaiata,42,1.0955747408296552,0.9599098258312301,1.0762541995171047,1.096921515825224
wikipedia,Middle Ages,vocali,vocali,18177,1.3344169569924742,0.9832362722276443,1.0368877424809586,0.5468865224389732
wikipedia,Middle Ages,spazio,spazio,9528,1.0691212138645545,1.002693649600669,0.912747944194848,0.45830580104179186
wikipedia,Middle Ages,e,lettera,6069,1.316442150979966,0.9954346079828859,0.9717440449318149,0.8239865217345607
wikipedia,Middle Ages,t,lettera,4265,1.1823778563442406,0.9627994183847681,1.0682211391433782,0.8385787817113275
wikipedia,Middle Ages,a,lettera,3865,1.1812700719819387,0.9135382302520133,0.9583920571268149,0.8738877310116169
wikipedia,Middle Ages,n,lettera,3694,1.124101754121252,0.9076497319671858,0.8897883287283043,0.8744555431053954
wikipedia,Middle Ages,i,lettera,3638,1.2033076368083295,1.0160407660756625,0.9676051018936276,0.9247220337773753
wikipedia,Middle Ages,r,lettera,3451,1.0888711348309417,0.9833972552814504,0.9835160769282494,0.8303356721805623
wikipedia,Middle Ages,o,lettera,3337,1.208686725844593,0.9384030263492885,1.0114713823547181,0.9249786704146797
wikipedia,Middle Ages,s,lettera,3052,1.0780320216562311,1.0125596371181624,0.9670600188582211,0.93313392335957
wikipedia,Middle Ages,h,lettera,2371,1.0194494058588963,0.9389330920852345,0.9663351921468081,0.8677536397290895
wikipedia,Middle Ages,d,lettera,2058,1.1678095342168278,0.9113773019009188,0.9595543148654246,0.9142558712890255
wikipedia,Middle Ages,l,lettera,2009,1.1607085768894116,1.0092441670293926,1.0110448761983408,1.0251622404331178
wikipedia,Middle Ages,c,lettera,1570,1.290244126855393,1.0185872760096055,0.9183364555593473,0.9595552798557352
wikipedia,Middle Ages,m,lettera,1293,1.1875056702809983,0.9988310900688697,0.8840090358992768,0.9318507129982565
wikipedia,Middle Ages,u,lettera,1268,1.2287233992455446,0.970210693718368,0.9802989403353607,0.9801598777983282
wikipedia,Middle Ages,f,lettera,1040,1.1007190730908674,1.0245127497749493,1.0229118290070398,0.9720726509414795
wikipedia,Middle Ages,p,lettera,971,1.1501799327099957,0.9534983719813064,1.0016215114144675,1.0466949140577837
wikipedia,Middle Ages,g,lettera,931,1.1450314544360993,0.9621390931338821,0.9918788572423679,1.0519608590585248
wikipedia,Middle Ages,y,lettera,743,1.0828695868151128,1.0272745439236877,0.9988937725165815,0.9237809918984998
wikipedia,Middle Ages,w,lettera,737,1.2171438785079949,1.0123700553327448,0.9755008351517991,1.0539347610260732
wikipedia,Middle Ages,the,funzione,1016,1.2627122930964738,0.9900854730840355,1.0285586817821466,0.849841622391907
wikipedia,Middle Ages,of,funzione,455,1.1398135391607827,0.9940010709051211,1.012184457508509,0.9127808453541977
wikipedia,Middle Ages,and,funzione,350,1.069725050975919,0.9218643876008304,0.9484493299093609,0.9096365021807297
wikipedia,Middle Ages,in,funzione,303,1.075316043618475,0.9356517033456372,1.0903220034711714,1.0648341351692097
wikipedia,Middle Ages,to,funzione,191,1.0869328579732316,1.0352726449578393,1.0897297509816355,1.1091023132223983
wikipedia,Middle Ages,as,funzione,111,1.108344883211841,0.9519527510185563,1.0420787343818023,1.0908865976279085
wikipedia,Middle Ages,empire,keyword,67,1.3673380308952918,1.0017566950945553,1.3187362773233193,1.8821213508526555
wikipedia,Middle Ages,roman,keyword,52,1.3014889181178562,1.024798211225901,1.218733582583157,1.2150138082689375
wikipedia,Middle Ages,europe,keyword,48,1.0739742846258804,1.0389993547223775,1.0436305903514107,1.1073416977842212
wikipedia,Middle Ages,period,keyword,48,1.069401622348201,0.9825813843086816,1.090769095112311,1.3811222142918136
wikipedia,Middle Ages,middle,keyword,47,1.3431762167881776,1.0041202275949488,1.2470636939190622,1.753201241586222
wikipedia,Middle Ages,century,keyword,48,1.0810200512691943,0.9415615932641068,1.0809725299736368,1.357778935883981
wikipedia,Middle Ages,western,keyword,42,1.2983484523993007,1.0191815488653917,1.191110030241565,1.5590217665635957
wikipedia,Middle Ages,from,appaiata,67,1.0760146992663608,0.9672169853476502,1.0740123686127097,1.1377845992605184
wikipedia,Middle Ages,for,appaiata,54,1.0900198698334997,0.8766909179418122,1.0563492855341032,1.10966831612036
wikipedia,Middle Ages,into,appaiata,46,0.9750391204878605,1.0276461679999567,1.0443984206637205,0.9661959897584279
wikipedia,Middle Ages,or,appaiata,46,1.2864157312491622,0.9990895095215814,1.2348415392648777,1.5278260076235992
wikipedia,Middle Ages,that,appaiata,44,0.9711062318123381,0.9609910252657556,0.9967378118622952,0.8637683038930238
wikipedia,Middle Ages,had,appaiata,41,1.0323684135567837,1.06308655583294,1.0698745273482297,1.4053374272244608
wikipedia,Middle Ages,new,appaiata,35,1.1987654640406846,0.9857650222804221,1.0765910261442784,0.9828303996029827
wikipedia,Russia,vocali,vocali,18501,1.2457586859747118,0.9707294610209862,0.9856065015691712,0.5529442415758766
wikipedia,Russia,spazio,spazio,9191,1.1722949062212122,0.9802300520472432,0.9705227913229422,0.48572955786220073
wikipedia,Russia,e,lettera,5493,1.2091523023518664,0.9951614447027174,0.942471830033865,0.8650266029433475
wikipedia,Russia,t,lettera,4222,1.2033494995560046,1.0129741603649618,0.9309755812322464,0.8445511423446239
wikipedia,Russia,a,lettera,4133,1.2820561193324889,1.0047464463055167,0.9811580335617779,0.8680203096273232
wikipedia,Russia,i,lettera,3993,1.3494256839086487,1.014930536776493,0.9670850612034386,0.8792981856487141
wikipedia,Russia,n,lettera,3734,1.2792813376515144,0.9887764439622376,1.0594411631210414,0.8524909941026937
wikipedia,Russia,s,lettera,3635,1.4199094941247616,1.0272981473689236,0.9368129929208239,0.9488025803640922
wikipedia,Russia,r,lettera,3391,1.1268529495533135,1.0035827993677575,0.9839775739132728,0.8125865801200463
wikipedia,Russia,o,lettera,3320,1.156936019700029,0.983567426833242,0.9136787799014674,0.8686668652466586
wikipedia,Russia,h,lettera,2001,1.1231449061244363,0.9720805101081775,1.0367238359338957,0.9189010383553057
wikipedia,Russia,l,lettera,1933,1.309832041854053,0.9832556032502304,0.9477108983212862,1.0664116121417322
wikipedia,Russia,d,lettera,1795,1.1469924743811508,0.9607399691717315,0.9810890418557946,0.8896121928022966
wikipedia,Russia,c,lettera,1585,1.1539983469813426,0.946582849347383,1.022651284451442,0.998337993396708
wikipedia,Russia,u,lettera,1562,1.06133817543774,1.0295940483744677,0.9577868541872446,0.8718053823578139
wikipedia,Russia,m,lettera,1081,1.1043867808016232,1.0042870770183916,0.9984935422241173,1.0254031461259845
wikipedia,Russia,f,lettera,1023,0.9649890115254437,1.0152903762695675,0.945256540179551,0.8886882190144599
wikipedia,Russia,p,lettera,954,1.1506437058068968,0.9161695469455836,0.9386781776918524,1.1555191763745796
wikipedia,Russia,g,lettera,917,1.2772433685452356,0.9931999314825922,0.9856968830107035,0.9511370607157051
wikipedia,Russia,y,lettera,705,1.1932915938082787,1.000173594471595,1.0804291039297542,1.0260840000445643
wikipedia,Russia,w,lettera,680,1.1593376617473277,0.9976953426508873,1.0228781338718191,0.9762372669401607
wikipedia,Russia,the,funzione,947,1.3226490382369531,1.0283812335388072,1.0284981335196528,0.9730280022571757
wikipedia,Russia,of,funzione,435,1.1916939585922905,0.9981766962149069,0.9597071861712606,0.9687396681798107
wikipedia,Russia,and,funzione,355,1.135890577116723,1.025142551516199,0.9327346088381961,0.838876752277596
wikipedia,Russia,in,funzione,299,0.9890351637519869,0.8879906401311359,1.087349449811933,1.0578803696493702
wikipedia,Russia,to,funzione,151,1.1056740336939432,0.9853657409328648,1.0562814824598201,1.2233483838249526
wikipedia,Russia,as,funzione,105,1.0975745269953476,0.9530598478891558,1.086614624066893,1.121559063336162
wikipedia,Russia,russia,keyword,149,1.2495813449509146,1.0514865309927528,1.205063707500172,1.385453426396661
wikipedia,Russia,russian,keyword,105,1.2737987524992385,0.9120769394036502,1.1828151221078185,1.3725342121222974
wikipedia,Russia,war,keyword,47,1.3301128695200861,1.0116453807007855,1.3060185121078927,1.8887303853802282
wikipedia,Russia,soviet,keyword,52,1.552572971582536,1.014218945262918,1.4473028466660194,2.9528268307863628
wikipedia,Russia,state,keyword,34,1.2079030589847828,0.9644437883418252,1.1307239577198978,1.3057788185418886
wikipedia,Russia,union,keyword,31,1.4155569808114814,0.9998716796209205,1.3788662603218187,2.5259222386882305
wikipedia,Russia,europe,keyword,29,1.172662364247933,1.008102680427451,1.2124213480422137,1.370440948700327
wikipedia,Russia,by,appaiata,81,1.0837721339855337,1.0085353142953852,1.0468418148286975,1.1358885988273788
wikipedia,Russia,is,appaiata,70,1.303144698079462,0.9344752452895464,1.3975428633031237,3.1970915166434732
wikipedia,Russia,which,appaiata,45,0.9780093727445519,0.9266649551064688,0.9711332752953016,0.8772225439355962
wikipedia,Russia,with,appaiata,52,1.0181322376220487,1.0583239054277327,1.0579630516614618,1.144937866365076
wikipedia,Russia,for,appaiata,33,0.9842255484310345,0.9729216695748669,1.0088287888333254,0.9369323895533554
wikipedia,Russia,th,appaiata,34,1.1238878256867668,0.9428287138908321,1.1694879214276794,2.351739627344473
wikipedia,Russia,were,appaiata,29,1.18329534734548,0.9608657506844214,1.1818305684499817,1.4124206924457516
wikipedia,Winston Churchill,vocali,vocali,18175,0.9927101187701083,0.9217315392255255,1.030653340862502,0.4938509987442755
wikipedia,Winston Churchill,spazio,spazio,9506,1.263836725544259,0.9305908106337029,0.980808085115811,0.48410038643021824
wikipedia,Winston Churchill,e,lettera,5758,1.0828507734576271,1.0027085172262549,0.947155006088661,0.8718674720770043
wikipedia,Winston Churchill,a,lettera,3977,1.130637922508328,0.9423061353342216,0.9666826029536376,0.8648639015046751
wikipedia,Winston Churchill,t,lettera,3836,1.118552211138543,0.8978030708264643,0.9205098076589856,0.8721242687924051
wikipedia,Winston Churchill,i,lettera,3768,1.0891597888797377,0.9422200989138897,1.000667608189871,0.8759175791637374
wikipedia,Winston Churchill,n,lettera,3485,0.9482866957794728,0.9182174035249261,1.0184115700098404,0.843324790869446
wikipedia,Winston Churchill,r,lettera,3382,0.9812290072545765,0.962171128231525,0.962875256058323,0.8000304062252785
wikipedia,Winston Churchill,o,lettera,3365,1.0661653626334842,1.0414103912548718,0.944923379841193,0.912107090157268
wikipedia,Winston Churchill,s,lettera,2823,0.9780399936790691,0.9646776183473338,1.0099489724438107,0.9150069122386236
wikipedia,Winston Churchill,h,lettera,2599,1.1324322719036855,0.9918761889765649,0.9616420679964232,0.9291609128349512
wikipedia,Winston Churchill,l,lettera,2276,0.9719122966302695,1.005105620008174,0.9537915789937093,1.0638201896889583
wikipedia,Winston Churchill,d,lettera,1995,1.072919606468466,0.9722137358346035,0.9184452040704242,0.9254144744928753
wikipedia,Winston Churchill,c,lettera,1874,1.0238638994023932,1.0561492090012397,1.0194342181328684,0.9765539035548261
wikipedia,Winston Churchill,u,lettera,1307,1.0554513592481212,0.9397476668298288,1.0417929364557161,0.9175590104170412
wikipedia,Winston Churchill,m,lettera,1206,1.0386996386476564,0.9133272846367353,1.0370498761797389,1.0162723295634222
wikipedia,Winston Churchill,f,lettera,1036,1.1462881071821547,1.0106980041432774,0.9641289752898375,0.9768863033184598
wikipedia,Winston Churchill,p,lettera,971,1.036613993015389,0.9052097043504048,0.961677828922729,1.022535379286844
wikipedia,Winston Churchill,g,lettera,910,1.0662835336042358,1.0972710155976995,0.955246055354281,0.9285096414408661
wikipedia,Winston Churchill,w,lettera,844,1.1567159350406682,1.0096251497843698,0.8967460123366054,0.9498668913394418
wikipedia,Winston Churchill,b,lettera,824,1.1224960504780548,0.9602943090922152,1.0169486173776048,0.9813482753808643
wikipedia,Winston Churchill,the,funzione,638,1.2329970195733146,0.9817477057732543,1.0770527259412797,0.9809180837027983
wikipedia,Winston Churchill,of,funzione,321,1.044122210743517,0.9401664607383237,0.9338192675694735,1.002033649561523
wikipedia,Winston Churchill,in,funzione,310,1.0881862015351855,1.0182861589884842,1.0253643507187744,1.0004097003505634
wikipedia,Winston Churchill,to,funzione,282,1.006454832218567,0.9671961339750604,0.9156414021766475,0.8625033610494283
wikipedia,Winston Churchill,and,funzione,273,1.1333066470043711,0.9842584297133213,0.9907131001533228,0.8716471382839597
wikipedia,Winston Churchill,he,funzione,200,1.2316166234930535,0.9186658265728432,1.134831999355823,1.0642490649275065
wikipedia,Winston Churchill,churchill,keyword,205,0.8913486625430653,1.056740494638524,0.8710036985680437,0.6809088715332788
wikipedia,Winston Churchill,government,keyword,49,1.150801068446732,0.9616281351221102,1.1741712829697342,1.4626390385919392
wikipedia,Winston Churchill,british,keyword,35,1.0052854120274737,0.9594664731298069,0.9778585035620045,0.9182640797801053
wikipedia,Winston Churchill,may,keyword,25,1.0843007009454213,1.026703147007981,1.0572629464192838,1.2180165816280901
wikipedia,Winston Churchill,conservative,keyword,27,1.1965768811979658,0.9769069466493486,1.142374974242131,1.211336479964624
wikipedia,Winston Churchill,first,keyword,24,0.9894654249073042,1.0008118118609313,1.0222178349927074,0.9440329250286654
wikipedia,Winston Churchill,minister,keyword,23,1.2295973494265955,0.9453806648079377,1.0630654987925279,1.4163379672899372
wikipedia,Winston Churchill,was,appaiata,176,1.1161274309269673,1.0032119551909775,0.9900360797523988,1.0095399010561017
wikipedia,Winston Churchill,an,appaiata,41,1.131517361439873,1.0197461412069675,1.0928562991178443,1.0934832395244833
wikipedia,Winston Churchill,had,appaiata,36,1.0462618200112979,1.037011172691936,1.0527695006669537,1.0701464847529043
wikipedia,Winston Churchill,him,appaiata,25,0.8683302637747542,0.9986550100850112,0.8826396079595574,0.6988965859935082
wikipedia,Winston Churchill,would,appaiata,24,0.9836361163517473,0.9936079972512211,1.0578229277413007,0.8108612803980862
wikipedia,Winston Churchill,this,appaiata,25,1.128662874512542,0.9260645495067698,1.1295243600668672,1.0261016839274673
wikipedia,Winston Churchill,after,appaiata,22,0.9652807315360795,1.0448655365465502,0.9989654414170218,0.8837044445351643
wikipedia,France,vocali,vocali,18231,1.2375707284423771,1.045089402503532,1.017838723336225,0.5616325022869234
wikipedia,France,spazio,spazio,9227,1.1952145673174253,0.9725125988219174,0.9306659402599541,0.47839682365768116
wikipedia,France,e,lettera,5870,1.1595232629389478,1.0128585001860893,0.9710917911838198,0.8101699389551446
wikipedia,France,t,lettera,4062,0.9852581148676934,0.9668569888560228,0.9916198659218844,0.8613460690819502
wikipedia,France,a,lettera,3977,1.176109900733233,0.9702113580180806,0.9950052034921487,0.8721505882780433
wikipedia,France,n,lettera,3923,1.2177278633968451,1.04423610325558,0.9237422578391544,0.8301537842322316
wikipedia,France,i,lettera,3797,1.253784687529071,0.9707891760212201,1.001905436496578,0.9057598769415445
wikipedia,France,r,lettera,3461,1.257749803638685,0.9816879028031198,0.9957727818890602,0.8055416466214919
wikipedia,France,o,lettera,3270,1.041375023651664,1.0509397762844694,0.9773773620591374,0.8710685293226309
wikipedia,France,s,lettera,2846,1.3418582056430755,1.0064478793530156,1.0125888410978874,0.9557276557860928
wikipedia,France,h,lettera,2064,1.1870986329923676,0.9792601899411132,1.018390535449296,0.9511397794349512
wikipedia,France,l,lettera,2063,1.2652735756357547,1.050499120473292,0.9709391984214232,1.0019383859439426
wikipedia,France,c,lettera,1921,1.1682754356135034,1.0336811313552505,0.980183071661941,0.962610556379388
wikipedia,France,d,lettera,1805,1.2192124482966642,0.947425928559777,0.9604978574953426,0.9295800240016213
wikipedia,France,u,lettera,1317,1.121794344867006,1.001372217779036,1.0028408119899708,1.0179234980654142
wikipedia,France,f,lettera,1211,1.2519275951949418,0.9375382108473618,1.0828425840104179,1.081951563519348
wikipedia,France,m,lettera,1178,1.2134550068701104,1.0816545539230795,1.0820576482029027,0.9892026700707872
wikipedia,France,p,lettera,1030,1.0639208665389424,0.9932553722793521,1.0486246628788518,1.0557238192830019
wikipedia,France,g,lettera,900,1.2633054214396147,0.901703616204414,1.0142339811850611,1.0447185916549577
wikipedia,France,y,lettera,663,1.230797126735787,1.0090968598885413,1.0323353672287057,1.0138674862562622
wikipedia,France,w,lettera,654,1.2089644316449941,0.9301638419638091,1.064679710263921,1.0869055825460454
wikipedia,France,the,funzione,866,1.2017547276196738,1.0280205524899368,0.9993438292229335,0.9815820513206871
wikipedia,France,of,funzione,384,1.1145452704435035,0.8808164790647471,0.9840316413444549,1.0241012957431266
wikipedia,France,and,funzione,381,1.0627648482333256,1.0193643315750585,0.9719130001651853,0.8620229265294249
wikipedia,France,in,funzione,309,1.1438978751992177,0.9637131079369169,0.9823197275766065,1.0020503442754294
wikipedia,France,to,funzione,147,1.0898519391325956,0.9915864844901087,1.0230831155456466,1.088400608890784
wikipedia,France,is,funzione,94,1.2927635953892032,1.0027828890226418,1.2555811173631801,2.1786112566090163
wikipedia,France,france,keyword,160,1.192908611038163,1.0186973290219712,1.1433311170669718,1.2360572071014504
wikipedia,France,french,keyword,106,1.186180062500594,1.0432554727833772,1.1661497435342225,1.3283379926774375
wikipedia,France,world,keyword,45,1.2655480481760941,1.008627656918215,1.2187336702080704,2.0932546332723057
wikipedia,France,million,keyword,31,1.4661628421366506,1.0020816374667425,1.2418082748114208,2.340521730951791
wikipedia,France,europe,keyword,34,1.0191118396954486,0.992449239440561,0.9945598434948765,0.9542647271004012
wikipedia,France,since,keyword,27,1.121070413877369,1.062658036068689,1.1722220407387882,1.210703884306246
wikipedia,France,war,keyword,24,1.2775130392242318,1.012367097423299,1.2531544864336657,1.7378648998082211
wikipedia,France,by,appaiata,90,1.0390855933286824,0.9602850503834081,1.0375497649001437,1.0978226800113606
wikipedia,France,was,appaiata,83,1.3368124053203994,0.9827686890898124,1.242766624297828,1.5513195985979535
wikipedia,France,th,appaiata,33,1.1180215930974002,1.0344917068388477,1.1100441835132984,1.7657260627456581
wikipedia,France,law,appaiata,30,1.702237088864775,1.079933131440307,1.540323555026238,3.0151223374904736
wikipedia,France,at,appaiata,27,1.1204476238196115,1.0098180920482773,1.0261606800475709,1.4171935863322795
wikipedia,France,one,appaiata,30,1.167440758480032,1.0400052243301199,1.1346421307991568,1.377624393073043
wikipedia,France,on,appaiata,23,0.9831242033430141,0.9097128987971567,0.9304106396108045,0.7668847156454985
wikipedia,United States,vocali,vocali,18521,1.331869830750644,0.9961130601231298,1.0016377679183996,0.551661495038571
wikipedia,United States,spazio,spazio,9087,1.2045958165959523,1.045364533827578,1.0299799320381828,0.48432452675877447
wikipedia,United States,e,lettera,5943,1.242450479318164,1.0170885103649099,0.955523948522365,0.8199116945452023
wikipedia,United States,t,lettera,4621,1.1765160860377986,0.986262284177044,1.0426424988069294,0.8530742658967791
wikipedia,United States,a,lettera,4064,1.147677633846818,1.045873342580104,0.9707843864231815,0.8572554592342414
wikipedia,United States,i,lettera,3815,1.1918631094669554,0.878746757084358,0.9479819243357128,0.9082147482093279
wikipedia,United States,n,lettera,3752,1.3511514066927197,0.9791163277437155,0.9827674197306512,0.8554937586894223
wikipedia,United States,o,lettera,3364,1.2289883260062848,0.9555866523852563,0.9270368105982972,0.8600092448788325
wikipedia,United States,s,lettera,3250,1.2321395425519588,0.9851606852660669,0.9607418517985383,0.9152370333216311
wikipedia,United States,r,lettera,3150,1.1356055076836709,1.025477486201729,0.9995343275817317,0.8353521785082478
wikipedia,United States,l,lettera,1993,1.1839874438328268,1.017488127266912,0.9370349734255653,1.0217761036125395
wikipedia,United States,h,lettera,1979,1.067029755218931,0.9611145575915999,1.0568596811102389,0.8943230455796463
wikipedia,United States,d,lettera,1887,1.2245121281466484,1.0155441914489505,0.9418366685975487,0.8625238807070932
wikipedia,United States,c,lettera,1739,1.1508709007455469,0.9947220118750226,0.9928226092355669,0.9710849710989258
wikipedia,United States,u,lettera,1335,1.188228220337071,0.9752214416503899,0.9726565625051394,0.9391530225627573
wikipedia,United States,m,lettera,1162,1.131030622078687,1.0214104314116144,0.9918862779205266,1.0025789037803565
wikipedia,United States,p,lettera,1024,1.0582508225441116,0.9334432507111595,1.0226715085379905,1.097058932639661
wikipedia,United States,f,lettera,997,1.1386589167421954,0.9859346590188576,1.00467435823629,0.9795653234880851
wikipedia,United States,g,lettera,856,1.0507853920977082,1.017015131515574,0.9342231754855183,0.9653388439195082
wikipedia,United States,y,lettera,660,1.1463917885479782,1.027446912399222,1.0174567780417372,0.9946826431274715
wikipedia,United States,w,lettera,637,1.1961208017642218,0.9733784026522416,1.0575757495189608,1.0203467727544484
wikipedia,United States,the,funzione,914,1.1666663143442297,1.0027990630888726,1.0021632699504488,0.8947007300266626
wikipedia,United States,of,funzione,372,1.1480660444849213,1.0164115925521398,1.0453360984565998,1.0322746638672875
wikipedia,United States,and,funzione,327,1.1014148674443918,1.0742570542236864,0.8867163479925443,0.8174941932455186
wikipedia,United States,in,funzione,298,1.074189801368084,1.0633103941828743,1.0417596096862143,1.0484350053420897
wikipedia,United States,to,funzione,150,1.1687982157934038,0.9767696437508571,1.102022615968929,1.3215146634607877
wikipedia,United States,is,funzione,96,1.3524971491102775,0.9975706078959052,1.3065548204946271,2.220576334358749
wikipedia,United States,states,keyword,126,1.0210471550549414,0.9632069160920554,1.054510602318344,1.001664346986243
wikipedia,United States,united,keyword,100,1.1009542466390192,0.9264496901060341,1.027809185555615,1.0355334409938508
wikipedia,United States,federal,keyword,49,1.4291718901049058,0.9802097402157179,1.3059823076495558,1.773362538577206
wikipedia,United States,state,keyword,40,1.376752594459271,0.9601282737538909,1.3667202240587812,1.9801596438797047
wikipedia,United States,war,keyword,35,1.4455087643857092,0.9807192610561669,1.2711812051880784,1.8449610475539417
wikipedia,United States,world's,keyword,30,1.2698543966158913,0.9331254615613312,1.1874816604164244,2.0180482943195006
wikipedia,United States,american,keyword,32,1.0802392541013448,0.9056052345060154,1.0443297748045286,1.1184071764670043
wikipedia,United States,by,appaiata,90,1.134279835929198,1.011090442035896,1.117538289718971,1.088473594388391
wikipedia,United States,with,appaiata,72,1.1347454067466016,0.9370091311649652,1.031473176650325,0.9613251273091762
wikipedia,United States,for,appaiata,49,1.0874396224922693,1.0105317752519098,1.0663405097318934,1.134273776721593
wikipedia,United States,its,appaiata,34,1.0547335714197232,1.033672815178935,1.0284996253796987,0.9195378815233171
wikipedia,United States,that,appaiata,34,1.1483853882571697,0.9914254253910836,1.1078986299076934,1.1055414068335465
wikipedia,United States,it,appaiata,31,0.9513272793037946,0.9591926389853934,0.9538639074315588,0.8958030542787634
wikipedia,United States,on,appaiata,31,1.077611845648984,1.0145295370963188,1.0681973424319857,1.2570391408004156
wikipedia,Socialism,vocali,vocali,19520,1.237547660546426,1.0624817442134835,0.9444240149492543,0.49679290253297026
wikipedia,Socialism,spazio,spazio,8723,1.1940409735177833,0.9819824170143927,0.9782612130206892,0.5028594469039331
wikipedia,Socialism,e,lettera,5151,1.235419649242987,0.9329165277571226,1.019401334721275,0.8591707628101836
wikipedia,Socialism,i,lettera,4778,1.222553780945716,0.975240128069626,0.9975794763484617,0.8723382974300654
wikipedia,Socialism,t,lettera,4479,1.3688659845436297,0.9743358885581012,0.9845317383765515,0.8284103739062301
wikipedia,Socialism,a,lettera,4275,1.309395950915663,0.8860501424297063,0.9399153860168709,0.8427171998428885
wikipedia,Socialism,o,lettera,4068,1.2217024405136536,0.9961973962069074,0.9855405437301493,0.8309430195367786
wikipedia,Socialism,s,lettera,3851,1.045811500062498,0.9607711991065706,1.0050005745075632,0.9161070825775355
wikipedia,Socialism,n,lettera,3375,1.1682433420974088,0.9941059642449598,1.0135997611826364,0.8832747739903204
wikipedia,Socialism,r,lettera,2981,1.1636776855815254,1.007430237202472,0.9412798610119569,0.8477675684981587
wikipedia,Socialism,c,lettera,2374,1.2796016318886634,0.9984592027534367,0.9917824046741233,0.9647107227376077
wikipedia,Socialism,l,lettera,2349,1.2836797140907412,1.011328097429328,0.957444162551221,0.8763037964060567
wikipedia,Socialism,h,lettera,1800,1.1178409901397612,1.002100899220429,0.9507027469456596,0.9554539138225048
wikipedia,Socialism,d,lettera,1702,1.0353488937891047,0.9847034247892742,1.0033558594991099,0.9009067053633663
wikipedia,Socialism,m,lettera,1638,1.4017568376933247,0.9312822428761693,1.0510216002341,1.0537351175424376
wikipedia,Socialism,u,lettera,1248,1.2739759309427205,0.9781690253470163,0.9728735069159612,0.9894148100507232
wikipedia,Socialism,p,lettera,1045,1.1901583988289721,0.9809983361366426,1.0232302864886336,1.0289367357635628
wikipedia,Socialism,f,lettera,1032,1.030482107606932,0.9482167339189577,1.071280138030302,0.9861304261602594
wikipedia,Socialism,y,lettera,703,1.1032075072187115,1.0144271171032817,0.9856468402651207,0.9366508644628918
wikipedia,Socialism,g,lettera,650,1.186364565146626,1.0184554276397766,1.0077707451996014,0.9795793529361378
wikipedia,Socialism,b,lettera,580,1.18187666733691,1.0294419680615547,0.9285420584948502,1.0307789230748559
wikipedia,Socialism,the,funzione,575,1.3112709000773317,1.045748780813218,1.1062895913612734,1.0219602573547695
wikipedia,Socialism,of,funzione,422,1.1173054357930794,0.9038535517172946,1.060960821673181,0.9749727500927515
wikipedia,Socialism,and,funzione,347,1.057697884885228,0.9288207824468208,0.9726359414711153,0.8022377163385602
wikipedia,Socialism,to,funzione,234,1.2010862054068172,0.9219366249066404,1.0195059625195053,1.014456132112746
wikipedia,Socialism,in,funzione,222,1.3002895269531352,0.9616980706419183,1.0218699636944593,1.07318898498218
wikipedia,Socialism,as,funzione,137,0.8601513268576132,1.0521533587649536,0.8424409060285968,0.8477517019500465
wikipedia,Socialism,socialism,keyword,143,1.312904454583854,0.974970123320143,1.2035918779556407,1.560684125604529
wikipedia,Socialism,socialist,keyword,105,1.1382921994552393,0.9648619400988429,0.9802266342222806,1.1158766061859253
wikipedia,Socialism,social,keyword,88,1.251553481850532,0.9987190181609872,1.168313288522027,1.6247393382229331
wikipedia,Socialism,socialists,keyword,51,1.0920892820186847,0.9902612517860839,1.017464581553723,0.9962135495870713
wikipedia,Socialism,economic,keyword,45,1.0285629572802328,1.0763108023967447,1.1597809253101616,1.3483578203036017
wikipedia,Socialism,state,keyword,44,1.34729458569202,1.0246245223153527,1.2712658783979829,1.4559856619230236
wikipedia,Socialism,democratic,keyword,44,1.3266709140535489,1.0007513089047608,1.2714730082904762,1.9328296565515892
wikipedia,Socialism,that,appaiata,127,1.0629411225759802,0.9537060980430511,1.121763723190975,1.1210679702674544
wikipedia,Socialism,is,appaiata,87,1.150515886494251,1.02515517630974,1.0779524715549416,1.0878705964317141
wikipedia,Socialism,by,appaiata,68,1.0149618200744133,0.9609336807695011,0.9911148662343182,0.939440295995088
wikipedia,Socialism,with,appaiata,47,1.0666972880775214,1.0032630791611123,1.055671394134033,1.0536114240033398
wikipedia,Socialism,be,appaiata,46,1.034722858902175,1.0121105209194905,1.0073647172693336,0.9638929744829885
wikipedia,Socialism,an,appaiata,44,1.073706069273443,0.9638280767055104,0.9627720797252307,0.9802975716551847
wikipedia,Socialism,it,appaiata,44,1.1310957783787912,0.9964604202388788,1.1265605233195066,1.2160246415960714
wikipedia,Wikipedia,vocali,vocali,19316,1.2009047651165716,1.020637314482421,0.9675087320131271,0.5207296418231346
wikipedia,Wikipedia,spazio,spazio,9037,1.1104158376464197,1.0319384669928855,1.0463370690820366,0.4891790379808182
wikipedia,Wikipedia,e,lettera,5932,1.2240369607797859,0.8819733712428407,0.8377584445398009,0.8052840435136102
wikipedia,Wikipedia,i,lettera,4685,1.1385318762737624,0.8981988324850577,0.9678935724348632,0.9365349458492277
wikipedia,Wikipedia,t,lettera,4080,1.169044314476652,0.9193862971148167,0.9578090812402956,0.8729982107744418
wikipedia,Wikipedia,a,lettera,4042,1.2041914870434625,0.9824756717044624,0.894741015280983,0.8233271853893301
wikipedia,Wikipedia,n,lettera,3414,1.0262204180789711,0.9821788903955189,0.9684179838476936,0.8595398168662474
wikipedia,Wikipedia,o,lettera,3396,1.0676222816779102,1.0352621375094764,0.869477038524758,0.8659054250741163
wikipedia,Wikipedia,s,lettera,3077,1.0918269648914378,0.9490044604481266,0.9852493356558676,0.921170445386515
wikipedia,Wikipedia,r,lettera,2990,1.1179757496072031,1.0209415291938764,0.9887638282371226,0.8865386328363332
wikipedia,Wikipedia,d,lettera,2199,1.0717670596839888,0.953679941029034,1.0096883255891618,0.8703951657392789
wikipedia,Wikipedia,l,lettera,1874,1.1056827204124884,0.9861339060387443,0.9190368621190794,0.9922415509646162
wikipedia,Wikipedia,c,lettera,1819,1.2143703689249903,0.984931115812178,1.0047874368721896,0.9432014356056216
wikipedia,Wikipedia,h,lettera,1663,1.1219788118319505,1.051619067144039,0.9562191517153954,0.954048521502504
wikipedia,Wikipedia,u,lettera,1261,1.136805672868892,0.9895230738532051,1.0417922789096716,0.9534458704956335
wikipedia,Wikipedia,p,lettera,1218,1.1242587374440969,0.8919029730802696,0.9702283442542771,0.9902814229546668
wikipedia,Wikipedia,m,lettera,1115,1.125524114492775,1.043425080821781,0.9461206980603825,1.0031851308698356
wikipedia,Wikipedia,f,lettera,1003,1.1851447351453919,0.9499277539566581,0.8969573991295089,0.9957050629896317
wikipedia,Wikipedia,w,lettera,928,1.2677782757450409,0.983604559613541,1.0498426707549,0.9861485873594618
wikipedia,Wikipedia,g,lettera,912,1.1031540912552562,0.9762571594142987,0.9538617537333328,0.9672384564057641
wikipedia,Wikipedia,y,lettera,697,1.050206057479409,0.9867532969579326,0.9170804032118216,0.967257836188115
wikipedia,Wikipedia,the,funzione,500,1.128740053512755,1.0012414037089923,1.0399054685439504,0.9743131737540638
wikipedia,Wikipedia,of,funzione,336,0.9752060127583366,0.991264830558925,0.9811436824666782,0.9986360757601281
wikipedia,Wikipedia,in,funzione,257,1.200618926103802,0.9721323479888843,1.074920767830049,1.0334140543868233
wikipedia,Wikipedia,and,funzione,248,0.9809850996846038,1.004576850556872,0.9560577304331979,0.8403596853180767
wikipedia,Wikipedia,to,funzione,218,1.026864340156135,0.9277218747722552,0.9838116938500052,0.9089169373164631
wikipedia,Wikipedia,that,funzione,147,1.2620112036589608,0.882689964574479,1.1841203084138818,1.1964965698789574
wikipedia,Wikipedia,wikipedia,keyword,262,1.2038666991209603,0.8710682611371626,1.0169318813163877,0.9108544732048492
wikipedia,Wikipedia,articles,keyword,65,1.2837512036152356,0.9414597735380549,1.2402798111567568,1.445902704679756
wikipedia,Wikipedia,editors,keyword,58,1.2535074420633252,1.0632764861141613,1.1880175950717033,1.2229324498241507
wikipedia,Wikipedia,article,keyword,46,1.065937734004898,0.888160941181552,1.0626957029340336,0.9719956270357617
wikipedia,Wikipedia,english,keyword,42,1.2583125077891224,1.0210491737906884,1.145582752718927,1.2905825131497972
wikipedia,Wikipedia,wikimedia,keyword,31,1.3071177786230643,1.0255623568276275,1.238367192766755,1.9443605396434889
wikipedia,Wikipedia,wikipedia's,keyword,27,0.9889275531074966,1.031990687753084,1.0151069444659997,0.8467713188111494
wikipedia,Wikipedia,for,appaiata,97,1.0983700799039113,1.0226636665382431,0.970358713188295,0.991631329457514
wikipedia,Wikipedia,are,appaiata,63,1.210805111311747,1.0673701507119706,1.1745375962288223,1.4229340767842777
wikipedia,Wikipedia,was,appaiata,52,1.2423485791566242,0.9150576518817962,1.179406920170586,1.3277837099553431
wikipedia,Wikipedia,not,appaiata,40,1.102313751059569,0.9468158664743177,1.1077321870919121,1.0509433818783298
wikipedia,Wikipedia,its,appaiata,37,1.1642628428891375,1.0480210824356915,1.0964131799688461,1.1577870520560156
wikipedia,Wikipedia,which,appaiata,30,1.0189358987235297,0.99663819416155,0.9901830628029021,1.0049633450122544
wikipedia,Wikipedia,content,appaiata,27,1.0905742132936136,0.9735725093628735,1.0244474510180535,1.0118035256726565
wikipedia,Moon,vocali,vocali,18316,1.2384861741865212,1.007671332539622,1.0043864272524472,0.5805166297941105
wikipedia,Moon,spazio,spazio,9786,1.322525215275204,0.9767695055226092,1.0206799146017878,0.4661324372399355
wikipedia,Moon,e,lettera,5739,1.1354988491112914,0.9570348579461615,1.0023139367447313,0.8175600210846261
wikipedia,Moon,t,lettera,4583,1.3806958708401151,0.9642866869765113,1.0109999969754047,0.784126177640492
wikipedia,Moon,a,lettera,4143,1.2778838489566227,0.9598478661935038,1.00107388311441,0.8236547745715629
wikipedia,Moon,o,lettera,3831,1.188507131541921,1.0047958440622018,0.9020019070284307,0.9231797877434096
wikipedia,Moon,i,lettera,3377,1.0292594619504924,0.8916716666307276,0.9083760216404396,0.9234220159903798
wikipedia,Moon,n,lettera,3319,1.1672701987305156,1.0097380035179393,0.9810921989923971,0.8571468758375842
wikipedia,Moon,s,lettera,3257,1.0559869528451173,0.9976392422412389,0.9471051877634334,0.8944100078296224
wikipedia,Moon,r,lettera,3134,1.3049404533783646,0.9448174528388561,1.008477316401074,0.8297811834019705
wikipedia,Moon,h,lettera,2353,1.3044522357008481,0.9145520907780216,0.9951755191847195,0.8852596317937452
wikipedia,Moon,l,lettera,2073,1.2502635174870518,0.9902055480809665,1.0544226992220143,1.0265383376031953
wikipedia,Moon,c,lettera,1631,1.3372981690971981,0.9656968167564459,0.9734486799043207,1.022239453505049
wikipedia,Moon,d,lettera,1595,1.1399261869415171,0.9596084583844102,0.998792098250731,0.9412651719950575
wikipedia,Moon,m,lettera,1537,1.2830863915838888,0.9794043903547368,0.9304265095225394,0.9038696937242058
wikipedia,Moon,u,lettera,1226,1.0348862688669367,1.0346037169038274,0.9713957679199815,0.9117469037313843
wikipedia,Moon,f,lettera,1058,1.0248892613911806,0.9359765741666006,1.0132231504540363,0.9793611236127702
wikipedia,Moon,p,lettera,922,1.2459165343909142,0.9946326448433581,0.9798910933446422,1.0639407724050614
wikipedia,Moon,g,lettera,844,1.124710028966208,0.9675359915669196,0.9865131417247008,1.0633938259660338
wikipedia,Moon,y,lettera,752,0.9832543062590983,0.9567398060501183,0.9712754418907127,0.9747570756600016
wikipedia,Moon,b,lettera,698,1.1099366814247715,1.03170103005837,1.0553151835558898,0.9438119189055304
wikipedia,Moon,the,funzione,945,1.4120448194690374,1.0326564492518406,0.9519378256070682,0.9308184032689554
wikipedia,Moon,of,funzione,405,1.222748449077347,0.9931190056406013,1.1272087695979378,1.1345262894408634
wikipedia,Moon,and,funzione,260,1.0996121000884747,0.9573661963281951,1.0292645756745313,0.9552132688989022
wikipedia,Moon,to,funzione,211,1.0364253603196907,0.9223202814111183,0.982314833634212,0.9387180409832935
wikipedia,Moon,in,funzione,163,1.1749389743142558,1.008752654801332,0.9933470980988283,0.9480369541256678
wikipedia,Moon,is,funzione,160,1.2469333620682264,1.0579636571408935,1.1232415708176948,1.1337378261698734
wikipedia,Moon,moon,keyword,282,1.406719858535242,0.9533095475293275,1.2366630974222448,1.3154243797909704
wikipedia,Moon,earth,keyword,162,1.483094376833956,1.0258634500691644,1.2962936918508647,1.6854848605732087
wikipedia,Moon,lunar,keyword,96,1.1822801841104784,0.9704452707528722,1.0850220608403633,1.1578702441012878
wikipedia,Moon,moon's,keyword,56,1.05181821653927,1.0517899302183131,1.0708117222133244,1.0584307964558919
wikipedia,Moon,surface,keyword,49,1.143090779864975,0.9874862116901891,1.1750682742234735,1.5827950376619533
wikipedia,Moon,sun,keyword,45,1.4034551250154597,0.9694068315803562,1.3041823509731196,2.1772000281634525
wikipedia,Moon,earth's,keyword,42,1.2888408524955484,1.101761987620739,1.1637746999065381,1.8130731122921453
wikipedia,Moon,on,appaiata,98,1.1398706682971544,1.0246882056289612,1.076900788455277,1.161299900842042
wikipedia,Moon,from,appaiata,92,0.994611994087786,0.9592811927922935,1.0909238042092033,1.0661526030170554
wikipedia,Moon,as,appaiata,90,1.0024549452453708,1.0136395206543662,1.0164323652221097,1.1944305737335732
wikipedia,Moon,it,appaiata,62,1.1348718838362386,1.0575751038283878,1.0479871893692343,1.2681089138315191
wikipedia,Moon,this,appaiata,50,1.1417588577207851,1.0503022518565568,1.0917148493266948,1.0268980516423534
wikipedia,Moon,have,appaiata,42,1.2533100058020963,0.9748702813065361,1.149342565888349,1.4751043477892425
wikipedia,Moon,than,appaiata,42,1.053932776324541,0.9667320653422015,1.0599742226538376,1.1877224609610544
wikipedia,Alexander the Great,vocali,vocali,18770,1.1158345724579566,0.9774180527090582,0.9969330704756626,0.49906819720119955
wikipedia,Alexander the Great,spazio,spazio,9520,1.2573144015495066,0.9807808783525916,1.0114202659409015,0.4741558844928141
wikipedia,Alexander the Great,e,lettera,6090,1.1088680582636037,0.9612058614994803,0.8977070340448785,0.8392595133746398
wikipedia,Alexander the Great,a,lettera,4901,1.2035297791125905,1.0114255258197071,0.9240741479978732,0.8983915029953777
wikipedia,Alexander the Great,t,lettera,3984,1.177829845604255,0.9940390833365688,0.8799754276276225,0.9002642627940634
wikipedia,Alexander the Great,n,lettera,3534,1.2319060441006195,0.9557155093257377,0.9847507076683749,0.8243599984255182
wikipedia,Alexander the Great,i,lettera,3453,1.0753005037960464,0.9317701393186447,1.0722503952502156,0.9034112188547812
wikipedia,Alexander the Great,s,lettera,3205,1.193393288117563,1.0871694997504615,0.9610535254313337,0.9424953777697559
wikipedia,Alexander the Great,o,lettera,3138,1.1479282657004177,1.0368537139183405,1.0055676497175154,0.9008139046416043
wikipedia,Alexander the Great,r,lettera,3109,1.065641292453595,1.0570844869934883,0.9433784754039599,0.860414074885132
wikipedia,Alexander the Great,h,lettera,2581,1.2152509487046064,1.0527126410382655,0.9869869787013296,0.8874903450186857
wikipedia,Alexander the Great,d,lettera,2412,1.165254359244942,0.9098619281866176,0.9575242216253835,0.9067113139116733
wikipedia,Alexander the Great,l,lettera,1976,1.1247925679564525,0.9541306498960159,0.9655856633009945,0.9331930764812068
wikipedia,Alexander the Great,c,lettera,1414,1.223999183348593,0.9604493746713761,1.0161940227556212,0.946336856660628
wikipedia,Alexander the Great,u,lettera,1188,1.0288175146609309,0.9901011969505703,1.0462748901463523,0.9469759869057812
wikipedia,Alexander the Great,p,lettera,1142,1.2167823708636059,1.003189596930173,1.0404200018034315,1.0151325337839348
wikipedia,Alexander the Great,m,lettera,1122,1.0705927646047233,0.9971399029103494,0.9702972093467023,0.9840367955404817
wikipedia,Alexander the Great,f,lettera,1008,1.0130729432521817,0.9599968763136403,1.0002588885841632,0.9262838062448757
wikipedia,Alexander the Great,g,lettera,924,0.9576811913253734,0.9205226056152996,1.0010474951259323,0.9426465697380771
wikipedia,Alexander the Great,y,lettera,778,1.093110487402653,1.00368601037074,0.9916105054393309,1.0136017964611974
wikipedia,Alexander the Great,w,lettera,687,1.1007855154836839,0.9177759462714917,0.9677998909267966,0.9605519846336876
wikipedia,Alexander the Great,the,funzione,712,1.2126333788378985,1.0484426479597129,0.9231452171346336,0.9198411785195204
wikipedia,Alexander the Great,of,funzione,422,1.1403798150598188,0.967606783751259,0.9914291488681893,0.9680132714279426
wikipedia,Alexander the Great,and,funzione,333,1.0378943258344895,0.9772007179972784,0.964280933385019,0.8234199061354273
wikipedia,Alexander the Great,to,funzione,289,1.0840938254585704,0.9343325448149633,1.0115038225944393,0.9548991033488978
wikipedia,Alexander the Great,his,funzione,216,1.1067165770071825,1.0290069563502782,1.0173749680593158,1.0661058337111875
wikipedia,Alexander the Great,in,funzione,194,1.0346190232091488,1.0341553438356517,1.0329451205553621,0.9790173937794158
wikipedia,Alexander the Great,alexander,keyword,291,1.050083043137015,1.0348085813291756,0.9449999895152899,0.7771691133617964
wikipedia,Alexander the Great,alexander's,keyword,58,1.1814842473781302,0.9892996188251616,1.1835288151291516,1.2632527015318096
wikipedia,Alexander the Great,philip,keyword,57,1.5407123015840063,0.9852169159060816,1.4201006688696216,2.4771252659082426
wikipedia,Alexander the Great,bc,keyword,38,0.9445744921064181,0.9716349227139301,0.9647351037517676,0.8914427104807311
wikipedia,Alexander the Great,persian,keyword,37,1.2816804368250374,1.04655585054365,1.2386737564899828,1.5981785214885527
wikipedia,Alexander the Great,macedonian,keyword,32,1.1238079206104195,1.0472337422766902,1.1185857259508523,1.5734781676193295
wikipedia,Alexander the Great,death,keyword,31,1.2625412396855313,0.9834084210145302,1.3097232776969978,1.7042157257557704
wikipedia,Alexander the Great,was,appaiata,136,1.2157018780833522,0.9509656449937126,1.130723653691793,1.3333396152824095
wikipedia,Alexander the Great,for,appaiata,59,1.0899447885409907,0.9883139950935199,1.060305225490897,1.0343884504242824
wikipedia,Alexander the Great,on,appaiata,54,1.032596247118565,0.9525026147140698,0.9387217989842899,0.865881741508936
wikipedia,Alexander the Great,him,appaiata,38,1.032046071302948,1.0049074163952918,1.0233547767333577,1.0801214811637447
wikipedia,Alexander the Great,an,appaiata,33,1.1024742281073971,1.018082339458696,1.110452269694174,1.0754203252014034
wikipedia,Alexander the Great,who,appaiata,30,1.0111375745113695,0.978320618962052,1.0094192201284624,0.937618536476424
wikipedia,Alexander the Great,army,appaiata,28,1.1369392843319674,0.9403055194887853,1.1460231509230168,1.2459095864177867
wikipedia,Paris,vocali,vocali,17846,1.3926708246294857,0.9392873081418762,1.0076959200349933,0.5830018785951117
wikipedia,Paris,spazio,spazio,9451,1.2209591861588376,0.9703380311752223,0.9440246852766015,0.48888374843932214
wikipedia,Paris,e,lettera,5694,0.9900247839946482,1.0222709170281357,0.9824701536748384,0.8852769831696551
wikipedia,Paris,t,lettera,4085,1.1317110169712612,1.004786540196213,0.9841403881605298,0.8632997678421651
wikipedia,Paris,i,lettera,3875,1.1986653067779873,0.9639163393931348,0.9630067211624548,0.8667223730158075
wikipedia,Paris,a,lettera,3769,1.306668092924413,1.0144059675398391,0.9236538667758522,0.8835701770806543
wikipedia,Paris,n,lettera,3559,1.2738900384070144,0.9827536440258298,0.9621017573966774,0.831517419886083
wikipedia,Paris,r,lettera,3408,1.1016644971942775,1.0008699479422152,0.940690304792847,0.8077108441416084
wikipedia,Paris,s,lettera,3221,1.2729430876505687,0.9979068030405042,0.9461870513464566,0.952414292523173
wikipedia,Paris,o,lettera,3164,1.1615631516739302,0.9271937787792993,1.030673742451837,0.9185599418645273
wikipedia,Paris,h,lettera,2000,1.268368263200717,0.9726458289474791,0.9473596308011376,0.8602354641739752
wikipedia,Paris,l,lettera,1828,1.1816529539771468,1.02188984594397,1.0196886397640907,1.1094763088513053
wikipedia,Paris,d,lettera,1699,1.0412539501116278,1.0315677582205105,0.9686200278967779,0.9010231192306821
wikipedia,Paris,c,lettera,1642,1.2380736153591856,1.005563384510619,0.9897401140895129,0.9639880156662476
wikipedia,Paris,u,lettera,1344,1.2409902544885045,1.009821570689136,1.0279885942094897,1.0361331520509955
wikipedia,Paris,m,lettera,1261,1.1440693592504265,0.9919319981544993,0.9827428136625681,0.990068873181128
wikipedia,Paris,p,lettera,1236,1.104947360427178,1.003807018021235,1.027537077925383,0.9741036130814583
wikipedia,Paris,f,lettera,1026,1.2142993920653626,0.9327378123395268,0.9820383669664273,1.0113777396505552
wikipedia,Paris,g,lettera,737,1.0391345246243222,0.993197174716386,1.0113345173647765,1.0335624217294093
wikipedia,Paris,y,lettera,653,1.1387669138791945,1.0607344534132617,1.0459963240531105,1.0528112565496726
wikipedia,Paris,b,lettera,624,1.211279277797737,1.0148451920063968,1.041019299383733,1.1014960129370786
wikipedia,Paris,the,funzione,925,1.3091044022147194,0.9931432927048937,0.947928435385859,0.8621349854501911
wikipedia,Paris,of,funzione,425,1.1151946726401192,0.9874182960576895,1.004601316578121,0.940541838467851
wikipedia,Paris,in,funzione,375,1.4229654367474582,0.9750979063870971,1.0906241101662475,1.1212807293479892
wikipedia,Paris,and,funzione,323,1.2310687531037017,1.018342973378534,1.053675505076636,0.9618665745263252
wikipedia,Paris,to,funzione,121,1.271416087405536,0.9666941133377063,1.1424875176841371,1.2547297778308488
wikipedia,Paris,was,funzione,87,1.1389948607353328,0.9186176183047691,1.1784771827967868,1.2374875562552963
wikipedia,Paris,paris,keyword,276,1.0339165214426824,0.955323191227726,0.9270871000112777,0.8346074308899761
wikipedia,Paris,city,keyword,90,1.032807532942724,0.9722644475370408,1.0148808654545032,1.017109423084143
wikipedia,Paris,french,keyword,51,1.1621859647308486,0.9335362419570012,1.196542529398995,1.7271019346530785
wikipedia,Paris,percent,keyword,48,1.481800109795092,1.0541875252713837,1.4784994240937055,2.4168230151284638
wikipedia,Paris,million,keyword,36,1.454963597099649,0.899764955736765,1.3644452276378487,2.2548358768600067
wikipedia,Paris,france,keyword,46,1.0130271227757273,0.992396074195994,0.9952194734372807,1.0118843761875431
wikipedia,Paris,century,keyword,34,1.1011610252990112,0.9869448315407908,1.08647509090558,1.6094155672634933
wikipedia,Paris,as,appaiata,76,1.249237664120768,0.9130202084270156,1.0871626891134685,1.213617777168249
wikipedia,Paris,by,appaiata,74,1.1482013691317376,0.9603097696961743,1.2310857840151714,1.344023071692153
wikipedia,Paris,for,appaiata,50,1.0601763186973092,0.9766702199946763,1.0290868543883596,1.1001016088922118
wikipedia,Paris,were,appaiata,48,1.191108755519676,0.9260044800029305,1.201120759596331,1.358495529937085
wikipedia,Paris,at,appaiata,34,1.0161657722333874,1.02735836540743,1.0620498518593955,1.0844994126761025
wikipedia,Paris,which,appaiata,30,1.040927801421182,0.9820829370471017,1.0291416847063024,1.0667582015699963
wikipedia,Paris,most,appaiata,33,1.009873684284536,1.0511414679173166,1.0098084608577214,1.1035589028514807
wikipedia,Beijing,vocali,vocali,18075,1.3285117610493482,0.9719601354969724,0.9845061190510277,0.5750148627750262
wikipedia,Beijing,spazio,spazio,9395,1.3816354146014922,1.0109458501349697,1.0214266052227168,0.4743170508657667
wikipedia,Beijing,e,lettera,5481,1.1885515707181697,0.9379012679200324,1.0128603021143265,0.8764020952362522
wikipedia,Beijing,i,lettera,4287,1.388811441917011,1.0308802009497695,1.0060848911860043,0.9094500100679621
wikipedia,Beijing,t,lettera,4130,1.1795341613104775,0.9473827440676302,0.9946369814663405,0.8465061176504787
wikipedia,Beijing,n,lettera,4085,1.2197045374047852,1.0067704270023767,1.0395818561821566,0.8419569657416696
wikipedia,Beijing,a,lettera,3748,1.150169661377306,0.9747404908017187,0.9860818413093154,0.894062901424251
wikipedia,Beijing,o,lettera,3175,1.1652583286271725,0.9509597907722194,1.026025274972994,0.8877645723106107
wikipedia,Beijing,s,lettera,2837,1.3371786921540172,1.0077373410127863,0.999244665919837,0.9171544492856527
wikipedia,Beijing,r,lettera,2806,1.259171475943336,1.034929679007355,0.9809067224806824,0.9130609650167517
wikipedia,Beijing,h,lettera,2239,1.366924430069076,1.0330365834865274,0.9558507450849115,0.8900592115014884
wikipedia,Beijing,c,lettera,1821,1.233676717180051,1.0049822576013234,1.0195305256577059,0.9320007579026418
wikipedia,Beijing,l,lettera,1809,1.0520789958935337,1.0306484151031619,1.0003228656612941,0.970661888566706
wikipedia,Beijing,d,lettera,1714,1.1560240472242373,0.9731900551197774,0.9766000137242304,0.9272021451896791
wikipedia,Beijing,u,lettera,1384,1.1385150872184833,0.9877632551107713,0.9847548740960502,0.9489790665219832
wikipedia,Beijing,g,lettera,1285,1.128115132220156,0.9952105505815402,1.009240695584899,0.9321832925842052
wikipedia,Beijing,m,lettera,1141,1.1930928136545944,1.0452045250047028,0.9738475032738879,1.0291144436673891
wikipedia,Beijing,p,lettera,972,1.1812141809132901,1.0329880012907944,1.0378413180963593,1.0844815696698777
wikipedia,Beijing,f,lettera,952,1.1053884768684086,1.0106448889282464,0.967814795930504,0.9325621111470231
wikipedia,Beijing,y,lettera,807,1.2526606083308813,0.9216992262525988,0.9713937278709617,0.9729750471584284
wikipedia,Beijing,b,lettera,788,1.0951372248474123,0.9665970778532547,1.0511881094971232,0.9463003286864392
wikipedia,Beijing,the,funzione,943,1.4279024869450185,0.9551256033129659,1.0022121639022477,0.9594681450487299
wikipedia,Beijing,of,funzione,430,1.1947274374044001,0.9754016753444041,1.0308167210603243,0.9689277441575176
wikipedia,Beijing,and,funzione,326,1.0479584148203591,0.9840052735320732,0.9937697578612333,0.8513719564347447
wikipedia,Beijing,in,funzione,313,1.1084613752408403,0.9237495299246089,1.0687960569530397,1.0039458321138919
wikipedia,Beijing,to,funzione,201,1.2821399146316024,0.9618201961806919,1.0598653535708469,1.1506748429326468
wikipedia,Beijing,is,funzione,108,1.2991950156923666,0.9852219693220731,1.1957124669714678,1.3930970439098398
wikipedia,Beijing,beijing,keyword,213,1.0972087633342518,1.0032603064696943,0.9616393474433718,0.9184099478318526
wikipedia,Beijing,city,keyword,136,1.1043337210812845,0.9101898709093034,1.0767032662992873,1.05039286168406
wikipedia,Beijing,china,keyword,65,1.0834462384083334,0.960409453110772,1.0532002066851351,1.0485111301234253
wikipedia,Beijing,chinese,keyword,55,1.371854227048376,0.9649580890983694,1.2408224544809405,1.673050987189997
wikipedia,Beijing,world,keyword,51,1.4312468353066758,0.9847049294858713,1.4059705013574486,1.787300662369841
wikipedia,Beijing,capital,keyword,43,1.382187488726229,1.0184579821113966,1.2360848997028462,2.143484225254566
wikipedia,Beijing,temple,keyword,40,1.519568745507957,0.9645650080818512,1.4615504631406153,3.8502033226823937
wikipedia,Beijing,as,appaiata,91,0.9260314736385219,1.029984951709813,0.9976703034505734,1.1145578962717029
wikipedia,Beijing,was,appaiata,78,1.3781406471211122,0.9646003227877972,1.27187933392604,1.745026561278338
wikipedia,Beijing,are,appaiata,59,1.3058480794389669,0.9948442086287416,1.2033892052961521,1.5578160044218148
wikipedia,Beijing,from,appaiata,52,1.0467410296172381,1.000851969462581,1.038526795372321,1.138238022499735
wikipedia,Beijing,with,appaiata,44,1.0733805817524606,0.986995741091787,1.0755928019411989,1.0376758500220848
wikipedia,Beijing,which,appaiata,40,0.9537774833159046,1.0584874044091022,0.9654437188798827,1.240386362686579
wikipedia,Beijing,has,appaiata,38,1.063090380280727,0.999574495889509,0.9912457570243834,1.3902390190760086
wikipedia,Isaac Newton,vocali,vocali,18377,1.2217522696593197,0.999965052507591,1.0034000866734456,0.5010990754784936
wikipedia,Isaac Newton,spazio,spazio,9442,1.3210085077857083,0.9758526875567624,0.9672480577643935,0.49422754150837256
wikipedia,Isaac Newton,e,lettera,5896,1.1838312003198996,0.9229824717440079,0.9259249949220959,0.8264830196185786
wikipedia,Isaac Newton,t,lettera,4531,1.113193661633221,0.9660374456377151,1.0051254860855263,0.8453692754498646
wikipedia,Isaac Newton,i,lettera,3886,1.234336418862941,1.0036579026678096,1.0383460155158215,0.888164545381469
wikipedia,Isaac Newton,o,lettera,3726,1.212002259087671,0.9811904357041379,0.9438512525045653,0.8562451530276904
wikipedia,Isaac Newton,n,lettera,3713,1.049368732458309,0.944934843824098,0.9390539459784034,0.8937856470033946
wikipedia,Isaac Newton,a,lettera,3640,1.0962169294771213,0.9556788385699001,0.9279157531411791,0.8697896102041595
wikipedia,Isaac Newton,s,lettera,3105,1.0115582185333138,1.024749973270721,0.9914676395129183,0.8894638122977158
wikipedia,Isaac Newton,r,lettera,2926,1.0933192299445291,0.950854732045849,0.9779958403263769,0.8537855357251819
wikipedia,Isaac Newton,h,lettera,2492,1.1582621383766856,1.004436027060457,0.8796328652485467,0.8840565319778851
wikipedia,Isaac Newton,l,lettera,1976,1.0174727915195783,0.9976852805238482,0.910011911566246,0.9832391781811142
wikipedia,Isaac Newton,d,lettera,1884,1.062917331315238,1.0142902882003488,0.9539016031637805,0.9060079808677796
wikipedia,Isaac Newton,c,lettera,1743,1.1413389216145882,0.9767233272599204,1.0381611141187135,0.986153610352308
wikipedia,Isaac Newton,u,lettera,1229,1.030950921850537,0.95353988203403,1.0236817371166809,0.9118113576462766
wikipedia,Isaac Newton,m,lettera,1190,1.2630422901903162,0.9375623700087763,1.0363495909353437,1.0303943520291554
wikipedia,Isaac Newton,f,lettera,1063,1.2321459060246263,1.0034971939143358,0.9954316333264517,0.9252301746493481
wikipedia,Isaac Newton,p,lettera,987,1.2795852630257691,0.9706510277784357,1.0072353992186305,1.0387101788261648
wikipedia,Isaac Newton,w,lettera,962,1.126120731308492,0.9851072309200196,0.9939240040584356,0.9560990214847013
wikipedia,Isaac Newton,g,lettera,791,1.1662717873512742,0.9929203794711303,0.9462090050858206,1.0078500983467573
wikipedia,Isaac Newton,b,lettera,778,1.1112399329059213,1.0407293739969614,0.9877461535063966,1.0341971832379664
wikipedia,Isaac Newton,the,funzione,605,1.3060775563651974,1.0246227358613325,1.0847215548035574,1.072473538051215
wikipedia,Isaac Newton,of,funzione,424,1.2590331486620916,1.0196829588340506,0.9565082766662324,0.8803001979498144
wikipedia,Isaac Newton,and,funzione,268,0.9127036228164049,0.9636246662807165,0.9694094274001226,0.8016893087005518
wikipedia,Isaac Newton,in,funzione,267,1.1001063251302026,0.9631612086212598,0.9874166532856811,0.9581186253794204
wikipedia,Isaac Newton,to,funzione,228,1.0446805819037128,0.9833674898136131,1.0438014834491176,1.0160847417160386
wikipedia,Isaac Newton,his,funzione,185,1.175347425129888,0.9635184297866779,1.0682138413644517,1.1307628925204836
wikipedia,Isaac Newton,newton,keyword,219,0.9206215045472467,0.9193192552802619,0.8585939554549554,0.6999772518040656
wikipedia,Isaac Newton,newton's,keyword,51,1.0363028782699124,0.9759042152012466,1.0135175250198412,0.9938349379394303
wikipedia,Isaac Newton,first,keyword,49,1.1954276527374215,0.9789683784730224,1.115322130715777,1.2257028834019754
wikipedia,Isaac Newton,work,keyword,41,1.0142172699989935,1.007856183486863,1.0546045728431506,1.0211520784202819
wikipedia,Isaac Newton,also,keyword,27,1.1379080094446596,1.018925563088561,1.11027574243456,1.092310188680614
wikipedia,Isaac Newton,calculus,keyword,28,1.4249020872371796,0.9288379942365248,1.3826050090119064,2.431529150836721
wikipedia,Isaac Newton,light,keyword,24,1.4190107476800995,1.0081779821100763,1.4194704048493636,2.49546813901284
wikipedia,Isaac Newton,he,appaiata,161,1.154505077157437,0.9825783693693012,0.9991762027316359,0.9704639526898997
wikipedia,Isaac Newton,at,appaiata,49,1.2216286089935993,1.0507107537091867,1.1210341966148316,1.4976829719539582
wikipedia,Isaac Newton,is,appaiata,49,1.0669001132352056,0.9780478021333473,1.1027357815848575,1.448792764355795
wikipedia,Isaac Newton,this,appaiata,39,1.0300550349640287,0.9846511131357273,1.0133457268521093,0.9103920576144207
wikipedia,Isaac Newton,been,appaiata,28,1.0320785937720722,1.039837964618832,1.0249723336586622,1.0364088427555158
wikipedia,Isaac Newton,not,appaiata,26,1.1098854259955369,0.9941177255848421,1.0973182425935681,1.0979286934089758
wikipedia,Isaac Newton,or,appaiata,24,0.9817562913178287,0.9132484543844512,1.0123873898241948,1.0459368855984972
wikipedia,Albert Einstein,vocali,vocali,18633,1.0743504651789548,0.9186911527198428,0.9024787574954763,0.4970079987106579
wikipedia,Albert Einstein,spazio,spazio,9577,1.319958418813542,0.9905473485562596,0.9124359195294881,0.5045999590251572
wikipedia,Albert Einstein,e,lettera,6105,0.9710096283403951,0.9775429010436495,0.9389666315394357,0.8440341649547988
wikipedia,Albert Einstein,t,lettera,4358,1.2056325966171793,0.9888326143353147,0.9458719395214685,0.8753301665368253
wikipedia,Albert Einstein,i,lettera,4357,0.9363492989914803,0.99298569560627,1.049219443788422,0.855137554404305
wikipedia,Albert Einstein,a,lettera,3821,1.1302079094225967,0.9666036730575974,0.9966447879963951,0.8463526866265104
wikipedia,Albert Einstein,n,lettera,3745,1.0074499551091494,0.9880567574886964,0.9808191287516262,0.8523919897464712
wikipedia,Albert Einstein,o,lettera,3188,1.0133527389066703,0.9777861760958751,0.920779743360017,0.8813364389286351
wikipedia,Albert Einstein,s,lettera,3064,1.0784259745429394,0.9626963690273387,0.9924548760245017,0.9338855403372964
wikipedia,Albert Einstein,r,lettera,2869,1.0288107161230524,0.9552883781972453,0.9735418876532579,0.843619507792013
wikipedia,Albert Einstein,h,lettera,2574,1.2026898400525163,0.9801719237449923,0.9678951106165474,0.8849777378427142
wikipedia,Albert Einstein,l,lettera,1938,0.9203305056185103,1.0137634004674418,0.9622759079980409,0.952053247191719
wikipedia,Albert Einstein,d,lettera,1792,1.2388698434296133,1.0288123462979584,0.9917148257133469,0.9375269442761891
wikipedia,Albert Einstein,c,lettera,1561,1.2371357216113161,0.9894904072466643,0.9988489489411029,1.0072829843147082
wikipedia,Albert Einstein,m,lettera,1258,1.1465024669743684,0.9044065794937414,0.9997872903043034,1.0663712208936038
wikipedia,Albert Einstein,u,lettera,1162,1.1104879891858794,0.9573612920475689,0.951957185528788,1.012065181966138
wikipedia,Albert Einstein,f,lettera,1036,1.1170793668646848,1.0118501690551918,1.0304025823928589,0.9375658199291736
wikipedia,Albert Einstein,p,lettera,1034,1.2293920655215247,1.0373104087794587,1.0554728048276834,1.016996697884919
wikipedia,Albert Einstein,w,lettera,870,1.0367324299782683,0.9580063401225954,1.0307093535223222,0.9831135428326828
wikipedia,Albert Einstein,g,lettera,822,1.096312907303453,0.9533514828313471,0.9938875692539747,1.0715904219266321
wikipedia,Albert Einstein,y,lettera,746,1.0806331908760607,0.9437072049372173,0.9824421764409292,0.9410788086418285
wikipedia,Albert Einstein,the,funzione,571,1.230269130252532,0.9948728529875589,1.0848617145996011,1.0112227587838278
wikipedia,Albert Einstein,of,funzione,398,1.2391247687525433,0.9551339714155209,1.033355568150337,1.0083787017287265
wikipedia,Albert Einstein,in,funzione,319,0.9482329790816166,0.9496249931839501,0.9340336570395502,0.9152726801744621
wikipedia,Albert Einstein,to,funzione,278,1.1400233210491684,0.9661209051332759,0.9958528745889335,1.03264809033758
wikipedia,Albert Einstein,and,funzione,235,0.9869909251593608,0.9938071114265926,0.9855926994883015,0.9470941232457066
wikipedia,Albert Einstein,he,funzione,206,1.214977258764064,1.021312653194571,1.153022212081783,1.3707420252585893
wikipedia,Albert Einstein,einstein,keyword,186,1.079617375318048,0.9869786096580503,0.8905358788863523,0.8091640253069653
wikipedia,Albert Einstein,theory,keyword,35,1.2477817437971763,1.0494892613487068,1.2607568600274217,2.194032769792907
wikipedia,Albert Einstein,einstein's,keyword,34,0.9267446430425291,0.995192295559202,0.9415368135541723,0.9450399936660651
wikipedia,Albert Einstein,relativity,keyword,29,1.544175570346073,1.05124716739961,1.288281719433409,2.850736274691639
wikipedia,Albert Einstein,physics,keyword,29,1.1611396868747939,0.9268639174982415,1.1565901964309078,1.3987643039045854
wikipedia,Albert Einstein,later,keyword,26,1.0699156334099893,1.0015150681646794,1.0835259239196,1.182893894711547
wikipedia,Albert Einstein,german,keyword,27,1.251411319714304,1.0376173248706662,1.1920973525183713,1.2342489791734317
wikipedia,Albert Einstein,was,appaiata,139,1.0621060582774375,0.9883934480301845,0.9914251962568584,0.959964944886277
wikipedia,Albert Einstein,not,appaiata,35,1.0865434014852102,1.0084629579046507,1.0399749097339277,1.0147117886165047
wikipedia,Albert Einstein,be,appaiata,31,0.9583446716165881,1.0144325237984813,0.9283412174668624,0.686989779560314
wikipedia,Albert Einstein,it,appaiata,31,1.0491120580085374,1.0072413416267996,1.0125071205543754,1.2416836986567417
wikipedia,Albert Einstein,when,appaiata,27,1.0464797866264628,0.9879056909774437,1.0606346897617902,1.2459453490640922
wikipedia,Albert Einstein,their,appaiata,26,1.0835810855798733,1.0156252087914608,1.0947536652252152,1.695099902611781
wikipedia,Albert Einstein,but,appaiata,24,1.0410788176255705,0.8997927561273024,0.983932261758777,0.8306688908525968
wikipedia,Napoleon,vocali,vocali,18615,1.2175979005502584,0.9411633981326993,0.9142220347904987,0.5285357139735899
wikipedia,Napoleon,spazio,spazio,9577,1.1539278105024755,1.0867376673367957,0.9627713398644374,0.46709202891181445
wikipedia,Napoleon,e,lettera,5784,0.968560578213631,0.9625555199515426,0.9689477102729177,0.8284438591789244
wikipedia,Napoleon,a,lettera,4412,1.0147536006818945,0.9817855895423825,0.9974362599989114,0.8628895390571159
wikipedia,Napoleon,n,lettera,3963,1.0628831607043359,1.0574314538520888,1.0131775091698563,0.8508356389284821
wikipedia,Napoleon,t,lettera,3955,1.2168433583766476,0.9102774502232073,0.9791470122787921,0.9113396342161781
wikipedia,Napoleon,o,lettera,3735,1.1441597491500186,0.9141318039545454,0.973850994879628,0.8899547406884019
wikipedia,Napoleon,i,lettera,3440,1.1523503248668494,0.9567695098093928,0.9584849785821481,0.90588325748927
wikipedia,Napoleon,r,lettera,3345,1.0485917109470724,1.0164559396032746,0.9711782936831144,0.8240682548021848
wikipedia,Napoleon,s,lettera,2687,1.1881830017840238,0.9483834036685437,0.9118723458633328,0.9407287203581413
wikipedia,Napoleon,h,lettera,2197,1.1142770701087392,1.0332194038958409,1.0260742624710482,0.8931669675801854
wikipedia,Napoleon,d,lettera,2001,1.0267913264539956,0.9815759754882519,0.9600012057014591,0.9101174446427382
wikipedia,Napoleon,l,lettera,1988,1.187964836777097,1.0366237892620107,0.9873771921627189,0.9629322518928112
wikipedia,Napoleon,c,lettera,1512,1.2509603160077676,0.973513917719553,1.0148850783811505,0.9391289207069952
wikipedia,Napoleon,f,lettera,1245,1.1304426993758856,0.9833467426183179,0.9442605874147155,0.9363748939654016
wikipedia,Napoleon,u,lettera,1244,1.032894775217931,0.9187297157112563,0.9832305102548157,0.9128725449385641
wikipedia,Napoleon,p,lettera,1209,1.1617255463267608,0.9229984506098837,0.9696486049811576,0.9944335416198237
wikipedia,Napoleon,m,lettera,1072,0.9993634741527732,0.9612139073882128,1.0610563684509016,0.9941783813630323
wikipedia,Napoleon,b,lettera,783,1.1235295654213513,0.9790741256736779,1.0431767989792569,1.0097772834107075
wikipedia,Napoleon,g,lettera,743,0.8867702723496836,1.029610913478034,0.9689319436785008,0.9806066557571584
wikipedia,Napoleon,w,lettera,711,1.1773206150358866,0.951752832641425,0.9278241347261447,0.9529896878014417
wikipedia,Napoleon,the,funzione,750,1.2385369308292429,0.9683386980972318,0.9400347359074631,0.906519365157603
wikipedia,Napoleon,of,funzione,408,1.1497216525304237,1.0016331634013638,1.034487723937555,0.9319447256398765
wikipedia,Napoleon,and,funzione,325,1.0224667167857533,0.9803307243377547,0.9753409152670809,0.8484371271101872
wikipedia,Napoleon,in,funzione,315,1.113105144746559,0.9619192253019421,1.0894309389019512,0.9663977974668424
wikipedia,Napoleon,to,funzione,268,1.0180759597197861,0.9676289541147769,1.0055228156171079,1.0614202594717566
wikipedia,Napoleon,on,funzione,134,1.156012524925362,1.0022642994025899,1.096043503031323,1.2003516550997397
wikipedia,Napoleon,napoleon,keyword,156,1.4283485847275117,0.9302565253216706,1.3820410784005157,2.558596816299838
wikipedia,Napoleon,french,keyword,116,1.2313012911337882,0.9284610083639994,1.1336693603235997,1.1147509881763293
wikipedia,Napoleon,bonaparte,keyword,83,1.5727594067230546,0.9230069527194352,1.5422100011060376,3.9728847510135608
wikipedia,Napoleon,army,keyword,59,1.139374965452298,0.9807260392653966,1.1577304032498237,1.3644181151871302
wikipedia,Napoleon,france,keyword,59,1.1532685142592878,0.9237552983177869,1.145626196257658,1.2874043439765346
wikipedia,Napoleon,battle,keyword,46,1.224402662374977,1.064210544766808,1.3164592352178224,1.4603468974597442
wikipedia,Napoleon,napoleon's,keyword,30,1.1812667332918723,0.9651222944451475,1.1879706844609834,2.2950524988385093
wikipedia,Napoleon,was,appaiata,124,1.1069086014736986,0.9780115370299346,1.0443438327523173,1.1425240957083649
wikipedia,Napoleon,his,appaiata,116,1.2540859223783667,0.9716840992509962,1.0836534420792947,1.1146117828143047
wikipedia,Napoleon,that,appaiata,64,1.0634711716908367,0.9832378508455335,1.0521538768629795,1.078266054188997
wikipedia,Napoleon,an,appaiata,60,0.9304500624171811,0.9438451691519093,0.9115526133599352,0.8304064580559815
wikipedia,Napoleon,had,appaiata,51,0.9973290569852574,0.9616756052687663,0.9522174484222212,0.9036838648040535
wikipedia,Napoleon,as,appaiata,46,1.0361082232024343,0.9820024772025616,1.0982099023064158,1.1712546634034544
wikipedia,Napoleon,which,appaiata,32,1.082435447430148,1.029696769988669,1.101755560025671,1.260283106911329
wikipedia,Brazil,vocali,vocali,18384,1.4563267428801614,0.8349709279232774,0.9781998412906088,0.581641615636258
wikipedia,Brazil,spazio,spazio,9246,1.1109441774646462,0.9277976044244518,0.9989161751615668,0.483814587910983
wikipedia,Brazil,e,lettera,5354,1.2488632756877815,0.9892880295145573,0.896038893547801,0.8727957217892155
wikipedia,Brazil,a,lettera,4265,1.133967946000685,0.9384881727488863,0.863848916037781,0.8686528673934127
wikipedia,Brazil,t,lettera,4075,1.2308443496171104,1.0166317067790491,0.9696521490076219,0.8793765655801223
wikipedia,Brazil,i,lettera,3962,1.2758827471539347,1.030295369529971,0.941364741861818,0.9067042619702932
wikipedia,Brazil,n,lettera,3536,1.2040612587022663,0.9648954855113895,1.023454616169701,0.8663260932942546
wikipedia,Brazil,o,lettera,3518,1.185992192515392,0.9738052251154906,1.0006862283471751,0.8710591463621844
wikipedia,Brazil,r,lettera,3458,1.1760746819279968,0.944093051119696,0.9727657182336159,0.8410051631838609
wikipedia,Brazil,s,lettera,2908,1.2916382122610937,1.0241472768214448,1.0258085044930494,0.9081874125903696
wikipedia,Brazil,l,lettera,2235,1.1040126718551329,0.998376328898617,0.9821466949443404,1.0033375004846785
wikipedia,Brazil,h,lettera,1847,1.142352892110166,0.9903511142899939,0.9644530863026679,0.9342130987535846
wikipedia,Brazil,d,lettera,1759,1.2322815332535926,0.9329137657393495,0.9653567341971371,0.8853593604665849
wikipedia,Brazil,c,lettera,1709,1.250991558140154,0.9696438666276176,0.9447381958141291,0.9609291774555132
wikipedia,Brazil,u,lettera,1285,1.2612840968384522,1.0015652059718496,1.0085829747861126,0.9939648566240454
wikipedia,Brazil,m,lettera,1094,1.130735651534277,0.9014812569452207,0.966477120824731,0.9805479517563052
wikipedia,Brazil,f,lettera,1049,1.1064902291168934,0.9744305715109259,0.9042079213555153,0.9421519851403815
wikipedia,Brazil,p,lettera,1027,1.1913891330654294,0.9212143242157557,1.0945304124012223,1.0628523195790516
wikipedia,Brazil,g,lettera,951,1.2652518429648372,0.95742808391749,0.982754416626663,1.0189672576780202
wikipedia,Brazil,b,lettera,751,1.0772921762534853,0.9715207075059973,0.9365896113845201,0.901724553235957
wikipedia,Brazil,y,lettera,648,1.181744602599303,0.9667741138637571,1.0158379654796406,0.969039115504939
wikipedia,Brazil,the,funzione,802,1.096644671003424,0.9783123043110105,1.0089771979203792,0.9217952228004712
wikipedia,Brazil,of,funzione,427,1.0842178441164292,0.9338648572278915,1.0564477962172343,0.9521129395340568
wikipedia,Brazil,and,funzione,363,0.9938365731385006,1.013764940688703,0.9839341677779965,0.7921929266436956
wikipedia,Brazil,in,funzione,347,1.1514206813052563,0.9501059222499125,1.0702071178796473,1.0773693268641178
wikipedia,Brazil,to,funzione,140,1.2518538959804253,0.9933763763426064,1.1171897375979267,1.3023325035124027
wikipedia,Brazil,is,funzione,105,1.338096853295629,0.9334304298496425,1.299667288482039,2.184958116256135
wikipedia,Brazil,brazil,keyword,156,1.0660889784761212,0.9970965776930257,1.024234492315836,0.9140116108500849
wikipedia,Brazil,brazilian,keyword,46,1.0958357287949296,0.968653261837701,1.0232638603237312,1.0248421930215041
wikipedia,Brazil,world,keyword,62,1.3232978384755172,1.055037102964883,1.233611764578002,1.5923587604660698
wikipedia,Brazil,largest,keyword,57,1.4361921543903302,1.0579563643265553,1.3243917910794158,2.009495481751698
wikipedia,Brazil,country,keyword,57,1.0722745280038979,0.9241810856551623,1.0495194177581126,1.232755877339126
wikipedia,Brazil,federal,keyword,32,1.4544964329048808,1.0247255303685832,1.4269855420373594,2.4930572366647055
wikipedia,Brazil,million,keyword,30,1.3568454764035163,1.0010954029061507,1.2101197631219647,1.8190790522304026
wikipedia,Brazil,by,appaiata,88,1.2160503398861344,1.0364126365628383,1.182311794266579,1.4297714169284501
wikipedia,Brazil,from,appaiata,48,1.0253986021250332,0.9890654319964035,0.9933414251561955,1.3968426631491209
wikipedia,Brazil,are,appaiata,44,1.2885532929339505,0.891769275020998,1.330302116103375,1.1643330864524664
wikipedia,Brazil,has,appaiata,42,1.0542231218171072,0.9558050618578232,1.0820872156221897,2.0540086619684703
wikipedia,Brazil,on,appaiata,42,1.048673244446291,0.977164660581915,1.0437056626477366,1.2449273614215737
wikipedia,Brazil,most,appaiata,32,1.0997648806047666,1.0470703544131565,1.046924044678761,1.1776325372593008
wikipedia,Brazil,its,appaiata,31,0.9290518706699133,0.970666531624877,1.00011755123333,0.9232372682886865
wikipedia,Artificial intelligence,vocali,vocali,19162,1.4215635320289621,0.9349556042440832,0.9748489014082224,0.502538357604238
wikipedia,Artificial intelligence,spazio,spazio,8918,1.4119863897075937,0.9975483133154862,0.9773736913957182,0.5021002801817502
wikipedia,Artificial intelligence,e,lettera,6045,1.0457965909449778,0.91074771397983,0.9852383666676693,0.8421445947251421
wikipedia,Artificial intelligence,a,lettera,4377,1.1342019174540754,1.0331972421155684,0.988972454846155,0.83855698907348
wikipedia,Artificial intelligence,t,lettera,4132,1.209394713282962,0.9550276927814995,1.0240736621207198,0.8921286711456753
wikipedia,Artificial intelligence,i,lettera,3889,1.2700228569620937,0.9532131868416324,0.9558972778270762,0.9164365678212661
wikipedia,Artificial intelligence,n,lettera,3750,1.2854673102474095,0.9872180493318341,0.9886176334485822,0.8852209082901611
wikipedia,Artificial intelligence,o,lettera,3505,1.2057122565519927,1.0079511338959088,0.9424512335563695,0.8638550167870359
wikipedia,Artificial intelligence,s,lettera,3417,1.176951005602841,1.0617526691327832,0.9275340678206718,0.9285704895511075
wikipedia,Artificial intelligence,r,lettera,2990,1.1715258933091006,1.0382288998865359,1.08652433862744,0.9089606220663367
wikipedia,Artificial intelligence,l,lettera,2148,1.194278039284776,0.9407947231383247,1.0313268553987753,1.0476996410588324
wikipedia,Artificial intelligence,c,lettera,1934,1.0526232133604794,1.0322745679545042,0.9657312963066905,0.9128352861962113
wikipedia,Artificial intelligence,d,lettera,1753,1.2088298027653248,0.9893232941522845,0.9937396156749257,0.9433602178780675
wikipedia,Artificial intelligence,h,lettera,1740,1.2191283095820609,0.9827875644621021,1.0537843609447375,0.9809915416213477
wikipedia,Artificial intelligence,m,lettera,1368,1.2324176570897216,0.9678626366096005,0.9765844072947641,0.9793273147695281
wikipedia,Artificial intelligence,u,lettera,1346,1.029613547358431,1.0584023160001454,1.0310057777689767,0.9387555251360241
wikipedia,Artificial intelligence,p,lettera,1226,1.1314270564602855,0.9708470380707427,0.9975591228265618,0.9790225367882518
wikipedia,Artificial intelligence,g,lettera,1133,1.2786396833936617,0.9617095692231272,1.0186776638663442,1.0450482005860589
wikipedia,Artificial intelligence,f,lettera,966,1.0764481939968906,1.0080345187958366,1.047404342235219,0.9669401144688815
wikipedia,Artificial intelligence,b,lettera,712,1.076095767204761,1.0499610499892487,1.0445508980526497,1.058838218845399
wikipedia,Artificial intelligence,y,lettera,705,1.136288227863307,1.0173286716164276,0.9265416624362869,1.0225813237763646
wikipedia,Artificial intelligence,the,funzione,404,1.2709464565665685,0.9665491143546335,1.01309918987748,1.0553568446510002
wikipedia,Artificial intelligence,and,funzione,296,1.2186080725742516,0.9828040850259817,1.0366195503088536,1.0180519254792293
wikipedia,Artificial intelligence,of,funzione,253,1.0447291921474138,1.0011988792189592,1.0401017234469234,0.9945875932270057
wikipedia,Artificial intelligence,to,funzione,243,1.2211948747995056,0.916074792564446,1.039282543245525,0.98504477109086
wikipedia,Artificial intelligence,in,funzione,197,1.0943839060098377,1.0115506377380614,1.0344884881914769,0.989331410771687
wikipedia,Artificial intelligence,that,funzione,134,1.1598900433008545,0.9099270358991972,1.078514391360977,1.0933685902082735
wikipedia,Artificial intelligence,ai,keyword,153,1.4963767521716074,0.9356022192676693,1.3387292858333633,1.688563728110996
wikipedia,Artificial intelligence,learning,keyword,51,1.281169970836685,0.9866197707400074,1.1847093266281543,1.625682960782408
wikipedia,Artificial intelligence,used,keyword,49,1.1471318458351405,0.9941960609193624,1.1421858120630695,1.1230783706048093
wikipedia,Artificial intelligence,data,keyword,48,1.2835482959701505,1.0061558789751188,1.2322730777309723,1.679127419709479
wikipedia,Artificial intelligence,will,keyword,29,1.3248245986376226,0.9287248101956062,1.3066126682159511,1.5388394136762595
wikipedia,Artificial intelligence,models,keyword,28,1.315436580653412,0.9750745230496239,1.3209978663212507,1.9133281880058652
wikipedia,Artificial intelligence,search,keyword,27,1.474464187636282,1.0226220782593751,1.299735543965901,1.8425279091413511
wikipedia,Artificial intelligence,is,appaiata,103,1.1814891731071377,0.9746537282286271,1.0858360451144993,1.1818575350397078
wikipedia,Artificial intelligence,with,appaiata,52,0.9458391042021724,0.9294502226530641,0.9243385580965663,0.8421430860654174
wikipedia,Artificial intelligence,from,appaiata,47,1.0813988814889526,1.0483704431830834,1.0369978160087125,1.1054434963118185
wikipedia,Artificial intelligence,on,appaiata,54,1.1282034195888897,1.0027997200698393,1.0930239625309752,1.1020789551778203
wikipedia,Artificial intelligence,they,appaiata,30,0.961767195535332,0.9927798951774532,1.0272369813002638,1.2803067983721772
wikipedia,Artificial intelligence,been,appaiata,28,1.05667442958319,0.9352420162979448,1.0963236869369333,0.9966850672843656
wikipedia,Artificial intelligence,other,appaiata,27,1.0357420156394552,1.005685838275597,1.0224397610630171,1.128598909864937
wikipedia,Olympic Games,vocali,vocali,18016,1.2329538327978768,0.8805445516628089,1.0579397456928277,0.5062256616700925
wikipedia,Olympic Games,spazio,spazio,9536,1.2206482826418672,0.9684939511647825,0.9678545884866071,0.4583969996094946
wikipedia,Olympic Games,e,lettera,5935,1.1272631494218763,0.9398213697463458,1.0232065460037187,0.8686053814314714
wikipedia,Olympic Games,t,lettera,4600,1.1916364956017613,1.0076697613863548,0.9768950073857878,0.8424974630402741
wikipedia,Olympic Games,o,lettera,3720,1.1711596487346803,0.9785899937952452,0.996580414494999,0.826924066155291
wikipedia,Olympic Games,i,lettera,3635,1.127194462758803,0.935893193438913,1.0096891944752133,0.8484044161311363
wikipedia,Olympic Games,a,lettera,3607,1.1499631141952151,0.9717548316660247,0.9990144687541065,0.8895606576295002
wikipedia,Olympic Games,n,lettera,3338,1.053047291313666,0.9623250127559535,0.9595109322352258,0.9024305402832238
wikipedia,Olympic Games,s,lettera,3284,1.1996860395111506,0.9384047966065846,0.9788134911641632,0.8721653171676853
wikipedia,Olympic Games,r,lettera,2832,1.2583642905344037,0.9729645054319267,1.0323335068111126,0.8720876792385794
wikipedia,Olympic Games,h,lettera,2301,1.2977924217574417,1.020306139225648,0.8772751371878039,0.8627251754577533
wikipedia,Olympic Games,l,lettera,1923,1.1037293912802573,1.0649242977228868,1.0358524770152175,0.956972157320497
wikipedia,Olympic Games,c,lettera,1857,1.1626252157677448,0.9572498728701131,0.9219017839248114,0.9444288597295487
wikipedia,Olympic Games,m,lettera,1685,1.1924668388614426,1.0540239093358978,1.006583199750617,1.0217035541969133
wikipedia,Olympic Games,d,lettera,1590,1.2082057205522434,0.9469125129591681,0.9980585091107846,0.939000539813672
wikipedia,Olympic Games,p,lettera,1264,1.2156130411247683,1.0183215441886857,1.056325303016308,0.9456541523331673
wikipedia,Olympic Games,u,lettera,1119,1.2088275668462154,0.9801179388097249,1.0782040521213148,0.9729740382773879
wikipedia,Olympic Games,g,lettera,1077,1.2068573241025335,1.0316335577146118,1.005380122082095,0.938422951987659
wikipedia,Olympic Games,f,lettera,1029,1.1396798873961442,1.032716120271416,1.030157410284284,0.931729768638969
wikipedia,Olympic Games,y,lettera,906,1.0492979724104343,1.000735216790848,1.064224881376079,0.9619735613558156
wikipedia,Olympic Games,b,lettera,647,1.377315800112501,0.9480459260470244,1.0432287927243495,1.0741014181522073
wikipedia,Olympic Games,the,funzione,1023,1.258403118444983,0.9901079039756852,0.9936834946499902,0.8093249493555746
wikipedia,Olympic Games,of,funzione,345,1.1244303697762172,0.9526645241219626,1.0934625384488346,1.0737319947614639
wikipedia,Olympic Games,and,funzione,283,1.206565262547862,1.0391965938927004,1.0273226436618736,0.8833630789698422
wikipedia,Olympic Games,in,funzione,242,1.2801065211214782,1.041673996279166,1.145919993932524,1.1767096204199365
wikipedia,Olympic Games,to,funzione,242,1.2182713977838011,0.9447853882886831,1.0456454235265928,1.0424626727042556
wikipedia,Olympic Games,for,funzione,112,1.285473732730645,0.9243266205889554,1.13210800807493,1.33767971335974
wikipedia,Olympic Games,games,keyword,216,1.3151790209272385,0.9719686036093638,1.11355642323832,1.2751924123589826
wikipedia,Olympic Games,olympic,keyword,186,1.2581649149185288,1.0265421260381347,1.08736519004281,1.1554192304916526
wikipedia,Olympic Games,olympics,keyword,109,1.0691234864365238,0.9718177908446503,1.0460241292121057,1.0285561908598524
wikipedia,Olympic Games,ioc,keyword,91,1.3026608464411948,1.0123748388270444,1.1957205263746145,1.8109375170466273
wikipedia,Olympic Games,summer,keyword,58,1.255717110905318,0.9622190386420982,1.2475580119709597,1.775032781399605
wikipedia,Olympic Games,sports,keyword,58,1.5592156750094766,0.944369370258387,1.2721263742210869,1.921670762676096
wikipedia,Olympic Games,winter,keyword,42,1.3015294106691533,1.0490855608290284,1.209367636541692,1.5695337642375649
wikipedia,Olympic Games,was,appaiata,90,1.203273278164267,0.9138541679524236,1.2107659298040074,1.6548404337893923
wikipedia,Olympic Games,that,appaiata,80,1.0562455438166853,0.9861222135294909,1.0184801007775934,0.9148584573053612
wikipedia,Olympic Games,as,appaiata,75,1.0910972767808618,1.0469593579708283,1.0878147273631007,1.3227233102920335
wikipedia,Olympic Games,were,appaiata,71,1.2461012041891262,0.9389023180420382,1.1751035772140566,1.2599851628952428
wikipedia,Olympic Games,is,appaiata,57,1.34084561320702,1.0061128398291233,1.294759182520156,1.7637164764067055
wikipedia,Olympic Games,from,appaiata,60,1.0566793852565677,0.9443106703416526,0.9709656532690428,1.0141693384917883
wikipedia,Olympic Games,an,appaiata,42,1.1693323642322493,0.9835474342934422,1.0959464212149592,1.170852618060407
wikipedia,World War II,vocali,vocali,18929,1.1005061749663598,1.0339123594007786,1.0225614139697081,0.4999754688101301
wikipedia,World War II,spazio,spazio,9308,1.1317175437774762,1.0051512025937561,0.9675922134995981,0.45102950120641205
wikipedia,World War II,e,lettera,5874,1.1576298951421553,0.9970148952513149,1.0121665208685955,0.8366021911968283
wikipedia,World War II,a,lettera,4795,1.2001439998706545,0.9294927007862889,1.009564609721141,0.8850385648301953
wikipedia,World War II,t,lettera,4318,1.0866692393238988,1.0352201266471355,0.9777536145516478,0.876054983223646
wikipedia,World War II,n,lettera,4160,1.1435680603386262,1.0146127220302243,0.9610879936303114,0.8215277403089289
wikipedia,World War II,i,lettera,3924,1.0754601133879764,0.9513570590650829,1.02768857358718,0.8819102731025212
wikipedia,World War II,o,lettera,3135,1.2404034855569626,0.961368140565272,1.0123063860617,0.9091894129685248
wikipedia,World War II,r,lettera,3119,1.205404446951269,0.907795746862062,1.0036326394688884,0.8772939143444836
wikipedia,World War II,s,lettera,2889,1.2468559307501421,0.9906057625210005,0.921152257850742,0.9259649045118629
wikipedia,World War II,h,lettera,2002,1.0412946788137192,0.9833223993431087,1.0216554149598243,0.8450525201944864
wikipedia,World War II,d,lettera,1956,1.2032744315439199,0.9628550219061025,0.9898479096778486,0.9301466807695679
wikipedia,World War II,l,lettera,1866,1.1899384957304724,0.991036495923718,1.01987295335811,1.0200678019934746
wikipedia,World War II,c,lettera,1507,1.138113592337211,1.0475006220467689,1.0070274544175064,0.9806502500929937
wikipedia,World War II,u,lettera,1201,0.9453270003601569,1.036397120318454,0.928312376972487,0.9382977832751315
wikipedia,World War II,m,lettera,1176,1.0872546211665264,0.995428082740652,0.9701316695910399,0.9453378533979195
wikipedia,World War II,p,lettera,1087,1.153930352114,1.0036919711668928,1.0112270128640277,1.0113732626910246
wikipedia,World War II,f,lettera,1080,1.0445429657785774,1.0303955085718925,0.9734567383501819,0.9917335392788491
wikipedia,World War II,g,lettera,1042,1.1967810034712243,0.9658081783524758,1.0823830194200241,1.008148599536192
wikipedia,World War II,y,lettera,758,1.136355921467032,0.9878069719604876,0.9615640579489294,0.9925690532722627
wikipedia,World War II,w,lettera,688,1.1953461664076714,1.0186524249682039,1.0352379757521442,1.0972960355823704
wikipedia,World War II,the,funzione,871,1.0492382568054444,0.9453653877330618,1.0441712197385307,0.8338739752156927
wikipedia,World War II,and,funzione,348,1.0995668678131512,0.9526713990629853,1.0499755389947885,0.8897194279885237
wikipedia,World War II,in,funzione,318,1.257502882151242,1.0333032987205557,1.1524699604098907,1.2560099094990766
wikipedia,World War II,of,funzione,305,1.1702848097585288,0.9461533405191025,1.1250635492188967,0.9988692475847516
wikipedia,World War II,to,funzione,235,1.077944279411274,0.9384119061254529,1.0251718537441052,0.9095263157288419
wikipedia,World War II,on,funzione,117,1.1670121791260573,0.9248582663688523,1.1101594603585543,1.285097228062152
wikipedia,World War II,soviet,keyword,92,1.31516771091445,0.8803310231397683,1.2654913040991178,1.5311035487008149
wikipedia,World War II,germany,keyword,90,1.2426014246014905,0.9344922491377387,1.219249605430966,1.5221687404595665
wikipedia,World War II,german,keyword,76,1.2048084564647628,0.9859847566943071,1.1781512786729078,1.5140988918549023
wikipedia,World War II,forces,keyword,68,1.219879401139627,0.9862977134413744,1.1935933080829724,1.310732886461248
wikipedia,World War II,japanese,keyword,67,1.4276118099461015,0.9488075522281291,1.3726054798079874,2.2875153845610883
wikipedia,World War II,japan,keyword,60,1.420674764187298,0.9842393341647208,1.345230305581616,1.6371640868807669
wikipedia,World War II,united,keyword,53,1.2090354437107467,0.9966370270097391,1.153070438480429,1.4049383886167124
wikipedia,World War II,war,appaiata,92,1.2828204415338293,1.0271240743611125,1.151189840297123,1.652350438990781
wikipedia,World War II,was,appaiata,81,0.9504675265921844,0.9813783617100377,0.9555881562035445,0.883594611432213
wikipedia,World War II,with,appaiata,75,0.9829713708564631,1.0551634114226023,0.9789550417795367,0.9586297157954738
wikipedia,World War II,an,appaiata,54,0.9564081755383191,0.9842939847671409,0.8844206776405787,0.9004997885277142
wikipedia,World War II,had,appaiata,49,1.097637160182455,0.9729539263240836,1.0241579422255482,0.961764568987741
wikipedia,World War II,against,appaiata,48,0.9739238828383662,0.9287277894167026,0.9895719543366526,1.0525361548254284
wikipedia,World War II,for,appaiata,47,1.163065639904319,0.9832059759515995,1.1116496487593661,1.160193115987656
wikipedia,World War I,vocali,vocali,18389,1.2427443268414051,0.960903951014823,1.0112342655586473,0.5165241546188949
wikipedia,World War I,spazio,spazio,9315,1.1321872862517455,0.9814873081283427,0.9711258069943519,0.470072122879564
wikipedia,World War I,e,lettera,5880,1.2134789180329961,0.964527052153228,0.979101370347947,0.8416651036391439
wikipedia,World War I,a,lettera,4444,1.1606076395138778,0.9663701459660959,0.9739324899973852,0.8556632547199173
wikipedia,World War I,t,lettera,4257,0.9965479761068682,1.000038247904605,0.9623899702640433,0.8590276481252352
wikipedia,World War I,n,lettera,3832,1.0512815480982118,1.0012798023863,0.9856352406266945,0.8323980592486655
wikipedia,World War I,i,lettera,3607,1.2070650977890474,1.0269802624655313,0.9359518344104885,0.9218195441807778
wikipedia,World War I,r,lettera,3432,1.0749893050286756,0.8949210403316518,0.9351502337270224,0.8388997979761799
wikipedia,World War I,o,lettera,3173,1.1609001407431756,0.9917735407883294,1.0202090725660586,0.8995604270875521
wikipedia,World War I,s,lettera,3040,1.184139300285683,1.0271149120751575,0.945171736337706,0.9158491442470365
wikipedia,World War I,h,lettera,2071,1.200158349782027,0.9885686804160629,0.9603745841426724,0.867649130695143
wikipedia,World War I,d,lettera,1905,1.107614218121574,0.9779735678290612,0.9801703128294359,0.9070485090306492
wikipedia,World War I,l,lettera,1828,1.034745514966021,0.9039921015598639,1.0079031564051915,1.0487562740853873
wikipedia,World War I,c,lettera,1426,1.0840155464247732,1.0282166864160391,0.960144921147616,0.9515169629462078
wikipedia,World War I,u,lettera,1285,1.1179427385539389,0.9334848927214598,0.963819387103916,0.9956355176109268
wikipedia,World War I,m,lettera,1225,0.9547105346376533,1.0093353488071684,1.0921048031877183,0.9620903001048928
wikipedia,World War I,f,lettera,1191,1.083142948325853,0.9953763086330794,1.0156609496108755,0.9948590439361154
wikipedia,World War I,g,lettera,1046,0.9972856160431348,0.9881943284210527,0.9647559871284521,0.9604195772335838
wikipedia,World War I,p,lettera,897,1.0513890330638367,0.9930206605973093,1.0409623501985288,1.0830881876983534
wikipedia,World War I,w,lettera,826,1.1152081477402904,0.9346810708548441,0.9512056199556508,0.9788809032569797
wikipedia,World War I,b,lettera,805,1.1740508551436277,0.990095518899778,1.0295606084158868,1.0387549936703884
wikipedia,World War I,the,funzione,848,1.2551927534021101,0.967847459682499,0.9550257922604368,0.8645368550342564
wikipedia,World War I,of,funzione,349,1.1881327321296307,0.906508745437519,1.098932856567346,1.028905215504774
wikipedia,World War I,and,funzione,307,1.1328914857576944,1.00563718895936,0.8842025133439565,0.8757868572443559
wikipedia,World War I,in,funzione,247,1.1223102616870488,1.0170526598302236,0.9830780626903969,1.0139107316467582
wikipedia,World War I,to,funzione,242,1.167882098282548,1.0055238818656747,1.089727889752732,1.1671914182158485
wikipedia,World War I,on,funzione,124,1.1722881694447151,1.009824243053296,1.1182914108764734,1.2590773445204937
wikipedia,World War I,german,keyword,90,1.271808675804984,0.9280369435545491,1.1621832890591162,1.465691643467893
wikipedia,World War I,germany,keyword,59,1.1316205222600315,0.9699479308881811,1.1304999483540674,1.3449656957210476
wikipedia,World War I,british,keyword,45,1.3198494888640397,0.9710385888613488,1.2629605004068156,1.8942504826273985
wikipedia,World War I,french,keyword,39,1.3206078442717208,1.0362395825351747,1.3452102004098805,1.730708570229563
wikipedia,World War I,army,keyword,38,1.1228214795842593,1.0875739274946787,1.135211290010356,1.1439685190044553
wikipedia,World War I,powers,keyword,35,1.1394411407980656,1.0085479780282516,1.1516152451123711,1.4249782353153413
wikipedia,World War I,battle,keyword,33,1.2832766918063159,1.0134513483339405,1.300013678091908,1.3836494744875245
wikipedia,World War I,with,appaiata,77,1.0203987075660605,0.9755017608732405,1.0715937052131623,0.9698972811759471
wikipedia,World War I,were,appaiata,53,1.0162202514445324,0.9881512329876663,1.0170124277671675,0.9087387791608406
wikipedia,World War I,an,appaiata,44,0.9269282949815854,1.0409486840838906,0.966242933734244,0.8571539752197453
wikipedia,World War I,from,appaiata,38,1.2097504564091397,0.9597982498418965,1.1439977021845147,1.575656556657888
wikipedia,World War I,after,appaiata,36,1.1022547371126477,1.0703295555293681,1.1139775805098164,1.222966289732856
wikipedia,World War I,that,appaiata,34,0.9453128289357595,0.9930236179284245,0.9995046776038491,0.7997916563914009
wikipedia,World War I,this,appaiata,33,1.0408564139920828,0.9883076359292134,1.0301340313378196,0.9948140325174943
wikipedia,Hinduism,vocali,vocali,18943,1.1432837025142046,0.960651737497283,0.9055930453839034,0.48589742518094126
wikipedia,Hinduism,spazio,spazio,9074,1.2533105109238425,0.9198110883127212,0.9497119479753477,0.5000803587517407
wikipedia,Hinduism,e,lettera,5097,1.295543667817071,0.9214604807624296,1.057913613825903,0.9422284786464361
wikipedia,Hinduism,a,lettera,4689,1.2989651727708134,0.9902876635135657,0.9696497493306366,0.9249369072648841
wikipedia,Hinduism,i,lettera,4605,1.2644242368795382,1.0574041812372077,0.9642752372755964,0.9125999557686405
wikipedia,Hinduism,t,lettera,4118,1.2146493487090835,1.0321230513191233,0.9552844961132188,0.8776301298065575
wikipedia,Hinduism,n,lettera,3776,1.2072612169933825,1.0412970997815962,0.9846297314835294,0.8303885933573917
wikipedia,Hinduism,s,lettera,3639,1.2529099710101117,0.9935779961533046,0.9456930622882439,0.9142062180911483
wikipedia,Hinduism,o,lettera,3174,1.225728843814434,1.0219675671242194,1.0542785205404508,0.9774136768130238
wikipedia,Hinduism,r,lettera,2965,1.088002679618878,0.9157441458637411,0.9533500862098099,0.8923771445667689
wikipedia,Hinduism,h,lettera,2577,1.1523393273932594,1.0000918845333415,1.018605314826375,0.8905520710661351
wikipedia,Hinduism,d,lettera,2258,1.1191820384577955,0.9715303871450812,0.9714016128033562,0.8291961289190398
wikipedia,Hinduism,l,lettera,1695,1.0080475332853585,1.0549907781543326,0.9612815817970755,1.0602255109697707
wikipedia,Hinduism,c,lettera,1479,1.1646068511767023,0.9467054070932437,1.021462521660023,1.086097886739597
wikipedia,Hinduism,u,lettera,1378,1.1477346643914903,1.0307677133741662,1.0228649993564687,0.895380971833723
wikipedia,Hinduism,m,lettera,1378,1.2878076508507648,0.9920438108314388,1.0196776513455834,0.9995436760191051
wikipedia,Hinduism,f,lettera,1016,1.2432987521842251,0.9828408745307208,0.9903116628537895,1.0034711662463074
wikipedia,Hinduism,p,lettera,864,1.1115821793104126,0.9931763541557649,0.9591752909471959,1.1428536689987825
wikipedia,Hinduism,g,lettera,842,1.093476635660245,0.9456377322049206,0.907883535640727,0.9833907155119119
wikipedia,Hinduism,v,lettera,672,1.332503920174899,0.9923254870410751,1.046391544173057,1.1211605919527312
wikipedia,Hinduism,y,lettera,651,1.0320061056639773,0.9950488395879512,0.9533402824501009,0.9052824328712356
wikipedia,Hinduism,the,funzione,623,1.0988165139256383,1.028847098525107,0.930986678672078,1.0381462066660965
wikipedia,Hinduism,of,funzione,421,1.1063386689176957,1.0353405163030283,0.9962039651628879,0.9116050044716641
wikipedia,Hinduism,and,funzione,409,0.9793145256345924,1.0110191295595008,0.9855905493522802,0.7721431826073697
wikipedia,Hinduism,in,funzione,224,1.1709410260890958,0.9744584193257197,1.1228961191212392,1.1288430261516769
wikipedia,Hinduism,to,funzione,217,1.2032021285288454,0.9780160813795232,1.1034726864817248,1.2046706891588457
wikipedia,Hinduism,as,funzione,156,1.038387110636693,0.989957314240819,0.992808759640568,0.9996052100048977
wikipedia,Hinduism,hinduism,keyword,148,1.2206725612233509,0.9562395140079762,1.0597365608132312,1.0498577158101707
wikipedia,Hinduism,hindu,keyword,97,1.0785956050245842,0.9417037908940271,1.0142471708223457,1.0440491869914308
wikipedia,Hinduism,dharma,keyword,43,1.4211419638473681,0.9971091393863533,1.3568708791124058,2.754048682422189
wikipedia,Hinduism,religion,keyword,39,1.2798105369823143,1.026388771087521,1.1963892917461918,2.126204479639804
wikipedia,Hinduism,hindus,keyword,37,1.083082667210885,1.0553721492391865,0.9939213907734669,1.178051915919381
wikipedia,Hinduism,traditions,keyword,35,1.1863605320893063,1.066531651815237,1.1806183979846094,1.5359661503566189
wikipedia,Hinduism,life,keyword,32,1.3053351000850941,0.9914425219733968,1.2083636769014257,1.5960577038885675
wikipedia,Hinduism,is,appaiata,151,1.2352898936077608,0.9357760690992757,1.1976784820128576,1.247850743248405
wikipedia,Hinduism,that,appaiata,89,1.1862795175954854,0.9401318072406234,1.1623479489107789,1.2353446404334432
wikipedia,Hinduism,from,appaiata,44,0.9571977121871762,0.976367348884736,0.9347586213247133,0.9147598630711429
wikipedia,Hinduism,be,appaiata,40,1.0209055098233337,1.043274371001514,0.9826889851871518,1.0876416583521666
wikipedia,Hinduism,for,appaiata,37,0.9632233215197413,1.017831363914291,0.9707587248732922,1.1599151092037014
wikipedia,Hinduism,this,appaiata,36,1.1067662803503822,0.9264197207855768,1.043847842170248,0.9734184959981645
wikipedia,Hinduism,according,appaiata,30,1.1705293783251673,0.9752666529760933,1.1474942963807482,1.540731909329318
wikipedia,Adolf Hitler,vocali,vocali,18208,1.1192180176511464,1.005119802436312,0.8892889334872919,0.5010484853048275
wikipedia,Adolf Hitler,spazio,spazio,9425,1.041962386382862,0.9876249846850141,1.0251204546393204,0.48011552361435345
wikipedia,Adolf Hitler,e,lettera,5944,1.2104664985417646,0.9552712128138866,1.000435271154079,0.8316563990494511
wikipedia,Adolf Hitler,t,lettera,4109,1.148640503403045,0.984265048679957,0.9696596691217269,0.8602509052480468
wikipedia,Adolf Hitler,a,lettera,4093,0.9818311572943816,1.0027920943428879,0.9431951348693633,0.80995426140852
wikipedia,Adolf Hitler,i,lettera,3879,1.0524104116168314,0.9867232221772664,1.0142318089264821,0.8930955469763987
wikipedia,Adolf Hitler,n,lettera,3636,1.3071786656785105,1.010578243220867,0.9898649102677514,0.8920934722486706
wikipedia,Adolf Hitler,r,lettera,3509,0.9682858178737278,1.0195226666765198,1.008285751769191,0.8584836188524662
wikipedia,Adolf Hitler,o,lettera,3195,1.142439951370111,1.0880832219648777,0.9868373454091822,0.8873112251141928
wikipedia,Adolf Hitler,s,lettera,2803,1.1315995485161474,0.9531986231728234,0.9506645436158926,0.9371625916460393
wikipedia,Adolf Hitler,h,lettera,2397,1.1642165233876935,0.9779135546941659,0.9927077024328712,0.8460193925544413
wikipedia,Adolf Hitler,l,lettera,2115,1.0232179308102167,1.0052473902622343,1.0072048120351746,0.979561162372953
wikipedia,Adolf Hitler,d,lettera,1893,1.197576877119947,1.0390208729850297,1.042798568958707,0.892353910404227
wikipedia,Adolf Hitler,c,lettera,1487,1.1171446871692918,0.986429240479683,0.9814434894024108,0.9470578369643858
wikipedia,Adolf Hitler,m,lettera,1368,0.9779673320633694,1.0790941564719507,1.0224043999463666,1.0029643452894457
wikipedia,Adolf Hitler,u,lettera,1097,1.0235432358993268,0.9719025794507304,1.018350863256983,0.9833835129791793
wikipedia,Adolf Hitler,p,lettera,1093,1.2496193571078447,1.0125933576639274,0.9812759109699888,1.0600533652496655
wikipedia,Adolf Hitler,f,lettera,1070,1.1235943342149621,1.0433258278360307,0.9689598501301152,1.0022862555095478
wikipedia,Adolf Hitler,g,lettera,1048,1.0819688502055904,0.9598897497601118,0.953268437385085,0.9680437925977489
wikipedia,Adolf Hitler,w,lettera,721,1.1328135362374503,1.0126026830098702,0.9770192938902268,0.9577374998347884
wikipedia,Adolf Hitler,y,lettera,703,1.0684634575462322,1.0016670002346328,1.0349996454723682,0.9583461084707585
wikipedia,Adolf Hitler,the,funzione,704,1.188678551600419,0.983009713890926,1.0477701679664806,0.9612509737897965
wikipedia,Adolf Hitler,of,funzione,359,1.1369598373752545,0.984259344596102,0.9916988071160722,0.9822535044386427
wikipedia,Adolf Hitler,in,funzione,295,1.0322878760954752,0.9747255886098793,0.9866723621661989,0.9770026950749532
wikipedia,Adolf Hitler,and,funzione,284,1.0178706672722682,1.0097884749357189,0.9939427210123585,0.8785832835558455
wikipedia,Adolf Hitler,to,funzione,259,1.1002722951741384,0.9757886648173283,1.0152506056021406,0.9494029859940475
wikipedia,Adolf Hitler,on,funzione,124,1.0378264075613899,1.0440936476933775,0.9999790768771001,0.953894149384057
wikipedia,Adolf Hitler,hitler,keyword,233,0.9518177376213843,0.9436451650083768,0.9249051856958351,0.7489114203354336
wikipedia,Adolf Hitler,party,keyword,68,1.4636649951445366,0.9423527212001162,1.4343886463549003,2.967832851658585
wikipedia,Adolf Hitler,german,keyword,70,1.211654111410168,0.8779300101589653,1.1102199151056575,1.2364259543789882
wikipedia,Adolf Hitler,germany,keyword,55,1.1198971294240285,0.9740062216435798,1.1401211830071896,1.4198602454610263
wikipedia,Adolf Hitler,hitler's,keyword,45,1.067271574195856,0.962899218417597,1.069204199930622,1.0486513342841035
wikipedia,Adolf Hitler,nazi,keyword,35,1.239198717464957,1.006592850678091,1.22270773982608,1.7766796852316187
wikipedia,Adolf Hitler,political,keyword,24,1.2073391062456336,0.962190797383568,1.1923301503429238,1.2451504733258567
wikipedia,Adolf Hitler,his,appaiata,123,1.2242661661810943,0.9330765481749147,1.1819340186210383,1.3770901848526795
wikipedia,Adolf Hitler,with,appaiata,60,1.0039586045815685,0.9902444830391891,1.037263902298717,1.1289575362652629
wikipedia,Adolf Hitler,by,appaiata,71,0.9218557986093283,0.9894832759772271,0.8703117780645311,0.8164840346703998
wikipedia,Adolf Hitler,from,appaiata,47,0.9787602060397752,0.9802194910065464,0.9514123931564118,1.0343695939679662
wikipedia,Adolf Hitler,were,appaiata,47,1.172750953323468,0.912644501555242,1.0233272341710486,1.3678983512110512
wikipedia,Adolf Hitler,had,appaiata,34,1.0219198558046925,0.9948729518859926,1.0593654929563867,1.0434437677827901
wikipedia,Adolf Hitler,this,appaiata,25,1.036967821990533,0.9729878230084456,1.0704662031171595,0.8891436025957737
wikipedia,Rome,vocali,vocali,18422,1.4098877842282878,1.049538453698308,0.9474769580131959,0.5650306461275387
wikipedia,Rome,spazio,spazio,9763,1.2651494699021513,0.9917789335346628,0.9513684960584284,0.4739844020427406
wikipedia,Rome,e,lettera,5697,1.2182585715327803,0.9514439902998949,1.0127841628458383,0.8522197929388957
wikipedia,Rome,t,lettera,4439,1.1519409114128345,0.9661545587380638,1.007275956467119,0.8521826372937839
wikipedia,Rome,a,lettera,4049,1.276272123414595,1.054256957254827,1.0215121470905182,0.9003440626235875
wikipedia,Rome,i,lettera,3806,1.3361881803891287,0.9706478152700235,0.9293743053513791,0.9339860288417123
wikipedia,Rome,o,lettera,3557,1.2435660205919665,0.9900343247723233,0.9572552389679081,0.8848939753503131
wikipedia,Rome,n,lettera,3387,1.1371978579732365,1.0729472149925525,0.9510972501419053,0.8413887731217407
wikipedia,Rome,r,lettera,3171,1.121757318963154,0.8979329258585582,0.9205459555976354,0.8941477136387251
wikipedia,Rome,s,lettera,2731,1.2116718154136257,0.9910974122939517,1.0038314288559846,0.9790124459435563
wikipedia,Rome,h,lettera,2300,1.3046246671165926,1.0062143028579853,0.9554727343315537,0.9217842875204629
wikipedia,Rome,l,lettera,1913,1.1619854175112536,0.9807631589122042,0.9853405657126156,1.0828948386583404
wikipedia,Rome,c,lettera,1734,1.199525012873933,0.9163062683996267,0.9894195698001585,0.9431661126939567
wikipedia,Rome,d,lettera,1696,1.1715735375851737,0.9730280403265762,1.0049312559979517,0.9485171020129671
wikipedia,Rome,m,lettera,1364,1.1982566681270586,1.0256662086083737,1.0184922889780585,1.039997421555029
wikipedia,Rome,u,lettera,1313,1.1699539978168927,0.996921322523482,1.042774378137952,1.0026973477472152
wikipedia,Rome,p,lettera,1110,1.3380687984353272,0.9699177594994195,0.9887640214164866,1.0570092684592545
wikipedia,Rome,f,lettera,1091,1.1087275477673761,1.013252569515099,0.9866976794054215,0.9098877440718832
wikipedia,Rome,g,lettera,812,1.1403199640737787,0.9687235391594843,0.9436914361676111,1.0099216208075468
wikipedia,Rome,y,lettera,728,1.1167085365861125,0.9882891299839051,1.039630335429422,1.0273492331045448
wikipedia,Rome,w,lettera,641,1.2834155855689438,0.9049550876624637,1.0216341449793165,1.0284277976077931
wikipedia,Rome,the,funzione,1114,1.2499372324944722,0.9469530991488506,0.9701666141049664,0.9672018421207266
wikipedia,Rome,of,funzione,533,1.0266293088965377,1.0562099392431008,1.026438437485839,0.9231332031897245
wikipedia,Rome,and,funzione,335,1.2434958792011057,1.017810346749403,0.9855663497614026,0.8814579872850238
wikipedia,Rome,in,funzione,232,1.0886027387092827,1.006265927184354,1.0587140342165011,1.009997094976408
wikipedia,Rome,to,funzione,185,1.2492478594640766,0.956705004634251,1.1410362328006185,1.2669780034986247
wikipedia,Rome,was,funzione,111,1.2910096209861357,0.9820903101271123,1.1957472377443483,1.5129088666554549
wikipedia,Rome,rome,keyword,172,1.249125408679244,0.9301841631257494,1.1797188831260412,1.2940110968892833
wikipedia,Rome,city,keyword,139,1.1513898714990674,0.9480858041442147,1.042956701086857,1.135949396145535
wikipedia,Rome,roman,keyword,48,1.1091567044575465,0.9589293985463062,1.0881678694228072,1.151093563954468
wikipedia,Rome,population,keyword,43,1.5421400065926498,0.9465559628432637,1.5146565566699175,2.674865719772095
wikipedia,Rome,also,keyword,38,1.0461082062778109,0.912152771749274,0.989833449269874,1.0843245324579764
wikipedia,Rome,italy,keyword,34,1.106872610540009,0.9857861387865471,1.0715863295415693,1.3004226812761703
wikipedia,Rome,italian,keyword,31,1.203517870990331,1.0327756029265245,1.1284341776882634,1.7833599315478015
wikipedia,Rome,by,appaiata,100,1.0791783978899407,0.979945130123042,1.0842967513283757,1.194411223200068
wikipedia,Rome,is,appaiata,91,1.4048259570524952,0.9909190908848221,1.3573720000368434,2.44943524241657
wikipedia,Rome,for,appaiata,48,1.0001428677514805,0.9467701985980851,1.0482616491635224,0.9706241052522967
wikipedia,Rome,this,appaiata,43,1.1946015400321732,0.9530244215512292,1.0695637957777624,1.091202898090475
wikipedia,Rome,were,appaiata,38,1.1384253668888031,0.9768071273015876,1.0875316689944616,0.8953212548956548
wikipedia,Rome,after,appaiata,34,1.0488457428837032,0.9850873897484839,1.0264809943315092,1.1431823525799845
wikipedia,Rome,pope,appaiata,33,1.5846484835019936,0.9672740968692773,1.4236918555513878,1.848657076289496
grok_v01,Industrial Revolution,vocali,vocali,18389,1.1390752215782045,0.9286862487705383,1.031372685307234,0.5682448375515347
grok_v01,Industrial Revolution,spazio,spazio,8208,1.0879186898236513,0.8846147790789529,0.9883006181900919,0.4500162226710706
grok_v01,Industrial Revolution,e,lettera,5076,0.8768736980740831,0.9674763474949198,0.983793319803985,0.8993811942749947
grok_v01,Industrial Revolution,i,lettera,4496,1.1508992196730383,0.9670412135720139,0.954970848922513,0.8799724940663375
grok_v01,Industrial Revolution,t,lettera,4173,1.0182756266490522,0.9781557356880232,0.9793755647186259,0.8188075025989878
grok_v01,Industrial Revolution,n,lettera,4032,1.2632841670457957,1.0122814069874633,0.963420428513627,0.8385565187086349
grok_v01,Industrial Revolution,a,lettera,3924,1.0335405354252765,1.0463474126692107,0.9963890897914847,0.8757425716624069
grok_v01,Industrial Revolution,r,lettera,3563,1.0423652442929343,0.9975708504874069,0.9962952681979876,0.8276556547856437
grok_v01,Industrial Revolution,o,lettera,3399,1.0505093349964136,0.9925489003788078,1.0194051014467311,0.9032750450240654
grok_v01,Industrial Revolution,s,lettera,3033,1.112854646838031,0.9422671371638628,0.9565187381240662,0.9312020533377899
grok_v01,Industrial Revolution,l,lettera,2308,0.9540363859586835,0.9810675877403359,0.9985287936358014,0.9449517193609293
grok_v01,Industrial Revolution,d,lettera,2102,1.1216107039150287,0.9404605162244078,1.030867438595817,0.8567727325808914
grok_v01,Industrial Revolution,c,lettera,1840,1.1730428399913913,1.0155561216572748,0.989078758015402,0.9293344796130215
grok_v01,Industrial Revolution,u,lettera,1494,0.8838879370114106,0.9519321019240844,0.9659387886652985,0.9800464901594073
grok_v01,Industrial Revolution,h,lettera,1446,0.9960427795550411,0.910623859748692,1.0131001040008305,0.9820869913082861
grok_v01,Industrial Revolution,m,lettera,1269,1.0166153023156306,1.1022138406732571,0.936625435833493,0.8918764303354662
grok_v01,Industrial Revolution,p,lettera,1234,0.9817352936608118,0.960363339130248,0.9588753291876732,0.9864622221895819
grok_v01,Industrial Revolution,g,lettera,1167,0.9804400113666931,0.955181098386689,0.9851921378146841,0.894403260715536
grok_v01,Industrial Revolution,f,lettera,919,0.9784545222584037,0.9369641034927406,0.9479155094097739,0.9487859483888612
grok_v01,Industrial Revolution,y,lettera,788,1.071359178093038,1.0296215754432574,0.9105116567364249,0.9446178412464641
grok_v01,Industrial Revolution,b,lettera,696,1.0471992736314337,1.037729528238782,0.9502638901717383,0.8802699580650034
grok_v01,Industrial Revolution,and,funzione,320,0.9423864332038066,1.009148162978079,0.9461542574333572,0.8141336372552309
grok_v01,Industrial Revolution,the,funzione,257,0.9564209369990144,1.0511405944271657,0.8647567603509664,0.8680298603273763
grok_v01,Industrial Revolution,in,funzione,224,1.053291957360793,1.0349889840114217,0.9832540272912219,0.9183876751275626
grok_v01,Industrial Revolution,to,funzione,178,0.9966369043222533,0.9686336059486232,0.8590185013450787,0.8571749769606576
grok_v01,Industrial Revolution,by,funzione,156,1.1298945589102845,0.9369804687006097,0.9624015031366104,0.921441024873366
grok_v01,Industrial Revolution,of,funzione,150,1.0837653304781407,0.99673431111054,1.0237028718824985,1.031487425053121
grok_v01,Industrial Revolution,industrial,keyword,53,0.9768056037098775,0.9467309779536707,0.9814681399050217,0.9420149940609576
grok_v01,Industrial Revolution,like,keyword,45,0.9847848459137175,0.9889220536366987,0.9480946626701936,0.8054233148037032
grok_v01,Industrial Revolution,iron,keyword,38,1.4667961285348412,0.997165604737224,1.3424991965859157,2.1332138368869398
grok_v01,Industrial Revolution,labor,keyword,38,1.2361251531127893,1.0091027097264942,1.0817682934510235,1.2535828608129551
grok_v01,Industrial Revolution,production,keyword,31,1.0518953088895617,1.0036027845673205,1.0915633782186733,1.2568109724020227
grok_v01,Industrial Revolution,million,keyword,30,1.107642148776642,1.036503682823921,1.1701142109702982,1.7807424128789475
grok_v01,Industrial Revolution,century,keyword,38,0.9994762381095891,0.9594717899432262,1.0001410433273845,1.0887308030061764
grok_v01,Industrial Revolution,over,appaiata,42,1.058163696892981,1.0074578959367777,1.0976649009450852,1.0858495410380864
grok_v01,Industrial Revolution,this,appaiata,41,0.9758499074127815,0.9686661384884392,0.951873812882828,0.8485051284554226
grok_v01,Industrial Revolution,that,appaiata,36,0.926528100988135,0.9812906469897013,0.9474894696159444,0.8212602638088143
grok_v01,Industrial Revolution,on,appaiata,36,1.0132536378638788,1.0694959174200716,0.9495684981114009,1.070866596077157
grok_v01,Industrial Revolution,per,appaiata,31,0.9860083974011489,1.0286251276762777,0.9868896810824718,0.8675067753104212
grok_v01,Industrial Revolution,though,appaiata,29,0.8227114212122472,0.9834087825911785,0.830423893220385,0.7317386863611619
grok_v01,Industrial Revolution,coal,appaiata,31,1.222997602335593,0.9571974707605356,1.2385654202440397,2.055335852532424
grok_v01,Protestantism,vocali,vocali,18389,1.0692364442262328,0.9852628360019823,1.015554842437414,0.5689562841815985
grok_v01,Protestantism,spazio,spazio,8254,1.1400295501089888,1.0490259251934024,1.0092266175925768,0.47049388478133986
grok_v01,Protestantism,e,lettera,5202,1.0309366101327533,0.9274827993388389,0.9489237795934974,0.868548297413459
grok_v01,Protestantism,i,lettera,4633,0.9942928570107253,0.8993667791694078,0.9606485219661662,0.8567422351654361
grok_v01,Protestantism,t,lettera,4270,1.143187007568182,0.9377455115689148,0.9173690148941365,0.8453082136208419
grok_v01,Protestantism,n,lettera,3932,1.2085472189377162,1.0573111580141823,1.0237202391335802,0.8531607613136808
grok_v01,Protestantism,a,lettera,3917,1.0758298776121051,0.8935886698401788,0.9690990401574343,0.8393553325095142
grok_v01,Protestantism,s,lettera,3483,1.2021897847365162,0.9382174486404216,0.9787627093080724,0.9325224122816438
grok_v01,Protestantism,r,lettera,3412,1.0690112781174022,0.9281391023011096,0.9737689816057076,0.8312056670659401
grok_v01,Protestantism,o,lettera,3328,1.1046098674278255,1.0198658976142256,0.9970761947191121,0.8819676652259536
grok_v01,Protestantism,l,lettera,2099,1.0317383925930048,1.0381455592471147,0.9573122277955853,0.9817833573637914
grok_v01,Protestantism,c,lettera,2072,1.0768155789303422,1.0268426248730371,0.9456829179570422,0.9180938507656421
grok_v01,Protestantism,h,lettera,1936,0.9875435149586816,0.9567951103839326,1.0104998433634795,0.9477402139519008
grok_v01,Protestantism,d,lettera,1837,0.8936009863706817,0.8633793514902518,0.9365353521483534,0.905243349960063
grok_v01,Protestantism,u,lettera,1309,1.0351096253150476,0.9674996767629495,0.9786944599968243,0.9496045076639374
grok_v01,Protestantism,m,lettera,1265,1.1832010537931223,0.9448195264687818,0.9941490982092688,0.9918957566157351
grok_v01,Protestantism,p,lettera,1140,1.137226644896882,1.0072089241093678,1.051630213078669,1.0303712777285492
grok_v01,Protestantism,g,lettera,1115,1.1195771500227847,1.055196726893276,0.9696885883469849,0.9064920280049206
grok_v01,Protestantism,f,lettera,1006,0.8959631350669071,0.9265645484392157,0.9777186700970324,1.0111093593952385
grok_v01,Protestantism,y,lettera,702,1.1108898982427269,1.0130080806037924,0.9504744794691974,0.9602165840308743
grok_v01,Protestantism,b,lettera,647,1.155610571408172,0.9484949565169538,0.989085943701518,1.0024094377781412
grok_v01,Protestantism,the,funzione,413,1.0098523580657477,1.0620762326213866,1.026397811769184,0.9408652820585723
grok_v01,Protestantism,and,funzione,328,1.0603261684779612,0.9806803375753282,0.8975841323744286,0.736214447970691
grok_v01,Protestantism,in,funzione,229,1.1425280370471305,1.0180693391873736,1.034386463778995,0.9518330773129977
grok_v01,Protestantism,of,funzione,218,1.0648960049321567,0.9625281336189492,0.9676196772210534,0.9965437032102332
grok_v01,Protestantism,to,funzione,157,1.0738956571884268,0.9890428210484754,0.992307550978643,0.97592548518683
grok_v01,Protestantism,by,funzione,125,0.9504929483810077,1.0671841735515784,0.9645002604893423,0.9291790806144723
grok_v01,Protestantism,church,keyword,59,1.0445664961281493,1.0011211635716475,1.0442899982786298,1.3059120859967306
grok_v01,Protestantism,protestant,keyword,53,0.9911548400775114,0.9603596310531072,0.9653916920036322,0.9042291765099878
grok_v01,Protestantism,faith,keyword,49,1.1996522467181467,0.9872019096843606,1.1182793951132328,1.2316217118824468
grok_v01,Protestantism,like,keyword,37,0.8668748521544916,0.9859612342092546,0.8856000265911823,0.7748418684391307
grok_v01,Protestantism,alone,keyword,35,1.3587556539442676,0.972490201602335,1.2646544087120986,1.7170968184626998
grok_v01,Protestantism,catholic,keyword,34,1.1022032830939288,1.0983988853909483,1.084703389902866,1.1389735829434964
grok_v01,Protestantism,authority,keyword,28,1.0054381494619073,0.9857648972804922,0.9577611822302066,0.9588853547104422
grok_v01,Protestantism,for,appaiata,51,1.131582968954817,1.0413284656244721,1.0743148500159176,1.1600761785823137
grok_v01,Protestantism,from,appaiata,61,1.0519485187079871,0.9383088545304888,1.0279329578912508,0.9929357111485813
grok_v01,Protestantism,this,appaiata,44,0.8585749030908364,1.0065077146538883,0.8905919098652193,0.8204383858756381
grok_v01,Protestantism,over,appaiata,36,0.9964389183241551,0.9811658048116346,0.9642879077554709,0.8111382341669018
grok_v01,Protestantism,through,appaiata,35,0.9299258325396936,0.9071597012974495,0.9328078318135097,0.8867063199257581
grok_v01,Protestantism,that,appaiata,31,1.1641886341051413,0.9920901775725818,1.1214703543591191,0.8278946387867504
grok_v01,Protestantism,sola,appaiata,28,1.3909911004820932,0.9098245941555024,1.2130238152353947,2.0012633243752895
grok_v01,Slavery,vocali,vocali,18622,1.1537922316277642,1.0533724058743952,0.9219088136847832,0.5762934950110823
grok_v01,Slavery,spazio,spazio,8408,1.1608508573214331,0.9803911735280199,0.908427674918361,0.4491746555908827
grok_v01,Slavery,e,lettera,5371,1.1264866755302374,0.9882091465584901,1.0096311106075013,0.8508128957326468
grok_v01,Slavery,a,lettera,4303,1.2515279683270448,0.9872579871210996,1.0620549743720324,0.844456950485037
grok_v01,Slavery,i,lettera,4258,1.1673941534899448,0.9431112999551482,0.9059958538119867,0.8813663894850685
grok_v01,Slavery,t,lettera,3832,1.0632136626144613,1.038807795397862,0.9321943220347627,0.924822963208361
grok_v01,Slavery,n,lettera,3727,1.0121608198359309,0.9813581302967463,0.9960123601946319,0.8695251581667461
grok_v01,Slavery,r,lettera,3625,1.0652262344926076,1.0512717564658163,0.952355989751762,0.8438049264796349
grok_v01,Slavery,s,lettera,3351,1.1668165288995467,1.0026447897156252,1.0036586791921738,0.9625489620467702
grok_v01,Slavery,o,lettera,3335,1.2010926593414741,0.94007791116698,1.065015763013827,0.9179304191518403
grok_v01,Slavery,l,lettera,2433,1.0163162556514822,0.977124994377902,1.0371783846530394,0.928452063965999
grok_v01,Slavery,d,lettera,1998,1.0076134297832926,1.001950184103145,1.0901291524573262,0.9001071251301144
grok_v01,Slavery,c,lettera,1870,1.1677408768805808,0.9363805827957888,1.0272245856157929,0.9715444635425254
grok_v01,Slavery,h,lettera,1435,1.1829691523641148,1.0131128650824917,1.0511277844368407,1.0204054883661235
grok_v01,Slavery,u,lettera,1355,1.018076258551051,1.0033465044367347,0.9553060071200564,0.9067717915896742
grok_v01,Slavery,m,lettera,1338,0.9745324646995656,0.8993826917252129,0.9954727446469455,0.9290153613772139
grok_v01,Slavery,p,lettera,1127,0.918589383676158,1.0053433050968572,0.9290108345791884,0.9769051853910861
grok_v01,Slavery,f,lettera,969,1.1316092336800987,0.9823136997331364,1.0034927729065741,0.9445444199116589
grok_v01,Slavery,g,lettera,909,1.0453663677738674,1.0504826749029246,0.9444755676149209,0.9257441039759785
grok_v01,Slavery,v,lettera,754,1.060749687851752,1.0099194644812592,0.9380499978622221,0.9241788292356508
grok_v01,Slavery,b,lettera,718,0.9526391100248925,1.000390276571775,0.9989461006180429,1.0085540420873462
grok_v01,Slavery,and,funzione,303,1.2431292790684305,0.9701129950784709,1.0794062982505943,0.8719522216389675
grok_v01,Slavery,the,funzione,284,1.2510581543989328,1.018363572437379,1.06685695488206,1.0964817965372857
grok_v01,Slavery,in,funzione,275,1.0479652545533324,0.972156477071976,0.9073557588828095,0.7960465830637738
grok_v01,Slavery,to,funzione,167,1.0372985498499177,0.9737186111813877,0.9833397679456847,1.0357326253655494
grok_v01,Slavery,of,funzione,147,1.0066766420129776,0.9147941200382167,0.9674464798280266,0.9335452898593152
grok_v01,Slavery,from,funzione,111,1.103110026650203,0.970840601691528,1.038288040214925,1.140246039894898
grok_v01,Slavery,labor,keyword,91,1.118661169080844,1.006049903693442,1.072463083625214,1.0317904962398385
grok_v01,Slavery,slavery,keyword,86,0.9192151771212315,1.021832587667584,0.8972942795432234,0.9198173679192798
grok_v01,Slavery,slaves,keyword,71,1.1162312999758564,0.9764614620681806,1.1083089356055327,1.5106461568726752
grok_v01,Slavery,million,keyword,63,1.3586483089570052,0.9822879163551789,1.2616553036132674,1.5445291904429996
grok_v01,Slavery,like,keyword,50,0.9863291213639523,0.9225111786243915,1.0410747440634347,1.0399341951522911
grok_v01,Slavery,slave,keyword,49,1.036131293088421,0.9838490813029371,1.058274851170231,1.3870922519798388
grok_v01,Slavery,forced,keyword,35,1.3400523396826647,0.9852981605483452,1.207404653487736,1.9868805479620433
grok_v01,Slavery,with,appaiata,91,0.8989234148570618,0.9835371890777326,0.8479999352381816,0.7758852249384075
grok_v01,Slavery,by,appaiata,84,0.9581749738329529,0.9789333179156158,0.9423937882609814,0.9636959391077173
grok_v01,Slavery,th,appaiata,70,1.1947816253028307,0.9860442065429588,1.0643723464734738,1.6338303427197711
grok_v01,Slavery,for,appaiata,88,0.9424186155785984,1.0257119192774657,0.9735933865705656,0.8847890348446787
grok_v01,Slavery,where,appaiata,43,0.8669674205639775,1.027929074376366,0.8653738653414734,0.8163474210817513
grok_v01,Slavery,but,appaiata,36,0.8946808084579645,0.9944549938797665,0.8921488495961616,0.8284539360003143
grok_v01,Slavery,trade,appaiata,41,1.128899090270982,0.9262172632122251,1.182849485503751,1.5713259629658556
grok_v01,Sigmund Freud,vocali,vocali,18994,1.3145933961410303,0.9153515777039258,1.0067127137548049,0.5598179580276407
grok_v01,Sigmund Freud,spazio,spazio,8165,1.2074321972804516,0.9545030242591525,0.9910628196597759,0.4812502548846219
grok_v01,Sigmund Freud,e,lettera,5713,1.1364841818445888,0.9848511565811261,0.9838618662021199,0.8463834537868303
grok_v01,Sigmund Freud,i,lettera,4500,1.0466479625383647,0.9747749420708448,1.020157658183215,0.8296599945476094
grok_v01,Sigmund Freud,t,lettera,3919,1.1495186369252623,0.9435973228647194,0.9994024338330241,0.8685998716800746
grok_v01,Sigmund Freud,s,lettera,3834,1.3208645622391368,0.9070955018761261,1.012875258365826,0.9346523380726943
grok_v01,Sigmund Freud,a,lettera,3782,1.1132022357132747,0.9545185366266323,0.9153808684863547,0.8899146724928612
grok_v01,Sigmund Freud,n,lettera,3762,1.1091546593864061,0.9126342032209104,1.026301865050913,0.8520329487131284
grok_v01,Sigmund Freud,r,lettera,3427,0.9508978309753033,0.9874830023828727,1.0364719984357467,0.8620135944553423
grok_v01,Sigmund Freud,o,lettera,3391,1.170204613675874,0.9806810958139948,1.0955943951801552,0.892884293350673
grok_v01,Sigmund Freud,l,lettera,2061,1.205455613962299,1.064203042652469,1.0074672478595725,0.9301618044337737
grok_v01,Sigmund Freud,c,lettera,2060,1.1533339163595868,1.0468350244565114,0.9532305607524959,0.9994555248511101
grok_v01,Sigmund Freud,d,lettera,1980,1.136408349422131,0.9849811413477632,1.01240819336315,0.9295025855163324
grok_v01,Sigmund Freud,h,lettera,1784,1.0955525724327841,0.9359189230743453,0.9258914285557025,0.9740690810866257
grok_v01,Sigmund Freud,u,lettera,1608,0.8480952019853356,0.9701106691294399,0.9083792657250574,0.8838678246832027
grok_v01,Sigmund Freud,p,lettera,1257,1.0403325054891719,1.0011704759889117,0.9976722161659852,0.9564960055371826
grok_v01,Sigmund Freud,m,lettera,1198,1.0989434374079294,1.0047275645360243,0.9806378684920144,0.9929167897851435
grok_v01,Sigmund Freud,f,lettera,1178,1.1315053151479322,0.9856640435881121,0.9527422761231792,0.9437918549348768
grok_v01,Sigmund Freud,g,lettera,1047,1.0626039317189164,0.9988680092259562,0.9403083129616338,0.9501847575810728
grok_v01,Sigmund Freud,y,lettera,891,1.1247097267959878,1.0173000773694776,1.0190438390859933,0.9491682312639765
grok_v01,Sigmund Freud,v,lettera,561,1.0914656346746208,0.942536914667087,0.9159991045967093,0.9116444032714189
grok_v01,Sigmund Freud,the,funzione,308,1.2398564776944447,0.9476966532511223,1.0473929733888345,1.168558720277055
grok_v01,Sigmund Freud,and,funzione,247,1.0977022362402329,1.0019035313074731,0.9846720280588831,0.8571983299052799
grok_v01,Sigmund Freud,to,funzione,202,0.9042344760179,0.9461434893301623,0.9036953334818065,0.8492084700338601
grok_v01,Sigmund Freud,in,funzione,199,1.2574729879495383,1.0425357157823567,1.0167463918857509,1.0447073511161862
grok_v01,Sigmund Freud,of,funzione,185,1.1233273853511347,0.9713868413259341,1.146466414064846,1.2659745633832997
grok_v01,Sigmund Freud,as,funzione,122,0.9410145292363253,1.0488945461909511,0.9470822591578841,0.9022650621116842
grok_v01,Sigmund Freud,freud,keyword,177,1.1173451283053355,1.0426003863267104,0.8740883927948054,0.7730366218434884
grok_v01,Sigmund Freud,freud's,keyword,62,1.0210412309881176,0.9788374182457472,0.9174531166961346,0.9299838995890632
grok_v01,Sigmund Freud,unconscious,keyword,37,1.3253190161084312,0.93944488854699,1.2094282908538376,1.5679598083238944
grok_v01,Sigmund Freud,symptoms,keyword,27,1.1787499319830193,1.012029505265184,1.1376364551696827,1.394182747881661
grok_v01,Sigmund Freud,like,keyword,26,0.934684159797569,0.9671889942112166,0.9589340390460834,0.9800410305540946
grok_v01,Sigmund Freud,sexual,keyword,26,0.9478171962459286,1.0379880095274976,0.998989184536101,0.7883092988232823
grok_v01,Sigmund Freud,hysteria,keyword,26,1.1510631338171775,0.9776212125351252,1.1499827603515345,1.3009306363646653
grok_v01,Sigmund Freud,from,appaiata,92,1.0920529572163133,0.9211295174580711,1.0705839792642051,1.0404077699382401
grok_v01,Sigmund Freud,that,appaiata,60,1.0668812994108194,0.99773736808099,1.0514706113383678,1.1086107128440654
grok_v01,Sigmund Freud,this,appaiata,38,0.9244428920455086,1.0471165152401898,0.8901857281171645,0.8483372594872042
grok_v01,Sigmund Freud,but,appaiata,26,1.0491333861703316,1.0412367630222052,1.0649789469335094,0.8785159284980608
grok_v01,Sigmund Freud,than,appaiata,26,1.0110900044052995,0.9881735130927317,1.0204631789807501,0.946611996523779
grok_v01,Sigmund Freud,where,appaiata,26,0.9430940261809158,0.9581609265083845,0.9587232717990221,0.955527900443765
grok_v01,Sigmund Freud,psychoanalytic,appaiata,25,1.1934811200239253,1.0036411764128363,1.0927079385696594,1.0379841823606544
grok_v01,Christianity,vocali,vocali,18466,1.1818105456624588,1.014853169189529,0.9063224353595869,0.5729089400559624
grok_v01,Christianity,spazio,spazio,8453,1.0081936848724027,1.0199186271292096,0.8661635405816531,0.4608792071664339
grok_v01,Christianity,e,lettera,5387,1.1594937735530813,0.9619075701965061,1.0101927388170404,0.8678064398197541
grok_v01,Christianity,i,lettera,4805,1.1641512007355783,0.9554289421551686,0.9842046042705107,0.9036107712164633
grok_v01,Christianity,t,lettera,4091,1.1388298860681465,1.002466152770935,1.0229317695603923,0.8455094290742519
grok_v01,Christianity,n,lettera,3879,1.1869431190224036,0.952318821509189,1.0323158528055403,0.8222793476295339
grok_v01,Christianity,a,lettera,3734,0.9776640977993085,1.004009922181872,1.0407623726249762,0.8451604929488904
grok_v01,Christianity,s,lettera,3468,1.1960125605533372,0.9801067643579126,1.0089049240304202,0.9230289880214292
grok_v01,Christianity,r,lettera,3249,1.0764762107632029,0.9806924088343544,0.9902502920914381,0.8301087907981906
grok_v01,Christianity,o,lettera,3198,1.1506955593463508,0.9646229195913021,1.016836626136814,0.9177060120638307
grok_v01,Christianity,c,lettera,2124,1.2629863345578132,0.9295441145359398,1.0316742221120625,0.9519449210690861
grok_v01,Christianity,h,lettera,2006,1.1769837725896604,0.9787997230660578,1.0003457441549735,0.9608823484633007
grok_v01,Christianity,d,lettera,1944,1.01532065297168,0.9906122462274695,0.8830836459168533,0.8821012596027559
grok_v01,Christianity,l,lettera,1900,1.0810640446937303,0.8968738461416806,1.0600333048861523,0.9469676579163193
grok_v01,Christianity,u,lettera,1342,1.1736047993298857,1.0119171740354045,0.9469139772450496,0.9539256747469455
grok_v01,Christianity,m,lettera,1239,0.9738462693274635,0.9895661534079873,0.8889084955640092,0.9176685813431339
grok_v01,Christianity,g,lettera,1130,1.0340864004489523,1.0173545637083565,1.005400815903296,0.9259158914666934
grok_v01,Christianity,p,lettera,1077,1.1865232193632747,1.0444067557970331,1.039460850828285,1.0924305236313918
grok_v01,Christianity,f,lettera,926,1.0153590822672922,0.9860403438021595,0.946740510876915,0.9534353914067378
grok_v01,Christianity,y,lettera,666,1.071894029404583,0.9927259337245277,1.041046206254227,1.0090927388165194
grok_v01,Christianity,b,lettera,540,1.0107650496959213,0.9116725380937104,1.013275476469497,1.0442005909431697
grok_v01,Christianity,the,funzione,414,1.1669661193390841,1.0793978975719691,0.992822626664983,1.005785937551696
grok_v01,Christianity,and,funzione,329,1.0912853810342196,0.922747734547034,0.9910425201641075,0.8316072138892691
grok_v01,Christianity,in,funzione,221,1.01762179479035,0.9663970635300002,0.9895839841638999,0.9756455491633097
grok_v01,Christianity,of,funzione,216,0.8605460879279321,1.0506300390185341,0.913105821114744,0.8721663508495666
grok_v01,Christianity,to,funzione,150,1.1766821034989259,1.0289258443427045,1.020732889481489,1.0545041432391062
grok_v01,Christianity,as,funzione,127,1.1683745493588231,0.9564616950183358,1.0043276652318747,1.0157548063816706
grok_v01,Christianity,ce,keyword,114,1.6102285130938747,1.046640073275886,1.5085564831010305,4.495128801242311
grok_v01,Christianity,like,keyword,50,0.9322527881316433,0.9941162453290341,0.9385015168316163,0.8261197829254713
grok_v01,Christianity,jesus,keyword,38,1.3685662872174964,1.0433704179365362,1.3203440137692648,2.6297783217215733
grok_v01,Christianity,christian,keyword,36,1.0081354046403925,0.9879573598241276,0.9839756919575228,1.0019704970289012
grok_v01,Christianity,god,keyword,43,1.2624511955483257,0.9412061127957531,1.2746635245892,2.2478493119345266
grok_v01,Christianity,divine,keyword,29,1.1102253980514536,0.9682351465926947,1.0919882060100818,1.1321569446651776
grok_v01,Christianity,roman,keyword,29,1.2567236609702643,0.9375418330789834,1.2016101111372637,1.1335198336403383
grok_v01,Christianity,by,appaiata,108,1.0442817976091558,0.9685135636272966,0.997076757038807,1.0185760649657616
grok_v01,Christianity,on,appaiata,48,0.9542623977091851,0.9856358119832475,0.9803731087686524,0.9688581039287161
grok_v01,Christianity,over,appaiata,36,0.8870396679669662,0.9441089131871454,0.9485816008146853,0.7237667722485035
grok_v01,Christianity,his,appaiata,30,1.0463658767910091,1.0135606026750177,1.0713959139374856,1.1486619047676598
grok_v01,Christianity,under,appaiata,29,1.1121322772336781,1.0263671642121928,1.128016695503103,1.279349980210039
grok_v01,Christianity,through,appaiata,28,1.0030482823364828,0.9623525683814812,0.950875537665793,1.3636358893795422
grok_v01,Christianity,church,appaiata,32,1.169803015780498,0.9347954459237696,1.0816307644393743,1.1590282584103322
grok_v01,Judaism,vocali,vocali,18892,1.235557972361652,0.941835952426051,0.9497843778898641,0.5641293760616324
grok_v01,Judaism,spazio,spazio,8320,1.2268850303809904,0.982343256807078,0.8982102536272305,0.4533994949563485
grok_v01,Judaism,e,lettera,5421,1.1227592194929226,0.9609013320036149,0.969760913132569,0.8585734909388195
grok_v01,Judaism,i,lettera,4759,1.0761432718320758,0.9784531063978864,1.0542793344826984,0.8905612813192729
grok_v01,Judaism,a,lettera,4152,1.2287511108649554,0.9675789230155907,1.0374321692968624,0.8959399767140478
grok_v01,Judaism,t,lettera,3932,1.0945459319516238,0.962168864329853,1.060096842586687,0.908132465978588
grok_v01,Judaism,n,lettera,3712,1.0217974227170106,0.9907041731541882,1.036250350038664,0.8440942794888213
grok_v01,Judaism,s,lettera,3292,0.9462062531437462,0.9853777204886452,0.9930915636872797,0.9302133924610467
grok_v01,Judaism,o,lettera,3258,1.173191748322891,0.9786458677957349,1.0097506488340329,0.9170387803316925
grok_v01,Judaism,r,lettera,3195,0.803147299443346,0.9847883954908992,1.0080126040562336,0.8379798786537646
grok_v01,Judaism,l,lettera,2120,0.9171992549446568,1.0513416388839871,1.002535205145579,0.9916078000254754
grok_v01,Judaism,d,lettera,2014,1.2225085404853133,0.9665450986366831,1.0142288144903453,0.8783122148810447
grok_v01,Judaism,c,lettera,1995,1.2624409740309621,0.9389626871413536,0.9735540221223925,0.9676231152653159
grok_v01,Judaism,h,lettera,1923,1.1277279091262995,1.119372791066289,0.9969845231831808,0.9770534856215645
grok_v01,Judaism,m,lettera,1376,1.1380163005843307,1.0037949235962509,0.9634849864617238,0.9554839944608403
grok_v01,Judaism,u,lettera,1302,0.9424255775474691,0.9600253722539663,0.9603314208494423,0.9113070591962187
grok_v01,Judaism,p,lettera,1131,1.0878748393730047,1.0743624583083375,0.9532308142936787,1.0554849697977793
grok_v01,Judaism,g,lettera,1027,0.9999188416293945,0.9755241395409932,0.989488918897936,0.9449901919456141
grok_v01,Judaism,b,lettera,807,0.9812308046011583,1.0093771858468934,1.001755103897793,1.065530880799929
grok_v01,Judaism,f,lettera,757,1.1571578330955894,0.9585237568930399,1.0138212357374032,0.9668338018656055
grok_v01,Judaism,y,lettera,626,1.198808838817557,0.9971598508934335,1.0099917733598016,0.9775660610877421
grok_v01,Judaism,the,funzione,394,1.2070232354113224,0.9788869709940254,1.095482917849924,1.092731492468804
grok_v01,Judaism,and,funzione,326,1.101179522751599,1.0040909430717424,0.9897047600418958,0.9418229100904735
grok_v01,Judaism,in,funzione,195,1.1557296594015738,0.9626230349143751,1.100456253145884,0.9868788398261862
grok_v01,Judaism,of,funzione,185,1.1880789458000203,1.0362322295503565,1.052463194652556,1.0871900685533737
grok_v01,Judaism,to,funzione,158,0.9806286066505276,0.9591934777078648,0.9549118067278725,0.8123372845655091
grok_v01,Judaism,as,funzione,105,1.0682568942619237,1.0485105040080531,1.063133825286801,0.9250797963597269
grok_v01,Judaism,bce,keyword,79,1.5143973903843984,0.9979365778831614,1.4387575858271422,2.4840243612747157
grok_v01,Judaism,jewish,keyword,56,1.1550317203737777,0.9733540250171769,1.1367477476272203,1.7229582905303344
grok_v01,Judaism,like,keyword,50,0.983531296602185,0.9999968719613125,0.9761104927155818,0.8425974977993915
grok_v01,Judaism,ce,keyword,46,1.392193292628461,0.9670032777465559,1.2916326282997785,1.9553293928893856
grok_v01,Judaism,torah,keyword,39,1.1145728159911974,0.9899956431655986,1.136674300708048,1.2468485721168452
grok_v01,Judaism,century,keyword,37,1.106595528437174,0.9504798059702323,1.0940868822919303,1.155288563035779
grok_v01,Judaism,rabbinic,keyword,33,1.047815944663886,1.0135943705550623,1.007074486451126,1.0595125592801666
grok_v01,Judaism,from,appaiata,77,1.0078118777001022,1.0013641286514465,1.0480555234609803,1.0931122265932294
grok_v01,Judaism,or,appaiata,51,1.1591695064840846,0.8693167840153588,1.0848480115029842,1.440979510216612
grok_v01,Judaism,for,appaiata,50,0.9357322674122609,0.9823008090485934,0.9874566853703506,0.8947962854406517
grok_v01,Judaism,on,appaiata,44,0.9553711390365995,1.0016112651342628,0.9345033503490057,0.8030390228937819
grok_v01,Judaism,this,appaiata,36,0.9167576122233437,1.0174558933787834,0.9263660810311388,0.878861948836828
grok_v01,Judaism,th,appaiata,43,1.1936372285675696,0.9406745923165595,1.1238659996903417,1.4829740626939454
grok_v01,Judaism,divine,appaiata,27,1.0511111456982758,0.9895686213886794,1.0305946570566895,0.9566940001577421
grok_v01,Roman Empire,vocali,vocali,19083,1.1377041518848785,0.9897723942103246,0.9116403433072408,0.5425895828602775
grok_v01,Roman Empire,spazio,spazio,8531,1.229681602704796,0.8922984814552285,0.9378470566907909,0.4608276721620321
grok_v01,Roman Empire,e,lettera,5521,1.183644822835111,0.9814819063811648,1.0241256957757023,0.8772224437000953
grok_v01,Roman Empire,i,lettera,4640,1.111607419374538,0.9431226925638141,0.9524911740988982,0.8703529765144155
grok_v01,Roman Empire,a,lettera,4255,1.0320620531339504,0.955721421499994,1.0018208806225593,0.8527462181666454
grok_v01,Roman Empire,t,lettera,3964,1.0512178270094863,0.9615361557467335,0.9952466817097974,0.848357883260585
grok_v01,Roman Empire,n,lettera,3950,1.103621587346364,0.9494962558395086,0.950551612605479,0.8328768019873968
grok_v01,Roman Empire,r,lettera,3729,1.2540570387943952,0.9560584226995972,0.9912069879123289,0.8841943302672265
grok_v01,Roman Empire,s,lettera,3278,1.0928956887746955,0.9923590702992203,0.9830057269040413,0.9167547725372504
grok_v01,Roman Empire,o,lettera,3068,1.1811988260068287,1.0563935514961937,1.0443740859308248,0.9094145347774129
grok_v01,Roman Empire,d,lettera,2222,1.2388239139932982,1.0375050952961427,1.017457985085728,0.853436353755705
grok_v01,Roman Empire,l,lettera,2013,1.1923276690100388,0.9601597391183452,0.9493777468009772,0.923579216579217
grok_v01,Roman Empire,c,lettera,1720,1.218872744591397,0.9494282313697527,0.9563155062252281,0.9435958933473675
grok_v01,Roman Empire,u,lettera,1599,1.2166464199149292,0.9762563539654132,1.0107670304822665,1.042155317773779
grok_v01,Roman Empire,h,lettera,1406,1.2081091411054137,0.8864461810939087,1.0185683560379974,0.9753891637552689
grok_v01,Roman Empire,m,lettera,1310,0.9975474680223984,0.9572508551690874,1.0336684309471105,0.9066304846977485
grok_v01,Roman Empire,p,lettera,1171,1.1973020596107509,1.025107691161253,0.9901664577702949,1.0191285718740195
grok_v01,Roman Empire,g,lettera,1043,1.092858109839256,1.0536850009407321,0.96199464938351,0.873479135827681
grok_v01,Roman Empire,f,lettera,914,1.0524795819958315,1.0174421820295192,1.0075881666741893,1.0024522022927922
grok_v01,Roman Empire,y,lettera,687,1.075364837125923,0.9551857118199258,1.000779461197461,1.0079789574530915
grok_v01,Roman Empire,b,lettera,633,0.9659800585727386,1.0530469227190746,0.9720570642694667,0.925555506636946
grok_v01,Roman Empire,the,funzione,435,1.2471091854230596,1.0228088600693093,1.035090806323588,1.0034565957165393
grok_v01,Roman Empire,and,funzione,376,1.151433027528055,0.95725236198574,1.0037118421005624,0.7781897897403086
grok_v01,Roman Empire,in,funzione,205,1.0194963929273557,0.9443331872884283,1.0786920971064717,1.0067941289593672
grok_v01,Roman Empire,to,funzione,178,1.0393238455450373,0.9330473559607908,0.994980471371591,0.9300438766986625
grok_v01,Roman Empire,of,funzione,167,1.116214872904639,1.0599480701586905,1.1172676018650183,1.1477248431246179
grok_v01,Roman Empire,by,funzione,111,0.9720222333525063,1.0770073056891547,0.8850070542589002,0.7900347698433727
grok_v01,Roman Empire,ad,keyword,154,1.458903418776001,0.9538637432145555,1.30684581413746,1.8348004078795666
grok_v01,Roman Empire,like,keyword,53,0.8824479259033701,0.9932541593245157,0.9099843923340721,0.8104773173445099
grok_v01,Roman Empire,roman,keyword,46,1.1060365989921068,0.9603276881996687,1.0603497729122386,1.1325692519266297
grok_v01,Roman Empire,military,keyword,42,1.1498723834330264,0.9886299553368615,1.0764091985620337,1.175734460773711
grok_v01,Roman Empire,imperial,keyword,32,1.131182282474981,0.9451783457809585,1.0718966365705713,1.1963896276245856
grok_v01,Roman Empire,emperor,keyword,35,0.9967214227757767,1.035736414953737,0.9992163247922504,0.8781065623325138
grok_v01,Roman Empire,empire,keyword,57,1.0052394215798357,0.9270999931011531,1.0884297835030006,1.211417300947268
grok_v01,Roman Empire,from,appaiata,87,1.0034019725358643,0.9761845617524854,1.0604319829936024,1.0853940165706624
grok_v01,Roman Empire,for,appaiata,54,1.1471941961746226,0.9777670249721332,1.0360825521856523,1.071250084055229
grok_v01,Roman Empire,under,appaiata,40,1.0580683585422468,0.9825517050165429,0.9643040100537279,1.0880922690845785
grok_v01,Roman Empire,over,appaiata,33,0.963491419199524,1.0051249282592571,0.9365676140566261,0.7953658648382282
grok_v01,Roman Empire,at,appaiata,32,0.9776648953478565,0.9473399817241394,0.9536375638974984,0.8831439133277305
grok_v01,Roman Empire,but,appaiata,30,1.0475049108022352,0.932097396549208,1.0430793038514559,1.037021294519938
grok_v01,Roman Empire,this,appaiata,29,0.9015219654629841,0.9742192462191964,0.8826494437565642,0.9914762641000168
grok_v01,Cold War,vocali,vocali,18849,1.1791168589058767,1.0044248457374112,0.9590515006302406,0.5654512660812401
grok_v01,Cold War,spazio,spazio,8447,1.181833815260568,0.9784733242359905,1.0482145771761588,0.4517004335812965
grok_v01,Cold War,e,lettera,5666,1.0618460224720583,1.0208199059143241,0.9153806306631799,0.8548692011016314
grok_v01,Cold War,i,lettera,4404,1.1755185630717364,0.9417649842000682,0.971276479721458,0.9185747710025199
grok_v01,Cold War,t,lettera,4090,1.0547941078806182,0.9699731998261107,1.0046084984824202,0.8561047402657886
grok_v01,Cold War,n,lettera,4061,1.085352890960352,0.9843537226840704,0.9520228307899693,0.8662664832397123
grok_v01,Cold War,a,lettera,3834,0.9259262755461677,0.9785063193390683,1.0074924808612495,0.8828364380095213
grok_v01,Cold War,o,lettera,3510,1.1110719129870898,0.8917861139516928,1.0346586387794359,0.8955686813302042
grok_v01,Cold War,s,lettera,3331,1.0593655549888092,0.8930219951919628,0.991165322956375,0.9452660261962142
grok_v01,Cold War,r,lettera,3290,1.1681728875855522,1.047102607980687,1.0487936195058756,0.8428932830336638
grok_v01,Cold War,l,lettera,2049,1.0569241371024989,0.965018628255346,0.9832377874815235,0.9726034919255498
grok_v01,Cold War,d,lettera,1960,0.925032740121882,0.9982826985289505,0.950359510224818,0.8841501768811094
grok_v01,Cold War,c,lettera,1918,1.0412532511435826,1.0160467712542396,0.9910265288387922,0.9542556779079223
grok_v01,Cold War,h,lettera,1457,1.1917804036705568,0.9653498427331217,1.0059575307593238,0.9820912435326288
grok_v01,Cold War,u,lettera,1435,1.124742985551546,0.9806436435000866,1.0575774181207576,0.9433387271106558
grok_v01,Cold War,m,lettera,1309,1.0390379514436965,1.0145429180523815,0.9532803349683441,0.9729055042684477
grok_v01,Cold War,g,lettera,1136,0.8663241920899315,0.9058435212633538,0.925544261455378,0.9201162698377681
grok_v01,Cold War,p,lettera,1116,1.0163666092174533,0.9723877142790104,0.9877152017180356,0.9768857919842125
grok_v01,Cold War,f,lettera,856,1.0737285024733918,0.9546400946638064,0.9549645438164366,0.9550057455064885
grok_v01,Cold War,v,lettera,704,1.0423811826238158,0.9834108900371801,1.0072695534062819,1.0004221445173487
grok_v01,Cold War,b,lettera,615,1.0922382928706333,1.0597724128214547,1.0232510712373308,0.9610270494010765
grok_v01,Cold War,the,funzione,449,1.1143262680886445,1.0008502188250878,1.017004402170057,0.9226372822602478
grok_v01,Cold War,and,funzione,275,1.1011162526649108,0.9942460489944335,1.0358719125337899,0.8564261013022669
grok_v01,Cold War,in,funzione,193,0.8755647955548753,0.9597959663200263,0.9722154015652048,0.9452372609245462
grok_v01,Cold War,to,funzione,187,0.9598842422533053,0.9439111908223369,0.9903498435227513,0.907945274688673
grok_v01,Cold War,of,funzione,168,1.009849807353041,0.9403688738788477,1.0648410716594727,1.0659770496700816
grok_v01,Cold War,on,funzione,114,0.9927794002667164,1.0355131932227266,0.9551225453104086,0.8692080528713678
grok_v01,Cold War,soviet,keyword,145,0.9223852833392446,0.9698187084193733,0.8211226209813501,0.7667281945560421
grok_v01,Cold War,war,keyword,65,1.1187535665573316,0.9329084213371793,1.0398231059729757,1.0683096265568182
grok_v01,Cold War,communist,keyword,42,1.0581814807671177,0.9998415625776357,1.0654525614992971,1.0644758165552815
grok_v01,Cold War,europe,keyword,32,1.114459002489332,0.9699244536511089,1.1257267487588958,1.1280623823731282
grok_v01,Cold War,military,keyword,30,0.8918586836300648,0.9847350987012584,0.8694478342035786,0.6409994468685674
grok_v01,Cold War,united,keyword,28,1.1875009337652125,1.0021933719215657,1.1078056709347344,1.3463852475590479
grok_v01,Cold War,western,keyword,30,1.0740103204964884,0.977711308188652,1.0645421259948364,1.267564515052307
grok_v01,Cold War,as,appaiata,80,1.0797341408836878,1.0029574328341635,0.9582686085425554,0.9541048647823364
grok_v01,Cold War,for,appaiata,54,0.9493907655244357,0.9839413889333551,0.9756763793861588,0.9987965200613842
grok_v01,Cold War,over,appaiata,33,0.8805609102435444,0.9894831543954603,0.8940151083353799,0.7871122102065722
grok_v01,Cold War,against,appaiata,29,1.0157170174597947,0.9669948997641707,1.0769574347107442,0.9420130791678993
grok_v01,Cold War,but,appaiata,26,1.0003997925204986,1.010713767641839,1.0143046310703163,1.160387180669785
grok_v01,Cold War,economic,appaiata,26,1.0364129090382548,0.9910100159930879,1.0090890115680162,1.3127158124738956
grok_v01,Cold War,like,appaiata,26,1.033278407259262,0.9355621386213477,1.0303153077361198,1.1338610727977485
grok_v01,Moscow,vocali,vocali,17966,1.2528418557545966,0.9993102660808922,1.0012563156682621,0.6550881998409169
grok_v01,Moscow,spazio,spazio,8440,1.1374203069993833,0.9742566028948993,1.024473754363466,0.46293648246866564
grok_v01,Moscow,e,lettera,5114,1.2512511416322887,0.8679516691101722,0.9829658391836147,0.8813357145148057
grok_v01,Moscow,i,lettera,4324,1.0974648488028669,1.0486447602422002,0.9988205322347216,0.8797622623071193
grok_v01,Moscow,t,lettera,4076,1.0513893692554097,0.8984882383194429,0.9244588244149993,0.8682121184847219
grok_v01,Moscow,n,lettera,3683,1.0579798715369826,1.0169623868312871,0.9716515208070985,0.836801484661964
grok_v01,Moscow,a,lettera,3649,1.047604984384109,0.9918262205880803,0.9777842983004982,0.8820248234150807
grok_v01,Moscow,o,lettera,3519,1.1106807574683863,1.029147210258426,0.9460933332025597,0.8970862594100809
grok_v01,Moscow,r,lettera,3412,1.1434198067213137,1.0253474244212744,0.9783866498199606,0.822689738108804
grok_v01,Moscow,s,lettera,3286,1.1750650482809775,0.9816088703106506,1.0979386613256004,0.9739274784207981
grok_v01,Moscow,c,lettera,2003,1.198042575782888,1.034215922225352,0.916577998883988,0.9040229385656247
grok_v01,Moscow,l,lettera,2003,0.9628464283511706,0.9332800838728469,1.018017335311625,0.9732394216890263
grok_v01,Moscow,d,lettera,1805,1.0863920543817598,0.9481497445930174,0.9677110627975267,0.8627316186351875
grok_v01,Moscow,h,lettera,1476,1.0746862990272217,0.9501108798237589,0.9747926394638912,0.9913892613157972
grok_v01,Moscow,u,lettera,1360,1.0366547370321129,0.9315283061685836,0.9078773897084337,0.9246748285412307
grok_v01,Moscow,m,lettera,1256,0.9549842467915184,0.9730691751565494,0.9728217072493126,0.9361943224487982
grok_v01,Moscow,p,lettera,1052,0.9850579673713922,0.9833980075379544,1.023272711064024,1.0024964248206285
grok_v01,Moscow,g,lettera,1050,1.0947153498965814,0.853299801870849,1.013753326175789,0.9322421531659728
grok_v01,Moscow,f,lettera,904,1.067412666767932,0.8895276044130574,0.9709647981115554,1.0598184373237087
grok_v01,Moscow,y,lettera,736,0.8696746123736512,0.9840787187569683,1.0228898095240901,0.8942712518386443
grok_v01,Moscow,v,lettera,664,1.2465099347921045,0.975920484447044,0.991154960698931,1.0990968737220375
grok_v01,Moscow,the,funzione,448,1.294305241318729,0.9181606062319766,1.1024962743064213,1.247324363598137
grok_v01,Moscow,and,funzione,292,1.062912402310489,0.960927803997578,0.9391581165067322,0.8055491418196004
grok_v01,Moscow,of,funzione,210,1.0520905944755554,0.9680857691932522,0.951542903978072,0.991799846499321
grok_v01,Moscow,in,funzione,192,1.1363485144332885,0.951658713624937,1.0051344433082603,0.9677787242484903
grok_v01,Moscow,to,funzione,155,1.0470532116505251,1.025131852167704,0.9934768438910285,0.9742422480122517
grok_v01,Moscow,by,funzione,109,1.0689173975900663,0.953793116156564,0.9916395349466236,0.9212148298861558
grok_v01,Moscow,moscow,keyword,155,1.1071207366769873,1.0245289314042634,0.9592013891116485,0.8837260628074035
grok_v01,Moscow,moscow's,keyword,47,1.0664397105169232,1.0108349300444446,1.0646057188663935,1.046152664006514
grok_v01,Moscow,city,keyword,64,1.0180031504191152,1.0211516084810233,1.0404129449889858,0.9639588042140529
grok_v01,Moscow,like,keyword,33,0.8965419547284984,0.9535804326615182,0.8849791650364086,0.7792199239753177
grok_v01,Moscow,population,keyword,31,1.1967926863439213,0.9327234272521953,1.1783637457242893,1.3803900999103582
grok_v01,Moscow,amid,keyword,28,0.8615747241539194,0.9069699340122686,0.8696559601228501,0.7453780137917962
grok_v01,Moscow,central,keyword,26,0.990713082976911,1.0276750561719903,1.0012641426430766,1.3543379930990957
grok_v01,Moscow,with,appaiata,99,1.0511216882929686,0.9377727201853859,0.8962831115243725,0.782079104412814
grok_v01,Moscow,for,appaiata,48,1.1929495259610536,1.026576267280596,1.0942295243582754,1.2434303421888213
grok_v01,Moscow,on,appaiata,44,0.961021902652501,0.9892103704117908,0.9327289571126697,1.012304211094969
grok_v01,Moscow,over,appaiata,34,1.1288566366934607,0.9596882711928855,1.0959925917923832,1.1451965653265932
grok_v01,Moscow,under,appaiata,31,0.9973046667713679,0.9449205371330834,0.9564944383653663,0.9672231014292514
grok_v01,Moscow,at,appaiata,28,1.1586496942989986,1.0472975495501757,1.0948602399426737,1.7267820523456099
grok_v01,Moscow,million,appaiata,25,1.105052869003837,1.0603041036075587,1.0589995470842555,1.9984599244357326
grok_v01,Nelson Mandela,vocali,vocali,18868,0.9422326703447026,1.0216658284742957,0.8765203474275847,0.5494796543236498
grok_v01,Nelson Mandela,spazio,spazio,8427,1.3114816490917456,0.938933566480411,0.9823171602445552,0.4613828209120244
grok_v01,Nelson Mandela,e,lettera,5468,1.1338083727561905,0.9631113985665817,0.9959433087105644,0.8550532899398365
grok_v01,Nelson Mandela,i,lettera,4422,1.1264658588761312,0.9304504540463615,1.013331282191096,0.8879585270769266
grok_v01,Nelson Mandela,a,lettera,4391,1.1841461176435415,0.9740406381158703,1.0577457272947843,0.901710539725466
grok_v01,Nelson Mandela,n,lettera,4177,1.1083718655323787,0.9682433472772983,1.0626335563029796,0.8465018370763708
grok_v01,Nelson Mandela,t,lettera,4023,1.1521389543715777,0.9881945785407581,0.9926345737038395,0.8665112063065957
grok_v01,Nelson Mandela,o,lettera,3291,1.041804495738461,1.0262656799395522,1.1325519463976697,0.8823971009320594
grok_v01,Nelson Mandela,r,lettera,3273,1.0531929682465835,0.957213953797523,0.9491973609715584,0.8476562008132186
grok_v01,Nelson Mandela,s,lettera,3092,1.0349518858036033,1.0426833107924314,1.0192282078527057,0.9399415648016635
grok_v01,Nelson Mandela,l,lettera,2216,1.1662223151996483,1.0132271325997484,1.0067127974253929,0.968269899392414
grok_v01,Nelson Mandela,d,lettera,2174,1.0451155853913132,1.0352265714191382,1.0020484708459236,0.8825326125155745
grok_v01,Nelson Mandela,c,lettera,1917,1.138182344928876,1.037226806810619,0.9843718189120515,0.9647584714179426
grok_v01,Nelson Mandela,h,lettera,1579,1.2401949653766247,1.0081209078231144,0.9941941736643845,0.9622911981431687
grok_v01,Nelson Mandela,m,lettera,1409,1.0869932332784251,0.9978069081801362,0.9551205537755276,1.0017514133720977
grok_v01,Nelson Mandela,u,lettera,1296,0.9101324387391754,0.9527437307301408,1.0535215195278032,0.9831119997273678
grok_v01,Nelson Mandela,g,lettera,1210,0.8660791652876453,0.9991057736414327,1.0171228778608643,0.9090020882994218
grok_v01,Nelson Mandela,p,lettera,1120,1.0730975122076238,0.9967742950956273,0.9565358524197305,0.9804823630728623
grok_v01,Nelson Mandela,f,lettera,903,0.9529754349079287,0.9331458328256401,1.0531779935351666,0.956108763587809
grok_v01,Nelson Mandela,y,lettera,603,1.0865235539859304,0.9768903644741668,1.0337491216252832,0.9620746056427691
grok_v01,Nelson Mandela,b,lettera,569,0.9479101946411876,0.9583101057127754,0.9268938555138347,0.9724623632107299
grok_v01,Nelson Mandela,the,funzione,372,1.1861018725211292,1.0338072664227622,1.1118805669674978,1.0610547336784424
grok_v01,Nelson Mandela,and,funzione,292,0.8158125660556169,0.9703067896184322,0.915554453833137,0.768459784370331
grok_v01,Nelson Mandela,to,funzione,220,1.0304732731521857,0.9352390573171384,0.9717637762564383,0.8654616862486144
grok_v01,Nelson Mandela,in,funzione,180,1.0540889455202447,0.96767721677565,1.0074238810988263,0.9562895250768115
grok_v01,Nelson Mandela,of,funzione,153,0.9822062100250728,0.9886111753273675,0.9977125523103582,0.9801408014416201
grok_v01,Nelson Mandela,on,funzione,99,1.114496324450942,0.9694258618393664,1.03732052470077,1.0531160136657982
grok_v01,Nelson Mandela,mandela,keyword,144,0.9376812842906059,0.9494024861646838,0.8057762480715813,0.6943556360226835
grok_v01,Nelson Mandela,anc,keyword,87,1.2471960274632847,0.9665524844366754,1.2343504218939634,1.6400576981922639
grok_v01,Nelson Mandela,south,keyword,49,1.1406508751115447,0.9802067206405881,1.0905779594788798,1.0833232578897507
grok_v01,Nelson Mandela,african,keyword,46,1.1048482668882977,0.9851661097276887,1.0756857931300212,1.1748795997310983
grok_v01,Nelson Mandela,national,keyword,36,1.1956626893519255,1.0089823439671168,1.1296927653749058,1.5219473162091888
grok_v01,Nelson Mandela,including,keyword,36,0.8333592460683362,0.9178935365824761,0.8937426442734587,0.7912015283530429
grok_v01,Nelson Mandela,mandela's,keyword,35,0.9800538262070613,0.9288295881231662,0.9844152989076469,1.228269231929825
grok_v01,Nelson Mandela,as,appaiata,96,0.9144286110277913,1.0286876792289819,0.9534445408432002,0.9930182298272101
grok_v01,Nelson Mandela,with,appaiata,67,0.893625258221383,1.0324392327287113,0.9008858770218086,0.7716679168600135
grok_v01,Nelson Mandela,at,appaiata,47,1.1248721886614756,1.0462649495500422,0.9950134134492349,0.9927398807465355
grok_v01,Nelson Mandela,he,appaiata,41,1.1272701047094387,0.9545054042736103,1.1404844620942558,1.5230812964313816
grok_v01,Nelson Mandela,that,appaiata,36,1.16417994165821,0.9768667693075538,1.0454238937179186,1.0036549799711607
grok_v01,Nelson Mandela,was,appaiata,32,1.0759763636535387,0.9310782485673208,1.0684957768814982,1.0899457184751995
grok_v01,Nelson Mandela,government,appaiata,34,1.0645249518775943,1.0412396087351785,0.9963779818886014,1.2753451830652502
grok_v01,Ancient Rome,vocali,vocali,18961,1.271121829091864,0.9239600605595196,1.0144755985310145,0.5803211641416066
grok_v01,Ancient Rome,spazio,spazio,8505,1.267205598851727,0.918397065490547,0.9723024622117157,0.44739085751778845
grok_v01,Ancient Rome,e,lettera,5352,1.050111494880891,0.9908013540508511,1.0089070971792065,0.8997538170700866
grok_v01,Ancient Rome,i,lettera,4645,0.9877989840231264,0.9904336604850416,1.0750383245102924,0.8702358129402312
grok_v01,Ancient Rome,a,lettera,4400,1.25366448947765,0.9628539485191876,1.0131469592984665,0.8676626571072451
grok_v01,Ancient Rome,n,lettera,3917,1.1385046725425383,0.993433045764581,0.9716052816223651,0.8397676295969722
grok_v01,Ancient Rome,t,lettera,3774,1.1511359761426694,0.9593836188583342,0.9401338592939575,0.8760348813705747
grok_v01,Ancient Rome,r,lettera,3504,1.0781152218038503,0.9373245629232372,0.9963585191566665,0.8385584629337485
grok_v01,Ancient Rome,s,lettera,3281,1.0131567612860044,1.0676471495349193,0.9314149531527787,0.9378782936772447
grok_v01,Ancient Rome,o,lettera,2877,1.0383862619142787,0.9746589600928376,0.8745375806862471,0.9118211154789256
grok_v01,Ancient Rome,l,lettera,2245,1.1056512779872278,0.9980668086973304,0.9760327445781621,0.9929490834090886
grok_v01,Ancient Rome,d,lettera,2044,1.1936499106686986,0.9672820773006602,1.0107299057496162,0.8996050030547972
grok_v01,Ancient Rome,c,lettera,2001,1.0969400866862724,0.962927595009984,1.0189587061171004,0.9490186446055485
grok_v01,Ancient Rome,u,lettera,1687,1.1567229177276965,0.9640989625683366,0.9684360216091581,1.007636551222065
grok_v01,Ancient Rome,h,lettera,1436,1.1933227453342008,0.9368968968459437,0.977625719255612,0.9684770600735776
grok_v01,Ancient Rome,m,lettera,1308,1.0434213130728482,0.9403087625734803,0.9896106043442839,0.9687437062303182
grok_v01,Ancient Rome,p,lettera,1164,1.028819334538429,0.9613663169650729,1.0191594052732604,0.9398543644307253
grok_v01,Ancient Rome,g,lettera,1129,0.9363618667380541,0.9974246892887861,1.0077222245603255,0.9199138201945506
grok_v01,Ancient Rome,f,lettera,827,0.9554076285583234,0.983657695781932,0.9960505039351558,0.9668342948872097
grok_v01,Ancient Rome,b,lettera,798,1.1869799233919278,0.9530010990604931,0.9879450369005829,0.9969603650250969
grok_v01,Ancient Rome,y,lettera,714,1.121913939374427,1.0182163365537187,0.9632045595601824,0.9569698357548411
grok_v01,Ancient Rome,the,funzione,384,1.1005278084945824,0.9063505968470457,0.9248150390546965,0.9224932422907497
grok_v01,Ancient Rome,and,funzione,376,0.9884545321138924,0.9963251259326551,0.9999522388824241,0.7499162519776926
grok_v01,Ancient Rome,in,funzione,195,1.3245940771707507,0.9538843276679567,1.0645475822090438,1.2254860277588258
grok_v01,Ancient Rome,of,funzione,155,1.119549581631743,0.9742362013051092,1.1521807901888566,1.2257701268866152
grok_v01,Ancient Rome,to,funzione,145,1.000226030273266,0.9233755910967849,1.0775626273059118,1.0239410071406987
grok_v01,Ancient Rome,by,funzione,114,0.9925985522198881,0.9241419533286718,1.0575122403205648,1.0150861877877
grok_v01,Ancient Rome,bc,keyword,144,1.5747009831221264,0.9739687505048421,1.4563297212428636,2.507416010710383
grok_v01,Ancient Rome,ad,keyword,81,1.5409519057902612,0.9963449792033314,1.5103651420586452,4.544390318320435
grok_v01,Ancient Rome,roman,keyword,49,1.1642487540605622,0.8981400768025698,1.0873251345346564,1.2283297446124226
grok_v01,Ancient Rome,military,keyword,37,0.9830598066463807,1.0062254785266243,0.9797955941918541,0.8404309537802757
grok_v01,Ancient Rome,like,keyword,34,1.0299283636227754,1.000267594329531,1.0522126683360533,1.0640855299702596
grok_v01,Ancient Rome,rome,keyword,45,1.094185498274903,0.8840943910348766,0.9773181695523476,0.9923827046901315
grok_v01,Ancient Rome,though,keyword,22,0.9463230286399635,1.0075462913940854,0.9652980036925105,0.6735253719876909
grok_v01,Ancient Rome,with,appaiata,74,0.9905231561879834,0.9532406767137612,0.964659326448999,0.8880347235771714
grok_v01,Ancient Rome,from,appaiata,70,0.9720180296132737,0.9930061571996477,0.9798538178359756,0.9812846242337712
grok_v01,Ancient Rome,for,appaiata,48,1.0429789301762753,1.052633060056955,1.0735198253444695,1.0741668887369422
grok_v01,Ancient Rome,on,appaiata,40,0.9996227666863797,1.0275457856653134,0.9817053113601933,1.0095949928812247
grok_v01,Ancient Rome,while,appaiata,31,0.8692340501186208,0.9705026502419463,0.8809680498912936,0.7959857135233173
grok_v01,Ancient Rome,through,appaiata,29,0.9174298977757975,0.9859127789096095,0.9288093245642322,0.7663218568564965
grok_v01,Ancient Rome,senatorial,appaiata,22,0.9986633394819309,1.0292845737300178,0.970878165264564,1.0871070256338957
grok_v01,Ottoman Empire,vocali,vocali,18910,1.1904277450674279,0.9240457375617194,1.0060058858034184,0.5840193687750336
grok_v01,Ottoman Empire,spazio,spazio,8140,1.1855971695635037,0.9836064331100568,0.9137312758622339,0.447351792934003
grok_v01,Ottoman Empire,e,lettera,5397,1.1738787531416848,0.930233425913419,1.0159363586396093,0.8718551469090913
grok_v01,Ottoman Empire,i,lettera,4607,1.21586371623394,0.9947319779883542,1.006063345281054,0.8923266844734188
grok_v01,Ottoman Empire,a,lettera,4379,1.147998818802026,1.0548718760215463,0.9895411289390655,0.8550943328965029
grok_v01,Ottoman Empire,t,lettera,4275,1.2235112763074203,1.0753408793696766,0.9548470783539321,0.883700657156935
grok_v01,Ottoman Empire,n,lettera,3960,1.0406730344414652,0.9788339804345364,0.9513221735292735,0.8617580609303334
grok_v01,Ottoman Empire,r,lettera,3415,1.0409010750940488,1.005379882219783,0.9909614314992279,0.8765558372310334
grok_v01,Ottoman Empire,s,lettera,3236,0.950889794359595,1.0864968351659914,0.959899106231871,0.9291467477008835
grok_v01,Ottoman Empire,o,lettera,3066,1.0325624823994886,0.9708905836861456,1.0138866873425088,0.9160821484150832
grok_v01,Ottoman Empire,l,lettera,2200,1.0077431928162617,0.9247668772348695,1.0278582273530137,0.9405085304904074
grok_v01,Ottoman Empire,d,lettera,2047,1.0274462435875629,0.9837132511069294,0.9964857636525913,0.8408358462884999
grok_v01,Ottoman Empire,c,lettera,1707,0.9666825467125248,1.0186802045424115,0.9738104061950829,0.908047791839462
grok_v01,Ottoman Empire,h,lettera,1482,1.0652562892324573,1.0016075842906442,1.0210869119668058,0.9097887552335299
grok_v01,Ottoman Empire,u,lettera,1461,1.0671384558766597,0.9646618093465759,0.9731709522042085,0.9191743669116784
grok_v01,Ottoman Empire,m,lettera,1397,1.1344518827483965,1.0210803577835927,1.0084721423162728,0.995438860310768
grok_v01,Ottoman Empire,p,lettera,1151,1.088641555406567,1.0092226439857874,0.9342263747126105,0.9661856054394314
grok_v01,Ottoman Empire,g,lettera,1099,1.070957673970603,0.9163875700457859,1.0364781342996572,0.927053839191902
grok_v01,Ottoman Empire,f,lettera,871,1.0650324689764488,1.0199771902485073,0.9813615328697928,1.0134201789252684
grok_v01,Ottoman Empire,y,lettera,765,1.2588587821890747,0.8692682974616771,1.032596083385678,0.9871116573567837
grok_v01,Ottoman Empire,v,lettera,622,1.0584895348701082,0.9616097595918737,1.0238427342057927,1.053586502252538
grok_v01,Ottoman Empire,the,funzione,372,1.0927918293695345,1.0352691921495285,1.0575772218948651,0.9802044120426746
grok_v01,Ottoman Empire,and,funzione,327,1.0878260635363703,1.0006066746086855,0.9333821637549263,0.720048164860998
grok_v01,Ottoman Empire,of,funzione,168,1.0747711863274083,1.0135806861232055,1.0675113674043426,1.0556447446042054
grok_v01,Ottoman Empire,in,funzione,164,1.0069230729978156,1.051068244195994,0.9731566541985641,0.9515808678634188
grok_v01,Ottoman Empire,to,funzione,159,1.005864665079749,0.9686070190663821,0.9940902785370879,0.8762395129739032
grok_v01,Ottoman Empire,by,funzione,99,1.0281491013896034,0.9161672384839173,0.9430832400659667,0.8460565139541308
grok_v01,Ottoman Empire,ottoman,keyword,81,1.0967570172515988,0.9834753945904219,0.9596732250167855,0.9122742694612304
grok_v01,Ottoman Empire,century,keyword,52,1.1627317495283813,1.0140655873206386,1.077039841637759,1.349070261311473
grok_v01,Ottoman Empire,military,keyword,37,0.9385417565160922,0.9835881966089651,0.9289837432934908,0.8137126157487434
grok_v01,Ottoman Empire,like,keyword,31,0.9284352175007532,1.0321774135640995,0.9372883991165698,1.0564704241856446
grok_v01,Ottoman Empire,fiscal,keyword,28,0.9923620927239716,0.9069533148793482,0.9867750413782347,1.0826529509338942
grok_v01,Ottoman Empire,amid,keyword,23,0.9277659767250063,0.9593302759451957,0.9309246393432861,0.9415592737310209
grok_v01,Ottoman Empire,european,keyword,23,1.066693202772457,0.9077598085307019,1.0776772082317914,1.5685268991787187
grok_v01,Ottoman Empire,from,appaiata,76,0.914937574163448,0.9823036062459961,0.857800470331734,0.7950729340070325
grok_v01,Ottoman Empire,on,appaiata,43,0.9413642014860512,1.0357146631053513,0.9673517802672066,0.9637968127507482
grok_v01,Ottoman Empire,that,appaiata,37,0.9140130251216009,0.9168541540710041,0.9574514689723864,0.9919016076418787
grok_v01,Ottoman Empire,these,appaiata,29,0.9069542284572009,1.0330584825472757,0.9221581631389082,0.755964564671477
grok_v01,Ottoman Empire,through,appaiata,28,0.9012970003873553,0.9578164161490581,0.9080854031789894,0.7928978471177444
grok_v01,Ottoman Empire,into,appaiata,24,0.9899583084197645,0.9976665256852426,1.0208378663763438,1.308504613235441
grok_v01,Ottoman Empire,administrative,appaiata,21,0.9555528035775837,0.9875400052653989,0.9404750351699652,1.2439294323424597
grok_v01,American Civil War,vocali,vocali,18399,1.4072402340214185,0.9900035722898576,1.0327232904295556,0.6009854977911814
grok_v01,American Civil War,spazio,spazio,8506,1.177481703429428,0.9478398366919855,0.8966538531184806,0.453601930313652
grok_v01,American Civil War,e,lettera,5729,0.9659504922744738,0.9521492398245096,0.9514771953548516,0.9006986684425927
grok_v01,American Civil War,n,lettera,4053,0.9867342536633127,0.9340455024810047,0.9565009294260927,0.8730242571721896
grok_v01,American Civil War,t,lettera,3999,1.2335150527150402,1.0740437448855957,0.987331050635693,0.9244173572750843
grok_v01,American Civil War,i,lettera,3887,1.2429981580389045,0.998579178503476,1.0439614669309993,0.9780950035622327
grok_v01,American Civil War,a,lettera,3872,1.0176789034842533,0.9709143923743375,0.9707167709607667,0.8514850773550937
grok_v01,American Civil War,o,lettera,3533,1.1611287173376663,1.0188406636481508,1.0526941126535885,0.857933970683534
grok_v01,American Civil War,r,lettera,3477,1.3640697549110388,0.9486624632976395,0.9185551928171997,0.8389791019411185
grok_v01,American Civil War,s,lettera,3324,1.119937938410706,0.9291577102062979,0.983301382929937,0.9678777352107859
grok_v01,American Civil War,d,lettera,2092,1.0802735998959136,1.0014473601383262,1.0588184972785477,0.8422475625202465
grok_v01,American Civil War,l,lettera,2050,1.0765458512844344,0.9936521196931398,0.989321344255158,0.9794586178530466
grok_v01,American Civil War,c,lettera,1753,0.8600184671957656,0.9487756359152647,0.9712437962382205,0.917829764520479
grok_v01,American Civil War,h,lettera,1492,1.1545728555784964,0.9252469466701848,0.9407721557869039,0.9478247532169698
grok_v01,American Civil War,u,lettera,1378,1.0846988926545424,0.9842038831873193,0.9650451929626683,0.9377828961770484
grok_v01,American Civil War,m,lettera,1121,1.1428541487799404,1.0050182695983974,1.0261989360712012,0.9568228622463926
grok_v01,American Civil War,p,lettera,1086,1.0361895218835195,0.9872371091474775,1.0048116662285755,1.0973728905319087
grok_v01,American Civil War,f,lettera,1052,1.0819991844898524,0.937463617391669,0.9415753471385928,0.936842979810678
grok_v01,American Civil War,g,lettera,1002,1.039670435351038,0.9890916320848889,0.8930420281117395,0.9194839206239347
grok_v01,American Civil War,y,lettera,679,1.0538016461569482,1.008975357652326,0.975648717490167,1.02114668884413
grok_v01,American Civil War,v,lettera,663,1.2135176377019918,1.0302275402893482,1.0427728275159478,1.0129859346569199
grok_v01,American Civil War,the,funzione,421,1.132228503482249,0.9881758893340974,1.0647802759692626,1.004130210408173
grok_v01,American Civil War,and,funzione,301,1.0262303673309523,1.0018389415492015,0.9937662556796271,0.8446370610376168
grok_v01,American Civil War,of,funzione,213,0.9637272621265939,1.0001677411239258,0.9794660207714229,0.9192699685111274
grok_v01,American Civil War,to,funzione,189,1.0058089526615186,0.9686420324964266,1.0163000231852177,0.9286071709030899
grok_v01,American Civil War,in,funzione,165,1.0708167852867838,1.0249386604483506,0.9300725851971895,0.8955571374639696
grok_v01,American Civil War,on,funzione,126,1.1910662540912964,0.9823107877037195,1.017999936300759,1.110837028004534
grok_v01,American Civil War,union,keyword,111,1.40066720173398,0.9819106898006634,1.2438323765916106,1.547221041924492
grok_v01,American Civil War,confederate,keyword,81,1.2941865692629229,1.0212224019373366,1.2410968598192158,1.6893860489145816
grok_v01,American Civil War,states,keyword,55,1.2622108388265518,1.0684766020492131,1.2718374433854995,2.550902285186139
grok_v01,American Civil War,northern,keyword,43,0.9940399274565664,0.9450989355490984,0.9714079770941529,0.9591474953645776
grok_v01,American Civil War,southern,keyword,35,1.1980095952668073,0.927866778756763,1.16578301543174,1.7098103493725405
grok_v01,American Civil War,april,keyword,34,1.1833633985515266,0.9208192523708534,1.1492249217714647,2.1561701577057892
grok_v01,American Civil War,slavery,keyword,54,1.4853490243040262,1.0035533240307626,1.3988644412488078,3.2491134659548973
grok_v01,American Civil War,by,appaiata,82,1.0636393369160768,0.9251473858631237,1.0068760326599218,1.1434144136790256
grok_v01,American Civil War,as,appaiata,76,1.1025345081325588,0.9542810780011787,1.1146261983654235,1.3445009569092885
grok_v01,American Civil War,from,appaiata,50,0.9826996672859939,0.9356614723213421,1.0283258734799816,1.2141983451838845
grok_v01,American Civil War,for,appaiata,42,0.9904898455408198,0.9992197391698046,1.005096509089209,1.1138910483448579
grok_v01,American Civil War,but,appaiata,33,0.9697807091997636,0.9234396281106462,0.9590692838618695,0.7262429494722429
grok_v01,American Civil War,over,appaiata,32,0.9771108740929402,0.9714761300666973,0.9357158454919139,1.4491428528584624
grok_v01,American Civil War,federal,appaiata,28,1.2186784183518555,0.9526953898501668,1.114475139539219,1.8584528486629417
grok_v01,United Kingdom,vocali,vocali,18477,1.123493414363229,0.9256963842763226,0.9560746905363957,0.575292250809539
grok_v01,United Kingdom,spazio,spazio,8346,1.1498318668573628,0.9229849117191143,0.9882596236914071,0.4567847251925352
grok_v01,United Kingdom,e,lettera,5439,1.084579402513121,1.039908227655803,0.9453180222970617,0.8874750610231112
grok_v01,United Kingdom,i,lettera,4468,1.1752608349286398,0.9240793842351424,0.9568758991620969,0.8776211415667198
grok_v01,United Kingdom,t,lettera,4172,1.0053310249222103,0.9403901294648334,0.977114166804118,0.8338902177107559
grok_v01,United Kingdom,n,lettera,4119,1.0173499898605236,0.998629674663293,1.0144918834753047,0.8723991968801487
grok_v01,United Kingdom,a,lettera,3822,1.193155656965742,0.8956634069911384,1.0057913275591213,0.8720815612978713
grok_v01,United Kingdom,r,lettera,3377,0.9695936496345802,0.9377736422207076,0.9225258737542913,0.8671012756647307
grok_v01,United Kingdom,o,lettera,3366,1.0383873707480167,1.0033699862427028,1.0265470034004502,0.8791692308851842
grok_v01,United Kingdom,s,lettera,3108,1.1778332164253869,1.0224812848107856,1.0258100105202441,0.9562153539326452
grok_v01,United Kingdom,l,lettera,2239,0.9589348567151998,0.9652285629062463,1.0479943010944937,0.9356976378463951
grok_v01,United Kingdom,d,lettera,1911,1.1460971463822311,1.0031132439367811,0.9799705898621708,0.9033672398061837
grok_v01,United Kingdom,c,lettera,1812,1.0463317785783,0.9754180633927477,0.9616897734950483,0.9274096505082695
grok_v01,United Kingdom,h,lettera,1446,1.2962280836635676,1.011367250147598,0.9950557627536387,1.0455700892643547
grok_v01,United Kingdom,u,lettera,1382,1.1610557352712745,1.0111432955338582,0.9933809635792676,0.9490873794210934
grok_v01,United Kingdom,m,lettera,1256,1.0805476992026852,0.9532896854475382,0.9308653558598589,0.9641966619877261
grok_v01,United Kingdom,g,lettera,1240,1.0605767606297225,0.8822062631649102,0.9456250318127855,0.8607894629124716
grok_v01,United Kingdom,p,lettera,1114,1.2025074661094501,0.985433184416038,1.0379124444685968,1.0238068244419534
grok_v01,United Kingdom,f,lettera,939,0.9950181610301052,1.0088974300906064,0.8503893886701736,0.9278095329787389
grok_v01,United Kingdom,y,lettera,697,0.99878550948171,0.9820230663730936,0.9073305290930548,0.9162228732776129
grok_v01,United Kingdom,v,lettera,660,0.9877411792066193,1.006066284803152,1.0182060482798725,0.9687610449534468
grok_v01,United Kingdom,the,funzione,395,1.327726012984165,1.0089767663713698,1.0650603833895962,1.1307336249358795
grok_v01,United Kingdom,and,funzione,292,0.8596092390444349,0.9282815247296673,0.9579659948880853,0.8538244654657319
grok_v01,United Kingdom,of,funzione,231,1.1530956351786044,0.9454525982403309,1.0368120760333441,1.0224187738677617
grok_v01,United Kingdom,in,funzione,183,0.9422141659428648,0.9508266667520967,0.9665340916278202,0.8889202216480997
grok_v01,United Kingdom,to,funzione,165,0.919339354372414,0.9772701857701706,0.9662259989935098,0.9177044755578508
grok_v01,United Kingdom,by,funzione,99,1.1975167834876765,1.0004755742493148,1.0248257627531983,0.9567608676792275
grok_v01,United Kingdom,like,keyword,29,1.0109794753698933,0.9555715665319795,0.9662964717145744,0.868226182515936
grok_v01,United Kingdom,ireland,keyword,28,1.1989445440279793,0.9699173398576688,1.152339306113024,1.6819296683223282
grok_v01,United Kingdom,uk,keyword,37,1.0775816663604327,0.9248653908068034,1.1275049175416039,1.5866742108458118
grok_v01,United Kingdom,including,keyword,26,0.800689156554146,0.9831220191150251,0.8084107642173953,0.7068402264635578
grok_v01,United Kingdom,scotland,keyword,31,1.279742207044409,1.077763103571158,1.1788135356967164,1.6940416661881033
grok_v01,United Kingdom,act,keyword,25,1.2273473264830077,0.976261131234545,1.1206391571823306,1.2976962571046438
grok_v01,United Kingdom,britain,keyword,29,1.3850161715680447,0.9251072429814323,1.3383576074206633,1.8427898447600581
grok_v01,United Kingdom,under,appaiata,29,0.9254220803263471,1.0163706849379526,0.9198169066692667,0.8126029048167016
grok_v01,United Kingdom,while,appaiata,28,0.8219147189853808,0.9902079587224865,0.8341885477799716,0.6001893901584155
grok_v01,United Kingdom,which,appaiata,29,0.8919632934929442,0.9201737742295641,0.9496449421813935,0.8207322244667135
grok_v01,United Kingdom,amid,appaiata,23,0.9411622439760168,0.9897892765807641,0.9556177342094646,0.8215010936592277
grok_v01,United Kingdom,but,appaiata,22,1.0125851873360858,0.9521710656640613,1.0041422153841733,1.0532177154744407
grok_v01,United Kingdom,economic,appaiata,22,1.0212713489380691,1.0117151883974602,1.0088492014445702,1.300841962305698
grok_v01,United Kingdom,national,appaiata,23,1.0500509349734701,1.041059175988637,1.0326842315723477,1.152911518761127
grok_v01,Joseph Stalin,vocali,vocali,18680,0.9876927058287184,1.0065033866340742,1.0298212606033903,0.5801686449968934
grok_v01,Joseph Stalin,spazio,spazio,8472,1.1147941483715758,0.9384723166126904,0.9621492383416838,0.45972719848727767
grok_v01,Joseph Stalin,e,lettera,5278,1.0394700848347145,1.0619238435225071,1.0303460660455135,0.8871052180019411
grok_v01,Joseph Stalin,i,lettera,4538,1.0259066308240643,0.9754874411259395,0.984644622735694,0.8771644926526335
grok_v01,Joseph Stalin,a,lettera,3994,0.9527222852351078,1.017955607186712,0.9745470596251815,0.8747880718760492
grok_v01,Joseph Stalin,t,lettera,3960,1.0317385066593705,0.9906260540581945,1.0444658335959998,0.8501965786698094
grok_v01,Joseph Stalin,n,lettera,3931,1.1145000600544617,1.0440685070870614,0.9638937137424343,0.8128508257645854
grok_v01,Joseph Stalin,o,lettera,3552,1.0258233136958195,0.9521638971425427,1.0117062359276956,0.8709249733672629
grok_v01,Joseph Stalin,r,lettera,3409,1.0490830511255558,0.9616853030033653,1.0237975040567169,0.84212692656085
grok_v01,Joseph Stalin,s,lettera,3258,1.069795556096322,1.0497397627286862,1.0134198899803781,0.9284847856641616
grok_v01,Joseph Stalin,l,lettera,2160,0.9576758977088188,0.9628203397860163,0.9671034101043589,0.9742410860688332
grok_v01,Joseph Stalin,d,lettera,2025,1.0680430073371314,0.9249645876951109,1.0253063623499814,0.8606910491254874
grok_v01,Joseph Stalin,c,lettera,1690,1.0322124029830275,0.9877766986949778,0.9958633111188524,0.9849082513234199
grok_v01,Joseph Stalin,h,lettera,1475,1.307375110950078,0.9879215160877811,1.0059978915336243,0.9763158176650024
grok_v01,Joseph Stalin,u,lettera,1318,1.145467330855067,0.9719340151452204,0.9794744232780489,0.9413578530886482
grok_v01,Joseph Stalin,m,lettera,1267,1.1135942971905601,0.994975773310062,0.9304536939008773,0.9729473054297456
grok_v01,Joseph Stalin,p,lettera,1155,0.9969471924773137,1.018505037196209,0.8921621565063133,1.0048920179502343
grok_v01,Joseph Stalin,g,lettera,1143,1.047684982473898,0.9575400560493087,0.9758889182354111,0.9815172307377003
grok_v01,Joseph Stalin,f,lettera,987,0.9687111265306985,0.997289970073998,1.015546649300073,0.9760007930047423
grok_v01,Joseph Stalin,v,lettera,730,1.1709237674421622,1.0394782304597348,1.0242079130914847,0.9783660653528303
grok_v01,Joseph Stalin,y,lettera,709,1.0380242561451194,0.9816515121299126,0.9776936581512761,0.996858451781513
grok_v01,Joseph Stalin,the,funzione,391,1.2387771257090914,0.9339552349613447,0.9748269674345579,0.9399430064816892
grok_v01,Joseph Stalin,and,funzione,338,0.9897301045767575,1.0512721496728739,0.9596599048813017,0.7069822419862878
grok_v01,Joseph Stalin,of,funzione,224,1.071066138943777,0.9465349574475158,1.079882639485217,1.0477270304020105
grok_v01,Joseph Stalin,in,funzione,197,1.199228467587991,0.933768881868076,1.1278152971848627,1.1172151276307623
grok_v01,Joseph Stalin,to,funzione,195,0.81648610080641,0.9547366819386105,0.8893538456552278,0.8182715051330258
grok_v01,Joseph Stalin,by,funzione,104,0.8566291845495214,0.9589577964225388,0.8592755339775141,0.8158268951564807
grok_v01,Joseph Stalin,stalin,keyword,119,1.1312946758802402,0.9644610893858986,0.9910828593897879,0.9196478268066655
grok_v01,Joseph Stalin,soviet,keyword,75,1.3143761837078731,0.9559098350567051,1.2335678200845213,1.8407048268368387
grok_v01,Joseph Stalin,stalin's,keyword,40,0.9248542547506902,0.9946754212822526,0.9236701465294237,0.7977762791674741
grok_v01,Joseph Stalin,million,keyword,35,1.1702734782476334,0.9511679304856654,1.1485898145334448,1.546111195029703
grok_v01,Joseph Stalin,including,keyword,33,0.8676206037430735,1.0051722604016253,0.8599487503798079,0.8269492570693923
grok_v01,Joseph Stalin,party,keyword,38,1.4060294488265388,0.9827071106828541,1.3168755298598733,2.439732387209924
grok_v01,Joseph Stalin,german,keyword,26,1.431534641844016,1.0268867794382501,1.3898467597868513,1.283223619524262
grok_v01,Joseph Stalin,for,appaiata,71,1.0224357534502444,1.0447805497629905,1.0237009592873705,0.946681261755941
grok_v01,Joseph Stalin,as,appaiata,66,0.9865921765962551,0.9579500545421077,1.0189063784456174,1.111398127886333
grok_v01,Joseph Stalin,over,appaiata,37,1.0573121743101233,0.9703764939068721,1.002613643337047,1.032642434778122
grok_v01,Joseph Stalin,but,appaiata,31,0.9397595939870824,1.0112655802134718,0.9189172900878048,0.8084074502627278
grok_v01,Joseph Stalin,at,appaiata,30,1.0559013605639558,0.9918803570799919,1.048563562161991,1.182102216206323
grok_v01,Joseph Stalin,that,appaiata,27,0.9556024374777856,0.9595486700147244,0.9768358944786851,1.1908860689000909
grok_v01,Joseph Stalin,while,appaiata,26,0.8888561247038246,1.0912725235025071,0.8717170562228028,0.6383562586772616
grok_v01,Italy,vocali,vocali,18785,1.1621475688655372,1.0249680391295022,0.8837440188373811,0.5781511279352206
grok_v01,Italy,spazio,spazio,8296,1.2181160218715485,1.013775380856058,1.0729113893635684,0.46240437531554013
grok_v01,Italy,e,lettera,5195,0.9787068154518892,0.9889809098286664,0.9850631816267263,0.8963742446473209
grok_v01,Italy,i,lettera,4717,1.0127095779217736,0.9520052709074224,1.0126676821484555,0.8677088660945572
grok_v01,Italy,a,lettera,4170,1.130940153589353,0.985566315819623,1.0031454847182462,0.8610667180179142
grok_v01,Italy,t,lettera,4098,1.117227260243941,1.0158161673501342,0.9999734349511556,0.8141204795393316
grok_v01,Italy,n,lettera,4071,1.128846500471438,1.0142354794328936,0.9789551851751782,0.8637557614333606
grok_v01,Italy,r,lettera,3489,0.9615193901866349,0.9277639958599907,0.9618704859346844,0.8196009894853853
grok_v01,Italy,o,lettera,3309,1.0855724593230822,0.9770067275964843,0.9912420163652357,0.8618071119920679
grok_v01,Italy,s,lettera,2917,1.1107677020651923,1.0104981890245472,1.0072071268040197,0.9333560559553938
grok_v01,Italy,l,lettera,2214,0.9779619700608206,0.9729014153709824,1.0295078583018054,0.9279315829692708
grok_v01,Italy,d,lettera,1960,1.1179541535920037,0.951286127317252,0.9950606335398176,0.8833749393929856
grok_v01,Italy,c,lettera,1850,1.2615415964648868,1.0462333318562997,1.0042327010514474,0.9790014090271655
grok_v01,Italy,h,lettera,1403,1.1449725587151032,0.9843301099725043,0.9491694313550293,1.0191727459863391
grok_v01,Italy,u,lettera,1394,1.129710401662978,0.9780060172659283,0.9431106786610988,0.9667422436751008
grok_v01,Italy,m,lettera,1325,1.0784038401654896,0.9922038328830819,0.9526955204863171,0.97582349335841
grok_v01,Italy,p,lettera,1221,0.9248897457572395,0.9632264231541593,0.9776514519591739,0.9783299337743986
grok_v01,Italy,g,lettera,1190,1.007847775567025,0.9836622096886543,1.0014162140613163,0.8680743050131852
grok_v01,Italy,f,lettera,887,1.0742672870793861,1.043716115391771,0.9773444327949182,0.9426704110229426
grok_v01,Italy,y,lettera,701,1.0997699914895476,0.9826373071617183,1.022727397436592,0.967237188387837
grok_v01,Italy,b,lettera,648,1.0973905558946808,0.9997894453308089,0.984369688721657,1.0273370816309728
grok_v01,Italy,the,funzione,402,1.2647180890625351,1.0015258590731884,1.0096021549323797,1.0994231565811396
grok_v01,Italy,and,funzione,368,1.03839913456278,0.9858386298084313,0.8735023857634809,0.748813887869175
grok_v01,Italy,in,funzione,189,1.0111893361478832,1.0260268148424732,0.9455326560715727,0.9450633295352658
grok_v01,Italy,of,funzione,184,1.0548269252722948,0.9488295807291406,0.9676292518896327,0.988300698521025
grok_v01,Italy,to,funzione,160,1.1174400853515156,0.9475498236149038,1.0847258065373333,1.080892793336889
grok_v01,Italy,by,funzione,96,0.9955089378769303,0.9353457919555787,0.9395982430188724,0.9010780745702727
grok_v01,Italy,italy,keyword,71,0.9647268461016014,1.001049588235515,0.9250306509226539,0.9164599730105213
grok_v01,Italy,like,keyword,42,0.9553324410161775,1.0091914292449633,0.9235552393008354,0.7806218412020194
grok_v01,Italy,amid,keyword,26,0.9682603334712909,0.9991885884509486,0.9602694786351531,0.7515594201555851
grok_v01,Italy,including,keyword,24,0.8766472225242893,0.9895731268130264,0.8646201495682816,0.6975974775374522
grok_v01,Italy,italian,keyword,24,1.0720624995693595,0.967007870130697,1.065602362917999,1.4615161157205003
grok_v01,Italy,italy's,keyword,23,1.0705959378637602,1.0209480343823036,1.0850138782724246,1.1576405262318308
grok_v01,Italy,economic,keyword,22,0.979746554263935,0.9286211716055979,0.9504346478556925,0.9950273528190349
grok_v01,Italy,on,appaiata,54,1.2664824385600317,0.9238949694561022,1.1298995103088665,1.0904691968079725
grok_v01,Italy,over,appaiata,33,0.9729048619378401,1.0339880921419093,0.9510343935899193,0.8468111769807574
grok_v01,Italy,but,appaiata,24,1.041435804658275,0.9569985413142601,1.0341347140939516,0.9606927302741101
grok_v01,Italy,that,appaiata,23,1.1171973578515524,0.9916541365425463,1.1212722358459473,1.2970295057051227
grok_v01,Italy,into,appaiata,22,0.968813838746845,1.0408006666315934,0.9711373783599533,0.9315500825655607
grok_v01,Italy,this,appaiata,22,1.0414526286975239,1.0652193929568254,1.0278775054070353,1.3464846976241154
grok_v01,Italy,through,appaiata,20,0.9943313079709034,0.953589475689871,0.9865153195797925,1.0546550375476977
grok_v01,New York City,vocali,vocali,18189,1.138243716267493,0.9954454344003484,0.9757743060227629,0.5776492680538601
grok_v01,New York City,spazio,spazio,8433,1.222468554503856,0.9167844079196278,0.9564196487268614,0.4511838406697365
grok_v01,New York City,e,lettera,5336,1.10058102455726,1.0152015350978456,1.0077274689976685,0.8871482741379181
grok_v01,New York City,i,lettera,4252,1.1853785917526682,0.9594638863470943,1.0691317866083496,0.8836981881416479
grok_v01,New York City,t,lettera,4033,0.9417977067195402,1.0343112277274984,0.983040022420687,0.8402785648750358
grok_v01,New York City,n,lettera,4027,1.0627634366827392,0.9982880186750743,0.9769550548621796,0.8527215990171763
grok_v01,New York City,a,lettera,3839,1.1834274161726501,0.9097718474482862,1.0179382131662915,0.8763830550205232
grok_v01,New York City,r,lettera,3392,1.1849317370996595,1.0185020974248757,0.9754978037953806,0.8357917051653859
grok_v01,New York City,o,lettera,3368,1.052531381113232,1.0130356316507083,0.9057943552930691,0.8943922086592427
grok_v01,New York City,s,lettera,3181,1.0993266218060878,0.9583278317823097,1.0230774515642669,0.9168117552614851
grok_v01,New York City,l,lettera,2062,1.0528775922789437,1.0433582006741589,0.8298192305937441,0.9590350366355136
grok_v01,New York City,d,lettera,1971,1.2323337045375071,1.026450039391084,0.9789715854510893,0.8915612887730869
grok_v01,New York City,c,lettera,1914,1.0348762237383715,1.0215503584779555,0.9760459794751065,0.9237434974666887
grok_v01,New York City,h,lettera,1572,1.1825962622562267,0.9863773268733388,1.0022705955419908,1.0151061143085662
grok_v01,New York City,u,lettera,1394,1.0312943997375525,0.9512971591308332,0.8706066415504233,0.8846511228753932
grok_v01,New York City,m,lettera,1298,0.9130455589975073,0.991722097490564,0.969050799731544,0.9245960774820944
grok_v01,New York City,g,lettera,1126,1.0441413913092188,0.9721995250511174,0.9904784347473075,0.9333980365270056
grok_v01,New York City,p,lettera,1117,1.092294518385947,0.9116544650705146,0.9507899464159614,1.059699595635195
grok_v01,New York City,f,lettera,854,1.0023775443786485,0.9984590923915008,1.0058675279584122,0.9580233699136261
grok_v01,New York City,y,lettera,839,1.1184543838042764,1.0409133055672202,1.0038668342769494,0.9522903751236083
grok_v01,New York City,b,lettera,670,1.2403964101149199,0.9850951183545087,0.9672458129444914,0.9734092439350035
grok_v01,New York City,the,funzione,347,1.4043561477265654,1.0174056248781032,1.043677973903339,1.118088806423058
grok_v01,New York City,and,funzione,320,0.9579613435335038,0.9806981109082481,0.9244843026526538,0.7622683294329095
grok_v01,New York City,of,funzione,187,1.245191486498883,1.0109235652108508,1.024887320358553,1.0590113133170673
grok_v01,New York City,in,funzione,179,1.1225038852399032,0.987166568144806,0.9775011504450929,0.9852622264312088
grok_v01,New York City,to,funzione,151,0.9960222505863426,0.9667374349064314,1.0278413551071797,0.9765845850770157
grok_v01,New York City,with,funzione,102,0.9453408840947224,0.981476042937052,0.9887419547615824,0.9829178213474777
grok_v01,New York City,new,keyword,81,1.024426583857545,0.9326945920667646,0.9874149428263698,0.9627536451075686
grok_v01,New York City,york,keyword,70,1.0137902583327891,1.0783528405106078,0.9911374747673225,0.9526134067573985
grok_v01,New York City,city,keyword,87,0.9858287251107475,0.9499831358834534,0.9931711809342465,1.0923669964425455
grok_v01,New York City,like,keyword,38,1.0188366892120846,0.9431588873074026,1.0579284173544032,0.9956042289525286
grok_v01,New York City,city's,keyword,35,0.9562311447626453,0.9440384913439116,0.9320862676227369,0.7435459648423932
grok_v01,New York City,million,keyword,34,1.2485039128103812,1.0547447063143138,1.1341992347963559,1.4345837426114527
grok_v01,New York City,population,keyword,30,1.1739549305942136,0.9686219449912675,1.0365254011513663,1.2495418608400304
grok_v01,New York City,as,appaiata,82,1.0796528849058789,0.8914979453402304,1.0457529266046808,0.9180235337112345
grok_v01,New York City,over,appaiata,61,0.896777009673366,0.9814014015085113,0.9070435175928123,0.8560740848668394
grok_v01,New York City,for,appaiata,54,1.0135334467620107,0.975197079031839,0.9974665458774233,1.0484508827970125
grok_v01,New York City,that,appaiata,36,0.9561613912174574,1.0084944988393483,1.0008322541880927,0.8723412711594007
grok_v01,New York City,this,appaiata,32,0.8710007821574333,0.9924932827037013,0.8615206268627619,0.7386050586366996
grok_v01,New York City,at,appaiata,28,0.9802488698929546,0.9720511428334531,0.9771591409926424,0.8505504311174027
grok_v01,New York City,amid,appaiata,27,0.9049137996824739,1.0651045863891835,0.9051371002465327,0.8727767270160376
grok_v01,Middle Ages,vocali,vocali,18750,0.9970192123114473,0.955070606356581,0.9638072233948929,0.5822800423488185
grok_v01,Middle Ages,spazio,spazio,8237,1.2186454144172678,1.040593898681761,0.9519584586477858,0.4644600631756949
grok_v01,Middle Ages,e,lettera,5298,1.052090802397556,1.0669615990456718,0.990405929465043,0.8672225543201475
grok_v01,Middle Ages,i,lettera,4581,0.9907769049933964,0.9893244531004651,1.0204956901156015,0.8892228577658307
grok_v01,Middle Ages,a,lettera,4218,0.8402879465641707,0.9543100407037253,0.9826818102868681,0.8512300029164689
grok_v01,Middle Ages,n,lettera,4044,1.069443559916464,0.957912420022348,0.9766609486203217,0.8593429733591872
grok_v01,Middle Ages,t,lettera,3919,1.0648026256808545,0.9992245730475796,0.9434572998384662,0.8485701757376448
grok_v01,Middle Ages,r,lettera,3568,1.03053858930575,1.0406702885171013,1.0037497711739898,0.8382525682861602
grok_v01,Middle Ages,s,lettera,3208,1.1323196862845553,0.9621941114212783,0.983285640665369,0.9556411477557104
grok_v01,Middle Ages,o,lettera,3158,1.1412714449687662,0.9985894449223522,0.9812372785097793,0.9221312752331773
grok_v01,Middle Ages,l,lettera,2164,1.1543445609983203,0.965486064350817,0.9552800353992063,0.9359151828547358
grok_v01,Middle Ages,d,lettera,2102,1.189499971738182,1.005128118344769,1.0140289790850827,0.8763306207969164
grok_v01,Middle Ages,c,lettera,1943,1.1745828530770142,0.963524226392785,0.9358346920386547,0.9380202662497731
grok_v01,Middle Ages,h,lettera,1610,1.1287051124910266,0.9475405478158286,1.0200142272359178,0.9365684505958073
grok_v01,Middle Ages,u,lettera,1495,0.9481616815966478,1.0057888871907006,1.027158699237481,0.9581837733188336
grok_v01,Middle Ages,m,lettera,1251,1.0504178479237647,1.0133471114760888,0.9819119012950485,0.9706570860729717
grok_v01,Middle Ages,g,lettera,1199,1.0050476655652594,0.9724641681029343,1.0126990111359855,0.8828287723756854
grok_v01,Middle Ages,p,lettera,1053,0.9954735981563143,0.955906456784526,0.934915816302703,1.0074017247249987
grok_v01,Middle Ages,f,lettera,909,0.9682924354514051,0.9991126240962119,0.9460198800263399,0.9463168366635135
grok_v01,Middle Ages,y,lettera,755,1.1891863503141615,0.9701568506697469,0.95640117888329,0.973173024037786
grok_v01,Middle Ages,b,lettera,587,1.125927353906301,0.9856043862688529,1.0261537518324815,0.9954706785447803
grok_v01,Middle Ages,the,funzione,403,1.2457327493480082,0.9924960205507154,0.9826398750628016,0.9555807628390676
grok_v01,Middle Ages,and,funzione,344,1.2065334772936633,0.9637603365402384,1.064462864282299,0.875448153169093
grok_v01,Middle Ages,in,funzione,210,0.9638697413732595,0.9888033981709706,1.006109493832546,0.9609466714515752
grok_v01,Middle Ages,of,funzione,202,0.9750807758276123,0.9518848557195332,0.9280313798169916,0.9621070902104774
grok_v01,Middle Ages,to,funzione,135,1.0982469264954804,1.0148588671433119,1.0221831979817784,0.9877543381858166
grok_v01,Middle Ages,by,funzione,116,1.1277840216615556,0.9752047958134716,1.1359021742610607,1.0351296990767336
grok_v01,Middle Ages,like,keyword,57,1.0499758427324828,0.9722057649750995,1.0001686084259818,1.07644456953916
grok_v01,Middle Ages,ce,keyword,47,1.5745971946490285,0.9992926515912016,1.4812263901448588,2.1505599983445474
grok_v01,Middle Ages,roman,keyword,48,1.3192900932466305,1.0434018849294395,1.3153082059776475,1.8076657860083887
grok_v01,Middle Ages,century,keyword,49,1.0669946226481708,0.9885779950792267,1.0077353318739786,1.1921351214044535
grok_v01,Middle Ages,middle,keyword,23,1.0880229342575758,0.9566218118701765,1.1359466960278903,1.2444961226989997
grok_v01,Middle Ages,economic,keyword,23,1.0098274628161945,0.9556931345450534,0.9805179337746831,0.8501026585760771
grok_v01,Middle Ages,ages,keyword,22,1.194141144890301,0.9543386076992423,1.2518204739240493,1.5466628995921132
grok_v01,Middle Ages,with,appaiata,67,0.8139698767597319,0.9318239160431604,0.8484179746779184,0.8372800185730883
grok_v01,Middle Ages,for,appaiata,42,1.0330097212292835,1.0170457755163382,1.010200964934296,1.0978512583642313
grok_v01,Middle Ages,on,appaiata,40,0.9696013268033782,0.9360134488080064,0.9649347575159514,0.9535218397215639
grok_v01,Middle Ages,th,appaiata,54,1.2175105007078995,1.0164987506869811,1.1397785496754689,1.7453938418159483
grok_v01,Middle Ages,but,appaiata,23,1.0299140810078826,0.98991521744048,1.031624506190058,0.9273525372998763
grok_v01,Middle Ages,such,appaiata,23,0.9911478737710149,1.0496672939307914,0.9799487527229042,0.9518054467386846
grok_v01,Middle Ages,at,appaiata,22,1.0859230626388783,1.0328728408673282,1.0849938464174527,0.9608763523425559
grok_v01,Russia,vocali,vocali,18494,1.059459348478532,0.9812907481907444,0.9479578367024849,0.6010890960551445
grok_v01,Russia,spazio,spazio,8481,1.2204325299903087,0.9982620319378365,0.9819954661449595,0.45566497163766495
grok_v01,Russia,e,lettera,5290,1.106503025087108,0.95532676492431,0.9414508630249706,0.8910986349735326
grok_v01,Russia,i,lettera,4480,1.0210779996226333,0.9501900698838911,0.9663438626785861,0.9126588163783503
grok_v01,Russia,t,lettera,3944,1.0055696523651705,1.0357599088855138,0.9553734142095817,0.8544585410745197
grok_v01,Russia,a,lettera,3888,1.1267635263654048,1.0054679048140183,0.9605765170651633,0.8409900113930948
grok_v01,Russia,n,lettera,3869,1.1209475427949644,0.9817342482247723,0.9435325285089949,0.8666191208497913
grok_v01,Russia,r,lettera,3520,1.1564487782554425,0.9342211401073334,0.9680821118461926,0.8272621837048765
grok_v01,Russia,o,lettera,3324,1.1832603486931657,0.9816672053414605,1.017833923610054,0.8964780709620092
grok_v01,Russia,s,lettera,3189,1.0425493689852434,0.9176780861268606,1.0496644869802452,0.97638024153666
grok_v01,Russia,l,lettera,2055,1.0604695647984053,0.9614712884777221,0.9582514383853172,0.9360395283327191
grok_v01,Russia,d,lettera,2018,1.1682653566943695,1.012304906547029,0.9955945580644144,0.8434901781412795
grok_v01,Russia,c,lettera,1737,0.9804982663619106,1.0002011156750517,1.054540015184565,0.9275177123894738
grok_v01,Russia,u,lettera,1512,1.1820822988700532,0.9500791472147484,1.0225950160615238,0.8876578224304137
grok_v01,Russia,h,lettera,1475,1.0723501696667437,0.8877865003144846,1.0163552538085818,1.0012360256075328
grok_v01,Russia,m,lettera,1207,1.1006514752119851,0.9961126207765943,0.9396732584155204,0.9708661551015741
grok_v01,Russia,p,lettera,1147,1.0699813284524549,0.9820342249127502,0.9884365493284224,1.0273165325951943
grok_v01,Russia,g,lettera,1130,1.004412190948182,0.9914820570496857,0.9629134678832573,0.9128229048252122
grok_v01,Russia,f,lettera,873,1.1437962515651092,0.9108940262856206,0.9774221536405759,0.9239648940313786
grok_v01,Russia,y,lettera,696,1.0117125486286322,0.9047905392216674,1.0415276429984424,0.9984919095023791
grok_v01,Russia,v,lettera,690,1.0834638386949271,0.979566681623655,0.9274338325963254,0.9357175136427407
grok_v01,Russia,the,funzione,447,1.2158109441199278,0.9566508430003658,1.0497211698918745,1.0202474087737026
grok_v01,Russia,and,funzione,308,1.0095691178438653,0.9803029343649937,0.920582697567433,0.7786342697916725
grok_v01,Russia,in,funzione,193,1.0130399175992346,0.9878810575406941,0.9929241338130397,0.9190333192029891
grok_v01,Russia,to,funzione,189,0.8903424553303403,1.0149332475854778,0.8883648512202528,0.7941323639384321
grok_v01,Russia,of,funzione,186,1.1466975234949457,0.9481197658104802,0.9931977371858262,0.9426449975984662
grok_v01,Russia,by,funzione,114,0.811698462258558,0.9772920246942759,0.8940157511322523,0.8000640157724692
grok_v01,Russia,soviet,keyword,45,1.4667169256791897,0.9693865908173316,1.4525731979681835,3.3217361942114456
grok_v01,Russia,russia,keyword,50,1.2943966505792075,1.0161233744653415,1.1959511953837447,1.9208984796665691
grok_v01,Russia,russian,keyword,39,1.3416507932982282,1.0101366424873508,1.2807908282507812,1.9496809312477614
grok_v01,Russia,war,keyword,31,1.1976444673966637,0.9629612690997904,1.2184808373517149,1.7255511801327792
grok_v01,Russia,like,keyword,27,1.0796181917980372,1.009099521902441,1.0952205091007878,1.054537515562528
grok_v01,Russia,power,keyword,28,1.1995261510580688,1.081497433915807,1.150865592258936,1.003563395129611
grok_v01,Russia,including,keyword,25,0.8963218697768255,0.8852705440502149,0.9086815484049353,0.9537837531563932
grok_v01,Russia,under,appaiata,37,0.9929408243352873,1.0311563508830963,1.0076093156104358,1.0202853335503579
grok_v01,Russia,for,appaiata,33,0.9471990197422693,0.9648095254667207,0.9475757678042696,0.8125949199442664
grok_v01,Russia,at,appaiata,31,1.067126991170339,0.9642998495164145,1.0024451449605805,0.9011732797827051
grok_v01,Russia,which,appaiata,29,1.0225480848866144,1.0037397108917538,1.0475479015653122,0.9162131316120373
grok_v01,Russia,this,appaiata,26,0.869849757603646,1.057741951693154,0.8677178117178522,0.7193474096170104
grok_v01,Russia,after,appaiata,25,1.0219498870664392,0.9660995451437734,0.9846324366869649,0.8484938607820358
grok_v01,Russia,amid,appaiata,25,0.9665485851086243,0.9901401622481155,0.9611196793629461,0.8908534637230372
grok_v01,Winston Churchill,vocali,vocali,18498,1.0082449439676782,0.9474933010374026,1.0230645364449804,0.5496935066103797
grok_v01,Winston Churchill,spazio,spazio,8560,1.0421167998919894,0.8963956650218847,0.9701164395082339,0.4609228987806914
grok_v01,Winston Churchill,e,lettera,5400,1.0557945672882234,0.8804788940991807,0.9654084474664661,0.9018277231223634
grok_v01,Winston Churchill,i,lettera,4522,1.0151240070041836,1.010452402324796,0.914836897900754,0.8996020049389258
grok_v01,Winston Churchill,a,lettera,3864,1.1584092301349966,0.9589142689124527,1.0031706394343478,0.8961970811291164
grok_v01,Winston Churchill,t,lettera,3840,0.9857452780415124,1.0139958990329199,1.0116193005191711,0.8590740337920247
grok_v01,Winston Churchill,n,lettera,3820,1.0488193144304154,0.9994773372626975,1.0278397615744341,0.8374325771175988
grok_v01,Winston Churchill,r,lettera,3692,0.9945473020190142,0.9682478736444852,0.9684129446834437,0.8104101576362609
grok_v01,Winston Churchill,o,lettera,3373,1.0813341769480376,0.9697511708893756,0.8928219241419552,0.8763631871800184
grok_v01,Winston Churchill,s,lettera,3015,1.0741074940061401,1.0358511389700982,0.8460682956469582,0.9192019509770543
grok_v01,Winston Churchill,l,lettera,2298,0.9993473519789381,0.9891113052830874,0.9674154906872184,0.9887496162342844
grok_v01,Winston Churchill,d,lettera,2046,1.0052675022081665,0.9928446735838566,0.867669861764678,0.8617495744114375
grok_v01,Winston Churchill,c,lettera,1955,1.0440036087831444,1.0140921068813833,0.9939193820906079,0.9785396950098832
grok_v01,Winston Churchill,h,lettera,1948,1.2425829475715604,0.8906557858628275,1.0116405900614447,1.0268311886190111
grok_v01,Winston Churchill,u,lettera,1339,0.9761481290359652,0.9733333731956368,0.9427639291966227,0.9326542863880575
grok_v01,Winston Churchill,m,lettera,1289,1.1526880779907558,0.9665982614328953,0.9375524433381389,1.0052454359451033
grok_v01,Winston Churchill,g,lettera,1149,0.9986402826856284,1.0401404813631652,1.0557058457969453,0.9339781739395181
grok_v01,Winston Churchill,p,lettera,1098,0.9350019170468792,1.0060916205082688,1.027024232545023,0.9753021993140664
grok_v01,Winston Churchill,f,lettera,973,1.0104178063880094,0.9989736738363669,1.0528393845304458,0.9162420951998311
grok_v01,Winston Churchill,b,lettera,731,1.183275992483202,0.986066719245267,0.9117297932377265,0.8920290621836711
grok_v01,Winston Churchill,y,lettera,681,1.0848047189517436,1.0506572422115452,0.9339342810021005,0.9609613906787883
grok_v01,Winston Churchill,the,funzione,387,1.1718328289682147,1.0011239981973024,1.0547023486599558,0.9860102784705834
grok_v01,Winston Churchill,and,funzione,259,0.949804927233468,0.92707950953095,0.9360029428378911,0.7974365171512162
grok_v01,Winston Churchill,to,funzione,212,0.9244979884178707,0.9729224736405365,0.9700621520655689,0.8676877908328783
grok_v01,Winston Churchill,in,funzione,187,1.0130773745999493,0.9429603207777019,0.9046999711148166,0.8694677151927869
grok_v01,Winston Churchill,of,funzione,172,1.08265992542935,0.9451912904606964,1.1003930377622673,1.0966536257273314
grok_v01,Winston Churchill,on,funzione,120,0.9663057128568759,1.0085310353496875,0.9627705356280467,0.9281063885568959
grok_v01,Winston Churchill,churchill,keyword,140,0.6441786160317636,1.030699160908399,0.6262594763393521,0.5287117171102494
grok_v01,Winston Churchill,british,keyword,43,1.2303084863875933,1.0143047701007664,1.1330394046233736,1.4562722079192414
grok_v01,Winston Churchill,amid,keyword,34,0.8673881569679767,1.0886474873381018,0.8731738288415688,0.8996631000339
grok_v01,Winston Churchill,war,keyword,38,1.2057454237126315,0.9938120858675862,1.158723952861302,1.4349999512352642
grok_v01,Winston Churchill,churchill's,keyword,31,0.7896546548180363,0.936462945493502,0.8406363443947238,0.6352493658038755
grok_v01,Winston Churchill,early,keyword,25,1.0432524746339396,0.9309572232739566,1.0306394357912672,1.1702579506002904
grok_v01,Winston Churchill,including,keyword,22,0.8973267498845618,1.020278912970462,0.8963278022678693,0.9891828358106017
grok_v01,Winston Churchill,his,appaiata,113,1.3168244558412725,1.0195971352394804,1.215070981059107,1.4058889704185409
grok_v01,Winston Churchill,that,appaiata,41,0.9643307909082032,0.9394166658440081,0.9566951009661699,0.9213697386436314
grok_v01,Winston Churchill,under,appaiata,32,1.1552108521112587,0.9330025519691199,1.0553899860480531,0.9993996343539758
grok_v01,Winston Churchill,at,appaiata,29,1.038355759708913,0.9388716267448731,1.0117297491066741,1.0402855688203991
grok_v01,Winston Churchill,but,appaiata,26,0.9473300956602213,0.9425620517142826,0.9534467595812725,0.8375330116578792
grok_v01,Winston Churchill,against,appaiata,25,0.981816973446211,0.9014251426482905,1.0142101358427034,1.2898664931580688
grok_v01,Winston Churchill,like,appaiata,20,0.9871917456126578,0.9878246341668536,1.0362280740684344,0.91080884656261
grok_v01,France,vocali,vocali,18090,1.0921981423695404,0.9584962866558486,0.9535560733786151,0.6278665189978878
grok_v01,France,spazio,spazio,8604,1.031745105159899,1.0856043219110565,0.972895967777358,0.4586691632341363
grok_v01,France,e,lettera,5231,1.029791196272714,1.0270663979033021,0.9868376034923699,0.8640041988116344
grok_v01,France,i,lettera,4320,1.0660737279178345,0.9546818035022963,0.90773035583794,0.9123502978286356
grok_v01,France,n,lettera,4055,1.0662134565855341,1.0238602025352652,0.9491777357253656,0.8521181275216162
grok_v01,France,a,lettera,3934,1.0291108570750707,1.0087127295844636,0.9668613522298887,0.8683579906559108
grok_v01,France,t,lettera,3805,1.159808848415716,1.0202868160217842,1.0462924586644176,0.8620447531249519
grok_v01,France,r,lettera,3346,0.985940789910979,0.997277150410994,0.9964399330667953,0.8321172425327076
grok_v01,France,o,lettera,3200,0.9552379475884722,0.9574772921898802,1.049666469120868,0.8957431137985921
grok_v01,France,s,lettera,2884,1.0911131744924334,0.9640955069870688,0.8941730824573658,0.9633902516523827
grok_v01,France,l,lettera,2205,0.9713534276267051,0.9910644001112079,0.9807715696701171,0.9417857196256042
grok_v01,France,d,lettera,1980,1.0470235681728113,1.0525682179812457,0.9382962778028542,0.8517602199182613
grok_v01,France,c,lettera,1861,1.145668409456611,0.9848736287808539,0.9761641852265536,0.9607779418911988
grok_v01,France,h,lettera,1605,1.2874967381790128,1.0202464598605807,0.9851795725976696,0.9907593345333643
grok_v01,France,u,lettera,1405,1.0917484257041976,1.0485406519514604,1.0044523529378055,0.9821736758620689
grok_v01,France,g,lettera,1215,1.088888129700067,0.9429418804122104,0.9365874228174498,0.9418251348664795
grok_v01,France,m,lettera,1156,1.0450626521462067,0.9819534843989758,0.9612128758222068,0.9634884863501358
grok_v01,France,p,lettera,1075,1.1602225215235518,1.0640627492410843,0.9873204278096631,1.0216894801864214
grok_v01,France,f,lettera,972,1.0277985126900946,1.0320860965407157,0.9674426729768802,0.9555150416570627
grok_v01,France,b,lettera,724,1.2575986355459008,0.9382124778290869,0.9987412863280142,1.0214071967697327
grok_v01,France,y,lettera,700,0.9770163610116522,0.9419840178041455,0.9992839031838813,0.9693643336520938
grok_v01,France,the,funzione,493,1.2551243475996663,0.9849664743302539,1.0244371874834126,1.0220756858970577
grok_v01,France,and,funzione,348,0.9789368527954978,0.9715989308236371,1.0018707300865823,0.7983209576794812
grok_v01,France,in,funzione,199,0.8765161988844447,0.9691151298204774,0.9628001757091088,0.9281552829635734
grok_v01,France,of,funzione,198,1.0646302722946062,0.9543658217352556,1.0174148233584914,1.1408298861222212
grok_v01,France,to,funzione,163,1.0947581687564323,0.9979078158953656,1.0017053401522305,1.034618817194429
grok_v01,France,by,funzione,118,0.9901352183685262,0.9950166414741645,0.9086563988931894,0.8487466953528293
grok_v01,France,france,keyword,71,1.178200568625462,0.9561121144900279,1.1312226921228588,1.3436309461196214
grok_v01,France,french,keyword,44,1.274925543834115,0.9443628134077097,1.2679386144292428,1.8577556972975322
grok_v01,France,like,keyword,33,1.06937452029132,1.0796101850084074,1.0805887016657723,1.4696290750057308
grok_v01,France,amid,keyword,27,0.9122162314641512,1.0355752349302865,0.9095297685534738,0.9447852034121573
grok_v01,France,million,keyword,25,1.094364609301079,0.94520170984046,1.0894031616118378,1.395249474591994
grok_v01,France,paris,keyword,25,0.9932856371398715,0.9897540609081629,1.0088219542552725,0.8058191930666386
grok_v01,France,economic,keyword,24,1.010513339103922,0.9975495753747218,1.0162764008942695,1.1585538646493876
grok_v01,France,from,appaiata,59,1.1101546761771472,0.9265680725884439,1.1021337270544482,1.0152984598075556
grok_v01,France,under,appaiata,42,0.8799462662880297,0.9476818184511604,0.9029671377907885,0.7414376577425335
grok_v01,France,at,appaiata,30,0.9802293000323409,0.9678089995511637,0.9911415627851904,1.1873094876030885
grok_v01,France,war,appaiata,29,1.1436867971620712,0.9541744247074385,1.1121323256802278,1.4199598793944204
grok_v01,France,this,appaiata,26,0.8313965638469525,0.9998017891824782,0.838309215077374,0.6215227467344439
grok_v01,France,th,appaiata,28,1.1606587801819874,1.0162945529496106,1.1181429585569953,2.843773417459604
grok_v01,France,that,appaiata,22,1.145348871962608,0.9907245773861723,1.1246726740521327,1.2496655974693374
grok_v01,United States,vocali,vocali,18471,1.235067842105556,0.99940343554763,0.9720560021200715,0.5900798431059252
grok_v01,United States,spazio,spazio,8410,1.2551094676464227,0.9726656850253148,0.9362895593962715,0.4793992963110499
grok_v01,United States,e,lettera,5462,1.1191011550883576,1.0025442608864414,0.9241196219111077,0.9217733615049182
grok_v01,United States,i,lettera,4308,1.0583762950331497,0.9930018368674886,1.0139101944952564,0.882774811506635
grok_v01,United States,t,lettera,4152,1.07391387203505,1.0072631877121863,1.0054371954597625,0.8461475395491811
grok_v01,United States,n,lettera,4070,1.0199350491014836,1.0368164173869643,1.0683139287775203,0.8582899772076289
grok_v01,United States,a,lettera,3927,1.1459142255444015,0.9384121254021278,0.9358841319135953,0.8855360049233287
grok_v01,United States,o,lettera,3407,0.9981269787306117,1.0208521975199087,1.0132901598698767,0.871320581483736
grok_v01,United States,r,lettera,3406,1.0817615769725233,1.042842544771531,0.9608369954270618,0.828811461641091
grok_v01,United States,s,lettera,3030,1.192991313360546,0.9820106570382308,0.9438156029702346,0.9543604398455647
grok_v01,United States,l,lettera,2097,1.0158145644047896,0.9766561484190142,1.0226902220527399,0.9473392161631475
grok_v01,United States,d,lettera,2058,0.9131334855872267,0.9932066916430777,1.0180119794785114,0.8727134023805211
grok_v01,United States,c,lettera,1939,0.9154966154912683,1.0312317835608689,0.9472045789588607,0.9393501758958749
grok_v01,United States,h,lettera,1442,1.0971111433824112,0.9724516061739864,0.9997178266257917,0.969301170007308
grok_v01,United States,u,lettera,1367,1.1372638343540622,0.8915635735953528,0.9248357214956235,0.9453962488857647
grok_v01,United States,m,lettera,1249,1.2113363654285338,0.9517541449367095,0.960580732599472,0.9910405932546125
grok_v01,United States,g,lettera,1194,1.049777735228055,0.96917720274635,0.9190585108129231,0.899116224436228
grok_v01,United States,p,lettera,1138,1.074518515395307,0.9432972187201428,0.9863180494327999,1.0386280094003693
grok_v01,United States,f,lettera,980,1.1581962510503108,0.9829720128286418,0.9845033190763867,0.9412411260912057
grok_v01,United States,b,lettera,659,1.1503639812005586,0.9728457725516636,1.0706607115085063,1.0377361841054888
grok_v01,United States,y,lettera,639,0.961822100269153,1.0407384978233427,1.076961139164851,1.0228412232941242
grok_v01,United States,the,funzione,370,1.2035358639638478,1.013108640957907,1.0890954762323608,1.1231434119192878
grok_v01,United States,and,funzione,338,1.0981577825653304,1.078268120939189,0.9618701618277491,0.8277387831240145
grok_v01,United States,of,funzione,196,1.0821920259429227,0.9848973062413985,0.9242545423812638,0.9443678970985938
grok_v01,United States,in,funzione,191,0.9242689142763922,1.0000190114689926,0.8933746459210644,0.8799075785425808
grok_v01,United States,to,funzione,167,0.9591060829746619,1.0003710415908313,1.025598004106589,0.9439103305527061
grok_v01,United States,by,funzione,120,0.9522232307308737,0.9359022636558452,0.9788586272741423,0.8881725165506102
grok_v01,United States,states,keyword,33,1.3233357591262436,1.0010858479399924,1.1426022716410282,1.610418902647629
grok_v01,United States,like,keyword,31,0.9097267507839554,0.9558485817301711,0.8931959029582911,0.8197550400636842
grok_v01,United States,war,keyword,33,1.0411322118859334,0.9206684793084535,1.0436605470518359,1.034299748316163
grok_v01,United States,united,keyword,27,1.5003773176098254,0.9905946402247041,1.250180177221563,1.697933726064572
grok_v01,United States,economic,keyword,25,1.025777172092434,1.0487761446418806,1.0330952890795606,1.0881459482017681
grok_v01,United States,federal,keyword,24,1.0455379427334601,0.9266674776042162,1.0401431965580834,1.3364281002786014
grok_v01,United States,including,keyword,22,1.0011640551726275,1.0229383512707309,1.0013481180253452,0.9998224298764415
grok_v01,United States,that,appaiata,35,0.9168766768275203,0.9469192070842375,0.9120768264233688,0.7364452386532615
grok_v01,United States,this,appaiata,36,0.9565747537919658,0.941184697243894,0.9426550500914835,0.8128926303995576
grok_v01,United States,but,appaiata,26,0.9496709857864324,0.9872010871820635,0.9530976102666017,0.8256440428857079
grok_v01,United States,these,appaiata,25,0.9166467401346529,0.9788311675618829,0.9170349104658418,1.01284187314289
grok_v01,United States,which,appaiata,25,0.8124044304110727,0.9590385744989834,0.8166409416154008,0.6341410938414553
grok_v01,United States,through,appaiata,24,0.9068825408768633,0.9871934866123313,0.9131069973300425,0.7049372741328757
grok_v01,United States,amid,appaiata,22,0.8805365649388408,1.0460816636072108,0.8851056279931163,0.6756818695734965
grok_v01,Socialism,vocali,vocali,19231,1.2533196215910707,0.9322976736408669,0.9833089188282981,0.5755636601882279
grok_v01,Socialism,spazio,spazio,7939,1.1361341890985812,1.056520577135023,0.994728614064084,0.45804860005627723
grok_v01,Socialism,e,lettera,5156,1.1386192664868455,1.0731485854229519,1.0548567412587293,0.874035361986244
grok_v01,Socialism,i,lettera,4970,1.0936680986701777,0.927230077418697,1.038218272871741,0.838497068417742
grok_v01,Socialism,t,lettera,4182,1.2492188607259052,0.9322066429628632,0.9952969514084268,0.8138251586900158
grok_v01,Socialism,a,lettera,4029,1.1193335988332795,0.9551912093063928,1.0491720391083266,0.8520819727205561
grok_v01,Socialism,n,lettera,3706,1.194046978550882,1.0399658715365454,0.9864939452099722,0.8684706200281725
grok_v01,Socialism,o,lettera,3697,1.0365516519320734,0.9768111279871196,0.9563438380843444,0.859336625865211
grok_v01,Socialism,s,lettera,3479,1.2062662255158754,1.0060426830187381,1.0251156590607868,0.9626812063365381
grok_v01,Socialism,r,lettera,3446,1.0034005754800182,0.9393671557307882,0.9867133856378042,0.8314101021841219
grok_v01,Socialism,l,lettera,2300,1.0777964824299013,1.0096919549944579,1.0604456652034036,0.8630828153223932
grok_v01,Socialism,c,lettera,2137,1.1720747552246062,0.9524219398861886,1.1000369042135638,0.9616937086707765
grok_v01,Socialism,d,lettera,1820,1.0634790270125096,0.9658006614814014,1.0115621446495968,0.8916249729020592
grok_v01,Socialism,m,lettera,1449,1.067237897997689,0.9992667487958188,0.953847972349371,1.0299523735795857
grok_v01,Socialism,u,lettera,1379,1.0845460085082095,0.9533984834852535,1.0025946961647996,0.9206928337637047
grok_v01,Socialism,h,lettera,1372,1.148017974894791,1.036628713495469,1.0016508694451136,1.0231443428634892
grok_v01,Socialism,p,lettera,1281,1.0281279029180148,0.9797167351801619,0.9876530979853279,0.9983400662933463
grok_v01,Socialism,g,lettera,997,1.1660578412487634,1.0612106364858647,0.9489835255240914,0.9532928057347134
grok_v01,Socialism,f,lettera,820,1.0455977939922996,0.9335988989365914,0.9235912033461107,0.9112892110697651
grok_v01,Socialism,v,lettera,708,1.163104870316701,0.9802623462303214,0.9747803179308415,0.9713926744371599
grok_v01,Socialism,y,lettera,628,0.8889023637432021,0.8956204486693711,0.9008561807026098,0.9199356093347876
grok_v01,Socialism,and,funzione,295,1.0256380892498191,1.0363029087951858,0.8963523664408566,0.7412171383531365
grok_v01,Socialism,the,funzione,279,1.287149338057828,1.0147045241348163,1.0556526097856966,1.1969740167433016
grok_v01,Socialism,to,funzione,207,1.0107994766441395,1.0272200847588446,0.956575394493536,0.8788010688742809
grok_v01,Socialism,in,funzione,204,1.183552399734635,1.0514667201096481,0.9873239700969715,0.9634843582510136
grok_v01,Socialism,of,funzione,191,1.11295732657472,0.9694112535530831,1.032969873648999,1.0169027007450917
grok_v01,Socialism,by,funzione,108,1.1225583457887367,0.937055715077697,0.9757545905089823,1.0138454892686017
grok_v01,Socialism,socialism,keyword,67,1.2512495315672558,1.0228441357009233,1.094547585023292,1.3602229865948405
grok_v01,Socialism,state,keyword,52,1.3070187973670149,0.9507164935521827,1.1736792068150106,1.1767071717325484
grok_v01,Socialism,economic,keyword,37,0.9197572044536179,0.9475362523123669,0.9659946064226074,0.8675376786165874
grok_v01,Socialism,private,keyword,36,0.9975860443872189,0.9323209063812774,0.9886875417711211,0.9568818313615276
grok_v01,Socialism,market,keyword,36,1.2408239869239261,0.9333460491874811,1.2388594759057556,1.82770209401969
grok_v01,Socialism,socialist,keyword,35,1.0653384385450615,0.9791280389596114,1.0218412354727189,1.2373459510647677
grok_v01,Socialism,like,keyword,33,1.062806323199801,0.9669295315321063,1.0115551231137925,1.1145279079955406
grok_v01,Socialism,with,appaiata,65,1.0256811068603877,0.9829419547733357,0.9350939129101565,1.0568543819214995
grok_v01,Socialism,this,appaiata,45,0.9690448155697707,0.9898189179697177,0.9291904240791148,0.8748856616206897
grok_v01,Socialism,but,appaiata,38,0.9797936117133995,0.9149794543835684,0.9814842302609957,1.177128680611376
grok_v01,Socialism,for,appaiata,36,1.0335506807764565,0.9038426450070652,1.0804073343622749,1.1578819581925128
grok_v01,Socialism,or,appaiata,33,1.1985114049835865,0.948787593650772,1.193396062218026,2.0444587362688353
grok_v01,Socialism,on,appaiata,32,0.8800733752723444,1.06363077977553,0.9157205682249208,0.883309206190607
grok_v01,Socialism,that,appaiata,32,1.012705484214433,0.9961202960076395,0.9773810922117824,0.8281247216803531
grok_v01,Wikipedia,vocali,vocali,19426,1.1360286583188641,0.9165937265988163,1.0876579900778178,0.5189369959100602
grok_v01,Wikipedia,spazio,spazio,8031,1.1965463227964757,0.9587226639559813,0.9656207825143666,0.4526246941084915
grok_v01,Wikipedia,e,lettera,5615,1.0365651093160857,0.9925933772410005,0.9280881842384819,0.8357124076395759
grok_v01,Wikipedia,i,lettera,5068,1.0577315138672996,0.9277784669937432,0.8776958865684351,0.8732453057173944
grok_v01,Wikipedia,t,lettera,4131,1.0636322925974195,1.029985466208766,0.9061044387321618,0.8267756089976327
grok_v01,Wikipedia,n,lettera,3905,1.0868249138219375,0.936244382877269,0.9594568509584885,0.8589248664049723
grok_v01,Wikipedia,a,lettera,3872,1.0159371179308643,0.9445249936345119,0.9418796226797698,0.8780662285850972
grok_v01,Wikipedia,s,lettera,3522,1.3176631083895767,1.0418352985336448,0.9619615823128163,0.8947606237387509
grok_v01,Wikipedia,o,lettera,3492,1.002813013386588,0.891613940700264,1.0630716680920933,0.8358027231422547
grok_v01,Wikipedia,r,lettera,3449,1.004032933124564,0.9714540127100956,0.945958502976962,0.8689471426519666
grok_v01,Wikipedia,c,lettera,2083,1.325803655412224,1.0179106853701396,0.8732853018529565,0.9184668320883115
grok_v01,Wikipedia,d,lettera,2065,1.1731727248392165,0.9835502019061305,0.9224707465912801,0.9169401543477518
grok_v01,Wikipedia,l,lettera,2024,1.1686550345814029,0.9947683773555878,0.9903863476597605,0.9511598837283717
grok_v01,Wikipedia,u,lettera,1379,1.0293344571031504,1.035635220330909,0.9908669405461764,0.9231553940193469
grok_v01,Wikipedia,h,lettera,1302,0.961440331078635,1.0030193900264275,0.961896682610361,1.0240914365180531
grok_v01,Wikipedia,p,lettera,1280,1.014358326797055,1.0514730853069356,0.9747260514313054,0.9597034740662074
grok_v01,Wikipedia,g,lettera,1237,0.9770903395840538,0.964418230806387,0.9594458107432224,0.9603878296341468
grok_v01,Wikipedia,m,lettera,1183,0.9360138905338384,0.984637520938583,1.038808307696159,0.9693115811140353
grok_v01,Wikipedia,f,lettera,899,0.9138983278165904,0.9948521030542604,0.9764974233869506,0.9457356247357086
grok_v01,Wikipedia,v,lettera,688,1.120660208125254,0.9746982905931804,0.9813242217630006,0.9493146110206017
grok_v01,Wikipedia,y,lettera,662,1.137859230432529,0.9922714603007581,0.968193446844181,0.9673270644950714
grok_v01,Wikipedia,and,funzione,240,1.1304618171664258,0.973437973419327,1.0982056870600363,1.0244455575092337
grok_v01,Wikipedia,to,funzione,184,1.116579068573925,0.9405162817818263,1.0641513658179227,1.0414838235651889
grok_v01,Wikipedia,in,funzione,170,1.1461245844954124,1.044942019516932,1.1001082373632656,1.1233593529719883
grok_v01,Wikipedia,the,funzione,162,1.2728247823890417,0.9953771412243014,1.1082625172497487,1.2471292265083065
grok_v01,Wikipedia,of,funzione,160,1.0096123893998052,1.014943045630108,0.9318692490379581,0.925191584950971
grok_v01,Wikipedia,for,funzione,108,1.1372181607502596,0.985897784953218,0.9986065109675183,1.0416661015034407
grok_v01,Wikipedia,like,keyword,49,1.0163163892375107,0.9840670245703231,0.9890996320428588,0.9200350487141928
grok_v01,Wikipedia,wikipedia,keyword,66,0.9945874762489425,0.9548126101288784,0.8906393240316403,0.8302392971858166
grok_v01,Wikipedia,editors,keyword,44,1.2292109728590963,0.9383385125949569,1.111805660635069,1.3641320430624475
grok_v01,Wikipedia,content,keyword,43,0.900711631214,1.0088599318865479,0.8647072466307385,0.7247453473780184
grok_v01,Wikipedia,articles,keyword,38,1.1668304217653742,1.0261300459879583,1.0952617422210413,1.3046562051068595
grok_v01,Wikipedia,editor,keyword,32,1.0450666400540258,0.9874656863658592,1.0568410231425134,1.0539384622448016
grok_v01,Wikipedia,editing,keyword,32,0.9401973520899156,1.0057852731558354,0.9253467331508093,1.1821656088070691
grok_v01,Wikipedia,from,appaiata,56,1.004488579818512,1.0057405398224921,0.9328346159308899,0.8585380312696745
grok_v01,Wikipedia,that,appaiata,42,0.9509661794941394,0.923984767742203,0.9519880665451071,0.9354039711310506
grok_v01,Wikipedia,such,appaiata,40,0.9582777197732032,1.0476187671548807,0.9455834774086084,0.7639405528177542
grok_v01,Wikipedia,over,appaiata,34,0.9034512996617515,1.0299312801020462,0.8944448215187414,0.8269984498203038
grok_v01,Wikipedia,this,appaiata,26,1.0343587902364413,0.9850363281972472,1.0339952369057996,1.3637722280952032
grok_v01,Wikipedia,community,appaiata,25,1.084229646186013,0.9825281281305333,1.0877773384174505,1.6086275037152897
grok_v01,Wikipedia,its,appaiata,23,0.9684207863321952,0.9838913313190593,1.0011316307458527,1.532541980750649
grok_v01,Moon,vocali,vocali,18218,1.4147724490028184,1.0222458277093134,0.9428428546903933,0.6388187153887692
grok_v01,Moon,spazio,spazio,8619,1.2682135347826498,1.0018076863777938,1.0084560302463588,0.466413435403771
grok_v01,Moon,e,lettera,5269,1.1642285613098513,0.9209012092560824,0.9721902101751713,0.8796362861669638
grok_v01,Moon,i,lettera,4103,1.1876722802158812,0.9339117259577142,1.0438994331693163,0.9080099746964347
grok_v01,Moon,a,lettera,4075,1.0653345864650907,1.010571021569026,0.9834975381460938,0.8444314213948627
grok_v01,Moon,t,lettera,3912,1.2585736165412615,0.9161341310164645,1.0128642556187413,0.8430435814314465
grok_v01,Moon,n,lettera,3670,1.2189729421665956,1.000895301010264,1.0063530788374144,0.849180483026825
grok_v01,Moon,o,lettera,3472,1.2057096396758977,0.9471937457482519,0.9569344836512031,0.8956404099770908
grok_v01,Moon,r,lettera,3375,1.0931339380154557,1.078641811798377,1.0182350652085301,0.8396636609884318
grok_v01,Moon,s,lettera,3217,1.105329189226464,0.994162658206826,0.9827124870901777,0.9035100456266395
grok_v01,Moon,l,lettera,2268,1.0361073614647471,1.0025124409371509,0.9903834968595039,0.9572796736866573
grok_v01,Moon,c,lettera,1810,1.0390917887945175,0.983039516467652,0.9301292287238726,0.9862321884898957
grok_v01,Moon,d,lettera,1789,0.9674194086541752,0.9596484114560832,1.0221527452728394,0.878042348201748
grok_v01,Moon,h,lettera,1647,1.2816573264173639,0.9199028748401025,1.0217708347143215,1.0085616504814616
grok_v01,Moon,m,lettera,1610,1.2532672644998535,0.9550114500139273,1.0157283067515828,0.9349465991246448
grok_v01,Moon,u,lettera,1299,1.2816170464296723,0.9865578317793152,0.9712813006332978,1.0073244341015255
grok_v01,Moon,g,lettera,1157,1.0573430771604928,0.9862789448334114,0.95249116533271,0.9411445141683101
grok_v01,Moon,p,lettera,1141,1.1810161293703525,1.0341906880740797,1.0096591390710516,0.967543220573618
grok_v01,Moon,f,lettera,871,1.055195051614289,0.9732597966455302,0.9407380288056961,0.9682566354573447
grok_v01,Moon,y,lettera,742,0.9711582976903526,1.0206144109570776,1.0589841025696787,0.9262706570122909
grok_v01,Moon,b,lettera,668,1.1570160057939092,0.9996573096214748,0.9989327431939609,0.8991397816078509
grok_v01,Moon,the,funzione,413,1.3830265752581623,0.9414247455284815,1.111771307071874,1.09062588156087
grok_v01,Moon,and,funzione,273,1.0691604334717422,0.9958664994170658,0.915361157299471,0.7904667670246479
grok_v01,Moon,of,funzione,171,1.0767339573324037,0.9780847356443321,1.026973098158775,1.0670042851645591
grok_v01,Moon,to,funzione,162,1.085428572969561,0.9828916789127341,0.9879889142915198,1.0155665601824697
grok_v01,Moon,in,funzione,130,1.1465536290339653,0.90137156466607,1.0805586806652254,1.0433711763363835
grok_v01,Moon,from,funzione,122,1.0554834905791932,0.9974142563087322,1.0355971490656264,1.009485134961466
grok_v01,Moon,moon,keyword,144,1.477891182204676,0.9338690164997336,1.1808701608600027,1.5328608497326757
grok_v01,Moon,lunar,keyword,66,1.02270584399745,0.9446191142030123,1.0646656316456424,1.1027164932184792
grok_v01,Moon,moon's,keyword,58,1.1584049455266465,1.023641321210724,1.0524540895463876,1.1787815242925128
grok_v01,Moon,earth's,keyword,40,1.3704765642325458,0.9666001697354075,1.2211313387023714,1.5473750120292658
grok_v01,Moon,earth,keyword,95,1.4076441055999473,1.0506905760939391,1.3352935900444791,1.8235098252198423
grok_v01,Moon,surface,keyword,35,1.1684719254280886,1.046478990131604,1.1149181290200658,1.281119838609876
grok_v01,Moon,apollo,keyword,36,1.299857993177399,0.9766486970236926,1.2139064510212507,1.9693556419544636
grok_v01,Moon,on,appaiata,67,1.24925119338663,0.9932498326806858,1.158613535385632,1.3690218340255491
grok_v01,Moon,as,appaiata,53,1.0077810601397403,1.0457988103571312,0.9128969024506759,0.9221400133754301
grok_v01,Moon,for,appaiata,45,1.1355902850320483,0.9267391394519434,1.1270034484913332,1.4283198664598868
grok_v01,Moon,at,appaiata,43,1.0112045555504239,0.925218886303715,0.9853415351966378,0.9684324801226315
grok_v01,Moon,over,appaiata,36,0.9526061937720469,0.8983277612731673,0.9801012341637824,0.9286355785554602
grok_v01,Moon,km,appaiata,35,1.352017868714781,1.0102712778725447,1.3444083869578238,2.62397356893534
grok_v01,Moon,or,appaiata,33,1.1508434454923684,1.0285696912998739,1.040732335822623,1.0159375855055133
grok_v01,Alexander the Great,vocali,vocali,18923,1.2358469246471016,1.047065434754574,0.9417751761924583,0.5405113660438956
grok_v01,Alexander the Great,spazio,spazio,8574,0.9792811047852231,1.0156157689637841,0.9831732775193917,0.4434832055555751
grok_v01,Alexander the Great,e,lettera,5821,1.029702862493096,1.0015643596989892,0.974688992610031,0.8587586849200656
grok_v01,Alexander the Great,a,lettera,4594,1.0321577818277081,0.9866554044403394,0.978567393544862,0.8490248366546487
grok_v01,Alexander the Great,i,lettera,4274,1.1450934001732596,0.9830541803087783,0.9757233900362378,0.8612996053587437
grok_v01,Alexander the Great,n,lettera,4018,1.1390344396340377,0.932176829227029,0.9316424120152509,0.8246865134943511
grok_v01,Alexander the Great,t,lettera,3714,1.0666269731449698,0.9979211762233143,0.9526656203866187,0.8612766911083967
grok_v01,Alexander the Great,r,lettera,3460,1.009910232216697,0.9977118312106633,0.9330336575533241,0.8372589582634509
grok_v01,Alexander the Great,s,lettera,3314,1.0396813047229212,0.9923028777617713,0.9036200569562093,0.9465472976247856
grok_v01,Alexander the Great,o,lettera,2997,1.1524040770227344,0.9657255556544992,1.0096748216205282,0.9253411034795667
grok_v01,Alexander the Great,d,lettera,2231,1.0149818160446908,1.0126800378965963,0.8580647366978441,0.8648751303780458
grok_v01,Alexander the Great,l,lettera,2125,1.058333437398737,0.9876083093914314,1.0092910763373402,0.9492060065114539
grok_v01,Alexander the Great,h,lettera,1802,1.1199673358960633,0.9748636792342144,0.9261847082972577,0.9630869588103361
grok_v01,Alexander the Great,c,lettera,1779,1.0511637956868283,1.0042461938559695,1.0302474830558113,0.8619025178504756
grok_v01,Alexander the Great,p,lettera,1285,1.0960923310922301,0.9491466155910123,1.0225555111678921,1.015852914045323
grok_v01,Alexander the Great,u,lettera,1237,0.9820276333541041,0.9898000554664165,1.003699351164001,0.8968533132841006
grok_v01,Alexander the Great,m,lettera,1218,0.9605775076784172,0.9877454874793393,0.8977584629312109,0.9445473635246197
grok_v01,Alexander the Great,g,lettera,1205,1.0003125826828223,0.991657230961645,0.961928313920346,0.9559469131568034
grok_v01,Alexander the Great,f,lettera,896,1.009692508299829,1.0594894409678963,1.0033115152329168,0.9151532380530382
grok_v01,Alexander the Great,y,lettera,750,0.9775968066587591,0.879295129863377,1.0185477894829285,0.9854116753761881
grok_v01,Alexander the Great,b,lettera,659,1.2423513058111608,0.9508381919860657,1.0206137889881224,1.029650307311954
grok_v01,Alexander the Great,the,funzione,384,1.2399002290014989,0.9272490611496519,1.1329157587977312,1.1933389411256534
grok_v01,Alexander the Great,and,funzione,330,0.9151538173827606,1.025721754983216,0.9449823303836165,0.7075823224387754
grok_v01,Alexander the Great,to,funzione,207,1.0742509462417371,0.9493110056264751,1.0541417394144446,0.9464115252918375
grok_v01,Alexander the Great,of,funzione,198,1.0834061607497651,0.9935946987173927,0.9765244638086094,0.9219354123268065
grok_v01,Alexander the Great,in,funzione,182,0.9939858313692873,0.9236565004913891,1.040343243294817,1.0131111851355799
grok_v01,Alexander the Great,his,funzione,117,1.2698936006669321,0.9873866222989829,0.9859171861446537,0.9857192926598893
grok_v01,Alexander the Great,alexander,keyword,162,0.9152652750636,1.0295456990800718,0.8933519755162637,0.7403721614189858
grok_v01,Alexander the Great,bc,keyword,81,1.0797790038143515,0.8928886291745952,1.0545849903021354,1.3254573128928988
grok_v01,Alexander the Great,persian,keyword,78,1.3548707732627612,0.9337813965869627,1.277818236199628,1.4358556388616233
grok_v01,Alexander the Great,macedonian,keyword,78,1.1623112053363973,1.0109916075593108,1.0486534269643422,1.0153078608340327
grok_v01,Alexander the Great,alexander's,keyword,48,1.020662955840877,0.9989212063867156,0.9912386324232729,0.9803176646115107
grok_v01,Alexander the Great,cavalry,keyword,47,1.39947175047026,0.9376460533027234,1.3519673497651545,1.9171727240669747
grok_v01,Alexander the Great,greek,keyword,39,1.1436174699184716,1.0102161110116954,1.1059972015219104,1.5155891462644833
grok_v01,Alexander the Great,with,appaiata,84,0.9502249922529937,1.0345378107982237,0.9285106239303677,0.7961946228992843
grok_v01,Alexander the Great,as,appaiata,79,1.079238286290932,0.9898443837968763,1.0175813698911023,1.0145322633448808
grok_v01,Alexander the Great,by,appaiata,76,0.9398946815724694,1.0012586885959396,1.036322643832147,1.030492828055403
grok_v01,Alexander the Great,from,appaiata,74,1.0270206786541383,1.0332965584067395,1.0103674660807396,1.1986324837050926
grok_v01,Alexander the Great,he,appaiata,45,0.9971134510313103,0.9339005240645935,0.9762118352429651,1.0379724438683515
grok_v01,Alexander the Great,on,appaiata,43,1.046898009902722,0.9814877771556786,1.053246231464056,1.278299844763757
grok_v01,Alexander the Great,like,appaiata,36,1.0059318361234737,0.9600877892249056,1.0445653954370169,0.9828583536112242
grok_v01,Paris,vocali,vocali,18539,1.1365889094362671,0.9385741831794668,1.0013633217797138,0.5906077822142733
grok_v01,Paris,spazio,spazio,8372,1.2921602561903813,0.8865782108368857,0.9577137317258554,0.4655249127947925
grok_v01,Paris,e,lettera,5395,1.219643620262486,1.002631171164766,0.9285385078661775,0.8894441706616091
grok_v01,Paris,i,lettera,4561,1.0952883602713166,0.9968012067937101,1.0212462913620455,0.8626252050619732
grok_v01,Paris,n,lettera,4030,1.149340472884081,0.9494113363786473,0.9715575717420082,0.8451342035539541
grok_v01,Paris,t,lettera,3908,1.1018172307799643,0.9829043983809198,0.9374213851182107,0.8763022620959363
grok_v01,Paris,a,lettera,3889,0.9484807296537219,1.0223713838518804,1.046765880286941,0.8413721197720021
grok_v01,Paris,r,lettera,3561,0.9973880023357443,0.9899525209305594,0.972200108932725,0.8267605361488759
grok_v01,Paris,s,lettera,3281,1.161508691723663,0.9208701207598665,0.9933736213350084,0.9248396283977718
grok_v01,Paris,o,lettera,3239,0.9973598001713703,0.9897599918697212,1.0267915094649493,0.9088267635072786
grok_v01,Paris,l,lettera,2107,1.0941652622234612,0.9248600927227262,1.0216080905583882,0.9361153746575059
grok_v01,Paris,d,lettera,1850,1.2004030854917114,0.9661094938396652,0.9043540811468652,0.8617310250567541
grok_v01,Paris,c,lettera,1790,1.1457317548025348,0.944239370018412,0.9643295078660828,0.9809391337645745
grok_v01,Paris,h,lettera,1510,1.041700768372638,0.9897151118304396,1.0156853817820446,0.9853706952975155
grok_v01,Paris,u,lettera,1455,1.0451208868077937,0.9551854958420715,0.981571668203896,0.8867503335703381
grok_v01,Paris,m,lettera,1306,0.9315480522139066,0.9901332053491833,0.9635329099294919,0.9694595190317424
grok_v01,Paris,p,lettera,1206,1.0424258064332705,0.9902042826037945,0.9430917018363395,1.002352953030134
grok_v01,Paris,g,lettera,1190,1.0623182605635533,1.03455694627964,0.971950936094189,0.9001119286867566
grok_v01,Paris,f,lettera,925,1.012744663575751,1.0100582528835433,0.9849310316252872,1.0080730879876725
grok_v01,Paris,b,lettera,674,0.9170886215232282,1.0434773950325749,0.9847266305410809,0.9974458687677885
grok_v01,Paris,y,lettera,629,1.0542338951086279,0.9147829854121451,0.9385755620116564,0.9609884934025655
grok_v01,Paris,the,funzione,416,1.482380867173272,0.8846994288059195,1.0473192298663185,1.0577602274558713
grok_v01,Paris,and,funzione,323,0.9702081121251637,1.0001152539363054,0.965622329556265,0.7336615548415312
grok_v01,Paris,in,funzione,201,1.1441634532996374,0.9794256842993003,1.054651278582591,0.996960569014512
grok_v01,Paris,of,funzione,190,1.0024359966631888,0.9953379250370004,1.0246783964335349,1.080517941631108
grok_v01,Paris,to,funzione,158,0.9406320803290438,0.9184092888676885,1.0304227996301991,0.96152251978047
grok_v01,Paris,with,funzione,107,0.9835666166606677,0.9352116457405361,0.9384779342195353,0.7951699193694355
grok_v01,Paris,paris,keyword,116,0.8200646252226556,0.9505883098681386,0.7654616613954214,0.6702395981109043
grok_v01,Paris,urban,keyword,43,0.9841745836031587,1.0338710603061165,0.9624354153515796,0.8789616566683768
grok_v01,Paris,like,keyword,39,0.9310479443740297,1.0049865654541885,0.9741658843978195,1.0751644797112332
grok_v01,Paris,population,keyword,31,1.079685201801841,0.9846126077459328,1.0629994655034167,1.2138423658769377
grok_v01,Paris,including,keyword,27,0.9259353960272093,1.0730065880833906,0.9208140359464857,1.140152406844823
grok_v01,Paris,city,keyword,33,1.0596098058978758,0.9849792236717326,1.1104863924852808,1.1998855730914664
grok_v01,Paris,amid,keyword,25,0.8801240874374231,1.0267245752247884,0.8752907190678588,0.7589407539101333
grok_v01,Paris,by,appaiata,96,1.0215444287403055,0.9740191320668101,1.0329371903798954,0.9368414017960164
grok_v01,Paris,over,appaiata,47,0.9004664058215717,0.9708423565255506,0.861179220583312,0.6943619238169617
grok_v01,Paris,that,appaiata,31,0.9774347766755012,0.9969214989511136,0.9741667957066342,1.0154024703066187
grok_v01,Paris,at,appaiata,30,1.0988118571881031,0.9366504800862927,1.12579269646872,1.1449577494789536
grok_v01,Paris,these,appaiata,28,0.8450021030550975,0.9472354058055689,0.8217286541089788,0.6037005468720598
grok_v01,Paris,its,appaiata,26,0.950269282137563,0.9589189539579976,0.9616159457593995,0.7728213466206123
grok_v01,Paris,national,appaiata,24,1.2861343269162266,0.9368175385132774,1.159686710812844,1.3089311522585094
grok_v01,Beijing,vocali,vocali,18364,1.225877634748433,0.9451054772405265,0.9617959182767889,0.5798421610130374
grok_v01,Beijing,spazio,spazio,8346,1.2999211931473236,0.9390929238821113,0.9551316302526905,0.45875838616956116
grok_v01,Beijing,e,lettera,5297,1.150757637801581,0.9685123119289493,0.9335011090786357,0.9047239914128443
grok_v01,Beijing,i,lettera,4711,1.1329167541380545,0.9372782902295568,0.9447909811678863,0.8764690246760906
grok_v01,Beijing,t,lettera,4106,1.1070753031737033,1.002692284000806,1.0779480646521842,0.8490766760704774
grok_v01,Beijing,n,lettera,4064,1.1949014951139385,1.0267891787453847,1.0174980778095497,0.851876343234688
grok_v01,Beijing,a,lettera,3773,1.23981549384986,1.0695876502708301,0.9353108251680323,0.8704355719363783
grok_v01,Beijing,r,lettera,3336,1.1027157749153211,0.9912051960352657,0.8832798819276705,0.8598910704803476
grok_v01,Beijing,s,lettera,3221,1.1405926415871779,1.0039597058538254,0.9304542848856187,0.9526102716729848
grok_v01,Beijing,o,lettera,3167,1.0614560612694746,1.0031584255447756,0.9702415137634405,0.8811457937570851
grok_v01,Beijing,c,lettera,2041,1.4214777547949191,0.9071533119144468,1.000689247572641,0.996447578040253
grok_v01,Beijing,l,lettera,2016,1.1438562155500032,0.9253511895416686,1.0435245441177534,1.0342199871869497
grok_v01,Beijing,d,lettera,1802,0.9901629181690873,0.987495066548887,1.0020941393905907,0.9272148754168865
grok_v01,Beijing,h,lettera,1607,1.1880786295346881,0.9833278771629047,1.0475634963168268,0.9963286411550609
grok_v01,Beijing,u,lettera,1416,1.0701105090139058,0.9938731478323818,1.0615685686134748,0.9861126792123709
grok_v01,Beijing,g,lettera,1309,0.9296277784916679,0.9454645608560645,0.9934799260725313,0.8757404468375253
grok_v01,Beijing,m,lettera,1291,1.1369500149911507,1.00111131756201,1.0004120142552644,0.9405772894646324
grok_v01,Beijing,p,lettera,1260,1.2587748369034442,0.9175055678001417,0.8824875769109886,1.0211021117761891
grok_v01,Beijing,f,lettera,833,0.9718181281356503,0.9719581351071865,0.9740162782995706,1.0031981199742235
grok_v01,Beijing,y,lettera,770,1.0685751971609385,1.0010508665041182,1.0202214430244332,0.9876988723004336
grok_v01,Beijing,b,lettera,669,0.9712857381904232,0.9835423881755289,0.9617470674919951,0.9055152688095027
grok_v01,Beijing,the,funzione,379,1.4729500131681486,0.9333114929674707,1.171799384967745,1.369200847430567
grok_v01,Beijing,and,funzione,310,1.1126179254769875,1.041119353629669,1.0237091563594563,0.8815988243361372
grok_v01,Beijing,in,funzione,208,1.110892693368602,0.9069365876406853,0.9528878483451955,0.9559997026412809
grok_v01,Beijing,of,funzione,170,0.9812078937286445,0.9477775990915528,0.9093588741504681,1.0019580709486264
grok_v01,Beijing,to,funzione,169,1.148872290496775,1.0542929729359203,1.026488588807528,1.0253569391420407
grok_v01,Beijing,with,funzione,117,0.9750776223261668,1.0005190589056046,0.8941588295800108,0.785792181764546
grok_v01,Beijing,beijing,keyword,120,0.950960000818616,0.9635954903380104,0.9186022379262351,0.8089787941439958
grok_v01,Beijing,beijing's,keyword,43,0.969953159455267,0.9943973605263144,0.9533351610671635,0.8806831954949751
grok_v01,Beijing,like,keyword,41,1.0237502959216862,0.941787960837412,1.0036417310684866,0.9637698984922796
grok_v01,Beijing,national,keyword,40,1.0840795018555045,0.9872270801266453,1.1009179177241581,1.3234174528316203
grok_v01,Beijing,capital,keyword,28,1.4338153617947402,1.0047379774645995,1.271442505987335,1.7906272499560998
grok_v01,Beijing,city,keyword,37,1.2254598916560406,0.9822570888174754,1.1457861075146105,1.4677284429851774
grok_v01,Beijing,state,keyword,34,1.0869583353483638,0.9457576478529365,1.0708488048041744,1.268546105453293
grok_v01,Beijing,from,appaiata,71,0.9768933167290706,0.9680590475901084,0.9112221702928508,0.8986938974651665
grok_v01,Beijing,over,appaiata,46,0.9294013590289071,0.980744467849779,0.9658846305806031,0.9336372836335368
grok_v01,Beijing,under,appaiata,38,0.9677345121624247,0.9545436514260818,0.9176121668416348,0.7680505706011151
grok_v01,Beijing,on,appaiata,39,1.102789404190104,0.9763884430946831,1.0819922417804666,1.0517254984871278
grok_v01,Beijing,this,appaiata,28,0.8174585283946992,0.9414417834222125,0.8132073766708211,0.7425091160833418
grok_v01,Beijing,at,appaiata,27,1.0832015680593914,1.040101585148186,1.0588295856182894,1.220398419552424
grok_v01,Beijing,but,appaiata,29,1.0591734628549059,0.9966130570313682,1.0573099938983344,1.0285710937204935
grok_v01,Isaac Newton,vocali,vocali,18956,1.2642493782910167,1.0099206058416816,0.9834674193970355,0.5549855656699011
grok_v01,Isaac Newton,spazio,spazio,8372,1.3775758719765356,0.9727591259961597,0.8661462141515802,0.47777298436481114
grok_v01,Isaac Newton,e,lettera,5476,1.1268876134159818,0.9594769148388801,0.9343560336132838,0.8746254584619267
grok_v01,Isaac Newton,i,lettera,4689,1.2392173629815564,1.0119307979227086,0.9946577818086461,0.8861617579530456
grok_v01,Isaac Newton,t,lettera,4300,0.9544680862879069,0.945696079999756,0.9443219566430029,0.8344055035404899
grok_v01,Isaac Newton,n,lettera,3905,1.1279475328521162,1.062468823700706,0.9568791928410549,0.8767800172872843
grok_v01,Isaac Newton,a,lettera,3799,1.1429547921700873,0.9538829648090568,0.9573892976768716,0.8890004194652391
grok_v01,Isaac Newton,o,lettera,3613,1.0807050325092507,1.0581198422952902,1.0229813480582328,0.8954190963360655
grok_v01,Isaac Newton,r,lettera,3314,1.0756879488026307,0.9702661035946639,0.9609772924946408,0.8406632807039336
grok_v01,Isaac Newton,s,lettera,3279,1.147511838544817,0.9257408056764471,1.047795020519456,0.9023340584483669
grok_v01,Isaac Newton,l,lettera,2169,0.9835710759740905,1.0194167205083156,0.9635108281919824,0.9505543759815164
grok_v01,Isaac Newton,c,lettera,2011,1.2701541431033934,0.9833877549115096,1.0408860965138926,0.9320080353074957
grok_v01,Isaac Newton,h,lettera,1935,1.1731404874311888,0.9981974255420422,1.0499074006861713,0.9505936584901824
grok_v01,Isaac Newton,d,lettera,1807,1.0603061489784105,0.9809054162999219,0.9827165762664339,0.9075018148668855
grok_v01,Isaac Newton,u,lettera,1379,0.9781222695708455,1.00624113472331,0.9523387187810685,1.0263725514991267
grok_v01,Isaac Newton,m,lettera,1344,1.1217282897817564,1.0340393277889763,0.9619710605973927,0.9238342923673045
grok_v01,Isaac Newton,p,lettera,1289,1.0335309951703113,0.9778389645180048,1.0441594132037026,0.9916838507321332
grok_v01,Isaac Newton,g,lettera,1026,1.0690052670617025,1.018873375075229,1.006391176471692,0.9480219873965932
grok_v01,Isaac Newton,f,lettera,947,1.0129660995338114,0.9480738818697692,1.0235259687127993,0.9474117025422056
grok_v01,Isaac Newton,y,lettera,690,1.1093627007964475,0.9469430426474212,0.9831146043209826,0.955334633907973
grok_v01,Isaac Newton,w,lettera,633,1.0667817466916776,0.9661312889814099,0.934609509390394,0.9016819767555193
grok_v01,Isaac Newton,the,funzione,312,1.3649846831679862,0.9966902344613983,1.1213147848167948,1.1082714960718678
grok_v01,Isaac Newton,and,funzione,265,1.0666515481813634,0.9825354134937965,0.9747455253058345,0.8590612133910824
grok_v01,Isaac Newton,of,funzione,255,1.1634620170437497,0.9578128758434669,1.0705611280730363,1.0458207317008716
grok_v01,Isaac Newton,in,funzione,185,0.9038538413349233,0.8939891735314555,0.9566922887112326,0.8678216066830613
grok_v01,Isaac Newton,to,funzione,183,1.012287744857008,0.9715192695460418,0.9944395900108054,0.9053198835790695
grok_v01,Isaac Newton,his,funzione,125,1.2142608066919276,0.9912096738066758,1.10983438230114,1.2212164062011863
grok_v01,Isaac Newton,newton,keyword,144,0.9790889424343765,1.0003092020965445,0.7798168209229243,0.6233406737296355
grok_v01,Isaac Newton,newton's,keyword,44,0.9331308365303973,0.9703544730467591,0.9114284047063003,0.9406258528511421
grok_v01,Isaac Newton,motion,keyword,28,1.3620901070853948,1.0212277274170127,1.3380084078683498,1.5573686891381833
grok_v01,Isaac Newton,like,keyword,29,1.0464337443267888,0.977279556489926,1.021673392764371,0.8952127368092028
grok_v01,Isaac Newton,royal,keyword,21,1.3006293166247664,0.931563124990288,1.2822807316174272,1.485694365497962
grok_v01,Isaac Newton,rather,keyword,21,0.8202497643630697,0.9592139586009432,0.8225847592654109,0.6002931208582016
grok_v01,Isaac Newton,space,keyword,22,1.5679335402115577,1.0607295570924393,1.5790727094963632,1.0717072360862643
grok_v01,Isaac Newton,as,appaiata,118,1.0162605679406496,1.0089838300927834,1.0157336556752143,0.9797128192798922
grok_v01,Isaac Newton,on,appaiata,46,1.0568263419766308,1.004194942344687,0.9873880483582905,1.010929288894181
grok_v01,Isaac Newton,through,appaiata,27,1.0193414830296843,0.9815874303543922,1.028197295301937,0.8821387945586141
grok_v01,Isaac Newton,was,appaiata,27,1.1824049545070179,0.9798268932382806,1.0921955817899442,1.195354980234646
grok_v01,Isaac Newton,an,appaiata,21,1.0280309847160949,1.0527738319762785,1.0503150371070213,0.992215259453637
grok_v01,Isaac Newton,but,appaiata,21,0.9662422464120254,0.9001200332021825,0.9674203623936105,0.8436643785663878
grok_v01,Isaac Newton,than,appaiata,23,0.8233020394449356,1.007799998422733,0.8242740923126117,0.64769636539791
grok_v01,Albert Einstein,vocali,vocali,18877,1.2978279049907984,1.0159565618272937,0.9462183146125787,0.5804738335179888
grok_v01,Albert Einstein,spazio,spazio,8485,1.2131774978978673,1.0161164834509713,0.9939278837083957,0.49072004814233333
grok_v01,Albert Einstein,e,lettera,5976,1.1313517600710536,0.9981558382753849,1.0164866342066732,0.8849277096189405
grok_v01,Albert Einstein,i,lettera,4896,1.159718900718296,1.0107403657796745,1.0292843398643874,0.8641109085018882
grok_v01,Albert Einstein,t,lettera,4235,1.2136753676328835,0.9782328765108144,0.9897426500657774,0.8654266073555891
grok_v01,Albert Einstein,n,lettera,4013,0.9731932699376593,0.931358345072761,0.9526886947050501,0.850051858168314
grok_v01,Albert Einstein,a,lettera,3682,1.0725649290408528,0.994305589099351,1.0353344661803705,0.8844020006623214
grok_v01,Albert Einstein,s,lettera,3253,1.1377078392735989,1.036968497775383,0.9964812682437622,0.936374603995746
grok_v01,Albert Einstein,r,lettera,3139,0.976813995205241,0.9778423603449032,0.9943709378895966,0.8169292158281081
grok_v01,Albert Einstein,o,lettera,3043,1.180357389788193,0.9168660223504427,0.9273974601353819,0.8895987007508748
grok_v01,Albert Einstein,l,lettera,2122,1.0868098507303943,1.0406525669562214,1.0632334157252992,0.9402287915394539
grok_v01,Albert Einstein,c,lettera,1943,1.2151085853451242,0.9382835567717313,1.0457063274324565,0.9823513375969736
grok_v01,Albert Einstein,d,lettera,1914,1.1231693377453036,1.0244088033281982,0.9804052428367743,0.9084854037129706
grok_v01,Albert Einstein,h,lettera,1795,1.160738832394008,1.004727528010814,0.9721918836426798,0.977768743462993
grok_v01,Albert Einstein,m,lettera,1352,1.1065264279877471,0.9879379253053644,1.0507615841474747,0.9691593098165573
grok_v01,Albert Einstein,u,lettera,1280,1.1121589454575227,0.9259720430825914,0.9540797814864211,1.0023496647715207
grok_v01,Albert Einstein,p,lettera,1250,1.1445521199464792,1.0173281819507929,0.9771175284399151,0.9925987292439826
grok_v01,Albert Einstein,g,lettera,1003,1.14583764232832,0.9436297945172946,1.0076740357653735,1.0242916336815735
grok_v01,Albert Einstein,f,lettera,940,1.0473001546804552,0.8747245348544044,0.923009525989637,0.9976774652033265
grok_v01,Albert Einstein,y,lettera,761,1.0046773398178428,1.0141439198731454,1.0000047233388483,0.933672449183493
grok_v01,Albert Einstein,b,lettera,593,1.1261929559160195,1.0307863945369975,1.0250379739988513,1.1273351142405381
grok_v01,Albert Einstein,the,funzione,329,1.1372564751864565,1.0966709631616076,1.0773998649916277,1.0271471507105867
grok_v01,Albert Einstein,and,funzione,229,1.1501946894488848,0.9396793686991364,1.0570107380861609,0.9640085350883173
grok_v01,Albert Einstein,in,funzione,219,1.0418873997414124,0.9489107899033195,0.8987317469844159,0.917792416243716
grok_v01,Albert Einstein,of,funzione,195,1.158635657900505,1.0144681417042885,1.1314880964638694,1.1658626891267732
grok_v01,Albert Einstein,to,funzione,178,1.0298706687322663,0.9715918878348232,1.0081677114504908,0.938637298337042
grok_v01,Albert Einstein,his,funzione,105,1.3357542876511332,1.051594498023988,1.1804258186664305,1.4800541651607382
grok_v01,Albert Einstein,einstein,keyword,137,0.9458025051473249,0.9939436722793463,0.8113061366147768,0.6711591561709044
grok_v01,Albert Einstein,einstein's,keyword,34,1.1731499767868945,0.9382511835579703,1.0928152229946824,1.1014612789038047
grok_v01,Albert Einstein,relativity,keyword,36,1.2152464509194065,0.9352095598894704,1.2100293958192057,2.037697602302105
grok_v01,Albert Einstein,quantum,keyword,28,1.3358855459441064,1.0185800784416135,1.273722999552108,2.0805063993552433
grok_v01,Albert Einstein,theory,keyword,35,1.1171009069077757,1.037606907818758,1.167338599514568,2.1045755450448027
grok_v01,Albert Einstein,later,keyword,23,0.9925451407461954,0.957081305717951,0.9938326688949234,1.1194184790504638
grok_v01,Albert Einstein,field,keyword,25,1.3182104665000842,0.9243522343159012,1.2427501410876918,2.0208954681909495
grok_v01,Albert Einstein,as,appaiata,86,0.9293596666709167,0.8884564926867716,0.924352266600204,0.803703048019216
grok_v01,Albert Einstein,where,appaiata,33,1.0106183985373511,0.8727001944442971,0.9472121822960107,1.022201562652807
grok_v01,Albert Einstein,which,appaiata,31,0.8481547134360486,0.9674576785160571,0.8601804075871978,0.8341437599276267
grok_v01,Albert Einstein,an,appaiata,25,0.9662519733360124,0.9833103050880815,0.929591229177351,0.8164371082655909
grok_v01,Albert Einstein,though,appaiata,23,0.7640583558699369,0.9292807915835679,0.7712945093691074,0.5386034979182227
grok_v01,Albert Einstein,without,appaiata,23,0.985598443949703,0.9385652565662825,0.9829252879723742,1.1032552829576603
grok_v01,Albert Einstein,but,appaiata,21,1.0480859567797802,1.039919902291552,1.0341046254458333,1.0616201108408925
grok_v01,Napoleon,vocali,vocali,18689,1.2618912202123727,0.9733605450851286,0.9760520493725755,0.5769600659818049
grok_v01,Napoleon,spazio,spazio,8447,1.0746767092041705,1.045341948564154,0.9660511944979833,0.45922408062266573
grok_v01,Napoleon,e,lettera,5433,1.0993866710431603,0.9289762274178907,1.050980143798414,0.8626020568377463
grok_v01,Napoleon,i,lettera,4270,1.1774626139436102,0.9404909958257792,0.9809965699304373,0.9236702539671944
grok_v01,Napoleon,a,lettera,4219,1.153444361636531,0.9916527554413875,0.9962625399353989,0.8651880240961484
grok_v01,Napoleon,n,lettera,4013,1.0100038909797602,0.9223886392475391,0.9544883476464258,0.8371715977097738
grok_v01,Napoleon,t,lettera,3992,1.114303315269806,0.9125274344658315,0.9736670847889247,0.8634923688851254
grok_v01,Napoleon,r,lettera,3523,0.8556412850763557,0.9870101406638425,1.0321472891113608,0.8107603110014455
grok_v01,Napoleon,o,lettera,3439,1.1539594469554522,1.041550074966225,1.0217188862878583,0.8875079870925058
grok_v01,Napoleon,s,lettera,3012,1.0381157834571841,0.9507932347771765,0.9185351479688787,0.9944491713183137
grok_v01,Napoleon,l,lettera,2157,1.0286022483059325,0.9816490222841056,0.971683171930346,0.9079761509725407
grok_v01,Napoleon,d,lettera,1991,1.0168246193858486,1.025658369860283,0.9514750379454493,0.8944825216132294
grok_v01,Napoleon,c,lettera,1869,1.186432382982438,0.9088525797346664,0.985980327437986,0.9126450705892744
grok_v01,Napoleon,h,lettera,1541,1.069362595736193,0.9596485161559398,0.9883301979681359,0.9194447668610415
grok_v01,Napoleon,u,lettera,1328,1.0391793189388623,0.9740127040737708,0.940945454238169,0.8948510570867424
grok_v01,Napoleon,p,lettera,1264,1.0969891997529164,1.0166967899192192,1.0444611801417978,0.9926456311275533
grok_v01,Napoleon,m,lettera,1190,1.0144480673905028,0.9667159095932463,0.9845235225042529,0.9490401492734107
grok_v01,Napoleon,f,lettera,1022,0.9637389578642914,0.9554532765291586,0.9479754152859012,0.9606838376314433
grok_v01,Napoleon,g,lettera,1006,0.953270442381756,0.9927967173561961,0.9562728174978119,0.8875029462831566
grok_v01,Napoleon,b,lettera,742,1.2183720084828293,0.9710351733909369,0.9685448491017321,0.9204649244505119
grok_v01,Napoleon,y,lettera,714,1.1058923436771249,0.969969727183272,0.9457911940436673,0.9269737399809564
grok_v01,Napoleon,the,funzione,455,1.0935491474254506,0.9888802603071905,0.9306947555566456,0.9234138404234736
grok_v01,Napoleon,and,funzione,297,1.00273046506033,0.9656798086575779,0.8967150171915336,0.7608199299375331
grok_v01,Napoleon,of,funzione,217,1.077633170197119,0.9983906964473329,0.986055488473751,0.9561652357644694
grok_v01,Napoleon,to,funzione,207,1.0695152801120538,0.9798948020438557,1.0203774854946808,1.0362475320914786
grok_v01,Napoleon,in,funzione,149,1.2059491907962914,0.9624561182421499,1.0730474844277917,1.1107821242610298
grok_v01,Napoleon,on,funzione,114,1.0563940648268069,0.9806692337774604,0.9649745957122645,0.9130636040242383
grok_v01,Napoleon,french,keyword,91,1.2339570379540432,0.932751472039813,1.0830156205906445,1.1068660554959817
grok_v01,Napoleon,napoleon,keyword,79,1.159606612643446,1.003204637138828,1.0441843659969396,1.1128441925086605
grok_v01,Napoleon,bonaparte,keyword,71,1.3587621179504106,0.9547238970432838,1.2615598287578622,1.551312832798232
grok_v01,Napoleon,british,keyword,32,1.2782571297034044,1.0284506803455429,1.2755479191207646,2.419858326372449
grok_v01,Napoleon,france,keyword,32,1.0513626660363313,0.984565452153899,1.0287958679188334,1.1472512527059646
grok_v01,Napoleon,napoleon's,keyword,23,1.0990920161952968,0.9514031155700935,1.08724859549203,1.540960726802183
grok_v01,Napoleon,like,keyword,22,1.0239482287727009,0.9674616533985153,1.043889184704616,1.167657905189476
grok_v01,Napoleon,by,appaiata,83,0.7956698625325526,0.936314007515644,0.7924291874616719,0.6923723432349905
grok_v01,Napoleon,as,appaiata,54,0.9872939149351216,0.9314626722722362,0.977612158997294,0.9710568027959203
grok_v01,Napoleon,at,appaiata,51,1.0781098386784211,1.0148282887711901,1.0735444680908854,1.172417107800818
grok_v01,Napoleon,while,appaiata,35,0.8876876526881314,1.0630960919783286,0.8697822436823067,1.0634004606199712
grok_v01,Napoleon,against,appaiata,26,1.0497047494692342,0.9878271505749748,1.0878664527900197,1.2136126460546028
grok_v01,Napoleon,or,appaiata,23,1.0146887689161521,0.9457240180460916,1.0213062334776701,1.334262972723181
grok_v01,Napoleon,that,appaiata,22,0.9048900695546905,0.9211093750247267,0.9284830089988274,0.8925983161388514
grok_v01,Brazil,vocali,vocali,18511,1.2727331732365534,0.9866950980662036,0.9602349985518415,0.5994983836167171
grok_v01,Brazil,spazio,spazio,8347,1.0726766062308686,0.932582875069777,0.9836554831401761,0.46032652555626735
grok_v01,Brazil,e,lettera,5256,1.0983161345151675,0.9325264734292871,0.9871738997610504,0.9066274180046077
grok_v01,Brazil,i,lettera,4410,1.0886809669227593,1.008418304847021,0.9322251369930054,0.8989700464231359
grok_v01,Brazil,a,lettera,4017,1.3015321023739925,1.005153282522144,1.0192764777929781,0.8799183933813142
grok_v01,Brazil,t,lettera,3884,1.0080212896457046,0.9101782879090461,1.029829847424237,0.8873125673189545
grok_v01,Brazil,n,lettera,3862,1.043175397849292,0.9475575443169962,0.8962157123677179,0.8358272051673428
grok_v01,Brazil,r,lettera,3502,0.984726701922968,1.0070883768197385,1.0063637562195094,0.80978727420359
grok_v01,Brazil,o,lettera,3439,1.2227577380028198,0.9245981024705582,1.0407214060410739,0.8810777591288084
grok_v01,Brazil,s,lettera,3152,1.2525191559927342,1.0059807674354864,1.040163629391057,0.9483078779974683
grok_v01,Brazil,l,lettera,2250,1.141547409479756,0.9998779120722223,0.9843280579712436,0.9413015191007426
grok_v01,Brazil,d,lettera,2014,1.190018586040242,0.9528528632684535,1.0000153622642614,0.8870873955901749
grok_v01,Brazil,c,lettera,1863,1.146999365569069,0.9759522733790441,1.0433826169179259,0.9176487162869655
grok_v01,Brazil,u,lettera,1389,1.1025576239063914,0.9302115353806464,0.9544106884265372,0.9716871817282239
grok_v01,Brazil,h,lettera,1299,1.0853833112596114,1.0242361139924725,0.964444379281002,0.9861866196764919
grok_v01,Brazil,p,lettera,1262,1.025436930716756,1.0152283907358237,0.9629406014168772,0.9805494695409914
grok_v01,Brazil,m,lettera,1215,1.0357829945341122,0.9099130793061158,0.9810179667984014,0.9140665768190606
grok_v01,Brazil,g,lettera,1127,1.0049648338706163,1.0134183724212982,0.9333199989295721,0.9387577246627914
grok_v01,Brazil,f,lettera,904,1.227864868512242,0.9889470529870682,1.020674751770921,1.014908128121642
grok_v01,Brazil,b,lettera,785,0.9849897047815466,0.9278874936471855,0.9367152462745688,0.9524375956768953
grok_v01,Brazil,y,lettera,641,1.1022953504838262,1.0036552448675065,0.9706177314781899,1.0261734370937976
grok_v01,Brazil,the,funzione,348,1.1504668405311476,0.9110732015156667,1.0741309761221955,1.0462043589976444
grok_v01,Brazil,and,funzione,307,1.0509269966037185,0.9314670839336753,0.9129926290931998,0.8011120085230772
grok_v01,Brazil,in,funzione,213,1.185455705052043,0.934724579954004,1.0556006210355953,1.1718550455031829
grok_v01,Brazil,of,funzione,173,1.0245739197677521,0.9758678259709801,1.0178740983846424,0.9734091788079893
grok_v01,Brazil,to,funzione,173,0.9755807752339335,0.9538371255104368,0.9013531724933573,0.8889475982594499
grok_v01,Brazil,by,funzione,122,0.9061764757646061,1.0234356378928167,0.8527172583930615,0.7669908295338251
grok_v01,Brazil,brazil,keyword,62,1.1310253821876806,1.0368702809959809,1.1117137443643128,1.34255123609889
grok_v01,Brazil,including,keyword,29,0.947625194878442,0.9921396978602864,0.979152047285735,0.9724289036449831
grok_v01,Brazil,like,keyword,28,0.9212277380904417,1.0097684675916747,0.9352960166771179,0.8307431911733956
grok_v01,Brazil,brazil's,keyword,26,0.9911999155628834,0.9748041154776019,0.9847180001785686,0.9995650660621828
grok_v01,Brazil,amid,keyword,23,0.8682100748635597,1.0136209106665106,0.8769572589481819,0.8269495002986852
grok_v01,Brazil,economic,keyword,22,0.9322872394371664,1.0304573541162803,0.9200850278057778,0.9003697411345
grok_v01,Brazil,brazilian,keyword,22,1.116351619832792,0.9717088512835105,1.0527981196107703,1.2327624453977193
grok_v01,Brazil,that,appaiata,35,0.9683177236167698,0.9382238007540497,0.9603681143440514,0.7863049902893767
grok_v01,Brazil,which,appaiata,29,0.9760501570672268,0.993637375417693,0.9883036694425966,0.998012397875839
grok_v01,Brazil,but,appaiata,27,0.9382436710856393,0.952414125997732,0.9434228807047199,0.8633083962404798
grok_v01,Brazil,these,appaiata,26,0.809035903649037,0.9004219056510742,0.8046311649032356,0.5726879344349026
grok_v01,Brazil,this,appaiata,24,0.9368193735624437,0.9215404908314002,0.928896981214745,0.8212295877320545
grok_v01,Brazil,while,appaiata,21,0.8901212754281365,0.9356716379357214,0.8820249319080343,0.7286594355774149
grok_v01,Brazil,at,appaiata,20,1.0223468932207656,1.0003042809442306,1.020115804367087,0.8624964214481315
grok_v01,Artificial intelligence,vocali,vocali,19020,1.361770850924265,0.9851075010737743,1.0187539706560642,0.572745575871762
grok_v01,Artificial intelligence,spazio,spazio,7893,1.2659525621281016,0.9861682013564987,1.0602678306001267,0.4665715277087907
grok_v01,Artificial intelligence,e,lettera,5487,1.046092186991942,1.0122214137292798,0.9588045820667405,0.8766431134177515
grok_v01,Artificial intelligence,i,lettera,4644,1.3634214571374705,0.9880637902390027,0.9508965992376166,0.916723070801539
grok_v01,Artificial intelligence,a,lettera,4232,0.9226647026963251,0.9200059336759031,1.0009962369874978,0.8465528191506874
grok_v01,Artificial intelligence,n,lettera,4144,1.0846129933958975,0.9693366453379403,0.9985749746611289,0.8721571827855323
grok_v01,Artificial intelligence,t,lettera,3943,1.1821930531440084,0.9643421322214274,0.9936910613464042,0.8938972552914066
grok_v01,Artificial intelligence,r,lettera,3355,1.0942344796536838,1.0073076629201088,1.0334247546067479,0.8693465271272293
grok_v01,Artificial intelligence,s,lettera,3338,0.941901978778799,0.9679273394614286,0.9681322634167077,0.9617024312144541
grok_v01,Artificial intelligence,o,lettera,3274,1.0805925686871154,0.9792239077026038,1.0106052012045088,0.8773655659094011
grok_v01,Artificial intelligence,l,lettera,2267,1.0226885093164053,0.9652622971984094,0.9697091637705054,0.9691494505209067
grok_v01,Artificial intelligence,c,lettera,2125,0.9833310902052658,1.0124106341921013,0.9403053538096201,0.9262050405065503
grok_v01,Artificial intelligence,d,lettera,1859,1.1846936950578266,0.9726885751727229,0.975608866139868,0.964814982064805
grok_v01,Artificial intelligence,m,lettera,1474,1.0479750325975472,1.0473184936119087,1.0080772280130896,0.9526691915668262
grok_v01,Artificial intelligence,p,lettera,1441,1.090504869417136,0.9616669925805033,0.989524471406157,0.9087893208513774
grok_v01,Artificial intelligence,g,lettera,1417,0.9495144476414841,0.9339370503605657,0.9760063705487153,0.9106823266720905
grok_v01,Artificial intelligence,u,lettera,1383,1.0398274860745298,1.01297518500391,0.9677544904582641,1.0014121763102015
grok_v01,Artificial intelligence,h,lettera,1371,1.0595756473816647,0.9715928386476419,0.9531389223110532,0.9626055757545577
grok_v01,Artificial intelligence,f,lettera,811,1.0097707204946431,0.9419053684113812,1.0621364960064807,1.0319466776388648
grok_v01,Artificial intelligence,b,lettera,683,1.2595124916268174,0.9920456342684766,0.9180765210020643,0.9728680392635718
grok_v01,Artificial intelligence,y,lettera,611,0.9995150558224721,0.9125607363654149,0.984961398575209,0.9806764741844729
grok_v01,Artificial intelligence,and,funzione,247,1.0060092917575978,0.9530434135672837,0.9707602441530133,0.7754185376847816
grok_v01,Artificial intelligence,in,funzione,221,0.9352364809084742,1.021452173418386,0.9683024941573853,0.9021970128822684
grok_v01,Artificial intelligence,to,funzione,178,1.063854190642469,0.9557376835704211,0.9553179050924697,0.8605974547215712
grok_v01,Artificial intelligence,the,funzione,142,1.2972248402078197,0.9377044349365488,1.1990024059753595,1.5500016717035372
grok_v01,Artificial intelligence,of,funzione,112,1.1641345148518547,1.0446711612752149,0.9925770153596484,1.037126814752652
grok_v01,Artificial intelligence,by,funzione,107,0.9515792175204926,0.992175057807318,0.9471915938685952,0.8649930054396008
grok_v01,Artificial intelligence,like,keyword,72,0.8590262644845352,0.9377408115268681,0.7901972426957279,0.6992141943266491
grok_v01,Artificial intelligence,ai,keyword,66,1.3233972489581958,1.0164960552139666,1.2327920989159555,1.447650218907028
grok_v01,Artificial intelligence,learning,keyword,61,1.080114864555677,0.961686444222089,0.9984798466948838,0.97622306241032
grok_v01,Artificial intelligence,systems,keyword,50,1.0964408854215413,1.004379190305994,1.1009671885061503,1.2673545807656457
grok_v01,Artificial intelligence,intelligence,keyword,48,1.3639046353826891,0.9685376718587676,1.2415221732537958,1.3182243516423322
grok_v01,Artificial intelligence,data,keyword,56,1.0964575547076818,0.9691352349366301,1.0556680214103078,1.0961345735212988
grok_v01,Artificial intelligence,models,keyword,44,0.9816084003262706,0.9747020135733612,0.9667704964315114,0.9205227819113861
grok_v01,Artificial intelligence,from,appaiata,61,0.9147328615053744,0.9455337410684619,0.9792548181664746,0.8214612937472092
grok_v01,Artificial intelligence,or,appaiata,56,1.2284389041239947,0.9660644387359058,1.1359646497656932,1.1293242888583181
grok_v01,Artificial intelligence,with,appaiata,71,0.9767392630101701,0.9596947055469548,0.9950379574711211,0.9529713253734844
grok_v01,Artificial intelligence,such,appaiata,39,0.890233984634364,0.9756631337171807,0.847561298448528,0.6241161472616233
grok_v01,Artificial intelligence,tasks,appaiata,35,0.8059069592120233,0.9362729470346091,0.820694861425103,0.8216867922739519
grok_v01,Artificial intelligence,that,appaiata,35,0.9851541874290316,0.9389548303086,0.9222986032462832,0.9136113144780422
grok_v01,Artificial intelligence,through,appaiata,35,0.8253659880027772,1.0307799396629507,0.8414999834507956,0.6402115166499317
grok_v01,Olympic Games,vocali,vocali,18583,1.3164844638010824,1.0517034549831712,0.9280305252772137,0.5520684184153268
grok_v01,Olympic Games,spazio,spazio,8436,1.2867763297094104,0.9747628211744059,1.0241607655189207,0.4592691787226675
grok_v01,Olympic Games,e,lettera,5458,1.187032880897601,0.9369276796491106,1.0285002558651757,0.8718813085030123
grok_v01,Olympic Games,i,lettera,4598,1.1274790754563189,0.9607782424162695,0.9632819404296589,0.8556910081747474
grok_v01,Olympic Games,t,lettera,4236,1.0400796791033857,0.9950506192081031,0.9647395340686172,0.8404656804604077
grok_v01,Olympic Games,n,lettera,3933,1.1208037434858265,1.0456029295815001,1.01128710283655,0.8273583328537668
grok_v01,Olympic Games,a,lettera,3737,1.1987924539326376,0.9836909706905724,0.9070054309207466,0.8669644074072109
grok_v01,Olympic Games,o,lettera,3535,1.163868172724319,1.0147052636474196,1.0624620081961587,0.8690218786780302
grok_v01,Olympic Games,s,lettera,3264,1.152696609783,1.0142335720399516,0.9617957791546887,0.9275409662400488
grok_v01,Olympic Games,r,lettera,3113,1.0262416550000666,0.9641912198582611,1.055585007596671,0.8768175964421632
grok_v01,Olympic Games,l,lettera,2148,1.2101113848281282,0.9589363918317128,0.9272737509818502,0.9540760534901208
grok_v01,Olympic Games,c,lettera,2047,1.1447061196969213,1.0113814851536291,0.9884776950282678,0.8903661501964769
grok_v01,Olympic Games,d,lettera,1856,1.0363601802424238,0.9581016635041838,0.9548799111984058,0.9168682230860753
grok_v01,Olympic Games,h,lettera,1553,1.3417213559923302,0.9656248962583618,1.0119547419345147,0.9851938788970588
grok_v01,Olympic Games,m,lettera,1467,1.109370799473285,0.9165842450591576,0.9394840964234068,0.9773132450139124
grok_v01,Olympic Games,g,lettera,1307,1.0118198523252602,1.021046968638271,0.9999154420344013,0.9639428296912251
grok_v01,Olympic Games,p,lettera,1295,0.8803024967236912,0.9125620604645296,0.9811518273109039,0.914450209298624
grok_v01,Olympic Games,u,lettera,1255,1.168371880969218,1.020774876147314,1.0225237977042552,0.9678464999396361
grok_v01,Olympic Games,f,lettera,864,1.0954715367594667,0.985266253886885,0.9881320893627219,0.9293323529298513
grok_v01,Olympic Games,y,lettera,725,0.9170177926015209,0.9811034580504504,1.0626426811754468,1.015233468237753
grok_v01,Olympic Games,b,lettera,603,1.1847682559787085,0.9977833287536019,1.0845859073190274,1.0440471790852213
grok_v01,Olympic Games,the,funzione,470,1.452684130824462,1.0070574061517314,1.1058958183289533,1.1590513855735927
grok_v01,Olympic Games,and,funzione,329,1.0385679122034273,1.007884125323199,0.905850026886494,0.75236185242847
grok_v01,Olympic Games,in,funzione,188,1.1783708146459662,1.0337898375993693,1.0080979437947892,0.9907818044882662
grok_v01,Olympic Games,to,funzione,177,0.9677450708989325,0.9494513162103336,1.019021884376814,0.8851513676455584
grok_v01,Olympic Games,of,funzione,141,1.1326857027565909,0.9350768442966305,1.0804882863794083,1.120562022472356
grok_v01,Olympic Games,with,funzione,95,0.9593012107642002,1.0129886657269986,0.9507417229343494,0.8125370312580036
grok_v01,Olympic Games,games,keyword,107,1.0415058886635606,0.9213482420102713,1.0019918619513621,1.026490785237674
grok_v01,Olympic Games,olympic,keyword,104,1.1819942811593627,0.9822696043736356,1.0993168015997075,1.1826714271841505
grok_v01,Olympic Games,ioc,keyword,86,1.2550539792048603,0.9683786205180945,1.2483842502371236,2.4148706260653383
grok_v01,Olympic Games,like,keyword,41,0.8676570293586596,0.927990859849907,0.9037435392845231,0.8505353451075139
grok_v01,Olympic Games,international,keyword,39,1.1042265249810077,0.9452610487076599,1.073589631525899,1.6189753637229134
grok_v01,Olympic Games,sports,keyword,36,1.1711553050286465,0.918872939733525,1.135137846059866,1.6299291944305694
grok_v01,Olympic Games,host,keyword,39,1.2161040343704337,0.9695829972304745,1.1198315416360296,1.4104142501108963
grok_v01,Olympic Games,for,appaiata,94,1.118562970511403,0.9531319439375453,1.1083633012671914,1.2293052954649466
grok_v01,Olympic Games,from,appaiata,93,1.0646092245359087,1.0038304028132985,1.009615489932281,1.0507704394158954
grok_v01,Olympic Games,by,appaiata,77,1.1956215545637954,0.99905879443898,0.9871831437373201,1.0371781634171604
grok_v01,Olympic Games,at,appaiata,40,0.8765702462313452,1.0179085272437007,0.8940368202527081,0.9160956236222986
grok_v01,Olympic Games,events,appaiata,32,0.976557543869311,0.940347893731575,0.9676032169390053,0.9603320137693028
grok_v01,Olympic Games,or,appaiata,31,1.2748276411713773,0.9403057844921369,1.1676339686432202,1.5202070411777284
grok_v01,Olympic Games,billion,appaiata,30,1.457316965107638,0.9673843905850134,1.425324277132548,2.2014961451852284
grok_v01,World War II,vocali,vocali,18394,1.2329466762829528,0.9365529047746532,0.9297025582249105,0.6113609892334525
grok_v01,World War II,spazio,spazio,8561,1.2574792592422515,1.0128915432208425,0.974635349870788,0.44408978370430935
grok_v01,World War II,e,lettera,5352,1.050648366295251,0.9108539511940599,1.0005126349052902,0.8817699631055869
grok_v01,World War II,i,lettera,4308,1.3033463630179467,0.9894108905724704,1.040417200619916,0.895070596658668
grok_v01,World War II,a,lettera,4258,1.137518198452061,0.9795342034955933,0.9723410435272939,0.8775811964870303
grok_v01,World War II,n,lettera,3820,1.0638591655253613,0.9631104384063806,1.0033739805595008,0.854644160176863
grok_v01,World War II,t,lettera,3731,1.221005502555734,0.946706018966625,1.005407345886807,0.8812268831599636
grok_v01,World War II,r,lettera,3422,1.0989775379314708,0.988723035624437,0.9202254591968421,0.8903190684698472
grok_v01,World War II,o,lettera,3145,1.2677173640059718,0.9578293451522774,0.9773114046296375,0.9138146164397212
grok_v01,World War II,s,lettera,3104,1.0352536719534648,1.0229954553835603,0.9592381148404646,0.9143477694537506
grok_v01,World War II,l,lettera,2139,1.0249209119780436,1.0146473583782363,0.921889835543483,0.9790605062469908
grok_v01,World War II,d,lettera,2049,1.0960710669817393,1.034178748567257,1.0172646202754128,0.8697742490280179
grok_v01,World War II,c,lettera,1596,1.0747106593050726,1.0185948959400835,1.0187543330201903,0.9224353509400556
grok_v01,World War II,h,lettera,1389,1.0940729070542257,1.0008268914135106,0.9607963826603582,0.9473376389092528
grok_v01,World War II,u,lettera,1331,1.0122269115539926,1.029814175386583,0.9506931784735709,0.9379256788703259
grok_v01,World War II,m,lettera,1254,1.0152556491118805,1.0228461877215074,1.0012956051981559,0.9638643533835831
grok_v01,World War II,p,lettera,1230,1.1320088135376107,0.9921177421918085,0.9806361559695095,1.004344681264542
grok_v01,World War II,g,lettera,1152,0.9611616651876329,1.0112916927962845,0.9710610933405284,0.9159743915579748
grok_v01,World War II,f,lettera,1064,1.187832607316555,1.0077367084321793,0.9308930696897502,0.9727731331670505
grok_v01,World War II,y,lettera,688,1.01967171016638,0.9641640498741825,0.9809243622461562,0.9636855109170047
grok_v01,World War II,b,lettera,680,1.0671461785570937,0.9229607868399126,0.960396693374451,0.9551220137355052
grok_v01,World War II,the,funzione,404,1.083875590491127,0.9853846039510165,1.084213381927652,0.9479083395041441
grok_v01,World War II,and,funzione,345,0.8984652502253488,0.9710929537723961,0.8915192647789194,0.7155177825405387
grok_v01,World War II,of,funzione,182,1.1260604840414823,0.8682750774811824,1.1204339401318577,1.1518572265672316
grok_v01,World War II,in,funzione,173,1.200626312978789,0.9969318978912178,1.0422939883091773,1.0882761930220177
grok_v01,World War II,to,funzione,173,0.9852346542512795,0.9600919701372262,1.0345910207952222,0.9200737061808053
grok_v01,World War II,by,funzione,98,0.9798125939622343,1.0219522748564895,0.9677856254005125,0.9948666679826764
grok_v01,World War II,german,keyword,66,1.2525015019873191,1.0142937675308528,1.252806850596986,1.5508373097005814
grok_v01,World War II,soviet,keyword,62,1.4908302888330625,1.0005322823648717,1.4326532624752393,2.1949997293108154
grok_v01,World War II,allied,keyword,47,1.246055663836811,0.8911280463727631,1.2200775007609233,2.2616623344717204
grok_v01,World War II,forces,keyword,41,1.1705117244450247,0.996053443714759,1.140105925873751,1.7672013504527835
grok_v01,World War II,million,keyword,37,1.1330456877498554,1.0070356643525848,1.080574265550584,1.1812203274307738
grok_v01,World War II,troops,keyword,32,1.0851245857352867,0.8989194636777832,1.0954944070303902,1.4193609933279991
grok_v01,World War II,casualties,keyword,28,1.1441406670959284,0.9313931989633515,1.1302614981169365,0.9591532768781905
grok_v01,World War II,for,appaiata,59,1.0551114302476892,1.0195896777770175,1.0271345605184354,0.9687288309208658
grok_v01,World War II,as,appaiata,49,1.1324245109644884,0.9682779264604507,1.1235191268185163,1.3880545901169874
grok_v01,World War II,over,appaiata,42,0.8891623400208147,0.9900973588835882,0.8974695381021179,0.8360551291567585
grok_v01,World War II,war,appaiata,43,1.167994788193633,0.9444804641169725,1.1558567451182329,1.3694414084515516
grok_v01,World War II,but,appaiata,32,0.8297756774973922,0.9810209693142058,0.8613072805661233,0.840478295182001
grok_v01,World War II,at,appaiata,27,1.1432375599055549,0.9438117900039025,1.0421393086674458,1.3529615305049432
grok_v01,World War II,military,appaiata,27,0.9587848100458345,0.9522742588392542,0.9652597076795564,0.986510424665481
grok_v01,World War I,vocali,vocali,18633,1.265072648112873,1.0257210829379522,1.0104796879490767,0.5677917277460928
grok_v01,World War I,spazio,spazio,8486,1.2998962380507675,0.9745035834174849,0.9310677572183138,0.4509677281636629
grok_v01,World War I,e,lettera,5303,1.1761228117817777,0.9614108558258403,1.0017166318424364,0.8866548712244497
grok_v01,World War I,a,lettera,4440,1.302527551975104,1.0024328722778162,0.9814283142655996,0.857742371322277
grok_v01,World War I,i,lettera,4281,1.355684496196773,1.0098927980640218,1.0354514679744977,0.9295909282457228
grok_v01,World War I,n,lettera,4006,1.1636113766301992,1.019137813094465,0.9399725183988226,0.8229939109791065
grok_v01,World War I,t,lettera,3954,1.0635219133656075,0.9672852357668628,1.0229509379783217,0.8672400304183566
grok_v01,World War I,r,lettera,3591,1.0502787175980637,1.0908978053309566,0.9266282875658914,0.817009161562082
grok_v01,World War I,s,lettera,3178,1.1108394465370603,1.0022482651087607,1.0171614330706351,0.9400017317436946
grok_v01,World War I,o,lettera,3125,0.9573506581830908,1.0195780507740408,0.9744302859131387,0.9180247660033513
grok_v01,World War I,l,lettera,2144,1.032268589941593,0.9528762222421427,0.9381625461454882,0.9913312432228033
grok_v01,World War I,d,lettera,1964,1.0564369720205649,1.0761323498517648,0.9839479005649459,0.9162559487447873
grok_v01,World War I,c,lettera,1559,1.0886479931149773,0.9986699919512372,0.9912342927412917,0.9069578970151968
grok_v01,World War I,u,lettera,1484,1.2143765841314789,0.9680067528146932,0.9264705940390483,0.9866906489397254
grok_v01,World War I,h,lettera,1453,1.1704251507634662,0.8929031134082442,0.976234467578716,0.9467976320748176
grok_v01,World War I,m,lettera,1302,1.0689126645212772,0.9845966193568468,1.046139338830984,1.0063576653671378
grok_v01,World War I,g,lettera,1253,1.0854749742269976,0.9972545019231616,0.9970126877048525,0.910940990515962
grok_v01,World War I,p,lettera,1082,0.936163813483565,0.9631094832861161,0.932974156973733,0.9808063539102769
grok_v01,World War I,f,lettera,1017,1.0931463183475456,0.9375159265673229,1.0170568515955256,1.0229958737129834
grok_v01,World War I,b,lettera,762,1.1295866272146162,1.0027551854531185,0.9846026632538941,0.9783514877694203
grok_v01,World War I,y,lettera,610,0.9989703787359722,0.9875017255492526,0.9965038757546273,0.9596480896847636
grok_v01,World War I,the,funzione,418,1.251110639976604,0.9670124663935722,1.0685337789823386,1.1057435665130673
grok_v01,World War I,and,funzione,298,1.256510514935983,0.9664588578661085,1.0080204255747935,0.9089924836755867
grok_v01,World War I,to,funzione,196,0.9846208462361321,0.9583026652464893,0.9047673763508599,0.8727875767573973
grok_v01,World War I,of,funzione,186,1.1756332232818842,0.9836398223478912,1.039543202204569,1.0525383680201832
grok_v01,World War I,in,funzione,155,1.0105435254031514,0.9604182228425323,1.0311034504545225,0.9069597889673978
grok_v01,World War I,on,funzione,113,1.2721914425320455,0.9513561016455819,1.1372740242529054,1.3778184604966819
grok_v01,World War I,german,keyword,71,1.313816292447757,1.004712079815666,1.1771869384620308,1.599553706622753
grok_v01,World War I,august,keyword,37,1.2876283494307206,1.020855543196209,1.268441962475333,1.5770069319307658
grok_v01,World War I,austria-hungary,keyword,40,1.1605813773666205,0.9806855798215137,1.0859349760721433,1.2338793400731558
grok_v01,World War I,million,keyword,32,1.1736025130502064,0.978143052077089,1.0935585571288595,1.6784043797340449
grok_v01,World War I,forces,keyword,32,1.0371230274363377,0.9562285573000873,1.0368800519645915,1.2636433464472179
grok_v01,World War I,russian,keyword,33,1.5108619127555538,1.010031443575164,1.360534358950139,1.7202608411704983
grok_v01,World War I,germany,keyword,43,1.2423222564258996,0.961532828646016,1.163372924112952,1.4892224621211252
grok_v01,World War I,from,appaiata,67,1.1360806931292158,0.9605783705905879,1.0671844538221158,1.0861453142535469
grok_v01,World War I,under,appaiata,37,1.0249565710823278,0.918400083628117,1.0294418016283833,0.9934060809597007
grok_v01,World War I,against,appaiata,34,0.9890350936430145,1.0308894576427179,0.945551934580971,1.006872731332736
grok_v01,World War I,but,appaiata,34,0.8865814166079523,0.9996819314391979,0.8808963949349184,0.7414871607323308
grok_v01,World War I,that,appaiata,30,0.955014185270649,0.884669172420424,0.9348805504568215,0.8205719094105007
grok_v01,World War I,which,appaiata,29,1.019614366286924,1.0119418488898662,0.9952618531324798,1.0304915921638653
grok_v01,World War I,including,appaiata,27,0.9618441476111739,1.0240742824937092,0.9629931198435274,1.0435129238351404
grok_v01,Hinduism,vocali,vocali,18752,1.0853236173398593,0.8711296781731486,1.0387931443823943,0.542404122969029
grok_v01,Hinduism,spazio,spazio,8185,1.1950040734492773,0.9377921357884436,0.9935402072464311,0.4518012266812707
grok_v01,Hinduism,a,lettera,4866,1.3040170684374766,1.0315523490627727,0.9752127547216292,0.9503927882811505
grok_v01,Hinduism,i,lettera,4808,1.151633609275526,1.0231788075875534,1.0091602172449947,0.8531578783444365
grok_v01,Hinduism,e,lettera,4730,1.0275354874307991,0.9190387752842041,0.9572292789229494,0.9289244574784499
grok_v01,Hinduism,t,lettera,3876,1.085759844450991,0.9592514480496032,0.9484695283309033,0.883161985938567
grok_v01,Hinduism,n,lettera,3666,1.1642980524534678,1.0030517599447604,0.9830860439440899,0.8350946107310261
grok_v01,Hinduism,s,lettera,3539,0.9977494966660398,0.9852377100282433,0.9524000468215069,0.8943113536827199
grok_v01,Hinduism,r,lettera,3197,1.1021910243207815,1.0360280924209315,0.8764305104767587,0.8670219064557034
grok_v01,Hinduism,o,lettera,2941,1.2209365160930692,1.0048667269305005,1.0123902594453782,0.9846665692566167
grok_v01,Hinduism,d,lettera,2153,1.0799563000249117,1.0499247587445588,0.9605470444305286,0.8698267491524917
grok_v01,Hinduism,h,lettera,1980,1.1316121284472327,1.0033190880230982,0.9569781444896582,1.0074048908343443
grok_v01,Hinduism,c,lettera,1963,1.0948586448113238,0.9978251256635849,0.9601927206352379,0.990108336033836
grok_v01,Hinduism,l,lettera,1887,1.005156062975225,1.0101773132804757,0.9508542221408091,0.9779094333915054
grok_v01,Hinduism,u,lettera,1407,1.032851937077382,1.0192136060232146,0.9969809417493906,0.9173699474874865
grok_v01,Hinduism,m,lettera,1388,1.0437545196446119,0.9629438324738936,1.078743426143353,0.9981119233656045
grok_v01,Hinduism,p,lettera,1136,1.0582319005600056,0.9914501243705242,1.1045469538653343,1.0046475858891517
grok_v01,Hinduism,g,lettera,996,0.8739988150379219,0.9136459865226318,1.0132725185567053,0.9218353030400883
grok_v01,Hinduism,y,lettera,799,1.2436834170513684,1.049009026776244,1.001539905728978,0.9497125439659772
grok_v01,Hinduism,v,lettera,796,1.0390611078900052,0.9310517910346415,0.9866268739164189,1.0213001832975586
grok_v01,Hinduism,f,lettera,709,1.139557493583778,0.928608898649093,0.9777215478519358,0.9465296692927145
grok_v01,Hinduism,and,funzione,343,1.0728977064206067,1.0355475772573703,0.9409432746070405,0.7931705073182503
grok_v01,Hinduism,the,funzione,301,1.2860922476596792,1.0090443667280484,1.0492797431726115,1.1209532394154096
grok_v01,Hinduism,to,funzione,162,1.0480776696925416,0.9731735181420246,1.0386439107348469,1.092152380021035
grok_v01,Hinduism,in,funzione,156,1.1659894266510744,0.9806037497073703,0.9723278884907716,1.069852306371883
grok_v01,Hinduism,as,funzione,139,1.1555865120232893,1.0075009756259554,1.0172550998646008,0.9218687172051141
grok_v01,Hinduism,of,funzione,132,1.0931292886720692,1.0493275267609607,1.0959662123741383,1.0787089483844825
grok_v01,Hinduism,like,keyword,77,0.9388057300314528,0.9328864967368989,0.9274375237239888,0.850786420234165
grok_v01,Hinduism,vedic,keyword,79,1.1880749881321162,0.967951615526568,1.1056419594958595,1.2790416469726513
grok_v01,Hinduism,bce,keyword,67,1.191435435057962,1.009582621900169,1.1715706445093537,1.9941375436402333
grok_v01,Hinduism,ce,keyword,57,1.5424077623373214,0.9514209968060511,1.350326240819743,2.069167241575138
grok_v01,Hinduism,hindu,keyword,56,1.2312229344965608,1.0063458968351624,1.1039963834706985,1.2315243269795024
grok_v01,Hinduism,texts,keyword,39,1.0620564287954768,0.9980741875959357,0.9951366048045539,1.2633271269476714
grok_v01,Hinduism,dharma,keyword,32,1.2436486697571338,0.9363696036906873,1.1350813771796486,1.5895818726166056
grok_v01,Hinduism,by,appaiata,72,1.027175039642738,1.028624569508075,1.0077301130479486,0.9859706705001309
grok_v01,Hinduism,for,appaiata,69,1.1190177492063116,0.9942388531380022,1.0480380702436298,1.0623761893455277
grok_v01,Hinduism,from,appaiata,65,0.9795328225757625,1.0956464056588349,0.9623146912582579,0.9170898727918682
grok_v01,Hinduism,or,appaiata,48,1.175255337528093,0.9132422701636851,1.1543986441928562,2.061309615349668
grok_v01,Hinduism,on,appaiata,45,0.9041073543755129,0.9705734233511999,0.8766858411607571,0.8025458565852572
grok_v01,Hinduism,th,appaiata,35,1.1479969263537975,0.975816237459593,1.1287996054243459,1.771592413729986
grok_v01,Hinduism,such,appaiata,30,0.9787310608035299,0.9423086644157794,0.9743890272820773,0.9961200649764814
grok_v01,Adolf Hitler,vocali,vocali,18385,1.2061983193875225,0.9961218575308713,0.987070369635318,0.5861844052022248
grok_v01,Adolf Hitler,spazio,spazio,8614,1.2271573656472647,0.9798016561519886,1.0092482497774278,0.46625151410453514
grok_v01,Adolf Hitler,e,lettera,5400,0.9977919587923437,0.9697477406952656,0.9539948539577027,0.85450356738519
grok_v01,Adolf Hitler,i,lettera,4560,1.097124272677576,1.058476462622265,1.0988395644165714,0.8736843083444498
grok_v01,Adolf Hitler,a,lettera,4051,1.054719019800456,0.9622608706137036,0.9448751697710182,0.8450588847712134
grok_v01,Adolf Hitler,t,lettera,3948,0.9663766243022733,0.9784691576403324,1.0176037853704676,0.8542958283914356
grok_v01,Adolf Hitler,n,lettera,3725,1.1270539527970034,1.0061181061826527,1.0135658143644397,0.8736053039668228
grok_v01,Adolf Hitler,r,lettera,3612,1.020909192629005,0.9562273059786404,0.9984753876736424,0.8432747562782824
grok_v01,Adolf Hitler,o,lettera,3125,0.9877397868388855,0.9837281498625655,0.9058482869462079,0.8804723771789178
grok_v01,Adolf Hitler,s,lettera,2958,1.0136814267367078,0.9706151008489154,1.0813653328511066,0.9720830753625622
grok_v01,Adolf Hitler,l,lettera,2260,1.1124401639574835,1.0213974308796698,0.9498699372180258,0.9501435261344086
grok_v01,Adolf Hitler,d,lettera,2036,1.045436303886531,0.9941247090591182,0.9778246111635797,0.8728043835690461
grok_v01,Adolf Hitler,h,lettera,1884,1.211443276699535,0.997967386468695,0.9983485795991385,0.9576936938252794
grok_v01,Adolf Hitler,c,lettera,1669,1.1918410743023695,1.0195821600321937,0.9598108946955363,0.9609646616568254
grok_v01,Adolf Hitler,m,lettera,1387,0.9487100464824203,0.936315261865705,1.032991936759534,0.9224064214109007
grok_v01,Adolf Hitler,u,lettera,1249,1.0880134922083637,1.0063948533526668,0.9984431364619663,0.9526388651129369
grok_v01,Adolf Hitler,p,lettera,1185,1.1128880698826378,0.9782155650487255,0.8911340775434015,0.9901475454941498
grok_v01,Adolf Hitler,g,lettera,1136,1.0774931318359169,0.9729310797550236,1.0059710579179475,0.9002084496170183
grok_v01,Adolf Hitler,f,lettera,957,0.9731607946680894,0.9692291813092483,0.952285038342184,1.0059585391851629
grok_v01,Adolf Hitler,y,lettera,775,1.0293739137272033,1.0018507396484633,0.9844144061213532,0.9598045835401903
grok_v01,Adolf Hitler,b,lettera,644,0.9395132432773222,1.0388203899389126,1.0017845304644764,0.9378716817363141
grok_v01,Adolf Hitler,the,funzione,401,1.1859837229021695,0.9670026319574715,1.019490309773253,1.037111688978115
grok_v01,Adolf Hitler,and,funzione,309,0.9387393675769856,1.016722914535679,0.903765708931464,0.7398881857771511
grok_v01,Adolf Hitler,to,funzione,212,0.9073741531059133,1.0317574670239849,0.9863990123343943,0.9108862442161322
grok_v01,Adolf Hitler,in,funzione,199,1.2053492287394825,0.9813778591748865,1.0968802816607937,1.1557310382371528
grok_v01,Adolf Hitler,of,funzione,193,1.1147643428979623,0.9752124791800848,1.0424157989578406,1.0427313866501209
grok_v01,Adolf Hitler,by,funzione,117,1.042586990064763,1.056117604896395,1.005361902514199,1.01027120985804
grok_v01,Adolf Hitler,hitler,keyword,124,1.0179095272525687,1.0157241345053145,0.9153404945043072,0.8367436331777136
grok_v01,Adolf Hitler,german,keyword,39,1.0878271140283637,1.0205925409375147,1.0620350251393746,1.145717687621786
grok_v01,Adolf Hitler,party,keyword,48,1.3246763230055865,1.0299022206224453,1.334187282118318,2.032828700460794
grok_v01,Adolf Hitler,hitler's,keyword,28,1.0769214750110698,0.9247239868517788,1.0121454197026036,0.8917094817118383
grok_v01,Adolf Hitler,national,keyword,25,1.0928595170062483,0.9525587046969317,1.1008997197091865,1.6700230122934674
grok_v01,Adolf Hitler,amid,keyword,23,0.8873999087639698,1.0265403139531628,0.9001222509325434,0.7157496321723614
grok_v01,Adolf Hitler,adolf,keyword,23,1.0176914854314854,0.9916637115617534,0.9780578434280285,1.208882167743683
grok_v01,Adolf Hitler,as,appaiata,98,1.075966143228487,1.014881730831542,1.0955030117536715,1.1890402531082025
grok_v01,Adolf Hitler,this,appaiata,42,0.8217353181066205,1.0123919630103675,0.8169532325790824,0.6210494522340523
grok_v01,Adolf Hitler,that,appaiata,28,0.9932775195700397,1.0242374586831298,0.9935458589030786,1.0776323599141955
grok_v01,Adolf Hitler,was,appaiata,27,1.0926806535966667,0.9591594490891105,1.121130357312913,1.3882847772698819
grok_v01,Adolf Hitler,under,appaiata,25,1.0087601780279116,0.9653923348480168,1.0335828122506714,0.9863221615886067
grok_v01,Adolf Hitler,at,appaiata,23,0.9840599795983158,0.9222578734436202,0.9897159770190985,1.1132666956484885
grok_v01,Adolf Hitler,racial,appaiata,22,1.264819569424771,0.9914896513104255,1.232870366660971,1.9176357232724002
grok_v01,Rome,vocali,vocali,18555,1.2569521981417757,0.9203737063694056,0.953316821969766,0.5903301666752546
grok_v01,Rome,spazio,spazio,8666,1.3885770881703112,1.0042724928063427,0.9344529815173219,0.4835387231781447
grok_v01,Rome,e,lettera,5199,1.1867788442312348,0.977199647781716,0.8796495400624416,0.8857081919048866
grok_v01,Rome,i,lettera,4564,1.207604040535683,0.9520256875419832,0.9259806376722141,0.8706802992571433
grok_v01,Rome,t,lettera,4175,1.1435700404105564,0.9375562224203845,0.9730715927285501,0.8353040558721189
grok_v01,Rome,a,lettera,4059,1.1886884409983658,1.0360999660409542,0.9860408989137065,0.8742553275466824
grok_v01,Rome,n,lettera,3902,1.0948181410081348,0.9767058753983241,0.9474103823755778,0.8266934132946342
grok_v01,Rome,r,lettera,3420,1.0891212746694316,0.921759691236501,1.008017395262437,0.8609170233088398
grok_v01,Rome,o,lettera,3247,1.2107023832107155,0.8913791625442862,0.9841057400435836,0.8978780947938507
grok_v01,Rome,s,lettera,2937,1.141722566683103,1.0157357288434583,1.008282278479049,0.9636752717690613
grok_v01,Rome,l,lettera,2244,0.9978399575391536,1.0249028790471149,0.9255052633948919,0.9522837585815129
grok_v01,Rome,c,lettera,1931,1.1778973999498306,0.9864300800805657,0.9454861625355058,0.9436008040050113
grok_v01,Rome,d,lettera,1813,1.167257652618105,1.0415454160730884,0.9245184475162974,0.9139920481711368
grok_v01,Rome,h,lettera,1529,1.1127366522288884,1.0022606208968952,0.9593446394118258,0.9524314023398349
grok_v01,Rome,u,lettera,1486,1.1914073282695063,0.9914279555405475,0.9573998472497459,0.9814120378777058
grok_v01,Rome,m,lettera,1369,1.0197251438423527,0.9642840250135992,1.0590072692056125,0.9908468959967685
grok_v01,Rome,p,lettera,1249,1.1364406952789083,1.0131593952263163,0.9799777132807823,0.9933511210549496
grok_v01,Rome,g,lettera,1095,1.1878931949826028,0.9410156320583306,0.9479826298890598,0.9855750685598749
grok_v01,Rome,f,lettera,891,0.876432835470381,0.9058492950890688,0.9909820758335003,0.9318832415828072
grok_v01,Rome,y,lettera,759,0.9712117793983577,0.9442596036600305,0.9494764908730181,0.9667856293624283
grok_v01,Rome,b,lettera,679,1.1266188495605014,1.0636220023306795,0.9920434873627824,1.058909038394483
grok_v01,Rome,the,funzione,492,1.2356667296116681,1.0252326915174688,1.0236989529367981,1.0412851576365896
grok_v01,Rome,and,funzione,340,0.8633102141815014,0.9566557170508986,0.9389904149774718,0.7725085334402765
grok_v01,Rome,in,funzione,194,1.1042389770518006,1.0022030287093644,1.0567287495313311,1.0631425671640529
grok_v01,Rome,of,funzione,182,1.0971444797613017,0.8908860131414084,1.0318488046331193,1.0074249739409502
grok_v01,Rome,to,funzione,153,1.07428763112589,0.960184972007088,0.9974976943647625,0.9256597756855037
grok_v01,Rome,by,funzione,107,0.9787907081471287,1.0759732063967486,0.9666312648252194,0.8957182790893797
grok_v01,Rome,rome,keyword,115,0.9812081458045123,0.897282671546226,1.0106826101807591,0.932649945241837
grok_v01,Rome,bc,keyword,53,1.6776024741370181,1.0650348918955823,1.5959970791762919,2.557075843368011
grok_v01,Rome,rome's,keyword,44,0.9121711916581495,1.0164177928343507,0.9410718168791062,0.8542983958476895
grok_v01,Rome,century,keyword,43,1.1005561973472202,0.9997663200883317,1.073232705949778,1.3657834196969152
grok_v01,Rome,like,keyword,35,0.9900165647405732,0.9353377639473882,0.9834896477566136,0.9531632894191538
grok_v01,Rome,city,keyword,57,1.0628142746455957,0.9622391644417553,1.0642182559874198,1.0406726185799853
grok_v01,Rome,urban,keyword,35,0.9794623620996629,0.9978339749343005,0.950049970021254,0.9148759515644601
grok_v01,Rome,on,appaiata,58,1.0959803056651942,1.04709278529585,1.0687532098708115,1.3053320572831428
grok_v01,Rome,for,appaiata,46,0.8636615556038293,0.9608083746058599,0.9586458505480656,0.8273415604984078
grok_v01,Rome,th,appaiata,38,1.032348889272182,1.0185664292072802,1.0048913709606049,1.3387268363277087
grok_v01,Rome,including,appaiata,31,0.8924367043933336,0.9651105569444473,0.8848276903044417,0.7763610226528765
grok_v01,Rome,under,appaiata,31,1.1008685202701272,1.010346391898988,1.0979675648583915,1.4427062135909803
grok_v01,Rome,over,appaiata,29,0.9464802571532289,0.9082220173171519,0.9696912724698875,0.8721383233504122
grok_v01,Rome,city's,appaiata,26,1.0409504110346564,0.9556815714293397,1.0290062457509583,0.9686881543481882
grok_oggi,Industrial Revolution,vocali,vocali,18395,1.1316861644306375,0.9616254659340582,1.0286185231919796,0.5665050585394584
grok_oggi,Industrial Revolution,spazio,spazio,8181,0.9992425533599812,0.9555388403082309,0.98466286916659,0.4653368776212922
grok_oggi,Industrial Revolution,e,lettera,5096,0.8927005110813591,0.978063759986023,0.9515407922675237,0.9001916743115139
grok_oggi,Industrial Revolution,i,lettera,4507,1.1286758904643375,0.9712161957897307,1.0094479442906523,0.873680330441709
grok_oggi,Industrial Revolution,t,lettera,4159,1.0082911122370806,0.9616719882227626,0.8951477086746454,0.8157455365623765
grok_oggi,Industrial Revolution,n,lettera,4031,1.2182390154426161,0.9060899624093274,0.9842881173673682,0.8407886738642811
grok_oggi,Industrial Revolution,a,lettera,3913,1.0561131266538162,1.0534571647964974,0.9584560761011658,0.8701149073376835
grok_oggi,Industrial Revolution,r,lettera,3544,1.0131200904260051,0.8778643250212438,1.0010852948763491,0.8298984234551031
grok_oggi,Industrial Revolution,o,lettera,3412,1.0598094807144387,1.043821930217774,0.9346901796745892,0.9017756295215239
grok_oggi,Industrial Revolution,s,lettera,3052,1.1360334239089913,1.0586715184899655,1.073022799337253,0.9242835857168904
grok_oggi,Industrial Revolution,l,lettera,2302,0.9866940330509063,0.9782947829796025,1.0888655138042738,0.9477323371432683
grok_oggi,Industrial Revolution,d,lettera,2089,1.153788002397971,0.9045353075150168,0.8999499069725293,0.8629474630374769
grok_oggi,Industrial Revolution,c,lettera,1836,1.1540217746333126,1.0766351596305923,0.9432510850464113,0.9447879388710201
grok_oggi,Industrial Revolution,h,lettera,1482,1.0386089660966797,0.9567851218195659,0.9928645099017074,0.9921404433690085
grok_oggi,Industrial Revolution,u,lettera,1467,0.9160841843166143,1.0851385975056758,0.9986823766449892,0.9851033239441592
grok_oggi,Industrial Revolution,m,lettera,1272,1.0332695357936694,1.0429686601151678,0.9037960141523698,0.8854783227299051
grok_oggi,Industrial Revolution,p,lettera,1246,0.9810592377824954,0.9812126810983018,0.9666718781078852,0.980368776766634
grok_oggi,Industrial Revolution,g,lettera,1166,0.9801517983373145,0.97342695961974,0.9819435535810443,0.9002731451036754
grok_oggi,Industrial Revolution,f,lettera,914,0.965838511973815,0.9553638129349616,0.9788845192319732,0.9425736212870915
grok_oggi,Industrial Revolution,y,lettera,768,1.0702338107864184,0.9908755573521099,0.998396436245724,0.9675293550959273
grok_oggi,Industrial Revolution,b,lettera,688,1.089405386245102,1.1047806591639573,1.011145674293271,0.8728440087909938
grok_oggi,Industrial Revolution,and,funzione,306,1.0184589228433432,0.9441053617204392,0.9889808792423412,0.8611570101377745
grok_oggi,Industrial Revolution,the,funzione,270,0.9765304253384877,0.9935992801214137,0.9215727133121584,0.9194866683989692
grok_oggi,Industrial Revolution,in,funzione,229,1.0142064405184315,1.0072945196530718,1.0051306685332417,0.9037757589656253
grok_oggi,Industrial Revolution,to,funzione,178,1.002068474176409,0.9728424584301193,0.9670746682188485,0.9048411576235449
grok_oggi,Industrial Revolution,of,funzione,154,1.1132723264011029,0.9499076575471199,1.0502404284852067,1.0147051580226318
grok_oggi,Industrial Revolution,by,funzione,151,1.147706491142688,1.024000886735524,1.0293474617576746,0.9484829392663001
grok_oggi,Industrial Revolution,industrial,keyword,57,0.9913009957075906,1.0188164418658767,0.9641773174077537,0.972388726415416
grok_oggi,Industrial Revolution,like,keyword,44,0.9618401126018207,0.9697113627804858,0.9464170764892548,0.786686650687106
grok_oggi,Industrial Revolution,iron,keyword,37,1.4739114726809583,1.0474089112155123,1.3289021337483549,2.1599056374956063
grok_oggi,Industrial Revolution,labor,keyword,36,1.204681514288303,1.0200139385586104,1.0261851926384606,1.2008490015960716
grok_oggi,Industrial Revolution,production,keyword,32,1.10307976259651,1.0196800821333756,1.0828239369010382,1.341805414385159
grok_oggi,Industrial Revolution,million,keyword,30,1.1096030070131266,0.9579082623794081,1.1937323292516226,1.791913913869095
grok_oggi,Industrial Revolution,century,keyword,37,1.0037895262844658,1.0278687285000545,0.976879878587494,1.0968410246435063
grok_oggi,Industrial Revolution,as,appaiata,63,0.9887578454965019,1.0538291950988714,0.9449884473679182,0.905938379863214
grok_oggi,Industrial Revolution,over,appaiata,41,1.08110980103497,0.9770016827530449,1.126112454757031,1.1503884020853476
grok_oggi,Industrial Revolution,on,appaiata,37,1.030101724074081,0.9618396733169884,1.030041977564581,0.9304736460003894
grok_oggi,Industrial Revolution,per,appaiata,31,1.0207056233222092,1.033450322373317,1.0113665028324534,0.9310722761964715
grok_oggi,Industrial Revolution,coal,appaiata,31,1.2318851406059932,0.9796976603833066,1.2295410976475891,2.0924945968665987
grok_oggi,Industrial Revolution,though,appaiata,29,0.7906413264076302,0.9484049757496127,0.7925276412246172,0.7030790439719735
grok_oggi,Industrial Revolution,factory,appaiata,28,1.1344782002284886,0.9522728250725988,1.0953314277055226,1.3043030944050207
grok_oggi,Protestantism,vocali,vocali,18361,1.0596291088106697,0.926857218089482,1.0318855811773207,0.5634301472478769
grok_oggi,Protestantism,spazio,spazio,8259,1.1294221277165022,0.9685968561358417,0.970291903067037,0.488798437218925
grok_oggi,Protestantism,e,lettera,5204,1.0176209371795075,0.9808300428471673,1.0457377080825492,0.8653004836882051
grok_oggi,Protestantism,i,lettera,4617,1.01200294391398,0.9504657849513732,0.9073135316891396,0.8524974597907315
grok_oggi,Protestantism,t,lettera,4276,1.1551631156034239,1.0143055780654697,1.0126991635068265,0.8463137838467126
grok_oggi,Protestantism,n,lettera,3928,1.2001075506729444,0.9927518919239501,0.9436040947266395,0.8520933021281459
grok_oggi,Protestantism,a,lettera,3903,1.0669908333936247,0.9683502743108793,0.9527611578241046,0.8404668046616179
grok_oggi,Protestantism,s,lettera,3476,1.1831047000308725,1.0206947765037322,0.9577750932980823,0.9353734497421675
grok_oggi,Protestantism,r,lettera,3417,1.06035607108046,1.017466447380293,0.9638169562111664,0.8262834267441881
grok_oggi,Protestantism,o,lettera,3326,1.103313245222598,0.9305638596020597,0.9781203820743976,0.8824559478967697
grok_oggi,Protestantism,l,lettera,2098,1.0320801176043943,0.9189146077342576,0.976222041158367,0.9803073735954739
grok_oggi,Protestantism,c,lettera,2066,1.088484559357296,1.0274418147863018,0.9473947918260613,0.9225136230313242
grok_oggi,Protestantism,h,lettera,1957,0.9682878812700945,0.9257989746971284,0.9081680986516805,0.9457923345291829
grok_oggi,Protestantism,d,lettera,1832,0.8599243246436354,0.9794881414466651,0.9493106002344563,0.9086659232579061
grok_oggi,Protestantism,u,lettera,1311,1.0248286857152962,0.9792748767146356,0.9263290959039671,0.9426533927992417
grok_oggi,Protestantism,m,lettera,1256,1.1771449717479745,1.0258219325832332,0.9489663314552415,0.975995649155123
grok_oggi,Protestantism,p,lettera,1137,1.150568668479036,0.9501509467342034,1.0105577318474257,1.0212258059560433
grok_oggi,Protestantism,g,lettera,1114,1.1126449951615456,0.9691281326024542,0.9315187715342725,0.8973647637407497
grok_oggi,Protestantism,f,lettera,1001,0.8904461995096361,0.962651136165594,1.0435283055736748,1.005842738358687
grok_oggi,Protestantism,y,lettera,703,1.0988913996508303,1.038883183661084,0.9396996811219115,0.9370944926252723
grok_oggi,Protestantism,b,lettera,648,1.1475768566252824,0.931218618441156,1.0183830345487892,0.9766722866553679
grok_oggi,Protestantism,the,funzione,420,0.9633065336219779,1.001791852221026,0.994849225291674,0.9417525005756393
grok_oggi,Protestantism,and,funzione,316,1.0387141712266683,0.9897592894612961,0.8682249101637586,0.7458446098031025
grok_oggi,Protestantism,in,funzione,231,1.150311418385672,0.9380545205076604,1.0006962116223224,0.9464034596580476
grok_oggi,Protestantism,of,funzione,221,1.0578118114490371,0.957179225661739,0.9937404247936055,0.9610362076599325
grok_oggi,Protestantism,to,funzione,160,1.074568329747483,1.0187489301182697,1.0367175414360137,0.9672540186976827
grok_oggi,Protestantism,by,funzione,124,0.9463384021610051,1.0143372987172528,0.9788266801650166,0.9266396257200208
grok_oggi,Protestantism,protestant,keyword,55,1.0022416201270006,0.8714864960982925,0.9890648493662875,0.9298338910195663
grok_oggi,Protestantism,church,keyword,58,1.0433817079604069,0.9982759518347114,1.0780675649563656,1.3080166353598124
grok_oggi,Protestantism,faith,keyword,48,1.1683993431709117,0.9723208679042333,1.1027818358865604,1.193108752728658
grok_oggi,Protestantism,like,keyword,37,0.8687276825731183,1.0026871206481542,0.8613377986921824,0.7803805408122957
grok_oggi,Protestantism,alone,keyword,34,1.3461720595432318,0.9338745055339747,1.1696621330365788,1.6655100504112623
grok_oggi,Protestantism,catholic,keyword,34,1.1168077832957433,1.0255738919007766,1.094728247244583,1.1547734811100594
grok_oggi,Protestantism,authority,keyword,27,0.9426570676052188,0.984348709025519,0.9758244320378293,0.9088038557067201
grok_oggi,Protestantism,for,appaiata,53,1.1288838256251166,1.0064599536647667,1.0503581716943027,1.1949370078002604
grok_oggi,Protestantism,from,appaiata,60,1.0567036621306216,1.0096071325539233,0.9622997346010823,0.972178680445135
grok_oggi,Protestantism,on,appaiata,45,1.0288379738155031,0.9921632201962902,1.023259060657448,0.9559142828296304
grok_oggi,Protestantism,over,appaiata,36,1.0068065843831306,0.9850390378299297,1.006266338740286,0.8192320205854695
grok_oggi,Protestantism,that,appaiata,34,1.1439113696046852,0.9308518511559281,1.1585046118449556,0.8565989293718136
grok_oggi,Protestantism,through,appaiata,35,0.9359963770861344,0.941919839335482,0.9354548439908847,0.9006374155984355
grok_oggi,Protestantism,sola,appaiata,27,1.3920311409738848,1.0016905972338155,1.2815452526567588,1.9303611294288265
grok_oggi,Slavery,vocali,vocali,18700,1.1939000802193478,0.9173792131763561,0.998189593296161,0.5508782730426204
grok_oggi,Slavery,spazio,spazio,8310,1.0899502573346576,0.8891135132633634,0.8981297895682495,0.45203779563405216
grok_oggi,Slavery,e,lettera,5431,1.1501333142636587,0.950546236065997,1.0319714576632621,0.8448472144553155
grok_oggi,Slavery,i,lettera,4290,1.2153469623772466,1.0477188294910402,1.0075818244230208,0.8713876887932986
grok_oggi,Slavery,a,lettera,4265,1.2520328435628618,1.005906251628797,0.9721155862451988,0.8420941031699802
grok_oggi,Slavery,t,lettera,3853,1.0254638590172058,0.9890239084212787,0.9636908270950384,0.9211670016260416
grok_oggi,Slavery,n,lettera,3751,1.0569945766053428,1.0045253410257333,0.9045826728250431,0.8634546637566495
grok_oggi,Slavery,r,lettera,3624,1.0790756397340109,1.0145822395323243,0.9587986264675435,0.8414214044953195
grok_oggi,Slavery,o,lettera,3348,1.2263060920478182,0.9766746849263993,0.9754737013507916,0.9108848511942448
grok_oggi,Slavery,s,lettera,3345,1.193343206012032,0.993614590988625,0.9599574845177864,0.9663735022805461
grok_oggi,Slavery,l,lettera,2435,1.0241111739871551,1.0040027330827923,0.9339303878272665,0.9301222568108597
grok_oggi,Slavery,d,lettera,1998,1.0108313662047723,1.018510767308838,1.0276534077920825,0.9111988667064927
grok_oggi,Slavery,c,lettera,1867,1.1882940052022104,0.9531381988930049,1.013475870118463,0.9661875817051849
grok_oggi,Slavery,h,lettera,1456,1.1474633646250032,0.9658766535059624,0.9775748026161611,0.9865709359276353
grok_oggi,Slavery,u,lettera,1366,1.019244891953786,1.0313995439887085,0.9211374818654082,0.9007702566132513
grok_oggi,Slavery,m,lettera,1332,0.9396412255810878,0.9221767068474049,0.9517942850922729,0.9327481534786558
grok_oggi,Slavery,p,lettera,1120,0.9219711293664961,0.9900581311607369,0.9511499569158383,0.9804941222258261
grok_oggi,Slavery,f,lettera,969,1.1293268432252763,0.9702820906722219,0.9698614375320186,0.9242669983838121
grok_oggi,Slavery,g,lettera,920,1.0283075338925851,1.0442291515517912,0.9725463654459884,0.9239772781320031
grok_oggi,Slavery,v,lettera,763,1.0760458485000586,0.9646512829338322,0.9741010454557708,0.920617844673417
grok_oggi,Slavery,b,lettera,725,0.9503567274115435,0.9778236156051716,0.9918266021398775,1.0061026924666314
grok_oggi,Slavery,the,funzione,304,1.2229954480166996,0.9601728717446635,1.0575730317864223,1.0401082567050934
grok_oggi,Slavery,in,funzione,291,1.0193716153206913,0.973332646775101,0.936054059372773,0.7767040729083655
grok_oggi,Slavery,and,funzione,288,1.2451364502721693,1.0316704672933004,0.9900167135836669,0.9102548802192164
grok_oggi,Slavery,to,funzione,174,1.0248246615662584,0.8972470724282671,0.9738793070608825,1.0041322141607716
grok_oggi,Slavery,of,funzione,146,1.0238217009057167,1.041812153381635,1.0180020823323097,0.959951839716566
grok_oggi,Slavery,from,funzione,113,1.111278723729774,1.016457600703497,1.0662346804437506,1.1144944810518473
grok_oggi,Slavery,labor,keyword,87,1.117284350133697,0.9839699472786467,1.0822788988400922,1.010534437493071
grok_oggi,Slavery,slavery,keyword,90,0.9411454402652616,1.0089479667792545,0.9541354494454399,0.9296186376224274
grok_oggi,Slavery,slaves,keyword,72,1.0914916756527562,0.9790086659741265,1.0749980443437692,1.4559466926671585
grok_oggi,Slavery,million,keyword,62,1.3633732669911756,1.0047167424416374,1.1695724040262026,1.6327754274848119
grok_oggi,Slavery,like,keyword,51,0.99391308550492,0.9568008228513604,1.0375530401059285,1.0525932809568534
grok_oggi,Slavery,slave,keyword,46,1.0711421857409988,0.946739793565016,1.0170518993150675,1.2832713899992003
grok_oggi,Slavery,trade,keyword,43,1.1481768052340877,1.0039717130078076,1.147696025111012,1.5598102837965824
grok_oggi,Slavery,for,appaiata,89,0.9447145738816018,0.9919551048913284,0.9222255214444349,0.860987015743805
grok_oggi,Slavery,by,appaiata,91,0.9577533778912708,1.0139301014440731,0.9128569797823194,0.9157095324885677
grok_oggi,Slavery,th,appaiata,68,1.2282638382310769,0.9680969587996421,1.1789364742431798,1.7076717519526239
grok_oggi,Slavery,where,appaiata,43,0.891214043078694,0.9598149741863242,0.8747931350495216,0.815660543005475
grok_oggi,Slavery,but,appaiata,40,0.8893344465355639,1.0104321843231336,0.8888256960499853,0.8425891307626251
grok_oggi,Slavery,forced,appaiata,31,1.3063430900724728,1.0271336093986478,1.2151390030049718,1.8729695838608205
grok_oggi,Slavery,through,appaiata,30,0.8318115076115543,1.030647276181814,0.8276281982275712,0.6264752115611377
grok_oggi,Sigmund Freud,vocali,vocali,18982,1.3408977514633103,1.062500680600165,0.9127350987555607,0.5484477524262905
grok_oggi,Sigmund Freud,spazio,spazio,8161,1.2348675047604065,0.8557914761621769,0.9767391665184669,0.494210849977252
grok_oggi,Sigmund Freud,e,lettera,5715,1.1324595188019846,1.0242872602681596,1.0031972887349376,0.8435248332126305
grok_oggi,Sigmund Freud,i,lettera,4501,1.0499885475501138,0.9860501759186563,0.9868368071107477,0.8280425419128643
grok_oggi,Sigmund Freud,t,lettera,3937,1.1522246998226813,0.9735361727091086,1.0015977946494783,0.8647024031080699
grok_oggi,Sigmund Freud,s,lettera,3816,1.307488094076343,0.9224578491463906,0.9338149576738196,0.9384339521943125
grok_oggi,Sigmund Freud,a,lettera,3774,1.1063644158365458,1.026817596786516,1.0033513232313496,0.8881896028901954
grok_oggi,Sigmund Freud,n,lettera,3753,1.1140947502436993,0.9437928439380538,1.0093440961959936,0.8506161561184858
grok_oggi,Sigmund Freud,r,lettera,3432,0.9619589509971016,1.0820860228847407,1.0193191881957702,0.8614588172485543
grok_oggi,Sigmund Freud,o,lettera,3381,1.1674129577830803,0.9908856862155911,1.011883490660791,0.8888025304700068
grok_oggi,Sigmund Freud,c,lettera,2057,1.1202044257337924,1.0242023198768961,0.8728731023969042,0.9799536312969926
grok_oggi,Sigmund Freud,l,lettera,2039,1.2140398692893857,0.9784772303128344,1.0249906405756386,0.9320646766655918
grok_oggi,Sigmund Freud,d,lettera,2004,1.1004964885193527,1.054071172703418,0.9513305192313876,0.9264584196817411
grok_oggi,Sigmund Freud,h,lettera,1809,1.0795870188694632,0.964469500521279,1.0141718326791909,0.9685080684412305
grok_oggi,Sigmund Freud,u,lettera,1611,0.8287249806178605,0.9782989777808213,0.9428914520332697,0.8825083753718977
grok_oggi,Sigmund Freud,p,lettera,1258,1.0217646221743646,0.9545782792018188,1.0301967333072295,0.9423909899707889
grok_oggi,Sigmund Freud,m,lettera,1192,1.0949692173581735,0.9357752976762557,0.9749505917805701,0.9951201236430147
grok_oggi,Sigmund Freud,f,lettera,1179,1.113734806204946,0.9857729964593925,1.0063186275097262,0.9428800539563937
grok_oggi,Sigmund Freud,g,lettera,1054,1.0431911609908273,0.9862781635245635,0.963055105449017,0.9556335836047346
grok_oggi,Sigmund Freud,y,lettera,879,1.1234887978105785,0.994055520136594,0.9648274270199922,0.9489304011527084
grok_oggi,Sigmund Freud,v,lettera,566,1.1157556186107993,0.918183882187487,1.025151392110974,0.9108924331543824
grok_oggi,Sigmund Freud,the,funzione,313,1.2576126228721336,0.9324109618715966,1.07376260646955,1.1477007434758009
grok_oggi,Sigmund Freud,and,funzione,242,1.1148015987279603,0.9501900090810667,0.9934235290805417,0.8362983359989237
grok_oggi,Sigmund Freud,to,funzione,205,0.9010379515136927,0.9936654095840122,0.9508538557447337,0.8590376579350699
grok_oggi,Sigmund Freud,in,funzione,201,1.2609661219647368,0.9741125529634408,1.0165591702173538,1.0444612668203712
grok_oggi,Sigmund Freud,of,funzione,183,1.130992137141326,1.0427445902114068,1.1049797611698322,1.248960069182455
grok_oggi,Sigmund Freud,as,funzione,125,0.9237580415275145,0.9998524897432599,0.9067168094314925,0.881645961752889
grok_oggi,Sigmund Freud,freud,keyword,179,1.0921491379708297,0.9568763448147924,0.8282561706501642,0.7174447848555798
grok_oggi,Sigmund Freud,freud's,keyword,63,1.0140896297943451,0.9828175647767847,0.9556268859069482,0.911347929450858
grok_oggi,Sigmund Freud,unconscious,keyword,36,1.3033446491276264,0.9163950337153791,1.1648996160579748,1.556267620982383
grok_oggi,Sigmund Freud,symptoms,keyword,27,1.1826372668121643,0.9935584027390801,1.1837776839065406,1.371134005741447
grok_oggi,Sigmund Freud,like,keyword,26,0.9327552891252611,1.0009827738060517,0.9303826853663045,0.9843253098682754
grok_oggi,Sigmund Freud,sexual,keyword,26,0.9281618392614741,0.9381827456422521,0.9202186068580717,0.7666840084078179
grok_oggi,Sigmund Freud,hysteria,keyword,26,1.150407343988804,0.9987688163422296,1.151647086738907,1.2883468149306658
grok_oggi,Sigmund Freud,from,appaiata,93,1.1042218593230886,0.9682912674426842,1.0497347901746565,1.0453031391670948
grok_oggi,Sigmund Freud,that,appaiata,61,1.057189880236506,0.9824092926269735,1.0408861951932296,1.1052203203405735
grok_oggi,Sigmund Freud,this,appaiata,38,0.9208628661493486,1.0095273733325218,0.8989294130731805,0.8486328170121636
grok_oggi,Sigmund Freud,but,appaiata,26,1.0485076331337935,0.9391741824842613,1.0531845392729637,0.8540826883785992
grok_oggi,Sigmund Freud,than,appaiata,26,1.0178899928850587,1.0101979622350175,1.0324214262947788,0.9451059407533435
grok_oggi,Sigmund Freud,where,appaiata,26,0.9464578913763624,0.9911025473973846,0.9573934317183838,0.9556086415841598
grok_oggi,Sigmund Freud,including,appaiata,22,0.9039227631878988,0.9746213123505306,0.9135842854969805,0.947246209595977
grok_oggi,Christianity,vocali,vocali,17721,1.4388606675871125,1.0185073639245272,1.1622471013557913,1.13716540929506
grok_oggi,Christianity,spazio,spazio,8406,1.2331557377529754,1.0280588310075542,0.9483779481511098,0.47798408510586854
grok_oggi,Christianity,e,lettera,5605,1.1947273571541681,1.0122988576683125,1.0414765543318296,1.0410242765906355
grok_oggi,Christianity,i,lettera,4164,1.2502732218286432,1.0027973089994902,1.0586308113365386,1.033594861436245
grok_oggi,Christianity,t,lettera,3756,1.422709506902338,0.9636663930651714,1.0177783132511344,1.1124454914318238
grok_oggi,Christianity,a,lettera,3711,1.1314537630707278,0.9562549938785772,0.981935855754989,0.9619654920043508
grok_oggi,Christianity,n,lettera,3401,1.1241638240105494,1.0454039490657114,1.0449869512863303,0.9478570024889303
grok_oggi,Christianity,s,lettera,3198,1.3362105531980957,0.9475993195674254,1.0266258392258836,1.036419123315634
grok_oggi,Christianity,r,lettera,3083,1.2941374298173804,0.9895241004285958,1.034894894911516,0.9704951170041363
grok_oggi,Christianity,o,lettera,2998,1.1667637983733732,0.9913923551892895,0.9885842082851659,1.0047238418312536
grok_oggi,Christianity,h,lettera,2242,1.118425234756377,0.9766613014822507,1.00447480882983,0.9756766679465868
grok_oggi,Christianity,l,lettera,1929,1.147306222218059,0.9482370859805439,0.9765970116115336,1.0625737519666647
grok_oggi,Christianity,d,lettera,1824,1.2197201057302456,0.9539037321739277,0.9880187308500687,0.9995696429030441
grok_oggi,Christianity,c,lettera,1761,1.087057021903627,0.9471819312588909,1.0059039792945208,1.0523350688976183
grok_oggi,Christianity,u,lettera,1243,1.2043012595627536,1.0088912915646568,1.0141716742950015,1.0233447597641376
grok_oggi,Christianity,m,lettera,1104,1.0901672130088764,0.9705062024700721,0.910012996949797,0.9991572530531245
grok_oggi,Christianity,g,lettera,1053,1.0970809818606295,0.9638184722254398,0.9599191592897452,0.9902072406520444
grok_oggi,Christianity,p,lettera,1018,1.2306590743592207,1.034360127331231,1.0198715390716684,1.1813726176523154
grok_oggi,Christianity,f,lettera,830,1.1105083815103682,1.0467859957249752,0.990701671043069,0.9738999052423732
grok_oggi,Christianity,y,lettera,684,1.1447414345864966,1.0256566656711816,1.0099013920528688,1.0750103037279726
grok_oggi,Christianity,w,lettera,626,1.1039867483209707,0.9611388179186532,1.0216233381075397,0.940792919903045
grok_oggi,Christianity,the,funzione,485,1.190692136836955,0.9893708420651316,1.0403330254243501,1.0062880815190982
grok_oggi,Christianity,and,funzione,298,1.0817040698311253,0.950293598571967,1.0492503470940098,0.9128304696856688
grok_oggi,Christianity,of,funzione,294,1.1359598164463296,0.9404193410773796,1.0336542357103775,0.9988263381661907
grok_oggi,Christianity,in,funzione,207,0.9636024790239409,0.9747560795404864,0.9700984376509524,0.9013870035432187
grok_oggi,Christianity,to,funzione,143,1.1295329135741026,0.9582990374636627,1.044941791538571,1.095522269455162
grok_oggi,Christianity,as,funzione,132,1.027101435766372,0.9378309938376034,1.0555030242242605,1.0323084351320693
grok_oggi,Christianity,jewish,keyword,91,1.272647748786702,0.9403802679042613,1.174918688925196,1.3119573146643004
grok_oggi,Christianity,hebrew,keyword,73,1.2160424849180211,1.055892411289995,1.1296450356228365,1.3493413884823071
grok_oggi,Christianity,greek,keyword,64,1.3717378184359654,1.0290588732140113,1.2921148854280666,1.6477051782837
grok_oggi,Christianity,jesus,keyword,57,1.242001450051177,1.0186867257911223,1.185217328150115,1.6675508991183976
grok_oggi,Christianity,temple,keyword,46,1.2217470280570097,0.9831978664159299,1.1806629752031232,1.453310406557991
grok_oggi,Christianity,ad,keyword,41,1.3675595522226456,0.9768036121028224,1.3297789784494147,3.9594583196922017
grok_oggi,Christianity,christianity,keyword,33,1.1746705553003265,0.987577742236328,1.1631791926111104,1.2296612594343568
grok_oggi,Christianity,with,appaiata,70,1.0467390835233332,0.9805785112678156,1.022659080243226,0.968377979938932
grok_oggi,Christianity,by,appaiata,68,1.1771588414166012,1.0954926685482864,1.1149876590533478,1.2229395185456393
grok_oggi,Christianity,this,appaiata,51,1.0832037343147962,0.9999897594058188,1.0118530279149958,0.9530422282931355
grok_oggi,Christianity,from,appaiata,50,1.1611839967144755,0.905184525701575,1.112212154276218,1.1839027910636621
grok_oggi,Christianity,his,appaiata,41,0.9489500211167072,0.9547164469441753,0.9378047281662862,1.1339136482425343
grok_oggi,Christianity,on,appaiata,39,1.1530998375707775,1.0004683395875664,1.1219078385559806,1.3152393285309985
grok_oggi,Christianity,is,appaiata,29,1.2210122187279646,0.9895437452914496,1.119342439221697,1.175003721750614
grok_oggi,Judaism,vocali,vocali,18612,1.1778868710121229,0.9703762599170869,0.9835969717684261,0.7416721561513688
grok_oggi,Judaism,spazio,spazio,8330,1.2728602906089062,0.9609910366650292,0.9283933469231025,0.4768678487039808
grok_oggi,Judaism,e,lettera,5388,1.0082712451990874,0.9510141114485672,1.0060732710296667,0.8944699860569402
grok_oggi,Judaism,i,lettera,4482,1.189278511791727,1.0450992917054183,0.9993408323612508,0.975516864655414
grok_oggi,Judaism,a,lettera,4215,1.275830330952486,0.9489485227769169,0.9899816661536237,0.9054336759558796
grok_oggi,Judaism,t,lettera,4033,1.0377436117097398,0.9206389187817225,1.0304220787984173,0.9242211502535223
grok_oggi,Judaism,n,lettera,3590,1.0164605505944004,0.9895173602363991,0.9806631315511004,0.889129509915865
grok_oggi,Judaism,o,lettera,3287,1.1042647146163496,1.0077119623847266,0.9676640227645835,0.9147847493688066
grok_oggi,Judaism,s,lettera,3151,1.1904973238303773,0.9453293585337935,1.0124460584250492,0.9864615870832175
grok_oggi,Judaism,r,lettera,3132,0.9549978687788058,0.9868442993530944,0.919093449532586,0.8926146008443788
grok_oggi,Judaism,l,lettera,2168,1.0184661395329864,1.0125373858391675,0.9946632830991375,1.0087238089920636
grok_oggi,Judaism,h,lettera,2113,1.0863620835685723,0.9759864612599408,0.9206217733722664,0.9285226916368008
grok_oggi,Judaism,c,lettera,1899,1.2411458813436795,0.9517161063948739,1.011915100665829,1.0174254839802677
grok_oggi,Judaism,d,lettera,1785,1.2320820371005936,0.9853796741384887,1.05551902686246,0.9536703924020894
grok_oggi,Judaism,m,lettera,1271,1.1095486757368573,0.9352691725711139,0.969889895816806,1.0471031700840485
grok_oggi,Judaism,u,lettera,1240,0.970062685823797,0.9582672426083306,0.9431353891407296,0.9904194412513112
grok_oggi,Judaism,g,lettera,1050,0.9675710557706805,0.9436965094842599,0.9802607509079184,0.9565433937093005
grok_oggi,Judaism,p,lettera,970,1.1517760170029478,0.9532541514028958,1.0314010532311473,1.0819076072068134
grok_oggi,Judaism,f,lettera,817,1.107112974043724,1.0355811603970995,0.9862456200316153,0.9031689833294553
grok_oggi,Judaism,b,lettera,779,0.9366264380776734,1.0261076539348883,0.9837643267970649,1.0952216611733072
grok_oggi,Judaism,y,lettera,643,1.11989772946028,0.9243377182154352,0.92030143047915,1.00553591685007
grok_oggi,Judaism,the,funzione,510,1.201840066698735,0.9677239495247417,1.104962772350652,1.0980861555820527
grok_oggi,Judaism,and,funzione,275,1.1172391500977061,1.0688185758490618,1.076931436206104,1.0098612669034697
grok_oggi,Judaism,of,funzione,273,1.1677286571328098,0.9867253686540659,1.1269549989710201,1.0968818414511528
grok_oggi,Judaism,in,funzione,173,1.0689408799772921,0.9074188436755982,1.068749004834593,0.9687252698025057
grok_oggi,Judaism,to,funzione,155,1.0217933730591215,0.9874910573850034,0.9491275117088206,0.8365343323418392
grok_oggi,Judaism,as,funzione,136,1.043660138731544,0.9692760106998967,0.9571122062726491,0.9337214989616163
grok_oggi,Judaism,bce,keyword,51,1.291364092438131,1.0001531230208351,1.3007976017678848,1.9129802324763323
grok_oggi,Judaism,jewish,keyword,45,1.3577974989368566,1.009270814707203,1.305003494611702,2.057663743167587
grok_oggi,Judaism,covenant,keyword,44,1.3982784997287552,0.9989135115187701,1.2826554808948554,1.7297829762298815
grok_oggi,Judaism,genesis,keyword,33,1.3553219956351692,1.003704612281797,1.3378105163611635,2.1151229231171316
grok_oggi,Judaism,divine,keyword,29,1.0237584165162643,0.971886293433497,1.011305159754312,0.8813535575338074
grok_oggi,Judaism,like,keyword,29,1.0766391553082106,0.9990859842541839,1.0576901360382924,1.0240792796547076
grok_oggi,Judaism,israel,keyword,33,1.094829347415057,1.0487269844071536,1.0777275720096144,1.0016942648787315
grok_oggi,Judaism,this,appaiata,49,0.8472312192840463,0.9405262223581857,0.9015816433438489,0.7566338704149117
grok_oggi,Judaism,by,appaiata,46,0.7932934796749148,0.9853950840022613,0.8146338931492672,0.6554123546166513
grok_oggi,Judaism,for,appaiata,40,1.029414941826918,1.026645751302741,1.053247842897113,0.9383491525066051
grok_oggi,Judaism,on,appaiata,34,1.009314105521169,1.0032712335155607,0.9675471276560751,1.0944517529303697
grok_oggi,Judaism,such,appaiata,29,0.847014526573651,0.9679369348317627,0.861769237530746,0.8444211087407627
grok_oggi,Judaism,is,appaiata,28,1.1149177114942808,1.0366779480232757,1.116248221841972,1.1696604781995619
grok_oggi,Judaism,these,appaiata,27,0.999343355687978,0.972693118434364,0.997468393976248,0.9089361218303659
grok_oggi,Roman Empire,vocali,vocali,19072,1.1457558138067379,0.9994029017293595,0.8909347562890865,0.5399982957297268
grok_oggi,Roman Empire,spazio,spazio,8529,1.2036315492798633,0.937978311958075,1.0312510928788947,0.48115627129177707
grok_oggi,Roman Empire,e,lettera,5532,1.178590920731862,1.0198256439739626,0.9566507115317577,0.8748109029927383
grok_oggi,Roman Empire,i,lettera,4634,1.0874369800007933,1.0491982278595702,1.0103716207638154,0.871937595980626
grok_oggi,Roman Empire,a,lettera,4239,1.0238713023823274,0.9413741200322336,0.9558031350144894,0.8515972795881488
grok_oggi,Roman Empire,t,lettera,3956,1.0424171389125552,0.9734042009791417,1.019105177188852,0.8475891056480614
grok_oggi,Roman Empire,n,lettera,3927,1.0977740977648418,0.9463312381020775,0.9526983222616582,0.8286366417630314
grok_oggi,Roman Empire,r,lettera,3739,1.2457838585270997,0.9949536702104163,1.0052475174088522,0.8822467526296222
grok_oggi,Roman Empire,s,lettera,3284,1.0768757439044838,0.9668782391678001,0.9404453613678371,0.918642401286977
grok_oggi,Roman Empire,o,lettera,3066,1.159033426223891,0.978476867815511,0.9712406999465756,0.9099543098999877
grok_oggi,Roman Empire,d,lettera,2215,1.2350931638832365,1.0288413453147396,0.9143848942566276,0.859336513615955
grok_oggi,Roman Empire,l,lettera,2014,1.1659214720114253,1.0092083251076926,0.972908278091199,0.916384058297246
grok_oggi,Roman Empire,c,lettera,1709,1.2037156951814345,0.980217423289664,0.8926453788327141,0.9421839983355641
grok_oggi,Roman Empire,u,lettera,1601,1.214615009604729,0.9342628917658987,1.0608563646041809,1.039141174496808
grok_oggi,Roman Empire,h,lettera,1416,1.1992552891056296,1.0033958110121313,0.9576600631489557,0.9715714856177392
grok_oggi,Roman Empire,m,lettera,1314,0.9807933407044301,1.0264218421670412,0.974043964503113,0.9130388652394832
grok_oggi,Roman Empire,p,lettera,1166,1.1987013049022006,0.9446925482352101,0.9458830442565983,1.0165872019848436
grok_oggi,Roman Empire,g,lettera,1045,1.0982125386967445,0.9751418660870556,0.9813069456815611,0.8764148267898042
grok_oggi,Roman Empire,f,lettera,913,1.0362864161768202,0.9951592900431031,0.9707223329061415,1.0123193134370698
grok_oggi,Roman Empire,y,lettera,683,1.0815484986560073,0.9300596640732794,0.982790225976571,1.0013150699505866
grok_oggi,Roman Empire,b,lettera,641,0.9750019101056223,0.9313750314805507,0.9568011753371383,0.9160548404152481
grok_oggi,Roman Empire,the,funzione,440,1.2502857717207105,0.8808277010368526,0.9934544524520215,1.0015403256057966
grok_oggi,Roman Empire,and,funzione,362,1.172307692522977,0.9760649230879445,0.9878825422791837,0.7869192741883839
grok_oggi,Roman Empire,in,funzione,205,1.0218200041505905,0.9968361864576941,1.0811465709283576,1.0069535189135979
grok_oggi,Roman Empire,to,funzione,178,1.0361067313395154,0.9999595622505053,0.980448384234815,0.9179614015111685
grok_oggi,Roman Empire,of,funzione,168,1.0919574672224763,1.0451098264937049,1.1206047636958074,1.1441874235482645
grok_oggi,Roman Empire,by,funzione,111,0.9739986695808855,1.0205311546895404,0.8975591369927652,0.7892940939872172
grok_oggi,Roman Empire,ad,keyword,149,1.450473339072425,1.0145914065398962,1.3326793631803475,1.9053783183548052
grok_oggi,Roman Empire,like,keyword,54,0.8761026719802113,0.9792582920766847,0.9063886271382534,0.8018192014921544
grok_oggi,Roman Empire,roman,keyword,47,1.0997819081744495,0.9669744980379656,1.0882502187551062,1.092555757073566
grok_oggi,Roman Empire,military,keyword,41,1.1612825276750571,1.0949777408226185,1.098379525728918,1.1586887655720859
grok_oggi,Roman Empire,imperial,keyword,31,1.122207346638485,1.0433325838195484,1.103441485322568,1.1636921285771977
grok_oggi,Roman Empire,emperor,keyword,35,0.999276454260932,1.0704364078446118,1.007133051401752,0.8782277106643872
grok_oggi,Roman Empire,bc,keyword,28,1.2424621684854587,0.9542381340696715,1.174515504869779,2.2991192167083088
grok_oggi,Roman Empire,from,appaiata,86,1.0066528120000244,1.0055943856095781,1.0409517244900313,1.076491585621188
grok_oggi,Roman Empire,for,appaiata,55,1.1465920183844145,1.0450030244528226,1.0358015932138223,1.054714708965266
grok_oggi,Roman Empire,under,appaiata,41,1.053157784276831,0.9493513879864022,0.9694046247647381,1.0956170297895582
grok_oggi,Roman Empire,at,appaiata,34,0.941618870961906,1.0664615338966772,0.9667116454078831,1.0203592602964773
grok_oggi,Roman Empire,while,appaiata,31,0.7943534890114119,0.9958512389556149,0.7771390583127057,0.5937435831657383
grok_oggi,Roman Empire,but,appaiata,30,1.0517377987666447,0.9205712655484435,1.0532267918180827,1.0339118149358275
grok_oggi,Roman Empire,legions,appaiata,28,1.1868699495972714,1.0533689957308814,1.152821040987089,1.863310853902963
grok_oggi,Cold War,vocali,vocali,18808,1.1990398746299258,0.9927584625946911,0.9844044384540461,0.5648622806387378
grok_oggi,Cold War,spazio,spazio,8475,1.0803661997681617,0.9942720114381501,1.0090401202810677,0.46490938982334434
grok_oggi,Cold War,e,lettera,5661,1.0709551385003848,0.9378164858098218,1.0035562000755671,0.8551863244496067
grok_oggi,Cold War,i,lettera,4384,1.1858156199635674,0.9467463358650726,1.052249229869988,0.9175239558689386
grok_oggi,Cold War,t,lettera,4085,1.059175516444187,0.9908757070279682,1.0419156503515075,0.8466134532124274
grok_oggi,Cold War,n,lettera,4028,1.0714135841287005,0.9904652305249488,0.9159187020938487,0.8651176958588452
grok_oggi,Cold War,a,lettera,3813,0.9365686823357164,1.0156125090897858,1.0035991456351052,0.8808797568871047
grok_oggi,Cold War,o,lettera,3497,1.1039590584317862,0.9499177301664163,0.9578986810725901,0.8977603141724082
grok_oggi,Cold War,s,lettera,3327,1.0448910067854484,0.9645874702846359,1.0387490345268298,0.9444550484515376
grok_oggi,Cold War,r,lettera,3289,1.165214137750903,0.9544940430081966,1.0586485580582852,0.8433506038253801
grok_oggi,Cold War,l,lettera,2041,1.0614912199147293,0.9856378730384373,0.9302317035352982,0.9633196822031735
grok_oggi,Cold War,d,lettera,1947,0.9594488810032976,1.0246867941251665,0.9440616839743993,0.8822247002496212
grok_oggi,Cold War,c,lettera,1913,1.0468032009755672,0.9907247852586573,1.0158280150254986,0.957695789263603
grok_oggi,Cold War,h,lettera,1470,1.201919809868552,1.0647007464919367,1.001546753157295,0.9810899445612536
grok_oggi,Cold War,u,lettera,1453,1.1097862300239107,0.976749597187594,0.9640702741876702,0.9287650140318578
grok_oggi,Cold War,m,lettera,1303,1.017615529184623,1.013921313008973,0.9836240695869041,0.9767542596933589
grok_oggi,Cold War,g,lettera,1145,0.8883736655901856,0.9923740159429472,1.0171839411844517,0.9177158812080257
grok_oggi,Cold War,p,lettera,1113,1.0051454249895817,0.9945293355608782,0.9444105490505089,0.9831789181355148
grok_oggi,Cold War,f,lettera,855,1.0480917891084196,0.8903236592635454,0.9735914251354129,0.942514326801335
grok_oggi,Cold War,v,lettera,710,1.0301247538623923,0.9953107380164714,1.0839576429487014,1.0030918883538962
grok_oggi,Cold War,b,lettera,624,1.0772421849536968,1.0097524626746204,0.9819668694059641,0.9658285425082853
grok_oggi,Cold War,the,funzione,453,1.137136556495592,1.0378228353387426,0.9947926724390808,0.924868389215653
grok_oggi,Cold War,and,funzione,259,1.089137682812609,0.9463528826975501,1.0055103461408088,0.9093451183056764
grok_oggi,Cold War,in,funzione,194,0.8753243743339439,1.000266703895983,0.9167443572291595,0.9310980135471715
grok_oggi,Cold War,to,funzione,188,0.9755927421903167,0.9586284446228851,0.9746185082150728,0.9151279814142881
grok_oggi,Cold War,of,funzione,165,1.0040320322927063,0.9747944546386472,1.0221687137819337,1.0521879886013796
grok_oggi,Cold War,on,funzione,117,0.9783066952204483,1.0024882478752062,0.9324547040990435,0.8534330935808089
grok_oggi,Cold War,soviet,keyword,147,0.9176004929060323,0.924294915408014,0.9027504538930988,0.7599085137641594
grok_oggi,Cold War,war,keyword,62,1.1485077890958801,0.9523138396542423,1.022386458815931,1.0303386099283218
grok_oggi,Cold War,communist,keyword,42,1.0611176550316257,1.0725717146399527,1.0992709174755468,1.060521035138462
grok_oggi,Cold War,europe,keyword,32,1.1154063051036986,0.9981345008000183,1.158541202771337,1.1165097259020358
grok_oggi,Cold War,military,keyword,30,0.8916459909632434,0.9337031626044562,0.8819969127511685,0.6399585804285502
grok_oggi,Cold War,united,keyword,28,1.1886141098820795,0.9988413495321966,1.1802097000811018,1.338579699712755
grok_oggi,Cold War,western,keyword,30,1.0680545417770257,0.9985399344413146,1.0783657398587814,1.25848465432529
grok_oggi,Cold War,as,appaiata,81,1.0767194326546745,0.9905532425628992,0.9990277355041641,0.9581738625092479
grok_oggi,Cold War,for,appaiata,56,0.9303140909322065,0.9919913757467315,0.9433030347159095,0.9966547349306929
grok_oggi,Cold War,over,appaiata,34,0.8791122742051689,0.9417517105298274,0.9011592118088769,0.7719861007142302
grok_oggi,Cold War,against,appaiata,29,1.019902396645384,0.9380047982780849,1.0856116311633732,0.9467193672234376
grok_oggi,Cold War,but,appaiata,26,0.9958422891733578,0.9981564332039191,1.0315750197438112,1.1627393214059967
grok_oggi,Cold War,economic,appaiata,26,1.038674204417328,1.0316402947742633,1.0099702650208175,1.2999594090205582
grok_oggi,Cold War,like,appaiata,26,1.0347539405301165,1.0388510296179847,0.9883970616985861,1.132131977577453
grok_oggi,Moscow,vocali,vocali,18080,1.164918762891862,0.9147528302302597,0.9893844744892654,0.6146491165444455
grok_oggi,Moscow,spazio,spazio,8410,1.0956667912425357,0.951732014292667,0.9333539118811713,0.47695688088084376
grok_oggi,Moscow,e,lettera,5158,1.1824434660830299,1.0002759299681447,0.9434840618335211,0.8733673946559731
grok_oggi,Moscow,i,lettera,4335,1.0603106378280494,1.01044998912394,0.9679560098030721,0.8695243611255683
grok_oggi,Moscow,t,lettera,4087,1.0212246111925813,0.8878853797272998,0.9088405251805027,0.8629597777244984
grok_oggi,Moscow,n,lettera,3699,1.0578836115531287,0.881179549934337,0.9642933316657952,0.8267955393029495
grok_oggi,Moscow,a,lettera,3674,1.0440941414017533,1.0210773566817961,0.9957066950791301,0.8829107364091925
grok_oggi,Moscow,o,lettera,3534,1.0866144597029426,1.0057620436525003,0.9976363028169537,0.8989220761126323
grok_oggi,Moscow,r,lettera,3429,1.1226154169462754,0.923853100048667,0.9749610841405129,0.8205930961024807
grok_oggi,Moscow,s,lettera,3318,1.1592748936882995,0.9602845848568644,0.98829876938174,0.9656112976932086
grok_oggi,Moscow,c,lettera,2012,1.1721197103533587,1.005968515352995,0.911389766760772,0.8977297132454268
grok_oggi,Moscow,l,lettera,2006,0.9362648060155293,1.0098757123326214,0.9501301741463944,0.9753690851749058
grok_oggi,Moscow,d,lettera,1820,1.0811109437049804,1.0134727895709355,0.9673503073599433,0.8589653755272977
grok_oggi,Moscow,h,lettera,1500,1.0385626456494208,0.9449571063697267,0.9862830601658197,0.9758282632653281
grok_oggi,Moscow,u,lettera,1379,1.0410362771266704,0.9163238418375022,0.9563901320608111,0.9140968212685249
grok_oggi,Moscow,m,lettera,1251,0.9299627963015685,0.989563380901107,0.9689355604036166,0.9428555439341615
grok_oggi,Moscow,g,lettera,1062,1.118277230551913,1.0314812110004168,0.9151366535988293,0.9356715229720117
grok_oggi,Moscow,p,lettera,1039,0.9704552595192558,0.9627207339033532,1.0061694377675512,1.0106464443840908
grok_oggi,Moscow,f,lettera,915,1.05925056923143,0.9723594358270189,0.99272850625238,1.0502531871225542
grok_oggi,Moscow,y,lettera,731,0.8736954879270913,0.9891078802504621,1.0376886526468514,0.875787069191207
grok_oggi,Moscow,v,lettera,670,1.2154176701654156,0.9660726466989105,1.0286486249751097,1.0794569436236519
grok_oggi,Moscow,the,funzione,461,1.276670346749571,0.9343350532350755,1.101923513165073,1.2054415784016463
grok_oggi,Moscow,and,funzione,290,1.0545379927168133,1.0040215957106042,0.8944653972670706,0.7837819280505194
grok_oggi,Moscow,of,funzione,215,1.067304579362789,1.0296154700158227,1.0181734757767844,0.9920897836263857
grok_oggi,Moscow,in,funzione,197,1.1289967374211558,0.9468353558731603,0.922864385411898,0.9426086803065267
grok_oggi,Moscow,to,funzione,156,1.0579840375860823,0.9953027104389967,1.0113071596431729,1.0184461056474303
grok_oggi,Moscow,by,funzione,111,1.0657728085313358,1.0259489004661533,1.0217430074117475,0.981665012484715
grok_oggi,Moscow,moscow,keyword,161,1.0628070284520204,0.9968081138423123,0.991294476189659,0.8836249873867057
grok_oggi,Moscow,moscow's,keyword,47,1.065180954437973,1.0450008666035226,1.0555556622260012,1.0694970582934364
grok_oggi,Moscow,city,keyword,65,1.0274531579249258,0.9834662539441181,1.0202994571262058,1.0865932929029103
grok_oggi,Moscow,like,keyword,33,0.8993772792116886,0.9500235073055042,0.8828251070455192,0.7760195491881918
grok_oggi,Moscow,population,keyword,29,1.17934599676691,0.9764969823955004,1.1507958936167735,1.323601498996365
grok_oggi,Moscow,central,keyword,27,1.0215262885814063,0.9845498202973689,0.983352333452222,1.3667130614600995
grok_oggi,Moscow,amid,keyword,27,0.888567913649693,0.9651552992186462,0.8944215164600186,0.7447696244056634
grok_oggi,Moscow,with,appaiata,104,1.0649552094005026,0.973184623524871,0.9052164186221971,0.7827820078528057
grok_oggi,Moscow,for,appaiata,48,1.1933560552724072,0.9616417383879488,1.1222331578765674,1.2465773128710556
grok_oggi,Moscow,on,appaiata,47,0.9867960028675488,1.0081173340451193,0.9515531619513569,1.0623855365969102
grok_oggi,Moscow,over,appaiata,34,1.1059645173734525,0.9486501768976359,1.0683257938801038,1.081113952005225
grok_oggi,Moscow,at,appaiata,29,1.170726512340289,1.0353504870874566,1.1480843018479072,1.7765182192453974
grok_oggi,Moscow,or,appaiata,26,1.3095147758859107,1.0035025983022903,1.2270572047863915,1.416489984586712
grok_oggi,Moscow,including,appaiata,25,1.009532390070316,0.9451286533804225,0.9398754827454084,0.7160984144679753
grok_oggi,Nelson Mandela,vocali,vocali,18912,0.9848602215619324,1.0005291595353585,0.9919245329673515,0.5350587095897553
grok_oggi,Nelson Mandela,spazio,spazio,8408,1.2478541146746696,0.946546164880747,0.8946097265972094,0.4797235795310859
grok_oggi,Nelson Mandela,e,lettera,5503,1.1043058419147362,0.8947015763552347,0.9793154994803254,0.8468293937843848
grok_oggi,Nelson Mandela,i,lettera,4430,1.104301018495903,0.9932699805598487,1.0619808147403125,0.8904625946047265
grok_oggi,Nelson Mandela,a,lettera,4384,1.1870194915592784,0.9976793567709078,1.0209138879357338,0.9021090220063964
grok_oggi,Nelson Mandela,n,lettera,4179,1.1068679127306573,1.0464761959694073,0.9293310159091642,0.8450485067762726
grok_oggi,Nelson Mandela,t,lettera,4028,1.1554541923999948,0.9385408262257515,0.990062589744278,0.8582095710037856
grok_oggi,Nelson Mandela,o,lettera,3283,1.035054814437887,0.941251758548962,1.0255405935216102,0.88215981549418
grok_oggi,Nelson Mandela,r,lettera,3281,1.0616698766337755,0.99393435953778,1.015812011703962,0.849019584357633
grok_oggi,Nelson Mandela,s,lettera,3103,1.0267334079491026,0.9872317179424909,1.01132555631318,0.9383136130455981
grok_oggi,Nelson Mandela,l,lettera,2211,1.171348822702747,1.0114664494659242,1.054332881327203,0.9743010812737546
grok_oggi,Nelson Mandela,d,lettera,2181,1.0543889845131065,1.0063360183500947,0.9681230448215145,0.8920915331627128
grok_oggi,Nelson Mandela,c,lettera,1910,1.1406392298711536,0.9006982264779148,1.0109967691482635,0.96422525292917
grok_oggi,Nelson Mandela,h,lettera,1596,1.2309354214416257,0.9452140516616289,1.0570736187723044,0.954974839650944
grok_oggi,Nelson Mandela,m,lettera,1407,1.0769150108034462,1.004484070755774,1.000014197390026,0.9934353375858963
grok_oggi,Nelson Mandela,u,lettera,1312,0.8830571702702849,0.994084215163577,1.0601011287488367,0.9662190859680666
grok_oggi,Nelson Mandela,g,lettera,1220,0.8516749295074368,0.9337553262346213,1.003441641291815,0.9041640313313134
grok_oggi,Nelson Mandela,p,lettera,1127,1.0497747384794258,0.9886270094153193,0.971595325900214,0.9760079050890798
grok_oggi,Nelson Mandela,f,lettera,907,0.9551122023362201,0.9153821007312816,0.9013206492455718,0.9541376323236023
grok_oggi,Nelson Mandela,y,lettera,602,1.0856567911481187,0.993025228714687,1.0085061307684784,0.9542336692568623
grok_oggi,Nelson Mandela,b,lettera,569,0.9526718349102423,0.9284654405814127,0.980457063285619,0.9628016988728799
grok_oggi,Nelson Mandela,the,funzione,374,1.1750956878854502,1.012768207773478,1.061648973531389,1.0432178833995016
grok_oggi,Nelson Mandela,and,funzione,282,0.8745956750539338,0.9864745831979246,0.9875478128069739,0.8376496453127148
grok_oggi,Nelson Mandela,to,funzione,224,1.015100447119535,1.0614604755051948,0.9720278630470472,0.852737268917918
grok_oggi,Nelson Mandela,in,funzione,186,1.0372852909801649,0.9391674638593753,0.9751791612569498,0.9612947277857833
grok_oggi,Nelson Mandela,of,funzione,153,0.9707162486266134,0.9797666572014454,0.9736449913192642,0.9579494243127159
grok_oggi,Nelson Mandela,on,funzione,102,1.1018866895656403,1.0043235511841282,1.0349593348065318,1.0659981093044166
grok_oggi,Nelson Mandela,mandela,keyword,148,0.9316499829130879,0.9120742537981993,0.8095178683329305,0.697502924747308
grok_oggi,Nelson Mandela,anc,keyword,84,1.2508928784467774,1.080703494866302,1.231220181551545,1.7491883320740726
grok_oggi,Nelson Mandela,south,keyword,49,1.0936339281294134,1.0256749078163663,1.0056012374202883,1.0546556481216653
grok_oggi,Nelson Mandela,african,keyword,46,1.1082391442957729,1.0683008396717961,1.154884416110203,1.173319294578541
grok_oggi,Nelson Mandela,including,keyword,37,0.8281928558774421,0.9563695176653049,0.861857566794384,0.7815794126435515
grok_oggi,Nelson Mandela,national,keyword,35,1.1820337761051494,0.971814605472546,1.1112936624147185,1.4753733279364134
grok_oggi,Nelson Mandela,mandela's,keyword,35,0.9858520428368834,1.0515567625001603,0.992149312087146,1.2398186743519493
grok_oggi,Nelson Mandela,as,appaiata,96,0.9133593294235872,0.9566336858902803,0.9619055462140272,0.9903281534067412
grok_oggi,Nelson Mandela,his,appaiata,68,1.3208738132785627,1.0324906738671014,1.2548812385901869,1.8121002414679324
grok_oggi,Nelson Mandela,at,appaiata,48,1.0796673967793848,1.0106689177913386,0.9905011077925812,0.9781017876521306
grok_oggi,Nelson Mandela,he,appaiata,42,1.130785048693962,0.9584610267714581,1.1114583859646139,1.5525111288695752
grok_oggi,Nelson Mandela,that,appaiata,37,1.1661115999698088,1.0670461027153308,1.1051040020471434,1.006380521248278
grok_oggi,Nelson Mandela,was,appaiata,32,1.084373139394291,0.8757845813301497,1.0576433247091115,1.114804695671422
grok_oggi,Nelson Mandela,government,appaiata,34,1.0482221037262192,0.9390857077820618,1.035524529176951,1.256223379370594
grok_oggi,Ancient Rome,vocali,vocali,18956,1.2789160291583712,0.9630009357509856,0.9676493475906313,0.576690677121467
grok_oggi,Ancient Rome,spazio,spazio,8512,1.2588883121826664,1.0111659431372875,0.9477714340457655,0.46887324841166783
grok_oggi,Ancient Rome,e,lettera,5370,1.0396774307861585,0.9972129321585141,0.9697765150788893,0.8999949465037672
grok_oggi,Ancient Rome,i,lettera,4659,0.9818972804031723,1.0570282475225203,1.0013370311626753,0.869903321551616
grok_oggi,Ancient Rome,a,lettera,4372,1.2533154794347858,1.0687419438457362,0.9265950370286893,0.8672395439502295
grok_oggi,Ancient Rome,n,lettera,3892,1.1310487195473744,0.9956562976882406,1.0443808716832053,0.8384388126580054
grok_oggi,Ancient Rome,t,lettera,3792,1.1639541022856936,1.0724471572796672,1.0778849945776958,0.8723861102942276
grok_oggi,Ancient Rome,r,lettera,3492,1.073016462428154,1.0294624698950254,0.9902068958885497,0.8405537564047373
grok_oggi,Ancient Rome,s,lettera,3290,0.9842880944691852,1.0140290605714186,0.925759126684718,0.9374207506247958
grok_oggi,Ancient Rome,o,lettera,2871,1.0464304777856228,0.9678112861908531,0.9583078987877682,0.912870801850594
grok_oggi,Ancient Rome,l,lettera,2238,1.089605850217874,0.9602511300231753,0.9897976852759739,0.9868217876157691
grok_oggi,Ancient Rome,d,lettera,2049,1.18191196978168,0.9318515412959051,1.0338679420929244,0.9046854582501701
grok_oggi,Ancient Rome,c,lettera,1985,1.096859972794322,1.0166166298007597,0.9555632309163519,0.9409718860952936
grok_oggi,Ancient Rome,u,lettera,1684,1.1492914833326837,0.9305475494219425,1.0694976134764884,1.0064639535726736
grok_oggi,Ancient Rome,h,lettera,1456,1.1996205580199635,1.0699225433077875,0.9548203041948078,0.9666729834112002
grok_oggi,Ancient Rome,m,lettera,1306,1.0335060990738727,0.922424600742279,0.9769616670425757,0.9714068915222367
grok_oggi,Ancient Rome,p,lettera,1159,1.0104344579749054,0.986795273665794,0.9594636939037935,0.9323932823036856
grok_oggi,Ancient Rome,g,lettera,1132,0.9619967726463158,0.9531575152794344,0.9212659726495084,0.922227542436403
grok_oggi,Ancient Rome,f,lettera,827,0.9332578371905886,0.9410012304890477,0.9818032666387229,0.9595499492196901
grok_oggi,Ancient Rome,b,lettera,798,1.1748073574994566,1.0394245485073905,0.9945693347953375,0.9938028795252974
grok_oggi,Ancient Rome,y,lettera,703,1.1138336220637648,0.953717492928101,0.9499952421519676,0.9377222224104618
grok_oggi,Ancient Rome,the,funzione,394,1.0901939314399423,0.9827786964298859,0.9593073421832807,0.9250984377784558
grok_oggi,Ancient Rome,and,funzione,364,1.0021757743103155,1.008677859301928,0.9752398328316193,0.8045242224085761
grok_oggi,Ancient Rome,in,funzione,201,1.3336281993415895,1.0064706333978544,1.1251372108139284,1.2131770550414724
grok_oggi,Ancient Rome,of,funzione,154,1.0984181877190182,0.9948250876159174,1.0967041800454715,1.2305186555737897
grok_oggi,Ancient Rome,to,funzione,146,0.9849123732483364,1.060095260134643,1.0308264628021389,1.0072675636957014
grok_oggi,Ancient Rome,by,funzione,114,0.9883789798591178,0.9948084437517778,0.9960044006758216,1.011665794751728
grok_oggi,Ancient Rome,bc,keyword,142,1.5742925088056312,0.9552434565065647,1.5123240071343929,2.479734020773672
grok_oggi,Ancient Rome,ad,keyword,82,1.5512765374350936,0.9617740040719562,1.5542552273661638,4.724557069930908
grok_oggi,Ancient Rome,roman,keyword,46,1.1892956172673088,1.0108828401649117,1.0062418673500355,1.1732783045924347
grok_oggi,Ancient Rome,military,keyword,36,0.9629404159136005,1.0359031161008676,0.9692274903845148,0.8243935484627336
grok_oggi,Ancient Rome,like,keyword,35,1.0183698864997592,0.9852433635348733,1.0241479730589529,1.0385450944165655
grok_oggi,Ancient Rome,rome,keyword,43,1.0977968429988654,0.9689401558837666,0.9866007754805728,0.9478084450082686
grok_oggi,Ancient Rome,though,keyword,23,0.9297130403085586,0.9543463417937783,0.9286377294035852,0.7025471982638538
grok_oggi,Ancient Rome,with,appaiata,74,0.9882070120728172,1.008364949178678,0.9316711077065282,0.8884624966710203
grok_oggi,Ancient Rome,from,appaiata,71,0.9862319929578243,0.9312686222669887,0.955231412508924,0.980520198424664
grok_oggi,Ancient Rome,his,appaiata,44,1.2841721813497993,1.0021910600711403,1.2295168039002113,1.6123910535643864
grok_oggi,Ancient Rome,on,appaiata,40,1.0129630885580712,1.0020539827912742,0.9963962539605404,1.0117753289294025
grok_oggi,Ancient Rome,while,appaiata,31,0.8685807167478337,0.9807737882237886,0.8906335867074798,0.7955707048926264
grok_oggi,Ancient Rome,through,appaiata,30,0.9232477939332038,0.9208574413066835,0.9448538699214212,0.7715693384176276
grok_oggi,Ancient Rome,senatorial,appaiata,22,1.002093061015158,0.9542731681978295,0.9651206845301415,1.0918130985782504
grok_oggi,Ottoman Empire,vocali,vocali,18974,1.1385528246265866,1.0451288434227688,0.975478107823077,0.5686133290197417
grok_oggi,Ottoman Empire,spazio,spazio,8001,1.1079716314757873,0.9449288654309672,0.9786619299476018,0.45559109212962007
grok_oggi,Ottoman Empire,e,lettera,5459,1.1612255555557682,1.0065806621588147,1.0594480232970382,0.8693009150499282
grok_oggi,Ottoman Empire,i,lettera,4640,1.1986646229898794,1.0119765372244178,1.0431406454786758,0.892975481139625
grok_oggi,Ottoman Empire,a,lettera,4345,1.126237110261088,0.973261907711453,0.9683390518088548,0.8578287107094458
grok_oggi,Ottoman Empire,t,lettera,4306,1.21298875210988,0.9658707990967103,1.0082391689470525,0.8814798185127961
grok_oggi,Ottoman Empire,n,lettera,3962,1.0127200224951738,0.9592028599123322,1.053165158345278,0.8553130833608366
grok_oggi,Ottoman Empire,r,lettera,3421,1.0302329093246565,1.055581933651995,0.9843647520271639,0.867406908905039
grok_oggi,Ottoman Empire,s,lettera,3250,0.9214849288816281,0.9603924905457432,0.9403843177609463,0.9284865215644712
grok_oggi,Ottoman Empire,o,lettera,3068,1.014121554690931,0.9838404690381006,0.9740671380893544,0.9143378576788642
grok_oggi,Ottoman Empire,l,lettera,2197,0.9875931156281369,0.9757706234213467,1.0294037286452988,0.9425787337645378
grok_oggi,Ottoman Empire,d,lettera,2046,1.0374662849538936,0.9477799437448985,0.9686303352741232,0.8450236021957247
grok_oggi,Ottoman Empire,c,lettera,1711,0.9731381418556727,0.9415134886090996,0.9619667099200738,0.9084971797018633
grok_oggi,Ottoman Empire,h,lettera,1508,1.0707119244470698,0.9736244258194438,0.959717302591983,0.9056223485234702
grok_oggi,Ottoman Empire,u,lettera,1462,1.0587767455769292,0.9503538664376637,0.9874784701190662,0.9133872940256449
grok_oggi,Ottoman Empire,m,lettera,1404,1.1438050523116825,0.9691188670350274,0.9923022040093339,0.9970444261165
grok_oggi,Ottoman Empire,p,lettera,1139,1.0696175108860928,1.0127088545900431,1.0201317129700957,0.96881265675215
grok_oggi,Ottoman Empire,g,lettera,1107,1.0674955326570092,1.0114628307195517,1.096988995344501,0.9240008346367058
grok_oggi,Ottoman Empire,f,lettera,878,1.04282396728486,1.00767080447937,0.9924235081123722,1.0025649006260757
grok_oggi,Ottoman Empire,y,lettera,771,1.25334102544,0.9285068860445264,0.9842034341451641,0.9902175797035322
grok_oggi,Ottoman Empire,v,lettera,630,1.0460199279316396,0.956182221957626,0.9866065079134719,1.0426151536951518
grok_oggi,Ottoman Empire,the,funzione,382,1.0983741158955396,0.9617748018973881,0.9719825996937815,0.9808047802330176
grok_oggi,Ottoman Empire,and,funzione,313,1.1119579488892042,0.9171773209460351,0.9595489083647916,0.7545210851452999
grok_oggi,Ottoman Empire,of,funzione,171,1.0672078241220901,1.058768757889622,1.0857213393025573,1.0331167153837024
grok_oggi,Ottoman Empire,in,funzione,167,1.0092453451040078,1.0088512076146174,0.9677590150596537,0.9514416131706244
grok_oggi,Ottoman Empire,to,funzione,163,0.9947051781612131,0.9353039707778925,1.0016696600703323,0.8636791046923815
grok_oggi,Ottoman Empire,by,funzione,102,1.0783225714607216,1.041882178499181,0.963804268233452,0.8602532077187012
grok_oggi,Ottoman Empire,ottoman,keyword,81,1.089032049431442,1.005815804908581,0.9393273072088659,0.8932897648955498
grok_oggi,Ottoman Empire,century,keyword,52,1.1318513968180217,1.0286173259995584,1.0644022834184912,1.34622183114575
grok_oggi,Ottoman Empire,military,keyword,35,0.9440446579865549,0.9617158376144413,0.9151138519591401,0.7893228312671047
grok_oggi,Ottoman Empire,like,keyword,32,0.9201033037712525,0.9715940511769553,0.9251915898455958,1.0512777081753166
grok_oggi,Ottoman Empire,fiscal,keyword,27,1.015873279005576,0.9425966731848661,1.024327616639879,1.089401041964651
grok_oggi,Ottoman Empire,european,keyword,23,1.0720167241818788,0.9968074353480084,1.1010151072904806,1.5735930750153722
grok_oggi,Ottoman Empire,amid,keyword,22,0.8884709744536722,0.9307349981815097,0.8927155835967694,0.8948523338843525
grok_oggi,Ottoman Empire,from,appaiata,78,0.935925803504757,1.0014878184277045,0.9146131808783546,0.8043447434308009
grok_oggi,Ottoman Empire,over,appaiata,43,0.9789544487327195,0.9645659315906322,0.9776656065499595,1.0573169714070965
grok_oggi,Ottoman Empire,for,appaiata,36,1.017462963279472,0.9918063684010154,0.971944609801921,1.013131421970949
grok_oggi,Ottoman Empire,under,appaiata,31,0.9315252240666252,1.0024929112040313,0.934951494128855,0.8877315144622105
grok_oggi,Ottoman Empire,into,appaiata,26,1.005541817501427,0.9315858289809836,1.0288227622638495,1.349943383959708
grok_oggi,Ottoman Empire,ethnic,appaiata,26,1.3441051825975605,0.9616544073946184,1.3178236522494702,2.4014589626384866
grok_oggi,Ottoman Empire,administrative,appaiata,20,0.918464592113745,0.9437686342025414,0.9126715783260219,1.1962176145718393
grok_oggi,American Civil War,vocali,vocali,18325,1.4235080469924906,1.028822941435229,0.99940058449427,0.597553782738704
grok_oggi,American Civil War,spazio,spazio,8498,1.059955133423833,0.9042526403426526,0.9770293149843606,0.47501312752487346
grok_oggi,American Civil War,e,lettera,5700,0.9856478899305048,0.9123433071806714,1.0183596853904802,0.898600147168736
grok_oggi,American Civil War,t,lettera,4041,1.1733750971248678,0.9972169906698071,1.0291517161679888,0.9281375443517301
grok_oggi,American Civil War,n,lettera,4002,0.995598517471851,0.9550946215554413,0.9701807778559469,0.8741835610093264
grok_oggi,American Civil War,a,lettera,3876,1.0148148268217527,0.9612099399587963,0.9344011526117288,0.854562604815472
grok_oggi,American Civil War,i,lettera,3820,1.2471251723118773,0.9161522798698113,1.0290800263416253,0.9680480904917919
grok_oggi,American Civil War,o,lettera,3527,1.1537695723545687,0.9342700704198917,0.9599139465468806,0.8416355321200658
grok_oggi,American Civil War,r,lettera,3474,1.3470057035779732,1.0044703576565623,1.0422547559644941,0.8395746898565712
grok_oggi,American Civil War,s,lettera,3275,1.1164254886867453,1.0138161713009142,1.051946683638877,0.963903150403179
grok_oggi,American Civil War,l,lettera,2060,1.0536661983038398,1.0104819564197691,0.9804786984870502,0.9835203209682518
grok_oggi,American Civil War,d,lettera,2042,1.0494979447463828,1.094951130841044,1.0029978171861653,0.8591150886555615
grok_oggi,American Civil War,c,lettera,1755,0.78747047871578,1.0390516279509614,0.9680643857432933,0.9056748006100964
grok_oggi,American Civil War,h,lettera,1491,1.1241645101422855,0.988390323655322,1.0049413861012169,0.9801130314536601
grok_oggi,American Civil War,u,lettera,1402,1.0735898339670924,1.0280545758631179,1.0339696050192042,0.9187545123327844
grok_oggi,American Civil War,m,lettera,1127,1.1215788290179105,0.9965966311168492,0.9492177808631954,0.9712116131816765
grok_oggi,American Civil War,f,lettera,1070,1.0698504613140545,1.002230998512571,0.9683355552702867,0.9606547440049857
grok_oggi,American Civil War,p,lettera,1069,1.0776123095726244,1.0667680849409182,0.970160790781006,1.086185209919859
grok_oggi,American Civil War,g,lettera,992,1.0883867513438445,0.9481456872427464,0.9661108911497376,0.9207753385171921
grok_oggi,American Civil War,y,lettera,681,1.0823162401933648,0.971856994431555,0.9638019718706493,0.9957716297107583
grok_oggi,American Civil War,v,lettera,676,1.1726998500211265,1.0049330539124408,1.0928825925872678,0.9954402501204695
grok_oggi,American Civil War,the,funzione,431,0.9370782100737947,0.9939479196850595,1.0244613030992051,1.008096542367897
grok_oggi,American Civil War,and,funzione,274,1.039156881025642,0.9350597695459935,1.0277615118677061,0.8900524468139797
grok_oggi,American Civil War,of,funzione,225,0.9925638760834753,0.9908293373881655,0.9679171058475072,0.9442730755177599
grok_oggi,American Civil War,to,funzione,196,0.9486154858131436,0.9943301748850534,0.942940481103857,0.9126060728435379
grok_oggi,American Civil War,in,funzione,164,0.9849200025066646,0.9564458822664816,0.9077768926803137,0.9063238369866561
grok_oggi,American Civil War,on,funzione,124,1.2253617817969598,0.9644778360351793,1.0875631384457272,1.1764160485608408
grok_oggi,American Civil War,union,keyword,118,1.3987621092439468,1.0336063028832159,1.2596761466874307,1.5975103353004796
grok_oggi,American Civil War,confederate,keyword,88,1.319044963888971,0.9666829792142743,1.2509451738651838,1.7311949034797363
grok_oggi,American Civil War,states,keyword,54,1.2666006993563637,0.9902048458230436,1.3008168498409223,2.7108329457686136
grok_oggi,American Civil War,northern,keyword,43,0.9896583629378751,0.9571746585940173,1.002754932699595,0.9169448380858328
grok_oggi,American Civil War,april,keyword,36,1.200575082603158,1.006353611064908,1.2828140899513547,2.261789679144597
grok_oggi,American Civil War,southern,keyword,34,1.1680654436656879,1.007824737340817,1.159179668268675,1.7091201400799336
grok_oggi,American Civil War,slavery,keyword,52,1.503605042188593,1.0347214913486655,1.4307879051263808,2.079234353320295
grok_oggi,American Civil War,by,appaiata,79,1.041592353436059,0.9735038007184454,1.0343289837713727,1.138711116528663
grok_oggi,American Civil War,as,appaiata,75,1.0949756404263844,1.023770196334257,1.09788572158042,1.1716479320011266
grok_oggi,American Civil War,from,appaiata,52,0.9457651255364944,1.0227280071690117,0.979352787010095,0.920178269827994
grok_oggi,American Civil War,at,appaiata,41,1.2145479640036114,0.9977305080138009,1.1359691115745172,1.5436738316190273
grok_oggi,American Civil War,but,appaiata,36,0.9659071412010495,1.0792332450263127,0.9351927230562369,0.7151400065072603
grok_oggi,American Civil War,over,appaiata,31,0.9937865616549318,0.9983898627345905,0.9733668027664053,1.2495800897146885
grok_oggi,American Civil War,under,appaiata,29,0.9880806439571375,0.9084677300610133,1.0013843784781906,1.051766067726669
grok_oggi,United Kingdom,vocali,vocali,17790,1.1459596759550077,0.9644933832392627,0.9908806114157128,0.6108593874878825
grok_oggi,United Kingdom,spazio,spazio,8547,1.1065112968022879,0.9693332058081784,0.9592761389183363,0.4754807197429818
grok_oggi,United Kingdom,e,lettera,5182,1.1720776785170246,0.8904575975167233,0.9532224045896683,0.8912542551827802
grok_oggi,United Kingdom,i,lettera,4147,1.0372339442986998,0.9395284011085682,0.980351378465136,0.9206442330143808
grok_oggi,United Kingdom,n,lettera,3962,1.086919171942151,0.9593142282850803,0.9744182777192961,0.8670357525749365
grok_oggi,United Kingdom,t,lettera,3936,1.0849900962485788,1.01210120957844,1.0123832936364918,0.8713028672340815
grok_oggi,United Kingdom,a,lettera,3692,1.2179719525872652,1.001448123772949,0.987309436933994,0.8955469511958978
grok_oggi,United Kingdom,o,lettera,3363,1.0594661622272157,0.985251836775495,1.0764552351221492,0.8942405109905534
grok_oggi,United Kingdom,r,lettera,3234,1.0486939151761492,0.9408840315378341,0.9776449171011569,0.8537788950006012
grok_oggi,United Kingdom,s,lettera,3177,1.094919369779058,1.0165376494677758,0.9589654852660173,0.9700430253351695
grok_oggi,United Kingdom,l,lettera,2099,0.9840809596298142,1.0133182549018167,0.9892784565251361,0.9549978416549172
grok_oggi,United Kingdom,d,lettera,2035,1.089982931917188,1.0020036735861269,1.0097725618834248,0.8766236894221916
grok_oggi,United Kingdom,c,lettera,1638,1.1352396414010273,0.981576650737381,0.9702478995815574,0.8995089372871727
grok_oggi,United Kingdom,h,lettera,1440,1.2697252690158456,0.9539146150791767,1.0214984377372422,1.006685060355439
grok_oggi,United Kingdom,u,lettera,1406,1.0504127601716375,0.990632316923139,0.9973142592652152,0.9335636683225019
grok_oggi,United Kingdom,g,lettera,1194,1.0958293419278688,1.0446599381838009,0.9956457630664112,0.8586798248058221
grok_oggi,United Kingdom,m,lettera,1167,1.0683774256707932,1.0323211656091813,0.9586105451582331,1.013018324590058
grok_oggi,United Kingdom,p,lettera,1035,1.13516971460111,1.0116097412058285,1.0607817203812786,1.0458077279629914
grok_oggi,United Kingdom,f,lettera,993,0.9761894760572537,0.9475312770067003,0.9703356612177729,0.9654264642923671
grok_oggi,United Kingdom,b,lettera,727,1.0535587509699105,1.0360334341962678,0.9992599456626362,0.9835757116477722
grok_oggi,United Kingdom,y,lettera,631,1.0371261249836072,0.9952199569349996,1.011566594356507,1.0396959565297816
grok_oggi,United Kingdom,the,funzione,408,1.4535106058678064,0.9784919911512078,1.0503450825104546,1.1278247677193902
grok_oggi,United Kingdom,and,funzione,349,0.9854100626038381,0.938880563822447,0.9541579708739052,0.792592002872681
grok_oggi,United Kingdom,of,funzione,212,1.327467009602607,0.9707819209652729,1.0787580609259513,1.1870127447100998
grok_oggi,United Kingdom,in,funzione,185,1.2456767481172022,0.9411502160328183,1.036225183659618,1.0500017629114602
grok_oggi,United Kingdom,to,funzione,149,1.0285023948905463,0.9676993520053295,0.9872553285386171,1.0541306159207107
grok_oggi,United Kingdom,with,funzione,100,0.8854755013811139,0.9457205268344234,0.8690781214904209,0.7699203498521929
grok_oggi,United Kingdom,uk,keyword,66,1.236282772944044,0.9246458602141838,1.1733305615182297,1.5284691328169373
grok_oggi,United Kingdom,like,keyword,38,1.0384993335155084,1.0048768339140588,0.9792072102359111,0.7694302433119202
grok_oggi,United Kingdom,billion,keyword,37,1.2371452616663925,0.9850573400424678,1.2764932720633162,1.6249313873247941
grok_oggi,United Kingdom,gdp,keyword,35,1.1683800046461608,0.9720705915658915,1.1429949801029013,1.6731684042672321
grok_oggi,United Kingdom,britain,keyword,34,1.3923684979836213,1.0248189895783908,1.4313767487140836,1.8328282078728806
grok_oggi,United Kingdom,united,keyword,29,0.9950489935418474,0.9663848085890355,0.9799847638371674,0.9600482966837041
grok_oggi,United Kingdom,kingdom,keyword,34,1.1635622195003636,0.9796449368024476,0.9877655318539821,1.0726778123317602
grok_oggi,United Kingdom,as,appaiata,56,0.9790830395761859,1.069901963343178,0.9989796766810919,0.8932894502844942
grok_oggi,United Kingdom,but,appaiata,34,0.9883942859410019,0.9518434444138785,0.9721922823443215,0.8458464210026908
grok_oggi,United Kingdom,under,appaiata,33,0.982381089419236,0.9892043953442723,0.9630767735293967,0.9710161119110287
grok_oggi,United Kingdom,at,appaiata,31,0.9829022362280824,0.992706860063903,0.967031720342308,0.9124154473074454
grok_oggi,United Kingdom,trade,appaiata,29,1.321778751871603,0.9294487360279152,1.2761687272360718,1.6530876224939066
grok_oggi,United Kingdom,while,appaiata,26,0.8366990900318798,1.003834254694276,0.8313180732873171,0.6414170707240601
grok_oggi,United Kingdom,this,appaiata,25,1.0158386106326192,0.9852271021285274,1.0264707032319829,1.1094572913733187
grok_oggi,Joseph Stalin,vocali,vocali,18671,0.9874183936676371,0.9586578200305701,0.9741375582684565,0.5855254715711206
grok_oggi,Joseph Stalin,spazio,spazio,8484,1.143859222020609,0.9304447845281465,0.9576008372571212,0.472831536742524
grok_oggi,Joseph Stalin,e,lettera,5289,1.057369187516082,1.0445816938776933,0.8714439791108077,0.8894873790896303
grok_oggi,Joseph Stalin,i,lettera,4517,1.0026841706440297,0.9658618205406305,0.9511630230350195,0.8861793497937333
grok_oggi,Joseph Stalin,a,lettera,4009,0.9478596957164827,0.9243378799381551,0.9582584577814947,0.8746237398778302
grok_oggi,Joseph Stalin,t,lettera,3957,1.0111005741339754,0.9951210016458988,0.9475043171388945,0.8576761157217245
grok_oggi,Joseph Stalin,n,lettera,3910,1.1691121222726366,0.9853498290743848,1.0089517131854702,0.8262083055387227
grok_oggi,Joseph Stalin,o,lettera,3530,1.0764139632008989,0.9930197193723984,1.0587858599968867,0.877566940904691
grok_oggi,Joseph Stalin,r,lettera,3426,1.0359817795731934,0.9689104617683005,0.9688396866522972,0.8340496096064934
grok_oggi,Joseph Stalin,s,lettera,3255,1.0787103296172478,0.9997423223038787,0.9876873351514375,0.9306500440672373
grok_oggi,Joseph Stalin,l,lettera,2142,0.9201879008324126,1.0682900449587878,1.0007702451449656,0.9727219566244489
grok_oggi,Joseph Stalin,d,lettera,2033,1.0556469644626862,1.0096789270316553,0.976929408326308,0.859588351159364
grok_oggi,Joseph Stalin,c,lettera,1701,1.0283920265225377,0.9059569683259271,0.9728089577445883,0.9641472687540251
grok_oggi,Joseph Stalin,h,lettera,1491,1.3109079293189332,0.9827563352798222,0.9440155555805569,0.9687700926073336
grok_oggi,Joseph Stalin,u,lettera,1326,1.128777998877598,1.0305008617959437,0.998145959882847,0.9444559710209498
grok_oggi,Joseph Stalin,m,lettera,1247,1.1696672475201797,1.0311165503730473,0.9188801748335381,0.959673494201117
grok_oggi,Joseph Stalin,p,lettera,1154,0.9931106363198121,1.0067719250614262,0.9472742355094489,1.013559109507644
grok_oggi,Joseph Stalin,g,lettera,1153,1.0586135924892681,0.9943319956938718,0.9669351601491661,0.9678808508974729
grok_oggi,Joseph Stalin,f,lettera,981,0.9683706724691986,0.941568771790315,0.9550090891247378,0.9799118046851877
grok_oggi,Joseph Stalin,v,lettera,723,1.1776481562647858,1.0265385567164829,0.9389188389054445,0.9666202681360571
grok_oggi,Joseph Stalin,y,lettera,714,0.9982509359290407,0.9745342004676729,0.9762124804503142,1.0035095544139245
grok_oggi,Joseph Stalin,the,funzione,387,1.2317306808643818,0.9818594495588346,0.9870123547132881,0.9231487541271435
grok_oggi,Joseph Stalin,and,funzione,326,0.9757468759354588,0.9737848379023406,0.9501876767867529,0.7425901275736057
grok_oggi,Joseph Stalin,of,funzione,212,1.1034010913226429,0.9943646349071743,1.0730890388344019,1.0341793114472542
grok_oggi,Joseph Stalin,in,funzione,204,1.2098666603157056,0.9585557447179562,1.1042709852210535,1.149715783463024
grok_oggi,Joseph Stalin,to,funzione,198,0.7744076291579115,1.0076773309164562,0.9149395113683437,0.802037165733394
grok_oggi,Joseph Stalin,by,funzione,106,0.8512288314615467,0.9781583858263042,0.8742780837086322,0.8392659861102137
grok_oggi,Joseph Stalin,stalin,keyword,126,1.1954846460022444,0.9717398242648839,0.9742472791990794,0.9304757167219342
grok_oggi,Joseph Stalin,soviet,keyword,75,1.3188977868403826,0.9565450778377356,1.2652645014955375,1.7973201153499814
grok_oggi,Joseph Stalin,stalin's,keyword,40,0.9495959009804019,1.0240547382854963,0.9779316505894565,0.9404999574374167
grok_oggi,Joseph Stalin,including,keyword,35,0.8559748628048858,1.01074390675515,0.8509819165102187,0.8433327238688318
grok_oggi,Joseph Stalin,million,keyword,35,1.1739096065675079,1.0360444245271718,1.1525167331095656,1.6763577014057334
grok_oggi,Joseph Stalin,party,keyword,36,1.418611017478678,0.9941308689050742,1.303696277965993,2.5096740990603643
grok_oggi,Joseph Stalin,german,keyword,26,1.4336584425515722,0.9823928420737987,1.3356828435374517,1.2766940853431108
grok_oggi,Joseph Stalin,on,appaiata,91,1.0926779995410727,1.0250031596301448,0.9878614143559031,0.9957318036694044
grok_oggi,Joseph Stalin,as,appaiata,67,0.9856872442326868,0.9945442051055989,1.0008705663906812,1.0655855943418515
grok_oggi,Joseph Stalin,over,appaiata,36,1.0601274292044787,1.0371000255304657,1.0485740841464255,1.0946436719211126
grok_oggi,Joseph Stalin,but,appaiata,32,0.9499341934510454,0.9471092989217037,0.9244879973946422,0.8101387753916327
grok_oggi,Joseph Stalin,at,appaiata,31,1.0686704988813551,0.969781129494469,1.0929547037834588,1.2250941715539043
grok_oggi,Joseph Stalin,this,appaiata,27,0.8486857905762225,0.9610731596763702,0.868684554035028,0.6631608016076901
grok_oggi,Joseph Stalin,he,appaiata,26,1.2957806793062554,0.9774993337387645,1.295338717353449,2.0090842336877275
grok_oggi,Italy,vocali,vocali,18746,1.139612209089858,0.9749893918270732,0.9806575435104387,0.5759242902042089
grok_oggi,Italy,spazio,spazio,8305,1.1782986321613196,0.984366531949664,1.0459014122491441,0.48035046232682665
grok_oggi,Italy,e,lettera,5201,1.0007152078406705,1.0031975084736517,0.9649439190927391,0.8980328276943925
grok_oggi,Italy,i,lettera,4696,0.9988216538175376,1.0111772791221443,0.9786844931109452,0.8638615222179842
grok_oggi,Italy,a,lettera,4145,1.1417537016955301,0.9538249299471723,0.9578879623090607,0.8597060354168012
grok_oggi,Italy,t,lettera,4105,1.120025223545917,1.0352291080535856,1.0135785383628153,0.8191335731108105
grok_oggi,Italy,n,lettera,4057,1.128869439382095,1.0638429207162317,1.0244713180869598,0.8702967214744011
grok_oggi,Italy,r,lettera,3482,0.9662212521660144,1.007296436968372,0.9108520698877337,0.8201417768319058
grok_oggi,Italy,o,lettera,3301,1.077758111227879,0.9811555350520708,0.9739819292010473,0.8636984572448445
grok_oggi,Italy,s,lettera,2918,1.1098542835682006,1.0115329436971636,0.9866431161604159,0.9356665387612525
grok_oggi,Italy,l,lettera,2203,0.9827770181561959,0.9707996190638003,0.9456239114858364,0.9252979990954995
grok_oggi,Italy,d,lettera,1952,1.114565338519933,0.9950975467941098,0.959978849121613,0.8827115830983903
grok_oggi,Italy,c,lettera,1854,1.2745351690135194,0.9643703568515128,1.025122332481552,0.9769741166449445
grok_oggi,Italy,h,lettera,1405,1.140466416416636,1.04116802285011,0.9041417755344678,1.0054440742099673
grok_oggi,Italy,u,lettera,1403,1.1256170768394544,0.9368369803504768,0.945717974744062,0.9615173113085551
grok_oggi,Italy,m,lettera,1315,1.097663094391332,1.0182721846500007,0.9296602098288732,0.970528297079285
grok_oggi,Italy,p,lettera,1214,0.9261155946232308,1.0003078145969895,0.9856355083936036,0.9796647968287875
grok_oggi,Italy,g,lettera,1185,1.0124867774847963,1.0346540783656462,0.9933291809363345,0.8647293438923219
grok_oggi,Italy,f,lettera,896,1.068912022188118,0.9635534068534596,1.0356841398285053,0.9431274278593449
grok_oggi,Italy,y,lettera,691,1.0975385420812935,0.9789480806545288,0.9446849470067749,0.9608257945793113
grok_oggi,Italy,b,lettera,658,1.1087502699167306,0.9104516304377891,1.0025587520178916,1.0268541521272097
grok_oggi,Italy,the,funzione,405,1.2674219959505872,0.9699038070378223,1.06465542638945,1.089317914513519
grok_oggi,Italy,and,funzione,355,1.0547862968959538,0.9400621920112772,0.9013709404771485,0.7887606628344975
grok_oggi,Italy,in,funzione,191,1.0127132548775821,0.981746361430155,0.9464401593600918,0.9339249332411754
grok_oggi,Italy,of,funzione,186,1.0555942148843143,0.9660706551249367,0.9601237737618682,0.9818680970976977
grok_oggi,Italy,to,funzione,166,1.1388704953274233,0.9936734466089293,1.1016542319394835,1.1005582352648873
grok_oggi,Italy,by,funzione,99,0.9822731437421514,1.0650982833387737,1.0592650843758145,0.9228437452866576
grok_oggi,Italy,italy,keyword,71,0.965705810934398,0.9867926542027342,0.9301532093597619,0.910212029609198
grok_oggi,Italy,like,keyword,42,0.9568755387151574,0.9731491037623433,0.9393143847956665,0.7798645611136722
grok_oggi,Italy,amid,keyword,27,0.9672274830364928,0.9733364895444958,0.9512922464952346,0.7494229016850102
grok_oggi,Italy,including,keyword,25,0.8691188220877585,0.8949899414100334,0.8719174518477413,0.7146573873386135
grok_oggi,Italy,italy's,keyword,24,1.094617481044432,1.0417502984665556,1.0983621569387791,1.1963747698570322
grok_oggi,Italy,italian,keyword,24,1.076979997604435,0.9794092372897376,1.088783307425391,1.4616455968480195
grok_oggi,Italy,economic,keyword,21,0.9572014149257074,0.9461503587390926,0.9215407808452213,0.9432833322331295
grok_oggi,Italy,on,appaiata,54,1.268893611972226,1.026401154704116,1.0721175002506014,1.0877167316115457
grok_oggi,Italy,over,appaiata,34,0.9671224110995873,1.0035648260472316,0.9420125504490716,0.8438012202579125
grok_oggi,Italy,but,appaiata,25,1.0643427842665119,1.0666655540939145,1.0729712413466348,0.9799569836328503
grok_oggi,Italy,that,appaiata,24,1.1016026465999196,1.0029346702620392,1.1092981798543884,1.2907951703253049
grok_oggi,Italy,this,appaiata,23,1.029794417195683,1.0142639386840255,1.0271335085048374,1.3533631256620824
grok_oggi,Italy,into,appaiata,22,0.9713657585893742,1.0069253652153642,0.9662533881699241,0.9297185451082075
grok_oggi,Italy,while,appaiata,21,0.8961524262302931,0.9011751087606513,0.8946751475263638,0.6936802797525959
grok_oggi,New York City,vocali,vocali,17880,1.098101883592955,0.9778487920960681,0.9489043860451175,0.5826864143306636
grok_oggi,New York City,spazio,spazio,8497,1.248530628530411,1.065203397531864,0.9790609275965352,0.46435209134262667
grok_oggi,New York City,e,lettera,5257,1.1142548972127742,0.9658303857478541,0.8998905329028072,0.8997805426475478
grok_oggi,New York City,i,lettera,4112,1.2007059758914176,1.0070293693902554,0.8923332322279479,0.8830303175095936
grok_oggi,New York City,t,lettera,4001,1.0741575276170288,0.9696209412868946,0.9135691431765722,0.8252247241207512
grok_oggi,New York City,n,lettera,3932,1.0178954784244656,0.9468535508487471,0.9740553597569382,0.8184015477652459
grok_oggi,New York City,a,lettera,3827,1.1298397331864343,1.0055974426942929,1.022457098135621,0.8702557783498441
grok_oggi,New York City,r,lettera,3348,1.1848187090591977,0.9430656145799224,0.9971956935584304,0.8555545349125462
grok_oggi,New York City,s,lettera,3301,1.161217892660954,1.001443431881042,0.9670128246432662,0.9360232277007801
grok_oggi,New York City,o,lettera,3300,1.1197106683924722,0.9750958227079863,0.9115790921184139,0.8995251811145448
grok_oggi,New York City,l,lettera,2036,1.0424170452594432,0.9562602365262652,1.0534410137464398,0.9858110781486195
grok_oggi,New York City,d,lettera,1983,1.2733464697573824,0.903501210013755,0.9494950669206196,0.8844407629789574
grok_oggi,New York City,c,lettera,1806,1.0390492455977114,0.9943933348896995,0.9066426976598742,0.9214641737771355
grok_oggi,New York City,h,lettera,1548,1.190229891560827,0.9555413300181334,0.9054674672567083,1.0297908964425444
grok_oggi,New York City,u,lettera,1384,1.0598959557257295,1.0290363907852036,0.9822151028869577,0.9309990430470354
grok_oggi,New York City,m,lettera,1226,0.9705456444075642,1.001051976858382,0.9467388126708544,0.9552979827674573
grok_oggi,New York City,p,lettera,1102,1.1078779052681982,0.9655974483678009,0.9183778688099746,1.0319715784711037
grok_oggi,New York City,g,lettera,1096,0.8991699250719497,0.9932985430814297,0.9783488273993125,0.9298554610216464
grok_oggi,New York City,f,lettera,859,1.024352679224514,0.9076315966962377,0.9853584293151211,0.9610056417228062
grok_oggi,New York City,y,lettera,855,1.0397747803234805,1.0029542424415794,0.9691208505509507,0.9911884153349384
grok_oggi,New York City,b,lettera,667,1.1106112353801325,1.0252650772222245,1.0008104418989423,0.9549477909451594
grok_oggi,New York City,the,funzione,348,1.3944280238393687,0.9308642142102714,1.1309838698491796,1.3867781477555579
grok_oggi,New York City,and,funzione,342,1.0750439852385496,0.898076807467653,0.9552197561347845,0.7836139327273821
grok_oggi,New York City,in,funzione,194,1.1315028192002994,0.970431404239395,0.9758484177392922,1.0514522749500668
grok_oggi,New York City,of,funzione,169,1.2319286411953707,0.995055414544967,1.0487302454839493,1.1786967966906194
grok_oggi,New York City,to,funzione,151,1.0019291955214011,0.9462848767045057,0.8809119887827396,0.8587988376215089
grok_oggi,New York City,with,funzione,98,1.0666251313315156,0.946033107030558,0.9663235677934737,0.9954209628395907
grok_oggi,New York City,new,keyword,106,1.195415306063723,0.9265562824545257,1.028218994223874,1.0163321360551363
grok_oggi,New York City,york,keyword,95,1.2262948784599859,0.9983740475349014,1.0543433951959242,1.0410515732509102
grok_oggi,New York City,city,keyword,86,1.0434327941295585,0.966666196707438,0.9603327546423146,1.0024549022450646
grok_oggi,New York City,million,keyword,40,1.2160298674189076,0.9043346668569893,1.1749223833510771,1.4429843605208321
grok_oggi,New York City,like,keyword,36,1.1463567814111064,0.9500158140805373,1.1259083320737935,1.017004206636278
grok_oggi,New York City,amid,keyword,34,0.8528885248388397,0.9701530674268816,0.8865543563010284,0.7907803498941193
grok_oggi,New York City,manhattan,keyword,36,1.1773046956122701,1.04390297705575,1.1395949769733666,1.4016217901908792
grok_oggi,New York City,by,appaiata,94,1.0404889037476748,0.9636300897969187,1.0430748211931051,0.9389003722435213
grok_oggi,New York City,from,appaiata,82,1.036592625910692,1.010970821337159,1.0144117225947629,0.9142615168805297
grok_oggi,New York City,over,appaiata,63,0.9526196676290313,0.9519209077555923,0.9847500565198027,1.015419912896512
grok_oggi,New York City,at,appaiata,44,1.087660501687472,0.9998516079540419,1.012721461552862,1.030609394336438
grok_oggi,New York City,population,appaiata,31,1.299981938694504,0.9756689957956102,1.125243340104284,1.224433494160468
grok_oggi,New York City,residents,appaiata,30,1.2248872564040199,1.0089121828852277,1.0985065887778769,1.145166712815261
grok_oggi,New York City,city's,appaiata,29,1.0380036394100134,0.9145011689105816,0.9873106286208398,0.6898092526111522
grok_oggi,Middle Ages,vocali,vocali,18701,0.9820538248268467,1.000592170576624,0.9630255711262273,0.5798536341186569
grok_oggi,Middle Ages,spazio,spazio,8264,1.2104051659594062,0.9351781570628205,0.9617958368904561,0.48741689225887974
grok_oggi,Middle Ages,e,lettera,5318,1.0769827256025601,0.9478955925007867,0.9847843440182403,0.8668270627497271
grok_oggi,Middle Ages,i,lettera,4542,0.9495803282204578,0.948360518595697,0.99804298475129,0.8890607076946927
grok_oggi,Middle Ages,a,lettera,4208,0.8397567421688457,0.9909267893412572,0.9666986294890642,0.8512166413465565
grok_oggi,Middle Ages,n,lettera,4015,1.0377585371345726,1.0108022007178203,1.0439170966039528,0.8627493560755551
grok_oggi,Middle Ages,t,lettera,3928,1.0596957842343997,0.9659530932910517,1.0095192949932883,0.8495582316350906
grok_oggi,Middle Ages,r,lettera,3568,1.0159471364747954,0.9383730784321026,0.9370681061641598,0.840459896778183
grok_oggi,Middle Ages,s,lettera,3203,1.1185436523619905,0.9925424940478648,1.0022472921063355,0.9609820723040847
grok_oggi,Middle Ages,o,lettera,3138,1.1394301685457648,1.0276078020813622,0.938688399791765,0.9177992268358801
grok_oggi,Middle Ages,l,lettera,2170,1.1341350893975146,0.8857113695130129,1.0611890440715825,0.9331062919322772
grok_oggi,Middle Ages,d,lettera,2100,1.189028733325783,0.9643889858219216,0.9103339822334352,0.8718632492007711
grok_oggi,Middle Ages,c,lettera,1930,1.1672843623701958,0.9594373346542463,1.0138340680823923,0.9389104764444661
grok_oggi,Middle Ages,h,lettera,1621,1.1176629485041314,0.9587436977489215,1.001693692340169,0.9401219056458909
grok_oggi,Middle Ages,u,lettera,1495,0.9482472119425052,1.0032836468948758,0.9672953770198521,0.9598927104788664
grok_oggi,Middle Ages,m,lettera,1239,1.052379785199933,0.9875253567105493,0.9641352515297447,0.9875152780562985
grok_oggi,Middle Ages,g,lettera,1201,0.9677959229297525,0.9954330879725317,0.8898192968800567,0.884025045752802
grok_oggi,Middle Ages,p,lettera,1056,1.0041175330979177,1.0515009512739304,0.9760774131897906,1.0009450505983586
grok_oggi,Middle Ages,f,lettera,907,0.9611254015715774,0.9790978180344405,0.9718271081541326,0.9512682795720971
grok_oggi,Middle Ages,y,lettera,755,1.1989554521614276,0.9996872980036607,0.9948303102641863,0.9660364399106207
grok_oggi,Middle Ages,b,lettera,584,1.119964381575455,1.0714076937523973,0.9177453546445918,0.9790692142280393
grok_oggi,Middle Ages,the,funzione,403,1.248205553521752,0.9362869002733075,0.9666699596979776,0.948879854704818
grok_oggi,Middle Ages,and,funzione,333,1.1920388017575254,0.9627744617132165,1.0114681105458487,0.8662727074435856
grok_oggi,Middle Ages,in,funzione,212,0.9662873025749459,1.0050400580565972,0.9913616726089888,0.9586828244916228
grok_oggi,Middle Ages,of,funzione,199,0.9621234905572504,0.9772057787039152,0.9830121371000652,0.9519913503043995
grok_oggi,Middle Ages,to,funzione,137,1.0901425789027899,0.9678225084299896,0.9685871214575137,0.9530567905859011
grok_oggi,Middle Ages,by,funzione,116,1.1405013435230238,1.0219620581557551,1.0540369920946333,1.0378560653472775
grok_oggi,Middle Ages,like,keyword,59,1.0318161318360177,1.0011169879876347,0.9652752821380816,1.0573656796128768
grok_oggi,Middle Ages,ce,keyword,47,1.5765614615760286,1.0002562456177237,1.4913641889749736,2.13753155690928
grok_oggi,Middle Ages,roman,keyword,47,1.318268382864404,1.0064426404697315,1.247825703693409,1.771574207984967
grok_oggi,Middle Ages,century,keyword,49,1.0590964191823746,0.9578836927302304,0.9896313969890911,1.1803815262863329
grok_oggi,Middle Ages,middle,keyword,22,1.2122219703231472,1.0423699864756601,1.1923267453589563,1.2797715728020629
grok_oggi,Middle Ages,ages,keyword,22,1.2143330433652935,0.9595725330274273,1.264356947849761,1.6006301262932627
grok_oggi,Middle Ages,europe,keyword,29,1.0026900902534284,0.9918147285066533,1.0020846032077697,0.854452085921038
grok_oggi,Middle Ages,with,appaiata,68,0.8030048137460435,1.0237696724112921,0.8155964880428958,0.8287097317340192
grok_oggi,Middle Ages,for,appaiata,44,1.0347014791407494,0.8941384426499881,1.0017387438930483,1.1271110342633912
grok_oggi,Middle Ages,on,appaiata,40,0.9611625068803237,0.9242336720611398,0.9718700906566933,0.94529875393121
grok_oggi,Middle Ages,that,appaiata,33,0.9949262326123879,0.8845276352858814,0.9858236428880841,1.0794334818416944
grok_oggi,Middle Ages,while,appaiata,22,0.9172027774368613,1.0160049736012844,0.9229209539022959,0.628966890893849
grok_oggi,Middle Ages,at,appaiata,23,1.0850870910370916,0.9297389899693229,1.049126846854244,0.9222778605880594
grok_oggi,Middle Ages,economic,appaiata,21,0.9599215943969144,1.0027026446035228,0.9662781546215915,0.7659231468244035
grok_oggi,Russia,vocali,vocali,17943,1.1552829926677397,0.9899211929335122,1.0202129732279532,0.6336791134834241
grok_oggi,Russia,spazio,spazio,8537,1.140909184532669,0.9110342718350867,0.9130497862311673,0.46712242480970256
grok_oggi,Russia,e,lettera,5090,1.072708254399237,0.9702331616736711,0.9778367726809979,0.9037738236038377
grok_oggi,Russia,i,lettera,4175,1.0495673591276096,0.968171757146369,0.9559797474163534,0.8898577167553026
grok_oggi,Russia,a,lettera,3927,1.3018675920082787,0.9515023084617037,0.9826718183690074,0.8803778858218962
grok_oggi,Russia,t,lettera,3777,0.8911200283224958,0.9085671570413886,1.0014788302750943,0.8665142295437731
grok_oggi,Russia,n,lettera,3743,1.0076067696666533,0.9849405090864379,0.9764139490553937,0.8473886688441737
grok_oggi,Russia,r,lettera,3503,1.1864297661702525,0.9637917154379029,0.9605445767664884,0.8370607080620442
grok_oggi,Russia,s,lettera,3327,1.1781682130773625,0.9441368514930311,0.9525608639398215,0.9914147679336847
grok_oggi,Russia,o,lettera,3243,1.1983477120265287,1.0350339675213023,0.9889660849350252,0.8930996114166462
grok_oggi,Russia,l,lettera,1934,0.9909343648274395,0.9960240179452716,1.084814437093968,1.0152328933921528
grok_oggi,Russia,d,lettera,1928,1.1786165365311079,0.9891046284819298,1.0135157678083604,0.9175597243918688
grok_oggi,Russia,c,lettera,1612,0.9792804969381356,1.0246976740335907,1.0418257495501064,0.9671929563800887
grok_oggi,Russia,u,lettera,1508,1.2254131262650845,0.89796408739742,0.88212492439677,0.9404007166580362
grok_oggi,Russia,h,lettera,1485,1.1512065309880755,0.9228796084422193,0.9832010471043456,0.9971239829418426
grok_oggi,Russia,m,lettera,1224,1.008827203702136,1.0061119234520042,1.0397184233594097,1.0269835909430942
grok_oggi,Russia,p,lettera,1117,1.1059287164578209,0.9960817614072462,0.9553448134282451,1.0530301897917307
grok_oggi,Russia,g,lettera,1040,1.0436564463112261,0.9404031546698844,0.9303010319616889,0.8940644709803006
grok_oggi,Russia,f,lettera,843,1.1348423744801492,0.9786259909777804,0.9367225262529861,0.9452319094161538
grok_oggi,Russia,b,lettera,688,1.0824044151199539,0.9710834706749268,0.9876069190985007,0.9369796563990301
grok_oggi,Russia,v,lettera,687,1.1434557546025694,0.9729833927973127,1.0479441431583725,0.9865279093764284
grok_oggi,Russia,the,funzione,413,1.1704149802169934,0.9304964115270019,1.0430823463512071,1.061542391484396
grok_oggi,Russia,and,funzione,351,0.9105337477093036,0.9980578698719021,0.9252183785284851,0.7392609987389536
grok_oggi,Russia,in,funzione,193,1.0447653338683707,0.92752904814487,1.024942290232167,0.9985439397067093
grok_oggi,Russia,to,funzione,180,1.01493108927064,0.9779500521903847,1.0198045220020893,0.984089593461214
grok_oggi,Russia,of,funzione,151,0.9957279276097283,0.9617077878252739,0.9977210114875836,1.03564866967225
grok_oggi,Russia,with,funzione,114,1.0178002807401345,1.003038273338409,0.9122933942387773,0.8698978937907066
grok_oggi,Russia,russia,keyword,61,1.24190138257992,0.9695195788779202,1.2347842445380637,1.8510374762842603
grok_oggi,Russia,soviet,keyword,43,1.4993311230376853,1.0119629171455073,1.4199127794238693,2.927209468142351
grok_oggi,Russia,russian,keyword,34,1.2515753072163067,0.9731611449071126,1.2724253951099167,1.9835658282057433
grok_oggi,Russia,million,keyword,29,1.1983011693656545,1.0092072726114407,1.1532476193874048,2.071722233137131
grok_oggi,Russia,including,keyword,26,0.925904777819827,1.0482750596333859,0.9504074483837256,1.127850425123727
grok_oggi,Russia,like,keyword,26,1.1391969423037993,0.9499312232874985,1.0960936829363668,0.9748848112173839
grok_oggi,Russia,amid,keyword,24,0.949682106585923,0.9398654270156127,0.9335989929962801,0.8410686885276226
grok_oggi,Russia,as,appaiata,48,1.0733242616273602,1.0245527294860457,1.0279844245435192,1.0105370071141877
grok_oggi,Russia,at,appaiata,37,1.0191200525502928,0.876420237729333,1.018823909534295,0.9065974861724899
grok_oggi,Russia,this,appaiata,28,1.0214023762921791,1.0593674397234996,1.0019197766181898,0.8993829488102395
grok_oggi,Russia,after,appaiata,26,0.9865842085670957,0.9831985435123802,0.987662509506604,0.8725702509196
grok_oggi,Russia,via,appaiata,23,0.9697388281203727,0.9428469341710578,0.9591287475449625,0.7411424261681818
grok_oggi,Russia,under,appaiata,22,1.0097242501714296,0.9387324470015844,0.9672404499496058,1.077523920231827
grok_oggi,Russia,which,appaiata,21,1.0981334427041325,1.0294879856309265,1.1076858272195522,1.4337571296059217
grok_oggi,Winston Churchill,vocali,vocali,18549,1.025626157952654,0.9472451287182061,0.9583413516063509,0.531967755173822
grok_oggi,Winston Churchill,spazio,spazio,8552,1.0626090406678843,0.986529022352936,0.9701263190263419,0.47637864321666484
grok_oggi,Winston Churchill,e,lettera,5443,1.044601662227468,0.9780763760382255,1.0178958615966243,0.8849933875384798
grok_oggi,Winston Churchill,i,lettera,4526,1.023633040820958,1.024778131182685,1.010735748335916,0.8956105947837877
grok_oggi,Winston Churchill,t,lettera,3875,0.9715999048408344,0.9150199074346709,1.0507050774844326,0.853666347660332
grok_oggi,Winston Churchill,a,lettera,3829,1.1000202438941258,0.9503393797359311,1.0170297325558526,0.8942892480722384
grok_oggi,Winston Churchill,n,lettera,3802,1.0341978757783625,0.999012650579029,0.992341939565288,0.836331800634471
grok_oggi,Winston Churchill,r,lettera,3684,0.9754985213206098,0.9686433517291401,0.9859311937661114,0.8121085953972311
grok_oggi,Winston Churchill,o,lettera,3396,1.0643643508726373,0.9083376567602883,0.8857005221593478,0.877860836751548
grok_oggi,Winston Churchill,s,lettera,3023,1.0927587406431067,1.0294604204919617,0.9374768155486145,0.9185453314843972
grok_oggi,Winston Churchill,l,lettera,2295,0.950319666241927,0.941288067850913,0.9813813438055211,0.9912596803317907
grok_oggi,Winston Churchill,d,lettera,2020,1.0383081353176482,1.015398296812413,0.9404847604942094,0.8682044843156991
grok_oggi,Winston Churchill,h,lettera,1993,1.2759399027261729,1.061239358192184,0.918631985934867,1.0183674981461035
grok_oggi,Winston Churchill,c,lettera,1960,1.035318807611509,1.0214126704884527,0.9159668768799313,0.9746548957898091
grok_oggi,Winston Churchill,u,lettera,1355,0.9483479930639417,0.9538236810700266,0.9895600653107307,0.9222436062422588
grok_oggi,Winston Churchill,m,lettera,1291,1.1334000053853812,0.9935746005561118,1.0075951913287458,1.0189038997351003
grok_oggi,Winston Churchill,g,lettera,1160,1.011537490491204,1.040779664287914,0.9354469769539255,0.9194785783246061
grok_oggi,Winston Churchill,p,lettera,1091,0.979194935397973,0.9775111128488065,0.9716680546296574,0.9808631773428869
grok_oggi,Winston Churchill,f,lettera,988,1.0160536666780982,1.0493981297000394,1.048632531579366,0.9168162432207607
grok_oggi,Winston Churchill,b,lettera,739,1.1556982346142781,0.921032841548536,0.9615560762649075,0.8993820281485664
grok_oggi,Winston Churchill,y,lettera,687,1.0949642262742971,1.0063424236488487,1.042070658288966,0.977733817172138
grok_oggi,Winston Churchill,the,funzione,397,1.17431482316922,1.010039446873381,1.0548180070845674,0.9891315687375375
grok_oggi,Winston Churchill,and,funzione,239,0.9318337882362145,1.022870542357815,0.9705965589213591,0.8251323514367224
grok_oggi,Winston Churchill,to,funzione,216,0.9635076875528754,1.0021997860046905,0.9758964360131225,0.8862888773097526
grok_oggi,Winston Churchill,in,funzione,188,1.0122624936220712,1.0714400630426195,0.9660706781660763,0.9013333074686586
grok_oggi,Winston Churchill,of,funzione,178,1.1119408482295041,0.9769707377333638,1.0603251373269342,1.1217594661451882
grok_oggi,Winston Churchill,on,funzione,122,0.9877436299814509,0.8292635586253576,0.9956830580664459,0.93798623305134
grok_oggi,Winston Churchill,churchill,keyword,142,0.6525594132269197,1.0062895728042265,0.6492363468127197,0.5371724128632128
grok_oggi,Winston Churchill,british,keyword,43,1.236912571024572,0.9671236324115112,1.153648794094708,1.4358006174622573
grok_oggi,Winston Churchill,amid,keyword,34,0.8773152823500641,0.9735594750963613,0.9110381257172397,0.9223208190209604
grok_oggi,Winston Churchill,churchill's,keyword,31,0.7956309570255213,0.9580232195839077,0.7998383351292143,0.6329740366435592
grok_oggi,Winston Churchill,war,keyword,32,1.1623961940125616,1.0103175506400779,1.1197093750961715,1.3929768937902567
grok_oggi,Winston Churchill,including,keyword,22,0.8875898417176451,1.0038969309415486,0.9062694887469173,0.9654886941211547
grok_oggi,Winston Churchill,though,keyword,21,0.886345483228083,1.026288035979097,0.8798877754732289,0.8335790054778638
grok_oggi,Winston Churchill,as,appaiata,98,1.0040782967144142,0.9863430271726491,0.9232964667921983,0.9156205548515717
grok_oggi,Winston Churchill,that,appaiata,42,0.9615690925236742,0.996315900047778,0.9578308718064181,0.9316509475156738
grok_oggi,Winston Churchill,under,appaiata,33,1.1494275982016962,1.0269458536986702,1.0332103194703284,1.165912526674766
grok_oggi,Winston Churchill,at,appaiata,29,1.0423886404873717,0.9843630643606113,1.0295480089993962,1.026300398473671
grok_oggi,Winston Churchill,but,appaiata,26,0.9531634782164039,0.9668149734197199,0.9523357550039284,0.8232569057282823
grok_oggi,Winston Churchill,early,appaiata,21,1.0497866275958454,0.9973028123142013,1.0286671445026536,1.031641973902146
grok_oggi,Winston Churchill,like,appaiata,21,1.0041961644061423,1.0016303578384838,1.0079652969314414,0.9630458171833312
grok_oggi,France,vocali,vocali,18076,1.0245041605523681,1.0226255609258406,0.9692915270358622,0.6185162151168498
grok_oggi,France,spazio,spazio,8499,0.9890923195212968,0.99763099020185,1.0080909367993343,0.5252224532786306
grok_oggi,France,e,lettera,5255,1.0694002841757326,0.9213064097295591,0.9681188590141128,0.8569368500960685
grok_oggi,France,i,lettera,4323,1.0855720796402546,1.00467259450496,0.9062918869438777,0.9081719555723569
grok_oggi,France,n,lettera,4049,1.028064567187422,1.0080257440906497,1.0035860800592378,0.8551943745383143
grok_oggi,France,a,lettera,3931,1.0558530676546112,0.9839566169929386,0.9281740630403635,0.8701449757438087
grok_oggi,France,t,lettera,3836,1.1746969317805922,1.0232781017045294,0.9362264634077947,0.8706734049961637
grok_oggi,France,r,lettera,3326,0.9486398412045798,1.0068894106728574,1.0031436174714987,0.8322614112977132
grok_oggi,France,o,lettera,3177,0.9517281551056697,0.9775377546618849,0.997739480201154,0.9036180590186538
grok_oggi,France,s,lettera,2878,1.0981619988705447,1.0006075321967927,1.016033026366686,0.9645463608547673
grok_oggi,France,l,lettera,2200,0.9599581083941651,0.8984607784544186,0.9498950543345185,0.9443435072031364
grok_oggi,France,d,lettera,1979,1.0818947859881765,0.9140737837012113,0.9892455897017317,0.8632800810999831
grok_oggi,France,c,lettera,1872,1.1348169282235048,0.892787518901763,0.992210803270928,0.9602065593523654
grok_oggi,France,h,lettera,1611,1.280899328439588,0.9978606684759023,0.9728362620736334,0.9811639171778709
grok_oggi,France,u,lettera,1390,1.0942615619687386,0.977167878735337,0.9959628245536262,0.9936534494738604
grok_oggi,France,g,lettera,1224,1.1185294220948374,1.0329569002107826,0.9750818026483933,0.9221201927883347
grok_oggi,France,m,lettera,1171,1.0691057022194201,0.9874913001322262,0.9810884840131502,0.9658720218622577
grok_oggi,France,p,lettera,1069,1.1446541328943283,0.9526342287874942,1.0321069322665313,1.0313289761214537
grok_oggi,France,f,lettera,971,1.0378162803748467,0.9940353670277139,0.983382909281219,0.9474147842951905
grok_oggi,France,b,lettera,720,1.269904596233616,1.0094337375716103,0.9924028128675596,1.0022081709534634
grok_oggi,France,y,lettera,694,0.9824742586925882,0.987047943606867,1.0287019841565306,0.9381882713228702
grok_oggi,France,the,funzione,507,1.3290937516583752,0.9314677663098053,1.0398798471395885,1.0404558094721805
grok_oggi,France,and,funzione,340,1.0323104251348363,0.9578631451957271,1.0137660659785281,0.7950677692294911
grok_oggi,France,in,funzione,201,0.8955044094621665,0.9988202978242394,0.9099205820783308,0.9142713429408761
grok_oggi,France,of,funzione,198,1.0815671843891812,1.0190692789407692,1.0520107522785873,1.1525550964700009
grok_oggi,France,to,funzione,168,1.0761468667163587,1.004992075744445,1.0062047911138283,0.9720506527190733
grok_oggi,France,with,funzione,120,0.904442823148761,0.9711067750444426,0.9283042603407031,0.8184302714796732
grok_oggi,France,france,keyword,71,1.1861728793305428,1.0236686560859507,1.1218657952300344,1.3541352825441553
grok_oggi,France,french,keyword,44,1.3043628802523328,0.9123255043658687,1.2583153921866224,1.8835930743000655
grok_oggi,France,like,keyword,33,1.0660160662366787,0.9944896322137092,1.100653167977929,1.4099427595750782
grok_oggi,France,amid,keyword,27,0.9301432814399866,0.9934410901335973,0.9316442226761241,0.9611150825671207
grok_oggi,France,paris,keyword,26,1.01108469621082,0.9766144194397318,1.01217387893953,0.8705391048187917
grok_oggi,France,million,keyword,25,1.094615620603476,0.9625255648610792,1.0542722636330526,1.3567859345943492
grok_oggi,France,economic,keyword,24,1.0190495620699196,0.9021043552281515,1.0038059978766631,1.1448656783381777
grok_oggi,France,from,appaiata,61,1.0931038007872906,1.0105279389397468,1.0540899518592022,1.0015861183337371
grok_oggi,France,as,appaiata,44,0.9939211733388011,1.0350206172335576,0.9718243596308765,0.8703617559339787
grok_oggi,France,at,appaiata,31,1.0608086262143475,1.0607745071569221,0.9888144541064873,1.1850497315240969
grok_oggi,France,war,appaiata,27,1.0964291284795276,0.9177928866406052,1.076643997840561,1.305718998564446
grok_oggi,France,this,appaiata,25,0.8509452592984083,1.0268897696976291,0.865826232145778,0.6175241317929198
grok_oggi,France,into,appaiata,22,1.0020060723845825,0.9884412484906067,1.0249224268062986,0.9994225740539948
grok_oggi,France,through,appaiata,22,0.9122359896564777,1.0052000748604952,0.921209660021618,0.8375730466286414
grok_oggi,United States,vocali,vocali,18049,1.3456824074384093,0.9892470246184555,0.92258869625603,0.6227030366482915
grok_oggi,United States,spazio,spazio,8443,1.1918809474465166,1.0130218360121381,0.9698650727472877,0.46545023806666036
grok_oggi,United States,e,lettera,5299,1.1026049008653573,0.9072851421811367,0.927772801678081,0.9275716968636338
grok_oggi,United States,i,lettera,4214,1.2056177978879559,0.9850215888858064,0.9742133574957045,0.902778498833909
grok_oggi,United States,t,lettera,4053,1.0832388761610956,0.9613798050906698,1.0298413423755968,0.8694808548587234
grok_oggi,United States,a,lettera,3906,1.0653056134553598,0.9607738142002636,0.9661590466458226,0.8880170065285555
grok_oggi,United States,n,lettera,3896,1.234095921434499,0.9977746481722082,0.9933532388837357,0.9066751216659035
grok_oggi,United States,r,lettera,3408,1.1924419062858185,0.9494291316307507,0.9525550606031524,0.82312839535107
grok_oggi,United States,o,lettera,3263,1.149390584342134,0.9552326571507704,0.9895899692183056,0.9041231566485192
grok_oggi,United States,s,lettera,3104,1.1818464622538387,0.99826055541171,1.0402274995300556,0.9813618373924874
grok_oggi,United States,d,lettera,2044,1.1234470774960426,1.0228223092637079,1.0288144026099801,0.9351977873959583
grok_oggi,United States,l,lettera,1993,0.808699876010487,0.9233302862890517,1.0126074782911856,0.9619373787112326
grok_oggi,United States,c,lettera,1778,1.1482182422885758,0.976308233339549,0.9859905653788147,1.0618716743364067
grok_oggi,United States,h,lettera,1428,1.0108016470678671,1.0210040898107344,0.9054919849084544,0.945325796769731
grok_oggi,United States,u,lettera,1367,1.0152521369623466,1.017422389112382,0.9084314597676979,0.8897467273266767
grok_oggi,United States,m,lettera,1239,1.071697429655952,0.9973972084093843,1.0376648413495924,0.9577721460116045
grok_oggi,United States,p,lettera,1140,1.1287272536296749,0.9997150754654278,0.982207356563868,1.0938366427568296
grok_oggi,United States,g,lettera,1086,1.0537303830551534,0.9196890630080284,0.9742522448901682,0.9657591149028951
grok_oggi,United States,f,lettera,962,1.1356144946921907,1.0202613775176796,0.9269554278719955,0.9584888574041527
grok_oggi,United States,b,lettera,680,1.2218868915426355,1.0100071053783,0.9325565114619212,0.975349496113901
grok_oggi,United States,y,lettera,595,1.0210687561803284,0.8932406008763697,0.990390876941162,1.015495999451507
grok_oggi,United States,the,funzione,415,1.1868893488868384,1.071103612131082,1.0440833241477845,0.9685878034596589
grok_oggi,United States,and,funzione,326,1.053560606169948,1.08972185241377,0.9511625809160575,0.7532002098133617
grok_oggi,United States,of,funzione,219,1.261616547047028,0.9688028340149778,1.060506362158417,1.081540499951877
grok_oggi,United States,in,funzione,188,1.0645666925826487,0.936085954785531,1.007361670600169,1.0019607155746857
grok_oggi,United States,to,funzione,161,1.0398411124199214,0.9984490026102145,1.0366438481545786,0.9911565695634521
grok_oggi,United States,by,funzione,95,1.1171327821021884,0.9810641102631518,1.0538413766542203,0.9813908530656124
grok_oggi,United States,states,keyword,33,1.1825983096234836,0.9366008791155656,1.1709821838668835,1.216651946827869
grok_oggi,United States,miles,keyword,32,1.7318076396545397,1.0373385114442366,1.426699763024241,2.852963014961925
grok_oggi,United States,amid,keyword,28,1.0735413609824673,1.0339683736273326,1.024936025089149,0.987466255203878
grok_oggi,United States,square,keyword,26,1.7675050876199527,0.949881953274801,1.6057631271541506,4.175965206303926
grok_oggi,United States,economic,keyword,26,0.9761218830878509,0.9097337433795344,0.9632225910274924,0.9099409846489187
grok_oggi,United States,like,keyword,25,0.964548416500098,0.9953112335889863,0.8837067908399764,1.239365364562191
grok_oggi,United States,area,keyword,24,1.8113607145533808,1.0113530846128655,1.7313464379886447,1.6335933807617407
grok_oggi,United States,but,appaiata,29,0.9982526424728151,0.9530850496585694,0.9824120753742895,0.9408683632474485
grok_oggi,United States,this,appaiata,28,0.9578482404279721,0.9871560449285536,0.9564431653806903,1.2784760361584773
grok_oggi,United States,while,appaiata,26,0.7943569101699476,0.9633995169675605,0.7992540667143325,0.5468434175376747
grok_oggi,United States,through,appaiata,25,0.8616037180043672,1.0812874985105025,0.8703523998738053,0.7525724468923715
grok_oggi,United States,which,appaiata,24,0.9482570438574913,1.0367814722202102,0.9329549129603739,1.0207764072059848
grok_oggi,United States,including,appaiata,23,1.0017546782127065,0.9641341997901057,1.0027386990894327,0.9814701247967653
grok_oggi,United States,km²,appaiata,23,1.7798588596767944,0.9598237111784237,1.6378005840083472,4.522703086432932
grok_oggi,Socialism,vocali,vocali,19219,1.2655824089688572,1.010388149240519,0.9997154939694145,0.5711772750728212
grok_oggi,Socialism,spazio,spazio,7953,1.1403115164652093,1.0075577738693489,0.9811106570277275,0.47259562593372884
grok_oggi,Socialism,e,lettera,5158,1.1187328133105856,0.9958075211022704,0.936517709741429,0.8689656086545342
grok_oggi,Socialism,i,lettera,4974,1.079313108890256,0.9923450025039632,1.0236160162207963,0.8411540990310387
grok_oggi,Socialism,t,lettera,4175,1.2611706437287278,0.9634012807707913,0.9968708216954102,0.8179749284566261
grok_oggi,Socialism,a,lettera,4025,1.1325590260934484,1.048575033036852,0.9695473203058104,0.8513063982573651
grok_oggi,Socialism,o,lettera,3686,1.0345127399538891,0.99803159422658,1.0127986428362539,0.8602498384437288
grok_oggi,Socialism,n,lettera,3680,1.1916714129349286,0.9400701581991932,0.9670783832583477,0.8703978900754872
grok_oggi,Socialism,s,lettera,3478,1.220938498481726,1.034004727921258,1.014354955931836,0.9653834528765808
grok_oggi,Socialism,r,lettera,3451,1.0060619392881975,0.9709024227843734,0.9668959737680902,0.830672600027746
grok_oggi,Socialism,l,lettera,2297,1.0658465547908649,0.8990260730219216,0.9384913306053414,0.8604985141384852
grok_oggi,Socialism,c,lettera,2126,1.1649462949815503,1.0599247420092388,0.9826155000437021,0.9605249971297578
grok_oggi,Socialism,d,lettera,1815,1.0779682796598278,1.0012921650537832,1.0192091493005133,0.8958462863766741
grok_oggi,Socialism,m,lettera,1438,1.0184338054917395,0.9489544060200911,0.9051719618722137,1.0210453527841883
grok_oggi,Socialism,h,lettera,1389,1.137355782677657,0.970551960301116,0.9443163002298451,1.001300492262685
grok_oggi,Socialism,u,lettera,1376,1.072172081483759,0.9470632182730224,1.009732904362082,0.9215936690236526
grok_oggi,Socialism,p,lettera,1277,1.0212309557514987,0.9963259798657358,0.9621204969058418,1.0117511094010816
grok_oggi,Socialism,g,lettera,1008,1.1431763870685014,0.9839845766232749,0.9481263608727012,0.9346456241321193
grok_oggi,Socialism,f,lettera,819,1.044673151135915,0.9750707821823837,0.8560823606131356,0.9105697967428996
grok_oggi,Socialism,v,lettera,705,1.1534912537144466,0.9693949449018667,0.949969556847256,0.9807559642459263
grok_oggi,Socialism,y,lettera,627,0.883770438129721,0.962439117856475,0.966340723276263,0.9230087929674565
grok_oggi,Socialism,and,funzione,283,1.0427668297362607,0.9756407599586653,0.9717156466897413,0.7389974905197502
grok_oggi,Socialism,the,funzione,280,1.2710164992248163,0.9621783703232714,1.0543774708733669,1.1672198323485203
grok_oggi,Socialism,to,funzione,210,1.0297544747321379,0.9400307243867049,0.9508859057600755,0.8712480045450721
grok_oggi,Socialism,in,funzione,206,1.172411030167028,0.9659448766101048,1.0196923033215233,0.948560094260098
grok_oggi,Socialism,of,funzione,192,1.1099114767622742,1.0024085698719232,1.0445884619468053,1.0195271018892962
grok_oggi,Socialism,by,funzione,108,1.1201764104900853,0.9390724118731582,1.0074631450661873,1.0060509647517355
grok_oggi,Socialism,socialism,keyword,66,1.249259936069455,0.9708365458936097,1.125993031561136,1.319867783782752
grok_oggi,Socialism,state,keyword,51,1.2940225020678395,0.9478585566436745,1.2004697258624841,1.1637384953028196
grok_oggi,Socialism,economic,keyword,36,0.9420207489908474,0.9684078423309989,0.9888517527245617,0.8951501145520653
grok_oggi,Socialism,private,keyword,36,0.9881112551188266,1.0290473326710516,0.963330295800089,0.9432620780629217
grok_oggi,Socialism,socialist,keyword,37,1.0530367942238639,0.8948371239648161,1.005934833433151,1.2269364597298695
grok_oggi,Socialism,like,keyword,33,1.0773318262996265,0.9730129669480045,1.0597826785387472,1.1276525962836017
grok_oggi,Socialism,market,keyword,34,1.2356159343787705,0.9751113757485648,1.181308083929504,1.7703144414387508
grok_oggi,Socialism,with,appaiata,66,1.0160646209249746,0.9723761052265649,0.9371481557848451,1.0563157341438407
grok_oggi,Socialism,this,appaiata,46,0.9632643715792181,0.9773301287876505,0.9187052122899674,0.8726927658771825
grok_oggi,Socialism,for,appaiata,37,1.0380410981596335,0.9971329496739086,1.0426713159516756,1.1119089278636394
grok_oggi,Socialism,that,appaiata,33,1.0076801286825408,0.9506117435936061,0.9402004921522168,0.8106556364892574
grok_oggi,Socialism,but,appaiata,40,0.9597294769678445,1.0085989376678592,0.9828219796547947,1.1165593401635427
grok_oggi,Socialism,these,appaiata,32,0.866595588525261,0.98327879818613,0.8681027944366414,0.7599349145981051
grok_oggi,Socialism,through,appaiata,32,0.8667838041517949,0.9773246552101261,0.8665126330964464,0.7795687702003328
grok_oggi,Wikipedia,vocali,vocali,19185,1.1679899082354102,0.9832377629307493,1.0050322648689578,0.5367234056649061
grok_oggi,Wikipedia,spazio,spazio,8047,1.0992529725593867,0.9874762157738711,0.9531303728207954,0.4678615647018278
grok_oggi,Wikipedia,e,lettera,5541,0.9446555306380607,1.002236575781142,1.0059884309558542,0.8600830701906143
grok_oggi,Wikipedia,i,lettera,4976,1.0414669913066912,0.9248871709606993,0.932762915469496,0.8647173031937867
grok_oggi,Wikipedia,t,lettera,3968,1.1151498795766248,1.0124704859312843,0.9907068746495539,0.8600706163954074
grok_oggi,Wikipedia,n,lettera,3900,1.0614220979251416,0.9282633213984822,0.9452771636137628,0.8503123657740732
grok_oggi,Wikipedia,a,lettera,3887,1.007589851552933,0.9147346920049326,1.0410891860592444,0.8353808063384787
grok_oggi,Wikipedia,s,lettera,3589,1.190070849425414,0.977969723659928,0.9135627996732917,0.9099548542684968
grok_oggi,Wikipedia,o,lettera,3384,1.042556323201999,1.0296321366087007,0.9489415284425481,0.8529999736670102
grok_oggi,Wikipedia,r,lettera,3326,1.1104640047608676,1.0036774536365092,0.9905301777702805,0.8660120117241156
grok_oggi,Wikipedia,d,lettera,2156,1.0499652253514773,0.9727999696766728,1.016639672544916,0.8839309922710792
grok_oggi,Wikipedia,l,lettera,2004,1.1350218208714302,1.0113068834982695,0.9816726821756664,0.9722734464596805
grok_oggi,Wikipedia,c,lettera,2002,1.267716247680292,0.8827772443792029,0.9790519167772395,0.9536480452038129
grok_oggi,Wikipedia,u,lettera,1397,1.0426545866803194,0.9702376239653029,0.9799487860744381,0.9258462164584831
grok_oggi,Wikipedia,h,lettera,1233,1.095302202402475,1.059217061835506,1.046543795639649,1.0115591528325925
grok_oggi,Wikipedia,g,lettera,1211,1.1597952635300512,0.9335744045543586,0.9407986089332813,0.9655904717822403
grok_oggi,Wikipedia,p,lettera,1201,1.0214394594361793,0.9754211944430451,0.9753198416210843,1.002813812746654
grok_oggi,Wikipedia,m,lettera,1118,1.0388276370811007,1.0040729511961088,0.9126211666844753,1.012046261558072
grok_oggi,Wikipedia,f,lettera,924,1.0447198385747416,0.9541903799794332,1.0087585530732295,0.9911925389356961
grok_oggi,Wikipedia,v,lettera,669,1.1029678100003142,0.960664057460436,1.0465572583041451,1.0145246060310145
grok_oggi,Wikipedia,w,lettera,635,1.2563909955391268,1.0111380715038918,0.9479000248182211,0.9798685111532232
grok_oggi,Wikipedia,and,funzione,274,1.082046132589997,0.9850638262952506,1.0324539421532655,0.8946837374290715
grok_oggi,Wikipedia,to,funzione,172,1.0477995053535607,1.011746773638407,1.0150042807632207,0.9913203153595025
grok_oggi,Wikipedia,in,funzione,172,1.024092027309782,0.9613839822957838,0.9901441681952208,1.063243963219457
grok_oggi,Wikipedia,the,funzione,159,1.1646700821543818,1.0006908090914792,1.0942988726728664,1.1913267667871694
grok_oggi,Wikipedia,of,funzione,138,1.1220774908457452,0.9679723053741521,1.0915487812119007,1.1111339173782784
grok_oggi,Wikipedia,for,funzione,111,1.2035229367859714,1.0322662194295587,1.1631339676613104,1.2980467348038005
grok_oggi,Wikipedia,wikipedia,keyword,80,0.945686623278455,0.9559825861408874,0.8616389480053508,0.8632033222972323
grok_oggi,Wikipedia,like,keyword,47,1.0273498497510862,0.9114504571947402,1.0236360704228347,0.8721270674817403
grok_oggi,Wikipedia,articles,keyword,44,1.2037740428166612,0.9986635886689007,1.1374694187141399,1.2417896841525902
grok_oggi,Wikipedia,editors,keyword,43,1.2858966952707291,0.9878609183029544,1.200977248111548,1.3016527454650009
grok_oggi,Wikipedia,content,keyword,38,0.8611733439639809,1.0662460141259225,0.8880919262098712,0.8769331897082293
grok_oggi,Wikipedia,edits,keyword,35,1.1797024161462708,1.0170270404107344,1.1303293936431995,1.1886367682348593
grok_oggi,Wikipedia,editing,keyword,35,0.920454136549347,0.96880591781607,0.9179355014006002,0.8598792713923543
grok_oggi,Wikipedia,that,appaiata,54,1.1425334656299895,0.9737386028959247,1.0403648614653689,1.014790608455709
grok_oggi,Wikipedia,or,appaiata,61,1.106186122346443,0.8967969247862554,1.02692754248752,1.0042185330045446
grok_oggi,Wikipedia,it,appaiata,32,1.0061766823002005,1.0425586766964143,1.0219423765780304,0.9918699615684697
grok_oggi,Wikipedia,editor,appaiata,33,0.9556972902765669,0.976565337915288,0.9514254028315664,1.1348048847559835
grok_oggi,Wikipedia,including,appaiata,30,0.8258447799049629,0.9468897351511562,0.821069429828407,0.7402981106808401
grok_oggi,Wikipedia,than,appaiata,30,1.0575372780143348,1.0329310952695347,1.0373398071662059,1.1531050879841211
grok_oggi,Wikipedia,over,appaiata,31,0.9658543237255135,0.9398444056723457,0.913782452086782,0.8694900366194336
grok_oggi,Moon,vocali,vocali,18021,1.401771835750899,0.976730036093445,0.9336902950847333,0.6168978711406239
grok_oggi,Moon,spazio,spazio,8497,1.3109916830905688,0.9466222050554151,0.9161215901637685,0.4653158031639003
grok_oggi,Moon,e,lettera,5048,1.0987623459741305,1.0442094698156137,0.9594852788725509,0.8451803917867018
grok_oggi,Moon,a,lettera,4251,1.0725194864233856,0.9783855195830444,1.0102317853592393,0.8417753426907559
grok_oggi,Moon,i,lettera,3963,1.1452815320319005,1.0430833568075053,0.9373945816314596,0.9065667679054843
grok_oggi,Moon,t,lettera,3735,1.3243305315964047,0.9703713322393943,1.0413887644007114,0.8647296426928849
grok_oggi,Moon,n,lettera,3609,1.214575787972436,1.0284674487065286,0.9306958320972752,0.8642054280361428
grok_oggi,Moon,r,lettera,3430,1.177169100119092,0.9786795644674489,0.9237818029258147,0.8478921816477877
grok_oggi,Moon,s,lettera,3427,1.2763141863422052,1.0170469084008447,1.0157341160646356,0.9198049941951368
grok_oggi,Moon,o,lettera,3376,1.11890219451151,0.8662589896649872,0.9445233661360469,0.917425483703587
grok_oggi,Moon,l,lettera,2258,1.0496419637444268,1.0035239873651058,0.9681257885851945,0.9636185637405278
grok_oggi,Moon,d,lettera,1779,1.2098136952588214,0.9588883058597636,0.9566951580046382,0.8960167100130325
grok_oggi,Moon,c,lettera,1763,1.131195018197879,1.0244057276857872,0.9952629794735562,1.0040268250368234
grok_oggi,Moon,h,lettera,1513,1.2535516777063433,1.0030692129195902,0.9532650559722722,0.9602095312868425
grok_oggi,Moon,m,lettera,1500,1.3198446657969505,0.9482163987786331,0.9632157746257569,0.9150563410827668
grok_oggi,Moon,u,lettera,1383,1.301289962293737,0.9658077371372794,0.9534813202148441,0.991770404743666
grok_oggi,Moon,g,lettera,1162,1.029816673233389,0.973858625843353,0.9826008769812477,0.9516594891792672
grok_oggi,Moon,p,lettera,1140,1.1425277678138726,0.9875337928410802,0.9652082604118549,0.9994316235503996
grok_oggi,Moon,f,lettera,832,1.0097890256775177,0.9590661062219735,0.9314776861553753,0.9488657934452916
grok_oggi,Moon,y,lettera,711,1.0037750180975396,0.9096160016394036,0.9892761692082522,0.9724511047559334
grok_oggi,Moon,b,lettera,609,1.037266186331894,1.0206184665639706,1.020423201818397,0.9730992645529548
grok_oggi,Moon,and,funzione,307,0.8744168050263268,1.0275057611493519,0.9475010708753425,0.754294754012459
grok_oggi,Moon,the,funzione,301,1.3113581896684274,0.923462131968095,0.9927385401899524,1.1095853979043486
grok_oggi,Moon,to,funzione,138,0.9498775691526585,1.0627062322914107,0.9727919169628922,0.9064090800440537
grok_oggi,Moon,in,funzione,130,1.1101105300156957,1.0279201878783129,1.0354890223325819,0.9931558748311474
grok_oggi,Moon,of,funzione,123,1.1992260855560037,0.9702762049768,1.101604714781338,1.3133790549582058
grok_oggi,Moon,from,funzione,104,1.1348305556018787,0.9414198277598594,1.1250303708641463,1.2391419432060364
grok_oggi,Moon,lunar,keyword,79,1.1424086206543043,1.0334484715762169,1.067449989011788,1.0745482985563841
grok_oggi,Moon,moon,keyword,102,1.4366833638884111,0.9919331271597899,1.159889030285022,1.4881404380795007
grok_oggi,Moon,apollo,keyword,50,1.2488588290425966,1.0064490336514917,1.1235495085018454,1.45402604450707
grok_oggi,Moon,earth's,keyword,40,1.305937752533178,1.0605420455653636,1.2320170449857761,1.5484203331284703
grok_oggi,Moon,solar,keyword,33,1.2329844978181321,0.9463294191903279,1.1502389824873371,1.1241460167369195
grok_oggi,Moon,years,keyword,31,1.1485478854412774,1.0722020726069832,1.1012513249643905,1.2068287109253804
grok_oggi,Moon,like,keyword,34,0.9557960524136858,1.0602250881457798,0.9254844179331146,0.9098920838950936
grok_oggi,Moon,with,appaiata,86,1.028933976486778,0.9677460131493701,1.0400543178150838,0.9064078450382731
grok_oggi,Moon,by,appaiata,71,1.0450167537140798,0.9724284434693248,1.0456658234224492,1.0675708994000546
grok_oggi,Moon,as,appaiata,46,1.2011721593018396,1.0132735074734651,1.179884319932227,1.5195901552183533
grok_oggi,Moon,km,appaiata,38,1.4325345914888892,1.0375931147776989,1.4002852663846916,2.7254469378606436
grok_oggi,Moon,these,appaiata,31,0.9245120230865845,0.9553232657227616,0.9461545939270041,0.9422000501815991
grok_oggi,Moon,via,appaiata,30,1.0309305397931847,1.0350767428271241,1.0242021540990842,0.9876812270555557
grok_oggi,Moon,at,appaiata,35,1.156466072622617,1.047203947083486,1.0556278040840459,1.3367193891928615
grok_oggi,Alexander the Great,vocali,vocali,18886,1.2035189219953295,0.9949407887924385,0.995000141594506,0.5463022184835222
grok_oggi,Alexander the Great,spazio,spazio,8441,1.026858134321506,0.9982393192714886,0.9821847214045073,0.4565471370079955
grok_oggi,Alexander the Great,e,lettera,5835,1.0446656781550194,0.9161186333923728,1.0402823943166906,0.8640056206191068
grok_oggi,Alexander the Great,a,lettera,4550,1.0618906063509541,0.9091073535767463,0.9451183829087664,0.8478128527810295
grok_oggi,Alexander the Great,i,lettera,4229,1.16344148355714,1.046476873684859,0.9684596884864921,0.867340896663669
grok_oggi,Alexander the Great,n,lettera,3979,1.1633351517822206,0.9031847892702788,0.9257852471300015,0.8208579149237399
grok_oggi,Alexander the Great,t,lettera,3712,1.0704495902779234,0.9011302460780023,0.9636730350624226,0.8678408648574815
grok_oggi,Alexander the Great,r,lettera,3479,0.9991541372318801,0.9419064192326796,1.013958394372094,0.8326595426750086
grok_oggi,Alexander the Great,s,lettera,3302,1.0453341768742337,1.0325664537012254,1.0110372289279361,0.9553164406694646
grok_oggi,Alexander the Great,o,lettera,3025,1.1121284278419425,0.9414842975347238,0.9788120323249664,0.9122841161194255
grok_oggi,Alexander the Great,d,lettera,2230,1.0447805448510863,1.0239526401873607,0.9716757835546465,0.8664984771161002
grok_oggi,Alexander the Great,l,lettera,2115,1.0690150458463048,0.9941979862161313,0.9995483693991281,0.9321489460226475
grok_oggi,Alexander the Great,h,lettera,1844,1.141766040759381,1.027858096226546,1.006920521395246,0.9871335245109998
grok_oggi,Alexander the Great,c,lettera,1780,1.0801090036849792,0.932276145817271,0.8996183147608567,0.8689815549201091
grok_oggi,Alexander the Great,p,lettera,1247,1.0832507898530164,0.996593940140642,1.0186356003248456,1.0148469226788057
grok_oggi,Alexander the Great,u,lettera,1247,1.0044353742822179,0.9388874031793494,0.9712181226171722,0.9259335759825268
grok_oggi,Alexander the Great,m,lettera,1232,0.9686968203091944,0.9030631017744538,0.9611170150078268,0.9399145017055407
grok_oggi,Alexander the Great,g,lettera,1179,1.0784834770710927,0.9247984773097121,0.9688561983015368,0.9409795860859506
grok_oggi,Alexander the Great,f,lettera,910,1.0098716849179654,0.9800181700664675,0.9421245052854426,0.889523921557301
grok_oggi,Alexander the Great,y,lettera,737,0.9876585939614401,1.0066752170971245,1.0144747913917034,0.9862961968490669
grok_oggi,Alexander the Great,b,lettera,649,1.2453904228650192,0.9844845631795662,0.9882274057743791,1.032899160413476
grok_oggi,Alexander the Great,the,funzione,393,1.2464367782061374,0.9835420854990211,1.1254079039901812,1.1953905467052113
grok_oggi,Alexander the Great,and,funzione,313,0.9436277915710422,0.9929310372909339,0.9214382916715467,0.7258440482578836
grok_oggi,Alexander the Great,of,funzione,209,1.1279458168872427,0.9686837450062048,0.9047514190050007,0.9503712572424398
grok_oggi,Alexander the Great,to,funzione,200,1.112104619000272,0.9995405308999971,1.0782138780579738,0.9838996564229134
grok_oggi,Alexander the Great,in,funzione,179,1.009620429388807,1.0714497922107526,1.0282107426681992,0.9874637777296381
grok_oggi,Alexander the Great,his,funzione,124,1.249037404253508,0.9082296507340315,1.0219753219262615,0.9945056788975332
grok_oggi,Alexander the Great,alexander,keyword,164,0.967126327648423,1.0623132648447149,0.8854800983526139,0.7455507686753671
grok_oggi,Alexander the Great,macedonian,keyword,79,1.1750782151502983,1.0406846247128911,1.0790551350863355,1.0172703824503926
grok_oggi,Alexander the Great,bc,keyword,73,1.0608979698180883,0.9962172611285481,1.1079498037152453,1.4269555597794112
grok_oggi,Alexander the Great,persian,keyword,73,1.3637706313800582,0.9745307116760271,1.2388866502184421,1.4875582472499025
grok_oggi,Alexander the Great,alexander's,keyword,46,1.0531823215148033,1.0770244992641003,1.014435330996695,1.143486410861002
grok_oggi,Alexander the Great,cavalry,keyword,47,1.3924369329394062,0.9587895052172111,1.3308628600300503,2.003718225777388
grok_oggi,Alexander the Great,greek,keyword,48,1.2233912553249853,1.0171554913073433,1.1910585009330499,1.8246192929066336
grok_oggi,Alexander the Great,with,appaiata,85,0.9461455572461657,0.9618734519956561,0.8888933324314467,0.822730305747331
grok_oggi,Alexander the Great,by,appaiata,73,0.9594897036119235,0.9210053914192912,1.010697497845826,1.0298717571714497
grok_oggi,Alexander the Great,from,appaiata,78,1.010734922677627,0.9573850121752563,1.0891210173407908,0.9215096962806051
grok_oggi,Alexander the Great,as,appaiata,83,1.0942133664527576,0.9817138630365513,1.039757540866449,1.047804050692874
grok_oggi,Alexander the Great,he,appaiata,45,1.0093407067589018,1.0542869256113956,0.9774083048882871,1.0381343199438602
grok_oggi,Alexander the Great,on,appaiata,44,1.0004664819190932,1.0194411016494147,1.0048189954800562,1.2054819500785807
grok_oggi,Alexander the Great,while,appaiata,37,0.8527846062956472,1.0052870868209256,0.8604479969934998,0.6584163362926345
grok_oggi,Paris,vocali,vocali,18536,1.0582170632823806,0.9610025020028005,0.8973118463674647,0.576611738195283
grok_oggi,Paris,spazio,spazio,8358,1.2306702937985543,0.9786937752951396,0.9944355677539808,0.47909827985042547
grok_oggi,Paris,e,lettera,5418,1.1941095806240234,0.9427696240361491,0.9376875547399585,0.8876356691792902
grok_oggi,Paris,i,lettera,4560,1.0726208141356777,1.008815101613978,1.0183865788355322,0.8593774616452599
grok_oggi,Paris,n,lettera,4009,1.1396853168352956,1.001703764633338,0.9915086697953089,0.8305655762192656
grok_oggi,Paris,t,lettera,3925,1.1104492344331536,0.9544963122619293,0.8780173648160625,0.8620770035345863
grok_oggi,Paris,a,lettera,3870,0.936591966834267,1.0100257547954965,0.9332699438440728,0.840690980687753
grok_oggi,Paris,r,lettera,3559,1.0183012807469605,0.974992981924819,0.9459098878367542,0.8296370078620149
grok_oggi,Paris,s,lettera,3292,1.1321317907661086,1.0477280574079875,0.9859710155081309,0.9166905625495821
grok_oggi,Paris,o,lettera,3229,0.9957429869069017,1.0589701028169487,1.0360184934815557,0.9098190023540761
grok_oggi,Paris,l,lettera,2109,1.0710252505346045,1.024242880172175,0.9394474675396268,0.919415362983955
grok_oggi,Paris,d,lettera,1842,1.1924385895502188,0.9308359892606681,1.0031498236178271,0.8660081930414728
grok_oggi,Paris,c,lettera,1800,1.1385254108788136,0.966774500360298,0.9489019578315566,0.9727390922859875
grok_oggi,Paris,h,lettera,1528,1.0533471981202043,0.9314827560091165,0.9850767923174675,0.9883411132447762
grok_oggi,Paris,u,lettera,1459,1.0491107675025708,0.9143457646668322,0.9305229283745756,0.8832998040204034
grok_oggi,Paris,m,lettera,1301,0.9203209411966127,1.0013796806698372,1.0498106150126965,0.9642217611463396
grok_oggi,Paris,p,lettera,1197,1.0224278556896649,0.9314932480665243,0.9749690815514418,0.9905924955698213
grok_oggi,Paris,g,lettera,1181,1.088969854644445,1.055463519951288,0.8743962921238211,0.8919194657583812
grok_oggi,Paris,f,lettera,937,1.0219119369045722,0.993202545133336,0.9944147425832925,0.997849317469656
grok_oggi,Paris,b,lettera,676,0.8830739433792093,0.9286785881995488,0.9690725035275621,0.9788779355320743
grok_oggi,Paris,y,lettera,632,1.0538236802025567,0.9748877683442752,0.9299179463378305,0.9561746595152106
grok_oggi,Paris,the,funzione,424,1.4862040512628207,0.965665856685009,1.1328028531479413,1.0577284071171151
grok_oggi,Paris,and,funzione,307,0.996104355859752,0.9707078887576781,0.9020944306589351,0.7481052785239589
grok_oggi,Paris,in,funzione,203,1.1448712754829289,0.957777135854084,1.0243811855934883,0.990699225092715
grok_oggi,Paris,of,funzione,193,1.0060606723111551,0.9738147959291213,0.9940560013582268,1.0868971969276313
grok_oggi,Paris,to,funzione,161,0.9531638067940951,0.9665854535484248,1.0710131091434905,0.9725872259088224
grok_oggi,Paris,with,funzione,110,0.9891213108653135,1.0213761278951894,0.9214390293691568,0.7967521574754175
grok_oggi,Paris,paris,keyword,116,0.8215199526701243,1.020543689275738,0.7713487576829573,0.6691353666993591
grok_oggi,Paris,like,keyword,39,0.9347636126174231,1.016008319762301,0.9706241607199546,1.0623996718542599
grok_oggi,Paris,urban,keyword,41,0.9476950013856946,0.9791772545510975,0.9707517781403568,0.8404505779995763
grok_oggi,Paris,population,keyword,30,1.0522982698127965,0.9954329295344285,1.0191440441419957,1.1564546501963981
grok_oggi,Paris,including,keyword,27,0.9158186507230839,0.964905032009109,0.9255956104442739,1.1481529764251839
grok_oggi,Paris,city,keyword,35,1.022700469974554,0.9187745915505436,1.0905727229197568,1.1576183880018263
grok_oggi,Paris,amid,keyword,25,0.8855159520247148,0.9861470814675602,0.8899116689685352,0.7597341002646152
grok_oggi,Paris,by,appaiata,97,1.0027747327707428,0.9388002686542851,0.973690506189225,0.9241853737985559
grok_oggi,Paris,over,appaiata,47,0.9090301258063367,0.9806494394371083,0.8931262497386724,0.6957736483474601
grok_oggi,Paris,at,appaiata,32,1.0709791995908406,0.9763652672606363,1.126959284265794,1.2136168761707393
grok_oggi,Paris,that,appaiata,31,0.9840455750594246,0.8937088968183399,1.0258426800952327,1.0144931081673412
grok_oggi,Paris,these,appaiata,28,0.8512850590067262,0.9760223389027048,0.8322965199900683,0.5971751920015654
grok_oggi,Paris,its,appaiata,26,0.9523013206073591,1.023557215810907,0.9706440304806825,0.7782984914487686
grok_oggi,Paris,national,appaiata,23,1.2404653081609218,0.9292374911404884,1.1923356671069723,1.2755651205230047
grok_oggi,Beijing,vocali,vocali,18425,1.1816296702000322,0.9873175729054277,0.9828701956810194,0.5642909355120765
grok_oggi,Beijing,spazio,spazio,8240,1.2693015252881055,0.9607053249150487,0.8944122585247861,0.4697443897847431
grok_oggi,Beijing,e,lettera,5334,1.1197001022107922,0.9370066061170803,0.9748397576106053,0.8997434278319614
grok_oggi,Beijing,i,lettera,4742,1.1079328520480238,0.9262562414576533,0.9376739270740555,0.8728772485781829
grok_oggi,Beijing,t,lettera,4140,1.10484257982659,0.9781954338639794,1.0070110976832882,0.8519501375391446
grok_oggi,Beijing,n,lettera,4090,1.178076148756541,0.9794516919716254,0.9440641256887995,0.8498541505971257
grok_oggi,Beijing,a,lettera,3755,1.2178990928020565,1.0169076309243599,0.8972758446881803,0.8678261031018292
grok_oggi,Beijing,r,lettera,3333,1.1031705087183907,0.9866746758806278,0.9855566368732432,0.8618762746572192
grok_oggi,Beijing,s,lettera,3218,1.1563013918476872,0.9835862242395566,0.9181769871260862,0.9447978269342722
grok_oggi,Beijing,o,lettera,3174,1.0570366685789752,1.0076151000385232,1.0224204757513942,0.8756933426364994
grok_oggi,Beijing,c,lettera,2043,1.4202348610326052,0.9249642542022712,1.0710653782751784,1.001133547176097
grok_oggi,Beijing,l,lettera,2018,1.1195461980646222,0.9845882260323172,0.9364269413756832,1.0310261023976062
grok_oggi,Beijing,d,lettera,1792,0.9790858799004565,0.9952474275016149,1.032998278905567,0.9326439559048025
grok_oggi,Beijing,h,lettera,1620,1.194105007681101,0.9800806771955184,0.9458795931415888,0.9877716704034682
grok_oggi,Beijing,u,lettera,1420,1.0683553210730838,0.9556472810087951,0.9587126414551562,0.981044533542813
grok_oggi,Beijing,g,lettera,1320,0.9210821020631049,0.9600564630006742,0.986581253401729,0.8675162979208599
grok_oggi,Beijing,m,lettera,1283,1.1573427463187007,0.9881616302281108,1.0160019046477688,0.937534145426813
grok_oggi,Beijing,p,lettera,1248,1.2530073989118362,1.0441872289754104,0.9613389682091616,1.0145984827002892
grok_oggi,Beijing,f,lettera,844,0.9690833117317135,1.0014587681971445,0.9558301377613629,1.0037535130045716
grok_oggi,Beijing,y,lettera,761,1.0548461936098277,0.8859652515977899,1.0937671270366214,0.9808145776115036
grok_oggi,Beijing,b,lettera,671,0.9685843968473159,0.9564611095233021,0.9889330545097406,0.9322178044798132
grok_oggi,Beijing,the,funzione,391,1.4716607531179875,1.0453735394498163,1.1868915096043533,1.3600515773031394
grok_oggi,Beijing,and,funzione,296,1.1241141700703694,1.0023523764759255,1.1025800403117187,0.938683361520062
grok_oggi,Beijing,in,funzione,214,1.0896453166987536,0.9643084486892591,1.01116127799689,0.9399148514286383
grok_oggi,Beijing,of,funzione,173,0.9754124184054993,0.9744785986791445,1.0454954645970724,1.0254611308266655
grok_oggi,Beijing,to,funzione,174,1.1457979402848137,1.0194916983826483,1.0218106906183981,1.0164165733166988
grok_oggi,Beijing,with,funzione,121,0.9749959922577808,0.9398354966093588,0.886904081997384,0.7803508904506092
grok_oggi,Beijing,beijing,keyword,121,0.9359341260891535,0.9945997235166016,0.9172877634078677,0.7798983447611639
grok_oggi,Beijing,national,keyword,42,1.0642823578645924,1.041558646803612,1.0712759529971387,1.1564612537487335
grok_oggi,Beijing,like,keyword,41,1.0320874483611164,0.9421017815497753,1.0132886960488405,0.9603379256208362
grok_oggi,Beijing,beijing's,keyword,41,1.0081677206287367,1.0220222728002557,1.0157998248381708,0.898732655853067
grok_oggi,Beijing,capital,keyword,29,1.4249951221836743,0.9635300591826411,1.2549478068839786,1.6633799222869605
grok_oggi,Beijing,state,keyword,36,1.0514619751309933,1.0095521400626877,1.0539090654597663,1.2890851552361866
grok_oggi,Beijing,city,keyword,37,1.228500763177961,1.0156208474676034,1.1543615558516331,1.4550190859441092
grok_oggi,Beijing,by,appaiata,83,1.1085900941978084,0.9393145911495543,1.0516436635295676,1.0765356046922345
grok_oggi,Beijing,under,appaiata,38,0.975251876429855,0.9475557890873375,0.9309208725406671,0.8238949526627567
grok_oggi,Beijing,on,appaiata,39,1.1088742550991648,0.9189284882353709,1.0447884650325934,1.0544700682131842
grok_oggi,Beijing,over,appaiata,48,0.9253104501955336,0.9785817000012136,0.9551395164824639,0.9428077622641748
grok_oggi,Beijing,but,appaiata,30,1.0449895173040438,0.9713004206863088,1.0287320229043255,1.003920837828166
grok_oggi,Beijing,this,appaiata,28,0.8210328256826059,0.9853186691044628,0.8275842711506459,0.7506404057994367
grok_oggi,Beijing,at,appaiata,27,1.08859158339503,1.0113811764544618,1.1051832903639656,1.2229973525909386
grok_oggi,Isaac Newton,vocali,vocali,18964,1.2157692991612516,0.9622040370426337,0.9144346856525222,0.5189948223478452
grok_oggi,Isaac Newton,spazio,spazio,8348,1.2573383587890063,0.9512643877671382,0.9765288859691307,0.4896546638550224
grok_oggi,Isaac Newton,e,lettera,5523,1.0976319901006755,0.9514576568589234,1.022238135220189,0.8564727755126299
grok_oggi,Isaac Newton,i,lettera,4667,1.2409973978245794,0.9541188372571612,1.038127995791755,0.8778803585183935
grok_oggi,Isaac Newton,t,lettera,4336,1.0096687098636943,0.9494984325214914,1.0144859788805334,0.8264370027526118
grok_oggi,Isaac Newton,n,lettera,3939,1.1029022170003906,0.9932322313962328,0.984026902133437,0.8602329782720904
grok_oggi,Isaac Newton,a,lettera,3793,1.1690049345879667,0.945038904324477,0.9616831440719352,0.8932888430528247
grok_oggi,Isaac Newton,o,lettera,3609,1.082310691925694,0.9218369292992336,1.034836202500765,0.876944551526629
grok_oggi,Isaac Newton,r,lettera,3275,1.0547830943900083,1.025644079764652,0.960636322370334,0.8408339841008123
grok_oggi,Isaac Newton,s,lettera,3275,1.1218675425088038,0.9597819765344019,0.9574793596296898,0.9119905052463123
grok_oggi,Isaac Newton,l,lettera,2168,0.9779880720456273,1.0013747403450994,1.0445716863708763,0.9463463976574946
grok_oggi,Isaac Newton,c,lettera,1988,1.2532775134655756,0.9592785023567423,0.9430947547151405,0.9218382408896407
grok_oggi,Isaac Newton,h,lettera,1958,1.1641022121300264,0.9881435258857304,0.9984677866330366,0.9514758817784685
grok_oggi,Isaac Newton,d,lettera,1820,1.029675890599708,0.9811181512796553,1.0134789766860408,0.9064758355946203
grok_oggi,Isaac Newton,u,lettera,1372,0.946637902519707,0.9483670480704767,1.0354667144532124,1.006989715784931
grok_oggi,Isaac Newton,m,lettera,1310,1.179533271794654,0.9781187044087694,1.0050495138684816,0.9139968972167494
grok_oggi,Isaac Newton,p,lettera,1264,1.02906981496573,0.9072254395181862,1.0119156814448984,0.9820878562226235
grok_oggi,Isaac Newton,g,lettera,1036,1.075636759495147,0.9193772302383357,1.004134812157078,0.929785829264895
grok_oggi,Isaac Newton,f,lettera,945,0.9494592641488189,1.021463877425768,0.9817538907658608,0.9573011833398343
grok_oggi,Isaac Newton,y,lettera,697,1.0994709459899041,0.9029168906911847,1.0482833369112718,0.9435452310437382
grok_oggi,Isaac Newton,w,lettera,649,1.0576800299495763,1.0997904880978466,0.923732332059859,0.9032954327356628
grok_oggi,Isaac Newton,the,funzione,336,1.3827057417208632,1.0268781033744439,1.0624852455292226,1.0969926150452023
grok_oggi,Isaac Newton,of,funzione,259,1.211278153219434,0.9273287209464947,1.0490250565741828,1.055895259329821
grok_oggi,Isaac Newton,and,funzione,259,1.0187389770469748,0.970061101993826,1.0344327316881297,0.8781496153948747
grok_oggi,Isaac Newton,in,funzione,186,0.9331372630716803,0.980324789849541,0.939078880108681,0.8827414660775404
grok_oggi,Isaac Newton,to,funzione,185,1.0335884008876004,0.9324822855133167,0.965409734446816,0.9399581312204659
grok_oggi,Isaac Newton,his,funzione,127,1.2177953691326804,1.0272792016159689,1.0848652203128994,1.1866449836801798
grok_oggi,Isaac Newton,newton,keyword,149,0.9784562193813424,0.9981414135740566,0.779774736373224,0.624763584022672
grok_oggi,Isaac Newton,newton's,keyword,46,0.9079674859457488,0.9947665844801025,0.8885445466993551,0.94870698215305
grok_oggi,Isaac Newton,motion,keyword,27,1.367505703144275,0.9515027711849711,1.3807551346147184,1.5033800838864473
grok_oggi,Isaac Newton,like,keyword,29,1.048846101476139,1.0330836910941044,1.0103355484734717,0.8941913131752198
grok_oggi,Isaac Newton,rather,keyword,21,0.8301653949073107,1.0104426227373835,0.8317995999336691,0.6070406612948392
grok_oggi,Isaac Newton,space,keyword,21,1.551012883672621,1.0076305566960169,1.5885199412059465,1.0528707615266213
grok_oggi,Isaac Newton,royal,keyword,20,1.2726504505708502,0.9518455125850851,1.2214989130284766,1.4168049921008834
grok_oggi,Isaac Newton,as,appaiata,123,1.0181163522961463,0.9765506219615507,0.9686944197716724,0.9510879538657976
grok_oggi,Isaac Newton,on,appaiata,46,1.0511981308124705,1.040262395934519,0.9662895802978283,1.0082465432457175
grok_oggi,Isaac Newton,through,appaiata,27,1.0212331381909336,1.0037951553860325,1.0511248831189153,0.9244778533235665
grok_oggi,Isaac Newton,where,appaiata,27,0.993028921735602,0.8994171197600708,1.023730867447946,0.9403782152943703
grok_oggi,Isaac Newton,an,appaiata,20,1.0292057690827692,0.9700714332796702,1.017322119765688,1.0558903673635194
grok_oggi,Isaac Newton,but,appaiata,23,0.9991224196965949,0.9810416358080983,1.003562364982443,0.8942356039984019
grok_oggi,Isaac Newton,though,appaiata,19,0.8374810946288109,1.0144722342153374,0.8371999472255366,0.7628390501202751
grok_oggi,Albert Einstein,vocali,vocali,18541,1.3679353114632045,0.9648801801608924,1.0039806240777205,0.5748158950484554
grok_oggi,Albert Einstein,spazio,spazio,8712,1.3185492441014701,0.9767745152445091,1.0331811390701267,0.49593212670953324
grok_oggi,Albert Einstein,e,lettera,6037,1.187483160727757,1.0130233011345684,0.9775641582684322,0.8639598411493675
grok_oggi,Albert Einstein,i,lettera,4627,1.2016250225994012,0.9483472196675047,0.9918605656198558,0.8524418767061772
grok_oggi,Albert Einstein,t,lettera,4196,1.2078722965870314,1.0552588487040324,1.006754200162305,0.8534369213226893
grok_oggi,Albert Einstein,n,lettera,3847,1.111765231768176,0.9867055568563591,0.9920825514008618,0.8709403713415308
grok_oggi,Albert Einstein,a,lettera,3665,1.1649184132798098,0.9740931697382721,0.9739324794931892,0.8704701881806418
grok_oggi,Albert Einstein,s,lettera,3335,1.167277033341959,1.0218326978618515,0.9711864186823665,0.9203274291265887
grok_oggi,Albert Einstein,r,lettera,3049,1.0409233688781647,1.0116672512653608,0.994825086388138,0.8285648065284369
grok_oggi,Albert Einstein,o,lettera,2941,1.194237689715548,1.0708189072630494,0.8806438881498365,0.9265190926410464
grok_oggi,Albert Einstein,l,lettera,1995,1.065185063102981,1.0278729966413476,0.9414728472767706,0.9274634649743514
grok_oggi,Albert Einstein,d,lettera,1950,1.1103313603754406,1.0210438556234098,1.0096349964211653,0.9247754818812047
grok_oggi,Albert Einstein,h,lettera,1880,1.1393683002356483,0.9328365864751978,0.9480413045462804,0.9212598099540419
grok_oggi,Albert Einstein,c,lettera,1796,1.1731607908616524,0.9345444422085846,1.0248534132619407,0.9769637768485626
grok_oggi,Albert Einstein,m,lettera,1292,1.1255123200748873,1.008930604916341,0.9576752433505488,0.991998231118649
grok_oggi,Albert Einstein,u,lettera,1271,1.2067349023654574,0.9639861992682571,1.0111379269771181,0.9680603351224217
grok_oggi,Albert Einstein,p,lettera,1131,1.165531489076973,0.9314092908688547,0.967868589690111,1.0269055679498518
grok_oggi,Albert Einstein,g,lettera,971,1.2677071441129903,0.9595071101942271,1.0686982315731683,1.1139397505699198
grok_oggi,Albert Einstein,f,lettera,943,1.093421417427657,1.0493859038925777,0.9863378470939814,1.0363296636003365
grok_oggi,Albert Einstein,y,lettera,717,1.0763936561112921,0.9265331545140406,1.0122409474585001,0.9846614936259711
grok_oggi,Albert Einstein,b,lettera,633,1.0940813423427738,1.0085012712793187,1.0497518590126569,1.067600881438801
grok_oggi,Albert Einstein,the,funzione,321,1.121991526913326,0.9924061206555995,1.0174461723592245,1.0494282302651963
grok_oggi,Albert Einstein,and,funzione,245,1.2341038437121974,0.9902957708296697,1.076088078995139,0.9602593282513413
grok_oggi,Albert Einstein,in,funzione,221,1.0812629098944646,0.9836747725174996,0.9606078815221085,0.9154058803074009
grok_oggi,Albert Einstein,to,funzione,186,1.0078678981271785,0.9709843131730764,1.1355873306715607,1.1099115563236135
grok_oggi,Albert Einstein,of,funzione,165,1.1990616151749556,0.9832172541696901,1.044400212339357,1.1168456507809588
grok_oggi,Albert Einstein,he,funzione,138,1.4151505560552173,1.0171206242818114,1.196506033417303,1.3689479853279602
grok_oggi,Albert Einstein,einstein,keyword,162,1.015564073166078,0.9209808049666978,0.8975951143018112,0.7640220805446999
grok_oggi,Albert Einstein,relativity,keyword,47,1.1861062793245423,0.9972837633234407,1.1609448791173056,1.7178147801890695
grok_oggi,Albert Einstein,einstein's,keyword,32,1.033139888987279,1.0868713837803685,1.06564746212077,1.12555089445765
grok_oggi,Albert Einstein,theory,keyword,34,1.14252940228698,0.9389638753662698,1.1942491006320604,1.6655825717994766
grok_oggi,Albert Einstein,quantum,keyword,30,1.3006664162205799,0.9640395307232869,1.3373377150411425,2.3183060356326664
grok_oggi,Albert Einstein,without,keyword,24,0.9720571129809824,0.9633247259642291,1.0098061772128748,0.969437677698785
grok_oggi,Albert Einstein,like,keyword,27,0.9719975410437802,0.9744801649862017,0.993022787251105,1.2054892682978338
grok_oggi,Albert Einstein,his,appaiata,122,1.2218499467350379,0.942043184787269,1.1916415045860809,1.3381348636128625
grok_oggi,Albert Einstein,that,appaiata,43,1.1177499194702465,0.9415018900748816,1.1229346729758751,1.1199001970427935
grok_oggi,Albert Einstein,which,appaiata,28,1.074366673300576,0.9174072909541774,1.0411709756747547,1.2796908317274596
grok_oggi,Albert Einstein,this,appaiata,37,1.0983323676563503,0.9665138472345379,1.1159429843761723,1.1601874298894534
grok_oggi,Albert Einstein,these,appaiata,24,1.0504049175155712,1.0128734362962366,1.0613913927630927,1.2093471820456108
grok_oggi,Albert Einstein,after,appaiata,23,0.9202900299470084,1.0274357135199552,0.9442660880366577,1.1247108883201493
grok_oggi,Albert Einstein,light,appaiata,27,1.3191674174537087,0.9360749625753474,1.2307617288618544,2.0708651127812736
grok_oggi,Napoleon,vocali,vocali,18731,1.18375741161401,1.0392378313477106,0.9643245963793389,0.5491072840695745
grok_oggi,Napoleon,spazio,spazio,8679,1.0562750730621135,0.9886034694677613,1.0540341117024428,0.4846838574177381
grok_oggi,Napoleon,e,lettera,5492,1.0333441334026934,1.0148150279472652,0.9530510620751148,0.8559692917010899
grok_oggi,Napoleon,a,lettera,4201,1.2246141614683128,0.9609758125584728,1.0172248163418949,0.8787277813067045
grok_oggi,Napoleon,i,lettera,4198,1.2042672764512872,0.9596328010567085,1.0415353721443503,0.8996928105077092
grok_oggi,Napoleon,t,lettera,4069,1.0550021989161422,0.9453591608892408,0.932816024552969,0.8436777900579006
grok_oggi,Napoleon,n,lettera,3914,1.1415525973949459,0.931722527422422,0.9624545295493366,0.8224332290638522
grok_oggi,Napoleon,o,lettera,3524,1.1702728951695007,1.0500093735079634,0.9606325612153969,0.8714466488970145
grok_oggi,Napoleon,r,lettera,3493,1.0808546140242323,0.9729311412472396,1.0637244703465187,0.8132994225599369
grok_oggi,Napoleon,s,lettera,2941,1.0449614190643355,0.9600692434238112,0.9851003718377574,0.975114856705915
grok_oggi,Napoleon,l,lettera,2012,1.1294960880862155,0.9090173717864531,0.9658579285696285,0.9604275393312515
grok_oggi,Napoleon,d,lettera,1974,1.0502638770448045,1.0406847686301548,0.9780199826879329,0.9143712820731862
grok_oggi,Napoleon,c,lettera,1871,1.1608218422931529,0.9357962010195968,0.9605740501034384,0.9134774612559436
grok_oggi,Napoleon,h,lettera,1704,1.1460227103470952,1.0035057188709842,1.045192862784935,0.9369319738307871
grok_oggi,Napoleon,u,lettera,1316,1.0975819364543073,0.9898373311042549,0.9586731254434611,0.8734254112842239
grok_oggi,Napoleon,p,lettera,1279,1.0410764528886816,0.895428765926693,1.0110539284764817,1.0107913508531203
grok_oggi,Napoleon,m,lettera,1118,0.9955154541049321,0.963296006782317,0.9825372322809991,1.0196170009226635
grok_oggi,Napoleon,f,lettera,1074,0.9255117396324478,1.018650953184738,1.068138018847582,0.9886163115847165
grok_oggi,Napoleon,g,lettera,1004,0.9794858925005444,0.9500751376818165,0.9606191989120959,0.8815098741194493
grok_oggi,Napoleon,b,lettera,802,1.1673879274486023,0.9736403485649691,0.9524348665007872,0.912442075072576
grok_oggi,Napoleon,y,lettera,770,1.2376598098036717,1.0149449424465717,0.9822413173185097,0.9084084235107133
grok_oggi,Napoleon,the,funzione,533,1.1386430019952718,0.9524897462051877,1.0371044147649722,0.9617057314291556
grok_oggi,Napoleon,and,funzione,292,0.9112122738914116,1.0532603416515316,1.0085320912596971,0.8715198877580209
grok_oggi,Napoleon,of,funzione,259,1.0161749396576818,1.0665223535766586,0.9460367701556943,0.9488094846954849
grok_oggi,Napoleon,to,funzione,225,0.9610592276443415,1.05201195447287,1.006847106322916,0.9502361703967834
grok_oggi,Napoleon,in,funzione,215,1.297022436103149,0.9479689374291281,1.11926548188697,1.0976935500726246
grok_oggi,Napoleon,on,funzione,108,1.0718360167121188,0.9753428438120415,1.0844357799223086,0.9356859087962467
grok_oggi,Napoleon,bonaparte,keyword,117,1.1854348535228996,0.9795704083988411,1.1590701164538084,1.0918587335224967
grok_oggi,Napoleon,french,keyword,78,1.1424920012426125,1.0345003025941886,1.1042055532998092,1.1238712724508955
grok_oggi,Napoleon,napoleon,keyword,48,1.191183079668367,1.0303651495709363,1.048743759795477,1.120235816664394
grok_oggi,Napoleon,france,keyword,42,1.0529522860900977,0.9892977448841614,1.0738217129035919,1.2396358529477616
grok_oggi,Napoleon,bonaparte's,keyword,29,0.9917709968327483,1.030502928714232,1.0379655372806278,0.7819661311549471
grok_oggi,Napoleon,military,keyword,27,1.0118331265018004,0.9740562920317108,0.9375849587417876,0.8620791656463446
grok_oggi,Napoleon,artillery,keyword,25,1.3388976367618577,0.9904175644307687,1.2661348374026637,1.396772242560707
grok_oggi,Napoleon,with,appaiata,84,0.8675170396221176,0.9654028708309671,0.884102559081537,0.7797398713517026
grok_oggi,Napoleon,by,appaiata,83,0.8467040288073501,1.0000645884886088,0.8162728311458451,0.7100852206781826
grok_oggi,Napoleon,was,appaiata,43,1.1106148316060935,0.977402996301053,1.1100895395316523,1.2306655609784611
grok_oggi,Napoleon,an,appaiata,30,1.0248373693771708,0.9616290793863275,0.9618133799389085,0.7333198460112661
grok_oggi,Napoleon,while,appaiata,29,0.9486421057851603,1.021250669943336,0.9204093331082172,0.9096409589333765
grok_oggi,Napoleon,that,appaiata,27,0.9697065926160452,1.0464188046570524,1.0210172835579623,0.9357219281424007
grok_oggi,Napoleon,army,appaiata,26,1.033017418007584,1.0036947267053988,1.0271307922903963,0.7796499784643022
grok_oggi,Brazil,vocali,vocali,18563,1.2616236751409613,0.9326983167291886,1.011653686226646,0.5938302193470232
grok_oggi,Brazil,spazio,spazio,8232,0.9932443677446082,0.9904976692860866,0.9854864177531714,0.4711462601478406
grok_oggi,Brazil,e,lettera,5259,1.0874319238761982,0.9695927156090209,0.9300695589832029,0.9011399862952082
grok_oggi,Brazil,i,lettera,4433,1.0989799677227297,0.9581812805263231,0.9522681494012012,0.8917891300958662
grok_oggi,Brazil,a,lettera,4040,1.3046179545981231,1.0546446737354023,1.0213035869365716,0.8767946560638455
grok_oggi,Brazil,t,lettera,3885,1.0001516619197104,1.0243368947943596,0.9345099375994046,0.8889133999678799
grok_oggi,Brazil,n,lettera,3858,1.0038755796150116,0.928741621080985,0.9999922743180755,0.8329296591234354
grok_oggi,Brazil,r,lettera,3489,0.9988437603799556,1.0315610132437627,1.016573341262469,0.8134660146565527
grok_oggi,Brazil,o,lettera,3434,1.2355633746109467,0.9774013950742138,1.0011526775261121,0.8804626653801427
grok_oggi,Brazil,s,lettera,3163,1.2411574637726148,0.903338056502747,0.9805103357460646,0.9509337250380958
grok_oggi,Brazil,l,lettera,2246,1.1236028386174817,1.0007332870220578,0.9786644451505292,0.9429537373674038
grok_oggi,Brazil,d,lettera,2015,1.2158566945297606,1.0611840553220162,1.0533039070850816,0.8856881293448928
grok_oggi,Brazil,c,lettera,1853,1.1525070504978032,1.0595801807348382,1.0275029057265925,0.9232143081298914
grok_oggi,Brazil,u,lettera,1397,1.0883403299182617,0.9947096882210648,0.9654033767701767,0.9657640975433083
grok_oggi,Brazil,h,lettera,1307,1.0695046809350548,1.014317638302466,1.0237681422107958,0.9879424556783785
grok_oggi,Brazil,p,lettera,1269,1.0440759408793339,0.9832994387848873,1.0303417651925801,1.0153947760969377
grok_oggi,Brazil,m,lettera,1211,1.0560521219663865,0.9253993042475296,1.0056263994395713,0.9332187990147662
grok_oggi,Brazil,g,lettera,1130,0.975648622113601,1.0128325619777754,0.9724354956500497,0.9294724072524051
grok_oggi,Brazil,f,lettera,913,1.2021532393729384,0.9985019146512683,1.0561915789566487,1.0140859022359736
grok_oggi,Brazil,b,lettera,795,0.9578104952520204,0.9205279473882716,0.9755252354728361,0.9490892170203729
grok_oggi,Brazil,y,lettera,639,1.0582574827774638,1.0080594190613035,1.0248639553910641,1.006520799989664
grok_oggi,Brazil,the,funzione,361,1.1578245114872074,0.9467145104650198,1.0237708429368737,1.0471507121211199
grok_oggi,Brazil,and,funzione,297,1.0457591233307475,0.9234414652352005,0.9547889396082109,0.8003928762391024
grok_oggi,Brazil,in,funzione,220,1.1740099251353395,0.9589217424956072,1.040250627346485,1.167565105459571
grok_oggi,Brazil,of,funzione,183,1.0361177080886277,0.978484547368995,1.0041765793698898,0.9679065048676284
grok_oggi,Brazil,to,funzione,169,0.9965759986890492,1.0410822118628393,0.9099431312660612,0.8712916138633118
grok_oggi,Brazil,by,funzione,123,0.9244442224094845,0.9903922947602316,0.8546956093353572,0.7827604826003746
grok_oggi,Brazil,brazil,keyword,63,1.1221327981875346,1.0172750749281376,1.1179769289715111,1.3197040023391178
grok_oggi,Brazil,including,keyword,29,0.9544750799724987,1.0059597143792263,0.9751477413466988,0.9944378879237672
grok_oggi,Brazil,brazil's,keyword,27,0.9689870984208561,1.0691321574473172,0.9520541728756338,0.9527670526138569
grok_oggi,Brazil,like,keyword,27,0.9252894304829612,1.0072396756638071,0.9181885924326968,0.8310566011635151
grok_oggi,Brazil,amid,keyword,24,0.8683187673937154,0.9658419928095482,0.8801851782877991,0.8462404582955798
grok_oggi,Brazil,brazilian,keyword,24,1.118740587773161,0.9446241728017598,1.054114464796899,1.2730871501911454
grok_oggi,Brazil,economic,keyword,20,0.9534407246640848,0.9722989880812515,0.9585123790010228,0.8802278153430291
grok_oggi,Brazil,that,appaiata,35,0.9874144603780506,0.9529561845526103,0.9419556422711111,0.823227658054906
grok_oggi,Brazil,which,appaiata,30,0.9642400210381078,1.0303513455813147,0.9727285397848032,0.9977088856882842
grok_oggi,Brazil,but,appaiata,27,0.920971658451384,1.0777235675613779,0.9209965101300304,0.8363790331189493
grok_oggi,Brazil,these,appaiata,26,0.8566541862017405,0.9937244018685684,0.8825502595790384,0.6473939651397763
grok_oggi,Brazil,this,appaiata,24,0.9279124220283945,0.9499711027193797,0.9286205986733584,0.7986849090901113
grok_oggi,Brazil,under,appaiata,23,1.1085760130468225,0.9816055565206968,1.157126654250752,1.2066013614249393
grok_oggi,Brazil,fiscal,appaiata,20,1.1586544535224423,0.9708154489969258,1.1667844353813497,1.1605982856706651
grok_oggi,Artificial intelligence,vocali,vocali,18954,1.259281122800679,0.9745660498844618,0.9149733191022915,0.5661032088369984
grok_oggi,Artificial intelligence,spazio,spazio,7825,1.0566509618861657,1.03227972977297,0.9629094266398516,0.5043270353183471
grok_oggi,Artificial intelligence,e,lettera,5314,1.1698784410926302,0.9787842958167176,0.9504680654845,0.8750175146553496
grok_oggi,Artificial intelligence,i,lettera,4706,1.2991184624586005,1.0120725207514987,1.0175768128127025,0.9038553541199277
grok_oggi,Artificial intelligence,a,lettera,4355,1.0729855899864629,0.9928310814621876,0.9903136590893967,0.8331270920994043
grok_oggi,Artificial intelligence,n,lettera,4021,1.0095240187053067,0.9767382853756165,0.9636177771603439,0.8675905095073437
grok_oggi,Artificial intelligence,t,lettera,3870,1.004861120751456,0.8850930703549339,0.9210718157874661,0.8883531326579397
grok_oggi,Artificial intelligence,s,lettera,3423,1.092164221155934,0.9114247452629384,0.9456978730706371,0.9497760665848263
grok_oggi,Artificial intelligence,r,lettera,3335,1.130185016288531,1.0105492142232073,0.9678366219743576,0.8530674637913566
grok_oggi,Artificial intelligence,o,lettera,3206,0.9880005396947223,0.9998255841449731,1.0145734493079075,0.8488689696990656
grok_oggi,Artificial intelligence,l,lettera,2287,1.029365322078841,1.002620128282097,1.088643989137669,0.9398188400942361
grok_oggi,Artificial intelligence,c,lettera,2046,1.161041112860429,0.9959618736632171,0.9871793873910751,0.9262152622254445
grok_oggi,Artificial intelligence,d,lettera,1940,1.138651420388534,0.971378848116229,0.9285786238190642,0.9595464929203558
grok_oggi,Artificial intelligence,m,lettera,1465,1.1840533654230234,0.9671782602238975,0.9674046720103738,0.9361718378976784
grok_oggi,Artificial intelligence,p,lettera,1386,1.0810054187004232,1.0354586580799712,1.0186335739504075,0.9463709522851148
grok_oggi,Artificial intelligence,g,lettera,1379,1.035517164205927,0.9319587625491076,0.9769735807874996,0.9307822158082978
grok_oggi,Artificial intelligence,u,lettera,1373,1.0388173127092575,0.9796289529304788,0.9856482461194176,1.0107568848909787
grok_oggi,Artificial intelligence,h,lettera,1268,1.1342374049693527,0.97850505211813,0.9395872549024751,0.977368945962281
grok_oggi,Artificial intelligence,f,lettera,864,0.9482694353129257,0.9298702720128064,0.9743861119900655,0.9298393566641561
grok_oggi,Artificial intelligence,y,lettera,673,1.1443673976764481,0.9871122452246078,0.9878625435357016,1.031138859000592
grok_oggi,Artificial intelligence,b,lettera,630,1.2207226256962587,0.906216844886783,0.9557021916806384,1.0095677197450192
grok_oggi,Artificial intelligence,and,funzione,288,1.1564617779242456,0.9720875667711196,0.9695886246017688,0.8681168411790066
grok_oggi,Artificial intelligence,in,funzione,220,1.0254386497181298,0.983278267843316,1.0276194967992949,0.9173964435519559
grok_oggi,Artificial intelligence,to,funzione,167,0.981021132797258,0.977480695553731,0.9204437849132113,0.8696334457324442
grok_oggi,Artificial intelligence,for,funzione,117,1.019852207319319,0.9717273355204007,0.9896477366531821,0.9906021928104884
grok_oggi,Artificial intelligence,the,funzione,111,1.2836460011477735,1.0247384026096131,1.159958048710486,1.486842865351704
grok_oggi,Artificial intelligence,by,funzione,91,0.9163874788437357,0.9611358606965196,0.9658539515625909,0.9297092675867644
grok_oggi,Artificial intelligence,ai,keyword,127,1.389664237819063,1.047167303991898,1.2464399313864911,1.4694924008628745
grok_oggi,Artificial intelligence,learning,keyword,63,1.116798867565524,0.9528656933073556,1.0162976173897746,0.9854091635516548
grok_oggi,Artificial intelligence,like,keyword,63,0.9937428435091711,0.8828607683617635,0.9794174577896619,0.9940625158005133
grok_oggi,Artificial intelligence,data,keyword,61,0.9996618761859744,0.9761018499798829,0.9852434207951903,1.025093226866806
grok_oggi,Artificial intelligence,systems,keyword,51,1.0292023816993725,1.0594616884185661,1.030139101600252,1.003062162083413
grok_oggi,Artificial intelligence,models,keyword,43,0.9566965015881005,1.0469734306855314,0.9628477202849628,0.853440096732047
grok_oggi,Artificial intelligence,intelligence,keyword,38,1.3432282752005358,0.9006208393010405,1.1670902476677816,1.1356472070442303
grok_oggi,Artificial intelligence,of,appaiata,85,1.0883944763998292,0.9823005913643051,1.0230483218385358,1.181406859343932
grok_oggi,Artificial intelligence,from,appaiata,63,0.9722261296669166,1.0294828417512703,1.00881947195344,0.9043471140952658
grok_oggi,Artificial intelligence,or,appaiata,57,1.305453388548585,1.005498857773042,1.1994281461159166,1.2080945515090902
grok_oggi,Artificial intelligence,on,appaiata,63,1.1297347137695555,0.9221344661435884,1.0564475429706803,1.4476023423879987
grok_oggi,Artificial intelligence,such,appaiata,38,0.8455011455486772,1.035805972907052,0.8034016266034563,0.6334759427015767
grok_oggi,Artificial intelligence,human,appaiata,44,1.0607505234031318,0.9860222268220814,1.0655682972074147,1.0794163092244629
grok_oggi,Artificial intelligence,these,appaiata,30,0.8600842156754496,0.9970936047360527,0.8415364743450363,0.5938362452191009
grok_oggi,Olympic Games,vocali,vocali,18593,1.3161061207174138,1.007261120112754,0.9825099270503271,0.5417148104181312
grok_oggi,Olympic Games,spazio,spazio,8391,1.3171847272076604,0.9533724184011438,0.9983594116369757,0.47490247378327155
grok_oggi,Olympic Games,e,lettera,5492,1.1751180605624327,1.021567727936082,0.9979483654677909,0.8687307238889673
grok_oggi,Olympic Games,i,lettera,4587,1.1895924066538628,1.0998246943132834,0.9806334416248732,0.8544800908449339
grok_oggi,Olympic Games,t,lettera,4249,1.0282297790166017,1.0322056500264283,0.9854473817440944,0.8386687006000716
grok_oggi,Olympic Games,n,lettera,3932,1.1212187453795734,0.9568222515829182,1.064565158091205,0.8305998635091145
grok_oggi,Olympic Games,a,lettera,3740,1.2030327276641946,1.00279179340473,0.9630495848540384,0.8593396293256352
grok_oggi,Olympic Games,o,lettera,3521,1.1350265363743683,0.9957739038049088,0.9087121275152997,0.8684203292759393
grok_oggi,Olympic Games,s,lettera,3260,1.113752358892567,0.9722868849026778,1.059862925234986,0.9232491634901787
grok_oggi,Olympic Games,r,lettera,3122,1.0288414622091748,0.9688287888704243,0.9368834599788193,0.8753616395702882
grok_oggi,Olympic Games,l,lettera,2156,1.183276647823852,1.0574715104923127,0.9512704688226226,0.9554375916483304
grok_oggi,Olympic Games,c,lettera,2026,1.1356466677097277,0.9535315243116113,0.9280343343699146,0.8899388950813637
grok_oggi,Olympic Games,d,lettera,1851,1.033705553398439,0.9433983642330049,1.0248132134926677,0.9241780449849912
grok_oggi,Olympic Games,h,lettera,1567,1.354059169736414,0.9517125259561032,0.9886537844896548,0.9716478665976732
grok_oggi,Olympic Games,m,lettera,1460,1.1189616336766335,1.0400991416981904,0.971919819270247,0.9694953787240662
grok_oggi,Olympic Games,g,lettera,1309,1.0102949175055742,1.0029426726502824,0.9803711588718902,0.9536323261548219
grok_oggi,Olympic Games,p,lettera,1284,0.8681831136158402,0.992939875267921,0.9630136935165182,0.9145101726067404
grok_oggi,Olympic Games,u,lettera,1253,1.15542830380025,1.0198419331010886,1.0284338044426484,0.9618683127757665
grok_oggi,Olympic Games,f,lettera,874,1.080463686238267,0.9492276184449174,1.0438557692056085,0.93138068120653
grok_oggi,Olympic Games,y,lettera,743,1.0147756253880098,1.0158718928683819,1.004873872177053,1.0183103078207363
grok_oggi,Olympic Games,v,lettera,599,0.9068472833834601,0.9677043978696886,0.9940927954322278,0.985752691143652
grok_oggi,Olympic Games,the,funzione,472,1.447236626081753,0.922074405789194,1.0654858167715238,1.1254655162907008
grok_oggi,Olympic Games,and,funzione,309,1.0404992748389938,0.9151254212375948,0.9338011451568207,0.7459997119972305
grok_oggi,Olympic Games,in,funzione,191,1.1737264564838772,1.0092959873403877,0.999409262630592,0.9286397028448303
grok_oggi,Olympic Games,to,funzione,176,0.9439180513727353,1.0017844803045624,1.004910384059447,0.8429566833181832
grok_oggi,Olympic Games,of,funzione,136,1.1538522053538864,0.9588771386238807,1.0764833746936353,1.0965200914947297
grok_oggi,Olympic Games,with,funzione,100,0.966822790745942,1.0191661712818818,0.9058023968212122,0.8075377466229291
grok_oggi,Olympic Games,games,keyword,103,0.9885458944512147,0.9946325037564412,0.9622630804661981,0.9608884246889227
grok_oggi,Olympic Games,olympic,keyword,101,1.1809121720671572,1.0171051249206677,1.1055555535517747,1.1303869586656574
grok_oggi,Olympic Games,ioc,keyword,83,1.2615723898502116,0.9142525087789317,1.2666353812345654,2.5845273738452432
grok_oggi,Olympic Games,like,keyword,40,0.8721265853095717,0.9870945519688825,0.8789919794374482,0.8418379829054161
grok_oggi,Olympic Games,international,keyword,39,1.1040826097661576,0.943865962911041,1.0761533457206442,1.5921238190604814
grok_oggi,Olympic Games,events,keyword,39,1.2343671368122064,0.9986168317719333,1.0546603367235088,1.1497434437729652
grok_oggi,Olympic Games,sports,keyword,36,1.161805287277061,0.9530862737166875,1.1518188751517862,1.585127515974848
grok_oggi,Olympic Games,from,appaiata,98,1.0439081987171681,1.0854820605108566,0.9914110224999771,1.0286013863384078
grok_oggi,Olympic Games,for,appaiata,96,1.1292112200966238,0.9511355957214334,1.0927094092893237,1.2026441072554106
grok_oggi,Olympic Games,by,appaiata,76,1.1952469928406042,0.9844348041904579,1.0405069195831194,1.0236140270534175
grok_oggi,Olympic Games,at,appaiata,39,0.8882318163018266,0.9589883346946643,0.8620265399926043,0.9140584037809384
grok_oggi,Olympic Games,or,appaiata,36,1.2421059591594923,0.9964655770227097,1.0966741723566933,1.553964945801452
grok_oggi,Olympic Games,host,appaiata,38,1.2244102339209155,0.9743210048579637,1.1425277763350143,1.4560806429258373
grok_oggi,Olympic Games,such,appaiata,29,1.026027745170991,0.9397001636575596,1.0011063054450375,1.0783181648426758
grok_oggi,World War II,vocali,vocali,18367,1.2121833228290018,0.9837043392278858,0.9617646425673155,0.6048948615602355
grok_oggi,World War II,spazio,spazio,8350,1.1656299110047463,0.9288438496634986,0.9884904243814803,0.4536428276231144
grok_oggi,World War II,e,lettera,5272,1.0991453797695876,1.0109251637830854,0.9237887811547191,0.872579507704776
grok_oggi,World War II,i,lettera,4322,1.3181851000906566,1.039602557190875,1.037045082821138,0.9091330036192453
grok_oggi,World War II,a,lettera,4279,1.1386268848220849,0.9987205414044462,0.9503832722551522,0.8937405913981046
grok_oggi,World War II,n,lettera,3816,1.1423984601242867,0.9289196376213181,1.0056402501015773,0.8720371414888238
grok_oggi,World War II,t,lettera,3633,1.1851600076938034,0.9690786180472233,0.9628303738799412,0.8849210553281729
grok_oggi,World War II,r,lettera,3431,1.097466791162829,1.0740870855756974,0.975458615132362,0.8816907744572223
grok_oggi,World War II,s,lettera,3231,1.0879319374351848,0.9915224676451885,0.9978728403944507,0.8922431652839705
grok_oggi,World War II,o,lettera,3163,1.1393297996456917,0.9181772403492214,1.003504812293718,0.9152307663487095
grok_oggi,World War II,l,lettera,2144,1.0248111401715545,1.03360269244347,0.9169279160931826,0.9900282908580759
grok_oggi,World War II,d,lettera,2101,1.0458470118759526,0.9259294520018496,1.010491878864681,0.8751538622835404
grok_oggi,World War II,c,lettera,1568,1.0662054027838337,0.9390360674322805,0.9717793114857877,0.9689697686929194
grok_oggi,World War II,h,lettera,1331,1.1177683560930427,0.96095289689693,0.9324319731781331,0.9855630830369823
grok_oggi,World War II,u,lettera,1331,1.0046599503122553,0.9936588846067367,1.0356005713030083,0.980053199389525
grok_oggi,World War II,m,lettera,1256,1.130755151313722,0.998880226557017,0.9510881496586414,0.9812797870039883
grok_oggi,World War II,p,lettera,1245,1.1081809843706498,1.0384506520577992,0.9985733498713206,0.9837929949602332
grok_oggi,World War II,g,lettera,1148,0.9624744736862493,0.8980120425398385,1.0163095464289793,0.9038995773629351
grok_oggi,World War II,f,lettera,1027,1.185040512729712,0.947453327077064,0.92794628558703,0.9898793566354357
grok_oggi,World War II,b,lettera,699,0.9914069089800666,1.024939890262864,1.0176396791066462,1.02481772546839
grok_oggi,World War II,y,lettera,653,1.1041105818105719,1.0306689414484034,0.9379271563502095,1.0374335940633514
grok_oggi,World War II,the,funzione,362,1.242974487388777,0.9959124599241219,1.002428270674448,0.9882603206587817
grok_oggi,World War II,and,funzione,353,0.8691342930744302,1.113262622521647,0.8870564871950105,0.7242988893373882
grok_oggi,World War II,in,funzione,162,1.2440599341007235,1.0080853228848585,1.1066712804853682,1.140170749212324
grok_oggi,World War II,to,funzione,151,0.9953873482970022,0.9736825400118271,1.0486222544345696,0.9803007440525425
grok_oggi,World War II,of,funzione,149,1.097857259281384,1.0350735654039516,1.029939577346846,1.0965655334014148
grok_oggi,World War II,on,funzione,107,1.0985236086262984,1.0215897050857048,0.9912085859237244,1.0133252742737258
grok_oggi,World War II,soviet,keyword,51,1.3536590078907418,0.9928253528339749,1.2915858532028308,1.5826999091701028
grok_oggi,World War II,allied,keyword,49,1.2100512576173594,0.9179152963297983,1.1316232254974687,1.9057821269116153
grok_oggi,World War II,german,keyword,50,1.2108526152289643,0.9572350726361413,1.1666217785508237,1.4476125234373218
grok_oggi,World War II,forces,keyword,38,1.1898458850505353,1.0347571085556764,1.2172447006424099,1.0230834934019555
grok_oggi,World War II,million,keyword,35,0.9778744310452295,0.9816525379598741,0.9844442038834007,1.09664936704573
grok_oggi,World War II,germany,keyword,44,1.1367581060306184,0.973682820818918,1.1494403190716722,1.498776080374843
grok_oggi,World War II,june,keyword,30,1.1277389553208381,0.9657351005118565,1.0469018487868493,1.1313319839489104
grok_oggi,World War II,as,appaiata,48,1.1029113555016912,0.958567311044991,1.0829988768493954,1.1400471267255807
grok_oggi,World War II,war,appaiata,58,1.138021853698767,1.0488174803398083,1.1287759516668479,1.2080383051845407
grok_oggi,World War II,over,appaiata,41,1.1467474365599286,1.027416716742225,1.1009216608428096,1.1136945408830285
grok_oggi,World War II,but,appaiata,28,0.9409974718064766,1.0128375630841353,0.946649980599365,0.8256455047928709
grok_oggi,World War II,that,appaiata,28,0.9784612808917263,1.0586811615509166,0.9947915390657963,0.996905709116425
grok_oggi,World War II,at,appaiata,26,0.9864226407155328,0.9656582069310277,1.0470046208878,1.3342792041345568
grok_oggi,World War II,troops,appaiata,26,1.0692906654535779,0.9584828296575464,1.0839783203862385,0.8296991978374797
grok_oggi,World War I,vocali,vocali,18513,1.2237975429077435,0.9467162481196792,0.9805888002489781,0.570831829972196
grok_oggi,World War I,spazio,spazio,8545,1.296528865283146,1.0066753396165862,1.003548701938765,0.4680705394629899
grok_oggi,World War I,e,lettera,5303,1.2097501535647386,1.015379016913321,1.023863954589416,0.8880020291664029
grok_oggi,World War I,a,lettera,4398,1.3320973397629254,0.9781444354534191,1.011433490649215,0.8567031986475012
grok_oggi,World War I,i,lettera,4239,1.3157376354220491,0.9940604933766434,1.0070456544687119,0.9235797048990448
grok_oggi,World War I,n,lettera,3981,1.1353716230779751,0.9401106580094444,1.0252142276244811,0.8107646598516567
grok_oggi,World War I,t,lettera,3905,1.0243625164477959,0.8672183948944984,1.0055721191891245,0.8768023948576857
grok_oggi,World War I,r,lettera,3604,1.0265699610915084,1.0146199977782726,1.0207993260072634,0.8219966882562579
grok_oggi,World War I,s,lettera,3188,1.1203228404468268,0.9671369990682424,0.9509851478854611,0.9663479837439368
grok_oggi,World War I,o,lettera,3071,1.0323809871660217,0.996019839873059,0.9815989725231743,0.9109043383088103
grok_oggi,World War I,l,lettera,2142,1.0444767187823714,0.9902579911524189,0.9975838700139944,0.9771421944201563
grok_oggi,World War I,d,lettera,1992,1.028513576983462,0.977028225869066,0.9254031052749706,0.9023167546382113
grok_oggi,World War I,u,lettera,1502,1.1723294288309316,0.9939813559587302,0.9278171204903719,0.9560116678845483
grok_oggi,World War I,c,lettera,1497,0.9458532127697555,0.9852123899561045,0.9672177900678239,0.9313959618805564
grok_oggi,World War I,h,lettera,1433,1.2141474976319513,0.9413738835879215,1.0351436279687332,0.9375998421102409
grok_oggi,World War I,m,lettera,1290,1.0681934088682077,1.0471736920458363,0.8811253736834219,1.0180819304811757
grok_oggi,World War I,g,lettera,1261,1.0493104221502587,0.9835733281675755,1.00369276285693,0.9214017442215044
grok_oggi,World War I,p,lettera,1048,0.9438399264716518,1.0174335352352555,0.9985920604043441,1.0026274074685106
grok_oggi,World War I,f,lettera,992,1.151005898621722,0.9614376181866052,1.001262155169622,1.012944611710469
grok_oggi,World War I,b,lettera,769,1.092560557587002,0.95030419500024,1.0141514601092967,0.9981950624483839
grok_oggi,World War I,y,lettera,624,1.0732847012778743,0.9186941965438918,0.9640872022732383,0.9835690571038505
grok_oggi,World War I,the,funzione,419,1.2898152045277156,0.9454007292786395,1.0679989205014258,1.1529949169625966
grok_oggi,World War I,and,funzione,300,1.2483218240964675,1.0162073649053296,1.0178866534979738,1.000074112148622
grok_oggi,World War I,to,funzione,199,1.0166623502676104,1.0118985129008529,0.9325827608472116,0.917456004228461
grok_oggi,World War I,of,funzione,169,1.2447400657090613,0.9883756902249544,1.0538491091296562,1.1855690930458602
grok_oggi,World War I,in,funzione,148,1.020410680548516,1.0187347255868875,1.0007620236118393,0.9625964540818592
grok_oggi,World War I,on,funzione,124,1.2448141057858022,0.9965492089238048,1.0555354373221373,1.3112322244266454
grok_oggi,World War I,german,keyword,76,1.2987514137017337,0.9243431118304728,1.2034580763748735,1.5557976121170558
grok_oggi,World War I,million,keyword,38,1.0938039360631457,0.999427986835828,1.0493922768836532,1.7134295833861284
grok_oggi,World War I,august,keyword,36,1.2966325925200004,1.0304289289165118,1.2496042527803033,1.500672910029064
grok_oggi,World War I,austria-hungary,keyword,40,1.1895784747187212,1.0097322652094824,1.1581830635896777,1.2859669165040561
grok_oggi,World War I,russian,keyword,35,1.4860237784159354,0.9912899035719821,1.3226319223523475,1.5990419956727764
grok_oggi,World War I,germany,keyword,44,1.2569412696630962,0.9548472705671265,1.1923164416839533,1.518963932877631
grok_oggi,World War I,forces,keyword,32,1.0339334228220338,0.905557864300536,1.0223138912331053,1.273939330848145
grok_oggi,World War I,with,appaiata,72,0.8487844125425916,1.0090292695342267,0.9558743635575794,0.850913531807892
grok_oggi,World War I,against,appaiata,38,0.9705555931522784,1.012881561374587,0.9613077183566237,0.7974203703512209
grok_oggi,World War I,under,appaiata,39,0.9851410422990787,0.9697227659652908,0.9498337739031749,0.8784542276015306
grok_oggi,World War I,but,appaiata,33,0.9317335214030382,0.8373913012183237,0.9308220756338327,0.8013735085917981
grok_oggi,World War I,which,appaiata,30,1.062986635729062,1.01904760575413,1.1279228664765242,1.131786694856274
grok_oggi,World War I,including,appaiata,29,0.9102026374853522,1.032385684946838,0.9074919302208503,0.9406449534543073
grok_oggi,World War I,at,appaiata,27,1.1274134617879192,0.9276607491319204,1.1142513428344245,0.8969448011958454
grok_oggi,Hinduism,vocali,vocali,18768,1.088189647212164,0.9670053273864077,0.9468673673927861,0.5329100760371404
grok_oggi,Hinduism,spazio,spazio,8116,1.114283126823726,0.8807047178391288,0.9886761024846821,0.4666299540856176
grok_oggi,Hinduism,a,lettera,4853,1.2898031477233403,0.9252639227240497,0.86822717164902,0.9324616207907173
grok_oggi,Hinduism,i,lettera,4808,1.1272568987649694,0.9485642735666097,0.9853912390616429,0.8693919951683652
grok_oggi,Hinduism,e,lettera,4751,1.088340355702312,0.9816830546321289,0.9788163851054344,0.9314153661301039
grok_oggi,Hinduism,t,lettera,3930,1.0406331787991354,1.062911807762289,0.9623208959340398,0.8846787521048615
grok_oggi,Hinduism,n,lettera,3661,1.1621151282752111,1.008190174651423,0.9776046266857525,0.8398934909787595
grok_oggi,Hinduism,s,lettera,3517,1.037950649438697,0.9666808501495515,0.9657799779321893,0.9132238393819136
grok_oggi,Hinduism,r,lettera,3241,1.0549897995028241,0.9240265624171268,0.9317176655523696,0.8546684791049841
grok_oggi,Hinduism,o,lettera,2951,1.2122665901940202,1.0224642233962091,0.9775074647313674,0.9704468249315736
grok_oggi,Hinduism,d,lettera,2136,1.071394469604441,0.9754654213246988,0.9902921234154647,0.8782279858427177
grok_oggi,Hinduism,h,lettera,1978,1.054931357537073,0.9721027412546617,0.9909763613977862,1.014989263757704
grok_oggi,Hinduism,c,lettera,1936,1.072866212159265,1.021625612601949,0.999487145885186,0.9914462858795531
grok_oggi,Hinduism,l,lettera,1897,0.9995929024376619,1.049951124779512,1.0257257282027858,0.9833342098139093
grok_oggi,Hinduism,u,lettera,1405,1.0267082487614556,0.9499635704824962,1.0186763772199694,0.922753049378339
grok_oggi,Hinduism,m,lettera,1400,1.0618479953064814,0.9833993374529187,0.9938464202157645,0.993460461936449
grok_oggi,Hinduism,p,lettera,1146,1.0764725207593395,0.9194587065047065,0.9654666901730664,0.9922502920783522
grok_oggi,Hinduism,g,lettera,1014,0.9137122802665392,0.972911622926758,0.9342809673745595,0.9294759742909241
grok_oggi,Hinduism,y,lettera,821,1.1569729795075752,0.9458594770310205,0.9168473994555897,0.9414059021569424
grok_oggi,Hinduism,v,lettera,783,1.019905405572711,1.0363024929293971,0.9820017612832587,1.0064930473963856
grok_oggi,Hinduism,f,lettera,742,1.1024065869293815,1.0292865747510291,0.902703136982058,0.9399270477130219
grok_oggi,Hinduism,and,funzione,329,1.1014956617589744,0.9634026730490716,0.9218428609632378,0.8230858436602122
grok_oggi,Hinduism,the,funzione,317,1.1922537312382864,0.9692622174378549,1.0192994755170288,1.0920264655228633
grok_oggi,Hinduism,to,funzione,169,0.9668953617278477,1.0074356605122647,0.9190549189940187,0.8912717429487953
grok_oggi,Hinduism,in,funzione,152,1.1785750694555335,1.0020163801983284,1.0637114772183012,1.0518448562863039
grok_oggi,Hinduism,as,funzione,138,1.1811666949216755,1.0301157302860788,1.0222657946503064,0.9607006533208939
grok_oggi,Hinduism,of,funzione,134,1.0756911703056322,0.9799169008975968,1.0248173506463312,1.102237599130435
grok_oggi,Hinduism,like,keyword,75,0.8793303979466417,1.0285541435676044,0.8627387211204521,0.7974448852491864
grok_oggi,Hinduism,vedic,keyword,81,1.218983289068061,0.936657352831468,1.1196119545058945,1.2930952011304662
grok_oggi,Hinduism,bce,keyword,67,1.134073161264969,0.9723272860324931,1.1572065244668561,1.615843833764549
grok_oggi,Hinduism,hindu,keyword,53,1.2528465069570984,0.9754807189459586,1.120895439744486,1.2671261332854997
grok_oggi,Hinduism,texts,keyword,38,1.0704763334612966,1.0034134754281119,1.005964831133172,1.1435065341206485
grok_oggi,Hinduism,ce,keyword,35,1.2126750097198036,0.9561386820598976,1.188435232586303,1.6420469540861635
grok_oggi,Hinduism,dharma,keyword,31,1.2232033701309326,1.0631346806988937,1.1621385500492452,1.3827035552794071
grok_oggi,Hinduism,for,appaiata,71,1.1041158760622949,0.9251215807917257,1.026682596825446,1.0448833495267977
grok_oggi,Hinduism,from,appaiata,71,0.9209597510208953,0.9069864084022329,0.9184476789967638,0.8171263585175427
grok_oggi,Hinduism,by,appaiata,72,1.038000856137994,1.0038777143710624,1.02571295966917,1.0063897251130332
grok_oggi,Hinduism,or,appaiata,52,1.160851878883514,1.0319443853898373,1.147615459029857,2.3039032789495293
grok_oggi,Hinduism,th,appaiata,38,1.1521254766668796,0.9438511894572462,1.1385085586665864,1.4866152443372629
grok_oggi,Hinduism,over,appaiata,33,0.8970343472743215,0.9823035084008888,0.9097418783741616,0.9962893357021473
grok_oggi,Hinduism,this,appaiata,30,0.9901306553326136,1.029667356040102,0.9877274163286622,1.382862304937521
grok_oggi,Adolf Hitler,vocali,vocali,18236,1.0154479105144862,0.9901522191503233,0.9280120948626132,0.5677257436779236
grok_oggi,Adolf Hitler,spazio,spazio,8533,1.2707043793086834,0.9289474111338087,0.9444149389105441,0.47549116364631483
grok_oggi,Adolf Hitler,e,lettera,5603,1.0426073842659913,0.9528516133352793,0.9342823915223493,0.8592809639197545
grok_oggi,Adolf Hitler,i,lettera,4303,1.0120978926548845,0.9616436533038892,0.935512078905479,0.889003623444984
grok_oggi,Adolf Hitler,a,lettera,3937,1.004786997036862,0.9254276966919459,0.995150451529331,0.8473634787542834
grok_oggi,Adolf Hitler,n,lettera,3812,0.9887965576667813,1.0006003254254692,0.9297922139248872,0.8546803095545931
grok_oggi,Adolf Hitler,t,lettera,3770,0.9779947019823326,1.0022650575629166,0.9904860674179409,0.8623607575032616
grok_oggi,Adolf Hitler,r,lettera,3584,1.13843781849933,0.9076587034025336,0.9578236540188364,0.849223593869258
grok_oggi,Adolf Hitler,s,lettera,3151,1.1136862822396623,1.0235282602119398,0.9951779092251419,0.9495445113348382
grok_oggi,Adolf Hitler,o,lettera,3128,1.147552177691944,1.0394372767401634,1.0018536765428008,0.9332771916723708
grok_oggi,Adolf Hitler,l,lettera,2146,1.1047859791573909,0.9264779894485868,0.9091984235936986,0.9293772676446443
grok_oggi,Adolf Hitler,d,lettera,2075,1.0555885987134412,1.0382798493338585,0.9329904397319447,0.8895006746489479
grok_oggi,Adolf Hitler,h,lettera,1790,1.3130363522563624,0.9756777233388969,1.0271480076753257,1.002585442896276
grok_oggi,Adolf Hitler,c,lettera,1644,1.0267306660589333,0.9924202854610611,0.9134252637073595,0.9554773275593061
grok_oggi,Adolf Hitler,m,lettera,1380,0.9604273170481743,1.0058420783697846,0.9840379230445547,0.9754543825881253
grok_oggi,Adolf Hitler,u,lettera,1265,1.1713686304573627,0.9915367522723056,1.068382205930962,0.977179396034187
grok_oggi,Adolf Hitler,p,lettera,1196,1.0410969669941703,0.9511834409148721,0.9692614207051107,1.0194603725167686
grok_oggi,Adolf Hitler,g,lettera,1118,1.0674908031555257,1.0322842441124152,0.9571537258280753,0.9396926863810803
grok_oggi,Adolf Hitler,f,lettera,935,1.0145735390858,1.0019508989693124,0.9253817577794373,0.9371229253580002
grok_oggi,Adolf Hitler,b,lettera,734,1.175508152010283,0.9311428028887293,1.003899336728558,1.0209253092124184
grok_oggi,Adolf Hitler,y,lettera,691,1.1053063553292433,0.9686000791192976,0.9489303687863364,0.8902366126865483
grok_oggi,Adolf Hitler,the,funzione,390,0.99437628495691,0.953596169717371,0.9448358100274262,0.951797702919747
grok_oggi,Adolf Hitler,and,funzione,333,1.1249586063227532,0.9940602259915243,0.9665223983786922,0.8062352441522784
grok_oggi,Adolf Hitler,to,funzione,202,0.9945384226745998,0.9724672006402769,1.0511787695784667,0.9652899295866623
grok_oggi,Adolf Hitler,in,funzione,175,1.2307119050663373,0.9480165554855747,1.053319348275651,1.2793802064279691
grok_oggi,Adolf Hitler,of,funzione,161,1.0842035159469257,1.0346130443271535,1.06761856776043,1.070509359075319
grok_oggi,Adolf Hitler,on,funzione,117,1.0553324937333517,0.9735795400923912,0.9552991117529226,0.9573258965643416
grok_oggi,Adolf Hitler,hitler,keyword,109,1.2471896925867783,0.999391621815028,1.121583959436012,1.2550395391488176
grok_oggi,Adolf Hitler,german,keyword,46,1.0147084279860052,0.989676622145946,0.9381047198537636,1.053850960732611
grok_oggi,Adolf Hitler,jews,keyword,37,1.5406508147511346,0.9658092072214757,1.4310493701488438,2.057492182518279
grok_oggi,Adolf Hitler,nazi,keyword,36,1.0885094084766975,0.9355353428311152,1.0426286426026923,1.5499008062303792
grok_oggi,Adolf Hitler,like,keyword,28,0.9445572603765784,0.987367324876251,0.9522656752973712,1.2089444295400344
grok_oggi,Adolf Hitler,jewish,keyword,29,1.3393280711733322,1.004488376729672,1.276763365553219,1.7616620066749926
grok_oggi,Adolf Hitler,party,keyword,32,1.186822107352357,0.9843790853934623,1.1257868279094636,1.2021723512391058
grok_oggi,Adolf Hitler,with,appaiata,85,0.9837867108291173,0.8353319404808794,0.9904374478696507,0.9000689498916715
grok_oggi,Adolf Hitler,he,appaiata,37,1.4403551744885368,1.0048607686803062,1.3506568114375508,1.9161910299577989
grok_oggi,Adolf Hitler,or,appaiata,33,1.0316849131702885,1.0666479956793466,1.0292765248908038,1.1119491581919951
grok_oggi,Adolf Hitler,under,appaiata,31,1.0081136406045363,0.9969944118667905,0.9928099832400964,1.18229801580107
grok_oggi,Adolf Hitler,at,appaiata,27,0.9830684265920986,0.9387930636101407,0.9772363457351111,1.063871067978889
grok_oggi,Adolf Hitler,over,appaiata,27,0.9256490331279857,1.0069672376832604,0.9240791812372843,0.7345547205396468
grok_oggi,Adolf Hitler,but,appaiata,24,1.132390978877644,1.0121291791917963,1.0812201016447702,1.1881330037914484
grok_oggi,Rome,vocali,vocali,18568,1.241143205763849,1.0042664527042409,1.0303881008908142,0.5861776598400588
grok_oggi,Rome,spazio,spazio,8545,1.0566258012032959,0.9993673319078621,0.9389516589376643,0.4808219492576199
grok_oggi,Rome,e,lettera,5208,1.1658415501097597,0.9769516304090993,0.9834796444195387,0.8871676570767855
grok_oggi,Rome,i,lettera,4584,1.1949250055448573,0.9053058366304173,1.0172675293494144,0.8697344450216099
grok_oggi,Rome,t,lettera,4172,1.1262435038239178,1.0005953479124587,0.9032537870019702,0.8367215981517752
grok_oggi,Rome,a,lettera,4053,1.1929974203713816,0.9386803887698156,0.9266653916809336,0.8779397326911605
grok_oggi,Rome,n,lettera,3903,1.0768580387642464,0.9444273468330984,0.968809183212131,0.8263881519281557
grok_oggi,Rome,r,lettera,3431,1.0588328791721406,0.9895383267103147,0.9768438336235357,0.8668201826742327
grok_oggi,Rome,o,lettera,3219,1.1988957374445193,0.9822390670792055,0.9017279614256571,0.8988580456851463
grok_oggi,Rome,s,lettera,2967,1.0577123405556292,1.021757490994666,0.9933647273366919,0.9399441584782499
grok_oggi,Rome,l,lettera,2247,0.9936936916380958,0.9615735412248604,0.9737102647803626,0.9615728171881397
grok_oggi,Rome,c,lettera,1941,1.1665743208965365,0.9443584281045297,1.0192822776321042,0.9403429046023608
grok_oggi,Rome,d,lettera,1814,1.136380240680727,0.9935642698584312,0.978178453545692,0.9078757342689875
grok_oggi,Rome,h,lettera,1542,1.0625627655915402,0.9996338075049923,0.9463792031410568,0.9456047162518334
grok_oggi,Rome,u,lettera,1504,1.129054739530709,1.0221406401859678,0.9915880293968202,0.9535304329801283
grok_oggi,Rome,m,lettera,1351,0.9919174359065096,1.0302898752889338,0.9055892938629895,0.9875103346415217
grok_oggi,Rome,p,lettera,1227,1.1281984126217794,0.965337147132994,1.021399829917022,0.9989484126903241
grok_oggi,Rome,g,lettera,1108,1.1395025137363848,1.0302646061750529,1.0006515551144646,0.9596948658298048
grok_oggi,Rome,f,lettera,890,0.8881162528192971,1.0014270422177998,0.9093220340196772,0.9313902989050237
grok_oggi,Rome,y,lettera,761,0.9799097179026592,0.9867875691251135,1.0107628550575682,0.959806025715508
grok_oggi,Rome,b,lettera,693,1.1139126027207842,0.9529599104770154,1.0447480740437571,1.030377272989952
grok_oggi,Rome,the,funzione,495,1.2314664656875485,1.0030568957398194,1.0374306778046682,1.021372569528167
grok_oggi,Rome,and,funzione,331,0.9011098170646905,0.9676697406186193,0.9218446093778682,0.7445629925123486
grok_oggi,Rome,in,funzione,193,1.1068753642857208,1.0383190340129658,1.0529938002239512,1.065867972784411
grok_oggi,Rome,of,funzione,178,1.0714576254544241,1.002809165006723,0.9705384001813785,1.0058029112705626
grok_oggi,Rome,to,funzione,154,1.062161361073155,0.961306640543854,0.9952199844386632,0.9396464158902771
grok_oggi,Rome,by,funzione,110,0.9701279935939475,0.9387426026028788,0.9076023049518472,0.884917949897802
grok_oggi,Rome,rome,keyword,111,0.9799969424926094,0.9918517539726173,0.9586608502787376,0.9016762578495124
grok_oggi,Rome,bc,keyword,53,1.6784292063845658,0.9641263144038522,1.6084631817862702,2.5217679447418466
grok_oggi,Rome,rome's,keyword,44,0.905115813342044,1.0428674396536184,0.9302717903118277,0.8233443208310186
grok_oggi,Rome,century,keyword,41,1.1121492957446073,0.9467714647843873,1.0822545576086642,1.5487125284073737
grok_oggi,Rome,including,keyword,34,0.8798832472346239,0.9620322106385796,0.8735457756413427,0.7920650939091369
grok_oggi,Rome,like,keyword,35,0.9954068030106461,0.9836343091212439,0.9620550874552759,0.9722223033940371
grok_oggi,Rome,city,keyword,59,1.0318372641329412,1.0096595198365657,1.0168923433511166,1.0392312821384986
grok_oggi,Rome,on,appaiata,61,1.0899886219311765,0.9487586827483777,1.1141261267220912,1.310133265903158
grok_oggi,Rome,for,appaiata,48,0.8707361811308918,0.9608217255009907,0.9320122502742075,0.8214614802415728
grok_oggi,Rome,th,appaiata,36,1.0566688548330656,0.9225337811658512,1.0312537507136297,1.5578348514085814
grok_oggi,Rome,over,appaiata,31,0.9576557274000974,1.0444591869734106,0.9910790406392596,0.9169097069004754
grok_oggi,Rome,urban,appaiata,35,0.9844172645237947,1.014871083229016,0.9502744162729435,0.9195761026280386
grok_oggi,Rome,under,appaiata,30,1.0863022180329032,0.9932002464112258,1.0765887131449308,1.4091294308694946
grok_oggi,Rome,city's,appaiata,27,1.0869720746172424,0.922464317096507,1.0265080389367947,0.9909595501878317
letterario,wrnpc_0,vocali,vocali,17869,1.1733455467193974,0.9612938477823606,0.9554083853962071,0.4697010211773586
letterario,wrnpc_0,spazio,spazio,9526,1.1376849385427399,1.0442080976760726,0.9439648697352365,0.5580457122349005
letterario,wrnpc_0,e,lettera,5867,0.9443097134508555,1.0105153579185233,0.9656621150421221,0.8306955977103521
letterario,wrnpc_0,a,lettera,3899,1.0748527824093626,0.9195876316510901,1.0200243039001877,0.8833781556022873
letterario,wrnpc_0,t,lettera,3885,1.1824550866357966,0.9914483651449292,0.992907433532234,0.9303055021690825
letterario,wrnpc_0,i,lettera,3448,1.0714588477538314,0.9300714802719642,0.936480102291206,0.8827577612359159
letterario,wrnpc_0,o,lettera,3426,1.1217056335366153,0.9749158016042977,1.0022163783090732,0.9259985239788382
letterario,wrnpc_0,n,lettera,3414,1.0853515849757707,0.934753516808478,0.9312806925876576,0.8796841788647788
letterario,wrnpc_0,s,lettera,2969,1.1124428161336644,0.979791897078769,0.9753874187637767,0.9638642745787259
letterario,wrnpc_0,h,lettera,2839,0.9635249241538095,0.9566626777855604,0.9901478350667557,0.8777573137277861
letterario,wrnpc_0,r,lettera,2741,0.9670215089440329,0.9885303973537517,1.0608603660670273,0.9112673601023228
letterario,wrnpc_0,d,lettera,2070,0.9447637595636533,0.9446532029242606,0.9376623797382021,0.9154904181644054
letterario,wrnpc_0,l,lettera,1929,1.2035162806120991,1.0084607781520365,1.0491431705530359,1.0625944627313786
letterario,wrnpc_0,u,lettera,1229,1.0308474846224627,1.0301932727598355,1.0021610541452606,0.9412785814604767
letterario,wrnpc_0,m,lettera,1127,1.0881428721838913,1.033019498355402,1.0534531467842492,1.0178833285327546
letterario,wrnpc_0,c,lettera,1124,1.0355334886573908,0.9559960653112629,0.9408768466418245,0.9049703224631465
letterario,wrnpc_0,w,lettera,1080,1.1206517399641363,0.9914638220704339,0.9724832810841609,0.9472040737328968
letterario,wrnpc_0,p,lettera,1038,1.191189202867292,1.000785175842153,0.861690402171602,0.991864334564255
letterario,wrnpc_0,y,lettera,975,1.1863803206873949,0.9934185940900306,1.0222068654174283,1.0511962248242113
letterario,wrnpc_0,g,lettera,964,1.05836890802053,1.0070719796703154,0.9571062420006918,0.9808893242696862
letterario,wrnpc_0,f,lettera,846,1.0538379491022973,0.9638891377389197,1.0965952786987185,1.1221610690626707
letterario,wrnpc_0,the,funzione,512,1.2956941157221598,0.9298364078301188,1.0130005012079895,1.004290810589014
letterario,wrnpc_0,and,funzione,361,1.1029670420507895,1.0062512710654834,0.98579974006852,0.8804118630254992
letterario,wrnpc_0,to,funzione,351,1.089655187120619,1.029651670146288,0.9686112250806067,1.027578546292371
letterario,wrnpc_0,of,funzione,224,1.1162436021905626,0.9353281346700486,1.1068588838988627,1.0448202626643488
letterario,wrnpc_0,he,funzione,184,1.1406987205036416,1.0662362621796941,1.059293971097324,1.2917116553351484
letterario,wrnpc_0,his,funzione,160,1.1661774595756942,0.9612422834636045,1.1148741577515342,1.2129764110164054
letterario,wrnpc_0,prince,keyword,102,1.2348152240047787,0.9465191971749402,1.1779338223338602,1.2496295326747449
letterario,wrnpc_0,pierre,keyword,80,1.275966310655852,1.0484795557186442,1.2722887202230053,1.8027845495980654
letterario,wrnpc_0,anna,keyword,63,1.2057057576930934,0.9842737948674866,1.1544508581732273,1.4316920068924879
letterario,wrnpc_0,pávlovna,keyword,61,1.2255470962204922,1.0107558148279658,1.1641358378500788,1.452105837497308
letterario,wrnpc_0,princess,keyword,51,1.212662550585576,1.054325275560627,1.17820491622534,1.1067464116484496
letterario,wrnpc_0,andrew,keyword,56,1.359263594554595,0.8926578665293708,1.2961630772070325,1.3444173053768036
letterario,wrnpc_0,vicomte,keyword,41,1.448991316643554,0.8980346862621938,1.3268298244921943,1.3731572824211964
letterario,wrnpc_0,said,appaiata,99,0.897667797831474,0.9700192537197544,0.8453116150889795,0.7953050087874375
letterario,wrnpc_0,not,appaiata,74,1.0741582096261386,0.972765010319033,1.002866164380456,1.0812095151398142
letterario,wrnpc_0,all,appaiata,66,1.0584170867094254,0.9997052852355969,1.0148605612282486,1.0677264482581406
letterario,wrnpc_0,this,appaiata,48,1.0557421657928348,0.9968349922371617,1.0505850464142854,1.1254019156170372
letterario,wrnpc_0,be,appaiata,55,1.0916008579279775,0.9782034305215367,1.0699285486429213,1.1569068889544372
letterario,wrnpc_0,have,appaiata,55,1.0417730774447664,1.0013948141862492,1.0822819819198044,1.242269201195126
letterario,wrnpc_0,an,appaiata,39,1.0215887627388296,1.0008800181734843,1.0186748262414447,1.153093205821414
letterario,wrnpc_1,vocali,vocali,17645,1.196896413631346,0.9327320040368218,0.9792958035791847,0.45496040402752086
letterario,wrnpc_1,spazio,spazio,9773,1.1959433062813145,0.9922921262777192,0.9594846035410788,0.5440487511529211
letterario,wrnpc_1,e,lettera,5856,1.0359369221305188,1.019493471646334,1.0110275270361277,0.8450444022135941
letterario,wrnpc_1,t,lettera,4200,1.1507426518559827,0.9581287975389037,0.9682152409213837,0.8989562094705408
letterario,wrnpc_1,a,lettera,3648,1.053923126164407,1.0214533598414588,0.8962343130727177,0.8401409068182365
letterario,wrnpc_1,i,lettera,3496,1.126443855684254,0.9701988880054794,0.9823097882691793,0.8487490889838653
letterario,wrnpc_1,o,lettera,3449,1.1320739713526058,0.93328257845933,0.9980273482809988,0.9521890990216423
letterario,wrnpc_1,n,lettera,3407,1.0608380591572626,0.9285160840205483,0.9659834287884707,0.8531490513381449
letterario,wrnpc_1,h,lettera,3154,1.130737121211201,1.0020537754685621,1.0335102221484027,0.8227138116203104
letterario,wrnpc_1,s,lettera,3070,0.9815838060182199,0.9634480581674745,0.8963424158827111,0.9699730984419219
letterario,wrnpc_1,r,lettera,2753,1.0846429869006569,0.9289898343836066,0.9819653829523561,0.9019808408221919
letterario,wrnpc_1,d,lettera,2063,1.287776907409704,1.0045987937974046,0.9241078184861382,0.9105482916659406
letterario,wrnpc_1,l,lettera,1889,1.0589490060719549,1.055707761547701,0.9934391972269522,1.069188478068571
letterario,wrnpc_1,u,lettera,1196,1.2490780700000137,1.004900473249207,0.9716381213557285,0.9716862375146026
letterario,wrnpc_1,c,lettera,1167,1.0246640050818974,1.0139575023207401,0.9433969121715796,0.9724186522158524
letterario,wrnpc_1,m,lettera,1167,1.10090037877372,1.011067713677451,1.0276937819503835,1.0223962378403473
letterario,wrnpc_1,w,lettera,1109,0.9720153672434736,1.0216525360818591,1.0118508805040454,0.9505488070290299
letterario,wrnpc_1,g,lettera,943,1.0031201508139722,0.9280767723455196,0.978539851353505,0.9432699081351025
letterario,wrnpc_1,p,lettera,943,0.9928325552991368,0.9456985885487968,0.9728589988788642,1.0349541068346544
letterario,wrnpc_1,y,lettera,916,1.197157781857737,0.982362884632467,0.972055288098533,0.9652619300381813
letterario,wrnpc_1,f,lettera,876,1.283945852816153,0.9886116878397483,1.0682397371582653,1.090905281163703
letterario,wrnpc_1,the,funzione,630,1.2917806755355399,0.9275074492514861,1.0197625639688006,0.97176486086139
letterario,wrnpc_1,and,funzione,392,1.0214291038949876,0.9732573558749212,0.9724972239539307,0.8026523314093944
letterario,wrnpc_1,to,funzione,282,1.222294272298303,1.0175626360385774,0.9586197587457645,1.047497965988749
letterario,wrnpc_1,of,funzione,244,1.1824481369729345,1.0042738537395166,1.0760437223461843,1.1480268430432092
letterario,wrnpc_1,in,funzione,161,1.149991324140293,1.0188694460992451,1.0627641096162217,1.1249963210352751
letterario,wrnpc_1,that,funzione,161,0.9582690264661998,1.0119084309667585,0.8886072155196311,0.8961337215920687
letterario,wrnpc_1,pierre,keyword,94,1.4322953844639956,0.9394777412330265,1.3536243069785148,2.3480119544020477
letterario,wrnpc_1,princess,keyword,69,1.1953232681033554,1.0063222486122083,1.2219181517519602,1.4849651269597057
letterario,wrnpc_1,prince,keyword,66,1.1988649442839063,0.9958545313159028,1.1683344276232452,1.3022420263590362
letterario,wrnpc_1,anna,keyword,52,1.3246748530552093,0.9383726633061684,1.2643527514247783,2.257131320533029
letterario,wrnpc_1,mikháylovna,keyword,52,1.3246748530552093,0.9661575793449019,1.26544426239471,2.257131320533029
letterario,wrnpc_1,will,keyword,48,1.260182176901654,1.000555728238445,1.1012018160199895,1.4772522918611832
letterario,wrnpc_1,know,keyword,42,1.3504888626941571,1.029401263669991,1.3231166406943402,2.507009346667232
letterario,wrnpc_1,is,appaiata,87,1.2863973914258875,0.9756042251087118,1.206015557363103,1.9357251051849482
letterario,wrnpc_1,him,appaiata,69,1.2340227643818056,0.9975759198823134,1.125200736855132,1.266508124244214
letterario,wrnpc_1,for,appaiata,64,1.1802634004078865,0.9203271794892017,1.095639184899688,1.4685339410485163
letterario,wrnpc_1,all,appaiata,56,0.9474212397556557,0.9533368974022253,0.9680993191345122,1.0522452619389067
letterario,wrnpc_1,be,appaiata,50,1.007470036834894,1.0462932898275492,1.002484791975774,1.15537654848433
letterario,wrnpc_1,said,appaiata,48,1.1503880857708315,0.927965123095277,1.0726384949841632,1.0792525811349296
letterario,wrnpc_1,an,appaiata,42,1.0535989943820459,0.9446018327328871,1.0305581052865114,0.9055579106087615
letterario,wrnpc_2,vocali,vocali,17462,1.3229246197216962,1.0436036983149544,0.9699732352260356,0.4663350636274093
letterario,wrnpc_2,spazio,spazio,9566,1.0651818940518099,1.023768146018537,1.0243531744879273,0.5474553554076931
letterario,wrnpc_2,e,lettera,5798,1.0312590306049116,0.9653504622508978,0.9687781305108484,0.8364365395975367
letterario,wrnpc_2,t,lettera,4195,1.1642442935992852,1.0323911641700014,0.9630520177962265,0.8678431976518206
letterario,wrnpc_2,a,lettera,3704,1.0985352381491724,0.8738204925948075,0.9675503961915748,0.8880361099074418
letterario,wrnpc_2,o,lettera,3392,1.2158632312724758,0.9928934542950841,1.0082332374883218,0.9107038342695752
letterario,wrnpc_2,n,lettera,3391,1.1165415769852909,0.9689156533691096,0.9291740029073573,0.9143472439662326
letterario,wrnpc_2,i,lettera,3310,1.3517447084326484,0.9947794591000866,1.0037189925672867,0.8853708028322756
letterario,wrnpc_2,h,lettera,3048,1.3486788047594018,0.9935469279168042,0.9374694059570503,0.8482336740866926
letterario,wrnpc_2,s,lettera,3003,1.1293599100612508,0.9625477149855896,0.9648450953836832,0.9519378848305332
letterario,wrnpc_2,r,lettera,2721,1.0923130392062872,0.9889097884621028,1.0472739023968092,0.8935559691161605
letterario,wrnpc_2,d,lettera,2208,1.1318643039422098,0.9468879578020705,0.9580120216652444,0.9395364481130555
letterario,wrnpc_2,l,lettera,1820,1.1490946126124493,0.9971264068058613,0.9523124240711631,1.0990648702298431
letterario,wrnpc_2,u,lettera,1258,1.2661668859807602,0.9693410397829876,0.993338087351406,0.9924525396782594
letterario,wrnpc_2,c,lettera,1123,1.177749793107306,0.9236389019875211,0.9787219389947576,0.9615179674167874
letterario,wrnpc_2,f,lettera,1097,1.0439424563155382,0.9994946631085101,0.9625924284382102,1.0834349861308812
letterario,wrnpc_2,w,lettera,1091,1.0828499190609924,0.9606792323512129,1.0037799849078457,0.9610040607789117
letterario,wrnpc_2,m,lettera,1035,1.103763002752308,0.9463918006174756,1.0183751832271903,1.032591026721087
letterario,wrnpc_2,g,lettera,1021,1.1725035950240008,1.0188955320997568,1.026646899828057,0.9444614195513746
letterario,wrnpc_2,y,lettera,827,1.2288230983542694,0.994182511308087,1.007984919694019,1.0399340919567774
letterario,wrnpc_2,p,lettera,769,1.1797311407450426,0.9635124140062734,0.9991633310737474,1.0988942370773
letterario,wrnpc_2,the,funzione,799,1.302075264716648,0.9929345201593419,0.9687705334021898,0.9478810196076403
letterario,wrnpc_2,and,funzione,367,1.195787663127593,1.0026541458506324,0.9538407767666874,0.8674974864416911
letterario,wrnpc_2,of,funzione,296,1.0371272330161783,1.0407347029040517,0.9382752973294975,1.0665084182770581
letterario,wrnpc_2,to,funzione,264,1.2305421705189972,0.9137153822470648,1.0655838292261244,1.1132560044920514
letterario,wrnpc_2,he,funzione,195,1.2833250740979139,0.963318597029844,1.2162515428873346,1.6137190412214952
letterario,wrnpc_2,his,funzione,173,1.2662799480217082,1.0316992996629526,1.161877224023546,1.3562847137717882
letterario,wrnpc_2,prince,keyword,55,1.3454618411427417,0.9499031503743168,1.3029007475644523,2.4675853376949872
letterario,wrnpc_2,bridge,keyword,53,1.3873685419543167,0.9914928155865853,1.3804046118940232,2.8997299544556503
letterario,wrnpc_2,andrew,keyword,39,1.3271452221945783,0.9421099856188014,1.3259775202028097,0.9875007222775934
letterario,wrnpc_2,nesvítski,keyword,31,1.3741092626390614,1.0333923132154537,1.346221915671678,1.8581379108519924
letterario,wrnpc_2,will,keyword,27,1.2312229746744225,0.9581543884910619,1.20513329010694,1.4929768441149094
letterario,wrnpc_2,rostóv,keyword,25,1.509375217734647,0.8770280247519612,1.4906586296353819,1.2889740928941587
letterario,wrnpc_2,bilíbin,keyword,27,1.3505931158739775,1.008702634003977,1.3585652282598712,0.8760253618512036
letterario,wrnpc_2,is,appaiata,50,1.4189371805696331,0.9935176138791367,1.3312751149156836,1.7035230416837672
letterario,wrnpc_2,were,appaiata,50,1.126781632868455,0.9913930983181333,1.1714230049068723,1.4513049014624853
letterario,wrnpc_2,what,appaiata,40,1.068930890866153,0.961138791529228,1.1138188672951725,1.2277121106928715
letterario,wrnpc_2,this,appaiata,30,1.1055186212072718,0.9636692306139037,1.1169397700319454,1.258208897004532
letterario,wrnpc_2,their,appaiata,26,1.0709197428953978,0.9708208251927966,1.0411547099088292,1.4529432009790118
letterario,wrnpc_2,them,appaiata,24,1.0878953015424093,1.00383927885384,1.0832525415232401,1.3838221062427003
letterario,wrnpc_2,have,appaiata,23,1.056571108392749,0.9722052073048867,1.1097552373483877,1.4414867199162904
letterario,wrnpc_3,vocali,vocali,17600,1.1462329076387936,1.024255569720489,0.92516637991745,0.4620765622368819
letterario,wrnpc_3,spazio,spazio,9733,1.264407461843268,1.0074526042573095,0.9813922390393156,0.5447317215299158
letterario,wrnpc_3,e,lettera,5978,1.1320936800559946,0.9193965165807348,1.0571290709078334,0.8263124892578189
letterario,wrnpc_3,t,lettera,4025,1.1020246332859687,0.9770598857216326,0.9673172044864167,0.9366761240699921
letterario,wrnpc_3,a,lettera,3744,1.048761343991715,1.0172536687393443,1.0019710938921267,0.8533596565876989
letterario,wrnpc_3,i,lettera,3392,1.192037257092333,1.0872828101881191,1.003517107311645,0.8834908273360329
letterario,wrnpc_3,n,lettera,3388,1.230994208967494,1.022966575987113,1.0254068266881966,0.8632881045450652
letterario,wrnpc_3,o,lettera,3316,1.0527720115141457,0.981900796371333,0.9872166392397569,0.9107025924608778
letterario,wrnpc_3,h,lettera,3222,1.2252833749468761,0.978407544354334,0.9572694055478445,0.8783058107108539
letterario,wrnpc_3,s,lettera,3076,1.098152205328676,0.9965314732632508,1.0428380789144596,0.9699471942099502
letterario,wrnpc_3,r,lettera,2664,1.1604790113502104,1.0025255618289843,0.9971455478765253,0.9623484791579467
letterario,wrnpc_3,d,lettera,2129,0.9624762133130015,0.9312691274395962,0.9700828443988451,0.9083222667761913
letterario,wrnpc_3,l,lettera,1968,1.0650694772163223,0.992689575004223,0.992372159458582,1.0210451537250393
letterario,wrnpc_3,m,lettera,1185,1.077002925800971,1.0481572088093893,1.044752741408484,0.9978950378907019
letterario,wrnpc_3,u,lettera,1170,1.0119325858624229,0.9486575863127205,0.933738837133521,0.9264200832746003
letterario,wrnpc_3,w,lettera,1085,1.0997481133966451,0.9691942368274707,0.9336410754511714,0.9489680656837639
letterario,wrnpc_3,c,lettera,1068,1.265891816892694,0.9801457030374147,1.0421366985581184,0.9918162755936164
letterario,wrnpc_3,f,lettera,999,1.2462636981189834,1.0044554215119887,1.0170093369011493,1.0425313993102945
letterario,wrnpc_3,g,lettera,920,1.0858235906677594,1.013784088318445,0.947941593150142,0.9336296351907254
letterario,wrnpc_3,p,lettera,907,1.203407049196644,1.0088206163349565,0.9820226713688064,1.024128925368542
letterario,wrnpc_3,y,lettera,856,1.0258348964133976,1.0186847901360625,1.0637166043484492,1.0634682791753047
letterario,wrnpc_3,the,funzione,490,1.4171121044200525,0.9463198244082278,1.1037200768630926,1.266822871703264
letterario,wrnpc_3,and,funzione,427,1.1032513266238442,0.9663289282026032,1.019545646109529,0.9519853015036405
letterario,wrnpc_3,to,funzione,287,1.064047501785929,0.9908175594489296,1.054444499731745,1.0258406820615928
letterario,wrnpc_3,of,funzione,255,1.2232545682848697,0.9739536443552842,1.120095014592235,1.2345055274072938
letterario,wrnpc_3,he,funzione,229,1.39549416578914,0.9978654677659545,1.3612793588935979,2.723262667337278
letterario,wrnpc_3,her,funzione,176,1.3442580577381675,1.0386523389920257,1.2399677129829627,2.2457850162458075
letterario,wrnpc_3,prince,keyword,94,1.3903289821429252,1.017122081186468,1.2208565650495657,1.6720731104647337
letterario,wrnpc_3,pierre,keyword,93,1.4026654302098391,0.9992241284669241,1.3523960404704614,0.9950869921703133
letterario,wrnpc_3,princess,keyword,65,1.402112013116072,0.9442741879326325,1.3205372904656587,1.9093265413249885
letterario,wrnpc_3,vasíli,keyword,60,1.212299863790701,0.9894450039214887,1.177516790202091,1.548294013242581
letterario,wrnpc_3,thought,keyword,34,1.1395780006285832,1.00186751986766,1.0530346574378646,1.1055110777799035
letterario,wrnpc_3,little,keyword,33,1.2566289614858421,0.9799805149545202,1.2190641970475917,1.7522397767277273
letterario,wrnpc_3,hélène,keyword,37,1.3627123618215384,0.9592937972437404,1.2883698871781746,1.0540385384876492
letterario,wrnpc_3,but,appaiata,88,0.9806376532737365,1.0041685653821681,0.951483609988148,0.9079352536129918
letterario,wrnpc_3,for,appaiata,81,1.1200127960226574,0.9483868773546535,1.0563797991913728,1.3047188612817031
letterario,wrnpc_3,you,appaiata,68,1.2223826530775599,0.9618943688197447,1.1879849264655835,1.5276650179467983
letterario,wrnpc_3,all,appaiata,48,1.2400918849809703,0.9806108907371587,1.1188962558245021,1.3832647812138805
letterario,wrnpc_3,have,appaiata,34,1.0308568366680426,0.9403892828038604,1.0344124774097947,1.0986885507286845
letterario,wrnpc_3,himself,appaiata,33,1.2205144962859227,1.0031125384586357,1.1788101761245324,1.384514058854175
letterario,wrnpc_3,who,appaiata,32,1.0203502702802036,0.9519717273403089,1.0229516723410113,1.0340708114601602
letterario,wrnpc_4,vocali,vocali,17410,1.233084972097708,0.9646942093914728,1.065960129483875,0.46496582724906244
letterario,wrnpc_4,spazio,spazio,9548,1.2511203590658757,0.9785557598440947,1.0001613641918772,0.535485975481291
letterario,wrnpc_4,e,lettera,5683,0.8744484800320622,1.035261489902673,0.9822923641172445,0.8588921595178265
letterario,wrnpc_4,t,lettera,4298,1.1227848350616416,1.0186687971899748,0.9205373862313143,0.8658422853174538
letterario,wrnpc_4,o,lettera,3684,1.074693650142732,0.9651558526523111,1.0446012262027387,0.8501314292276989
letterario,wrnpc_4,a,lettera,3682,1.041414501758802,1.004403428547328,0.9691829477494486,0.905720204806722
letterario,wrnpc_4,n,lettera,3454,1.2562686780437156,0.9642459217615799,0.9925367964812795,0.8801152640934689
letterario,wrnpc_4,i,lettera,3145,1.118852416747777,1.0323662572783425,0.9679487800287209,0.8861020496569735
letterario,wrnpc_4,h,lettera,3114,1.2905304936753823,0.9573370534650328,0.9788516985882572,0.8492471341977658
letterario,wrnpc_4,s,lettera,2994,1.2130856211581191,1.0064105731209347,0.9934372595431645,0.9685286492420154
letterario,wrnpc_4,r,lettera,2816,1.2349931364832047,0.9240037263976012,0.9653623590115474,0.9004951794170526
letterario,wrnpc_4,d,lettera,2150,1.1845456737107403,0.9448298033849616,1.0645652632611677,0.9602078526528164
letterario,wrnpc_4,l,lettera,1891,1.0125118144366978,0.9729213998957178,1.029105021443416,1.1033099466575709
letterario,wrnpc_4,u,lettera,1216,1.0299017762577825,0.9731390275651846,0.9826797568331118,0.9327270122021684
letterario,wrnpc_4,m,lettera,1169,1.108238689185877,0.9733616415998737,0.9769553597956352,0.9837780116911687
letterario,wrnpc_4,g,lettera,1137,1.1982833055430129,1.0613973771852336,0.9970656546836913,0.9868116788098531
letterario,wrnpc_4,w,lettera,1103,1.1747247591984682,1.0849634663181664,1.0030994133394218,0.9925857817040654
letterario,wrnpc_4,f,lettera,1083,1.1105443277600742,1.0248451125426656,1.0170833102686476,1.0628438008769023
letterario,wrnpc_4,c,lettera,1036,1.1875225980025699,1.0185964094942592,0.9945963692124091,0.9852124647668994
letterario,wrnpc_4,y,lettera,838,1.22210814021315,1.0567446272690597,1.002972170614209,1.046341783567121
letterario,wrnpc_4,p,lettera,740,1.0843856513826922,0.9861826584757608,1.0264401444786704,1.0398276033500504
letterario,wrnpc_4,the,funzione,746,1.2855849308459353,1.0045564322056695,1.0629986717939932,0.9516831631863327
letterario,wrnpc_4,and,funzione,394,1.0945603389280936,0.9958754611952719,1.0279184536829125,0.9170738289542156
letterario,wrnpc_4,to,funzione,292,1.082526855923564,0.9128023495328637,0.9609318221264921,1.0333520835858958
letterario,wrnpc_4,of,funzione,289,1.1845668959872484,0.9231275901928871,1.0165154201630913,1.0952256473177688
letterario,wrnpc_4,he,funzione,206,1.3102212868343652,0.9637796780668441,1.227417418404752,1.5791007517402575
letterario,wrnpc_4,in,funzione,168,1.205638392784068,0.9411606113061276,1.040354511757323,1.103019729733782
letterario,wrnpc_4,rostóv,keyword,50,1.5332277739382063,1.0334509312769313,1.508223623567133,4.759831279117724
letterario,wrnpc_4,kutúzov,keyword,49,1.4325038021493006,0.922115991075562,1.3917876481777844,2.749036494955346
letterario,wrnpc_4,horse,keyword,43,1.269172897290766,0.9830078335699772,1.1911869694842687,1.8095158870860881
letterario,wrnpc_4,prince,keyword,37,1.2344162239721836,1.0207808588048086,1.223442306071507,1.902066961102278
letterario,wrnpc_4,front,keyword,31,1.1445057182008969,0.9560813354524162,1.1283589404662766,1.344719860516115
letterario,wrnpc_4,andrew,keyword,31,1.2934754246141287,1.045601560253064,1.2943501904206778,2.7141437945836513
letterario,wrnpc_4,thought,keyword,26,1.1731062459666397,1.0789107907409885,1.143728930896647,1.3505544949832111
letterario,wrnpc_4,by,appaiata,47,1.1185131364120835,1.0375376896465787,1.0723958506403377,1.092609789196347
letterario,wrnpc_4,from,appaiata,40,1.0722848522110036,0.9336055387258906,1.0659710083780467,1.0327869793651363
letterario,wrnpc_4,said,appaiata,40,1.2779632751123924,1.0325676522671425,1.2372383386449093,1.4743803469349843
letterario,wrnpc_4,one,appaiata,38,1.0608715135143019,1.0122246513053372,1.0005161093508113,1.0991985604654297
letterario,wrnpc_4,out,appaiata,31,1.0242019592261264,0.978389104441535,1.0327750638977773,1.1835699488331572
letterario,wrnpc_4,you,appaiata,31,1.1976144267895028,0.9463901326610716,1.1674515498537608,1.3582812555791588
letterario,wrnpc_4,our,appaiata,26,0.9838996539151201,0.9107905588699047,0.9958901705328739,0.9842906499377079
letterario,wrnpc_5,vocali,vocali,17083,1.341663644769433,0.9868057032118419,0.9285682059125673,0.45932986919822477
letterario,wrnpc_5,spazio,spazio,9786,1.1750901724402532,1.0105078129071123,1.0082744618912105,0.5426627943759211
letterario,wrnpc_5,e,lettera,5408,1.3552731348586986,0.8855929358116446,1.0158348300652336,0.8728289526264182
letterario,wrnpc_5,t,lettera,4059,1.1880447925346262,0.9691023507654672,0.9980937836984992,0.8893821534576418
letterario,wrnpc_5,a,lettera,3772,1.1570071254502774,0.9481367995582105,0.9726682548453635,0.8666932019772117
letterario,wrnpc_5,o,lettera,3632,1.1570249086308484,0.9415835463989168,0.9706172644466085,0.9291077381731699
letterario,wrnpc_5,n,lettera,3394,1.0962226645523159,0.9938411948359448,0.9271950285211966,0.858876097570103
letterario,wrnpc_5,h,lettera,3284,1.1067123339447629,0.9294578593826612,1.0026452567205568,0.8361820925317935
letterario,wrnpc_5,s,lettera,3168,1.2154839069827932,0.9603656612788511,1.0137883471193199,0.9636618545173873
letterario,wrnpc_5,i,lettera,3081,1.1374502612786612,0.9292782151178977,1.0423170467665681,0.8645711876494652
letterario,wrnpc_5,r,lettera,2370,1.2064885012197721,1.0104679532813357,1.0972649842050441,0.9597763555980486
letterario,wrnpc_5,d,lettera,2327,1.272790570494481,1.0755568881199473,1.036481807660093,0.9516699124043831
letterario,wrnpc_5,l,lettera,1910,1.0795431467516259,1.0195051903946168,0.9033424582362176,1.0255433916606953
letterario,wrnpc_5,u,lettera,1190,1.1784375310562782,0.9579005076575058,1.0406054667335625,1.0014486670756564
letterario,wrnpc_5,w,lettera,1159,1.0715661023588796,0.9338563485238655,1.0158123606298455,1.0214762535852713
letterario,wrnpc_5,m,lettera,1121,1.0573515109023588,1.0144429656456027,1.017249105254012,1.0260563905540472
letterario,wrnpc_5,c,lettera,1049,1.1812669779926939,0.9173851585774572,0.9573801282130345,0.9970795581838556
letterario,wrnpc_5,g,lettera,948,1.166247120032959,1.0082108484458043,0.9928948132649985,0.9754161641699423
letterario,wrnpc_5,f,lettera,920,1.0419834007124118,1.0275627055151857,1.0877863816680455,1.0902539745330844
letterario,wrnpc_5,y,lettera,881,1.2197015171675267,0.9610441135264208,1.0619971886761281,1.013644034330841
letterario,wrnpc_5,p,lettera,717,1.130406293208149,0.9836603278871859,0.9814097459491865,1.1856506211838835
letterario,wrnpc_5,the,funzione,529,1.3593240282602679,0.9849218168477293,1.1206772635764493,1.1859368863847704
letterario,wrnpc_5,and,funzione,428,1.072895992583549,1.0261144479514461,0.8961938002271174,0.8296856200217676
letterario,wrnpc_5,to,funzione,286,0.9688768849452594,1.007560120749974,0.92953043345913,0.9092444061707827
letterario,wrnpc_5,he,funzione,243,1.270757757252583,0.9800797097062007,1.0807059974540094,1.2733831276704772
letterario,wrnpc_5,of,funzione,203,1.178729757110283,1.0318040094777055,1.1182185928802157,1.1011177087882262
letterario,wrnpc_5,in,funzione,154,1.0279862697117086,0.947672492276625,0.9993096431929273,1.0853303829408998
letterario,wrnpc_5,nicholas,keyword,54,1.310640413010135,0.9231353582362084,1.2152588458949887,1.2400473819485611
letterario,wrnpc_5,dólokhov,keyword,63,1.4263234756554395,1.093068179878453,1.3305711820056791,1.7183488598411103
letterario,wrnpc_5,natásha,keyword,52,1.2776771352749279,0.9699179382973996,1.2884534484326209,1.6154723864983764
letterario,wrnpc_5,rostóv,keyword,51,1.4649622902906287,1.0065846154938838,1.3632225592070453,1.725883548173149
letterario,wrnpc_5,denísov,keyword,47,1.4349539755652683,0.9566270206581319,1.3989169171961928,1.8569861533537444
letterario,wrnpc_5,room,keyword,32,1.1971521812820172,0.9548776836661125,1.170205974213039,1.79775500345111
letterario,wrnpc_5,sónya,keyword,35,1.332037088404638,0.9701525755394554,1.3015983727034826,1.6166506502205025
letterario,wrnpc_5,all,appaiata,50,1.2126956738439325,1.0520400251571485,1.1665257794693524,1.1871124501626866
letterario,wrnpc_5,so,appaiata,49,1.116735302281363,0.9748230639666927,1.0942089845878977,1.1366091804667064
letterario,wrnpc_5,this,appaiata,48,1.1336038341365724,0.927517405089517,1.1447595258740364,1.2065524595540529
letterario,wrnpc_5,no,appaiata,43,1.1659049220777784,1.051644364317797,1.0145991041507527,0.9978402705897721
letterario,wrnpc_5,up,appaiata,42,1.0194345858451463,0.991025029929315,1.0525512349425084,1.042612521949359
letterario,wrnpc_5,now,appaiata,32,0.9883286887409152,0.9321351504756934,1.0236928804349281,1.1855584972159725
letterario,wrnpc_5,who,appaiata,32,1.1215507704243195,0.9645222540363413,1.0815055868197623,1.3341015271748482
letterario,wrnpc_6,vocali,vocali,17375,1.1840059961137062,0.9874124712517585,0.9955026072143992,0.4702261455547712
letterario,wrnpc_6,spazio,spazio,9773,1.107832145630722,0.9782677107350026,1.0183918076998806,0.5393824137161086
letterario,wrnpc_6,e,lettera,5774,1.1079808378904266,0.9725971303355202,0.9621738948126325,0.8512981393388587
letterario,wrnpc_6,t,lettera,4175,1.39160301421421,0.9811947606478554,0.9714445667876124,0.9089297737504006
letterario,wrnpc_6,a,lettera,3667,1.1022604769777438,0.9816813102309676,0.9776846472282995,0.8702084833660078
letterario,wrnpc_6,o,lettera,3617,1.268337191201251,1.0165610375677336,1.004667181633746,0.8875156821588939
letterario,wrnpc_6,n,lettera,3377,1.1753242091285279,1.0114088189430122,1.0173936283388698,0.8403686974155801
letterario,wrnpc_6,i,lettera,3208,1.1044920051407263,1.0144701056326484,1.0015089777964912,0.881958931655972
letterario,wrnpc_6,s,lettera,3098,1.1656703887038928,1.0071136002891392,1.0111468136659612,0.9507726445743802
letterario,wrnpc_6,h,lettera,2933,1.169770255614285,0.9985001733164363,0.9215085921930825,0.8677149940229971
letterario,wrnpc_6,r,lettera,2716,1.156665528405735,1.0390879710446954,0.9500692827856366,0.9248638912157535
letterario,wrnpc_6,d,lettera,2283,1.115034824152201,1.0550198123268162,0.9636039800708143,0.8987040624312747
letterario,wrnpc_6,l,lettera,1680,1.06625054174213,0.9355970806637982,0.9656216473385201,1.0084968929367353
letterario,wrnpc_6,w,lettera,1187,1.1502984198016801,0.9905299098043434,1.0140264813650102,0.9606067341841353
letterario,wrnpc_6,u,lettera,1109,1.1454474443955278,0.9918145981812133,0.9999727729101706,0.9900635302253241
letterario,wrnpc_6,m,lettera,1079,1.1728645412554408,1.030503879027277,1.0191026339136118,0.9925810156110974
letterario,wrnpc_6,f,lettera,1034,1.315227430269709,0.9552573513001348,0.968581594989609,1.1038056289518006
letterario,wrnpc_6,c,lettera,997,1.2297010824126724,0.9822967748863909,0.9205305913081046,0.9746886991522516
letterario,wrnpc_6,g,lettera,927,1.1139836571311228,0.9679798001294273,1.0092615561742466,1.0468727644488856
letterario,wrnpc_6,y,lettera,791,1.2353170472055617,0.9552702009538189,0.9077246756815162,1.0267416611308902
letterario,wrnpc_6,p,lettera,785,1.245971101652899,1.036224497312745,0.9531217804157847,1.0877477325040603
letterario,wrnpc_6,the,funzione,643,1.2731989414477962,0.9517603016098422,1.0514596377259031,1.1347032356515498
letterario,wrnpc_6,and,funzione,425,1.0635553839538547,0.9337501002459279,0.9399489403571971,0.8309659624317531
letterario,wrnpc_6,to,funzione,306,1.0783894536154264,0.9692461297333334,1.032728872337656,0.9923533952581769
letterario,wrnpc_6,of,funzione,233,1.2618503508642098,0.9879388249087863,1.1860302676484222,1.4114031005193939
letterario,wrnpc_6,he,funzione,204,1.2280667744772513,0.9361831167385671,1.2203713950355815,1.582218160107671
letterario,wrnpc_6,in,funzione,187,1.1138568085001268,1.0623842592448764,1.0798945501391524,1.1421521136564343
letterario,wrnpc_6,rostóv,keyword,105,1.450957926825365,0.9137959552539288,1.3953677486504692,1.5052101568476848
letterario,wrnpc_6,denísov,keyword,73,1.5070057287176284,1.008250183662896,1.472368359907638,2.112461917423054
letterario,wrnpc_6,prince,keyword,43,1.4859226564990677,1.0312262111415451,1.437346091222504,4.2630332391495545
letterario,wrnpc_6,pierre,keyword,45,1.5030412975409733,0.9703098318819526,1.526703460203663,1.062600812297151
letterario,wrnpc_6,andrew,keyword,38,1.4534714300225446,1.0269296527579461,1.433021124113852,0.9375127544392284
letterario,wrnpc_6,went,keyword,27,1.0110413696204372,0.8791716620899005,0.9955766960295057,0.9418402156845754
letterario,wrnpc_6,asked,keyword,23,1.1689644106787886,0.9456547370599261,1.1950972858078017,1.625229189116244
letterario,wrnpc_6,it,appaiata,111,1.0696518752389061,1.005459812331677,1.068923663256299,1.2540227088653935
letterario,wrnpc_6,as,appaiata,67,1.0852211260999893,0.9569112265272608,1.069527136783825,1.1920820416777056
letterario,wrnpc_6,one,appaiata,48,1.06228412424474,1.043254261814326,1.058158999963452,1.127370682240917
letterario,wrnpc_6,all,appaiata,40,1.0809458451569265,0.9935225588980144,0.9403132483189188,0.9237305542697568
letterario,wrnpc_6,me,appaiata,34,1.3087590627020167,0.9302792724566351,1.2239338182222335,1.6579989012628582
letterario,wrnpc_6,into,appaiata,28,1.030394381606384,0.9931431859972024,1.0504154110248296,0.9547020217916431
letterario,wrnpc_6,now,appaiata,23,0.9432508910675059,0.9334607032393877,0.9299774124362054,0.9744018824824623
letterario,wrnpc_7,vocali,vocali,17484,1.3819962117873834,0.9492708686871789,0.9828651479372189,0.4604220197853614
letterario,wrnpc_7,spazio,spazio,9526,1.2983906463308112,0.9239180754540403,0.9619446507022845,0.5446931177652509
letterario,wrnpc_7,e,lettera,5880,1.3095220945404908,0.9761454028738904,0.9535842124852945,0.8500843896194392
letterario,wrnpc_7,t,lettera,4176,1.194649238577528,0.9878368744345819,0.9620042270489148,0.8995833439501232
letterario,wrnpc_7,a,lettera,3952,1.104910915108287,0.9772769270070065,0.9065759052007029,0.871802715646969
letterario,wrnpc_7,n,lettera,3511,1.1992803622947,0.9959002644646034,0.9968878471108708,0.8408163469427098
letterario,wrnpc_7,o,lettera,3230,1.212762336447573,0.9467751065535391,0.9682394400912671,0.9450654182626503
letterario,wrnpc_7,i,lettera,3204,1.1747247920579527,0.9691604011963656,0.9618982306200851,0.8656029021648086
letterario,wrnpc_7,s,lettera,3187,0.9822196156193975,0.9307966228125647,0.9418242072841032,0.9326932787128998
letterario,wrnpc_7,h,lettera,3118,1.2612972056957805,0.9767373201124242,1.0406341518342166,0.831886257974932
letterario,wrnpc_7,r,lettera,2787,1.2783137312399007,0.8985836061140184,1.0068243612856798,0.9716637447400769
letterario,wrnpc_7,d,lettera,2221,1.1357743688067259,0.9559045091289423,1.081996172431717,0.9125810474121586
letterario,wrnpc_7,l,lettera,1770,1.127376093346745,1.0506107898042798,0.9519243419338882,1.0794715481041912
letterario,wrnpc_7,u,lettera,1218,1.332416092534594,0.9316298364876924,1.0166091470419716,1.00360808630438
letterario,wrnpc_7,c,lettera,1132,1.2580416955916462,1.0501794132043811,0.9961565855401288,1.0070697990231536
letterario,wrnpc_7,m,lettera,1091,1.0643620664738944,1.0148113915708237,1.0181946103958364,0.9946971788868082
letterario,wrnpc_7,w,lettera,1066,0.9976229274510331,1.0296031801234096,0.9638822750334778,1.0229014777545353
letterario,wrnpc_7,g,lettera,1057,1.1470354231158602,0.9651685904953308,1.0629609150146975,0.9749092805514862
letterario,wrnpc_7,p,lettera,889,1.231568058635159,0.93724803849508,1.029427470203271,1.1358260122413877
letterario,wrnpc_7,f,lettera,838,1.0009168452311634,1.0141269831495254,0.9598547998785417,1.0648145470297925
letterario,wrnpc_7,y,lettera,816,1.1767321793365149,0.9080436982345242,1.0340858522436132,1.0658875089953275
letterario,wrnpc_7,the,funzione,545,1.3459895233280212,1.0041959628005133,1.0818567557178287,1.1342665302095438
letterario,wrnpc_7,and,funzione,453,1.110125446847389,0.9844615450807387,0.9764206243737883,0.9315237832570118
letterario,wrnpc_7,to,funzione,315,1.0570047641853575,1.0315094348831877,0.9532156554278766,1.0324246102957602
letterario,wrnpc_7,her,funzione,231,1.4562042887504256,0.9655234914314978,1.2685433956203473,1.933981300082374
letterario,wrnpc_7,of,funzione,219,1.0919640645006135,1.0109940444978258,1.016919848788256,1.0786149971500354
letterario,wrnpc_7,he,funzione,181,1.429338812331267,0.9719921951551922,1.2788558187981114,1.8295525173448874
letterario,wrnpc_7,natásha,keyword,84,1.350291133658171,0.9381739700304198,1.3016753033593378,2.0867478742316163
letterario,wrnpc_7,prince,keyword,61,1.3630458149698883,1.0027186985241883,1.339312649059077,2.0948750325180368
letterario,wrnpc_7,andrew,keyword,54,1.3496761995293125,0.9955964140821392,1.3346982643960625,1.8027236981277868
letterario,wrnpc_7,countess,keyword,32,1.223922768842307,0.9662463319490856,1.268840978702874,2.345041517677974
letterario,wrnpc_7,ball,keyword,26,1.181740125973767,0.9224216632863605,1.1343488216273656,1.433538641813118
letterario,wrnpc_7,pierre,keyword,27,1.3828666431268548,0.9903022706055703,1.3951135830914858,2.022309762548471
letterario,wrnpc_7,speránski,keyword,30,1.6250747790666835,1.0251350679729956,1.5589573931331888,2.320629614018109
letterario,wrnpc_7,as,appaiata,78,1.0127960318039908,0.9275465890595472,1.0238720438148323,1.1194065808119784
letterario,wrnpc_7,said,appaiata,61,1.1914811842421873,1.0015608161668286,1.1903252090840901,1.3706357678300876
letterario,wrnpc_7,be,appaiata,49,1.1529676330873033,1.0051534650675593,1.1571284502643842,1.463848586467833
letterario,wrnpc_7,from,appaiata,33,0.9303181489964136,1.0264543637849977,0.9141753843644507,0.7973135539821763
letterario,wrnpc_7,very,appaiata,27,1.0423983904257001,0.9406006922060826,1.0041214353532146,1.0169132724163157
letterario,wrnpc_7,me,appaiata,25,1.1331792493339077,0.9501835829154271,1.2584131239640948,1.393015787166994
letterario,wrnpc_7,do,appaiata,24,1.164547846066894,1.0591388877983814,1.2088758109496547,2.003357574557482
letterario,wrnpc_8,vocali,vocali,17007,1.2021734933361616,1.0109658923849774,0.9526354251189021,0.4673471476712329
letterario,wrnpc_8,spazio,spazio,9604,1.1669002168277778,0.9527282575245071,0.9759930701616466,0.5472204049659031
letterario,wrnpc_8,e,lettera,5476,1.1387444170705894,1.0069761554486765,1.008856282385959,0.8831664354141484
letterario,wrnpc_8,t,lettera,3977,1.1658410517439701,1.0127238100445426,0.9574831083529706,0.913228919095531
letterario,wrnpc_8,a,lettera,3971,1.1623582125730598,0.9945499079034051,0.9303931460776408,0.8893216881605086
letterario,wrnpc_8,n,lettera,3409,1.0751676851702274,0.9551325545424101,0.9803604781410252,0.8492180472621963
letterario,wrnpc_8,o,lettera,3357,1.2148826214669797,0.9670075329150055,0.915281069164508,0.9112839871647177
letterario,wrnpc_8,h,lettera,3355,1.2331486502167452,0.9627014640895112,0.9627806192493832,0.8275704313232616
letterario,wrnpc_8,s,lettera,3340,1.2448658238469896,1.079792283371562,0.9448860237899196,0.9113497041319231
letterario,wrnpc_8,i,lettera,2983,1.1913996901608321,0.963612518877389,1.0071217799345948,0.9009366053947016
letterario,wrnpc_8,r,lettera,2510,1.228634023011688,0.9604065911631242,1.0530380402556008,0.9502376718438197
letterario,wrnpc_8,d,lettera,2212,1.0518444134841891,1.0834426602541847,0.9787683158458638,0.843676702669905
letterario,wrnpc_8,l,lettera,1897,0.9946805898180096,0.9981524463775845,0.9377795990327046,1.0228935285694896
letterario,wrnpc_8,u,lettera,1220,1.1770959343516223,1.0256731961242702,1.006016451869952,0.9796727623956599
letterario,wrnpc_8,m,lettera,1183,1.2696401947248412,1.0156041745983881,1.060407845698262,1.0541499787855633
letterario,wrnpc_8,w,lettera,1151,1.144108598175541,0.947389742619504,0.9914178443538281,0.9568998434285617
letterario,wrnpc_8,g,lettera,1142,1.1041827245511626,1.0515383754025158,0.9605258132192876,0.9890245851141746
letterario,wrnpc_8,c,lettera,983,1.047364014189101,1.0528139400757326,1.0367577295982464,1.053807724653932
letterario,wrnpc_8,y,lettera,928,1.1140784424572463,0.8985593712931514,0.9922464494790523,1.0344448145049578
letterario,wrnpc_8,f,lettera,882,1.2160730095657635,1.0267762984043944,1.0390203228359256,1.0559754779918964
letterario,wrnpc_8,p,lettera,643,1.1041529340430891,0.9910234411749212,1.0353596536222582,1.1358681417842516
letterario,wrnpc_8,the,funzione,615,1.3525391259945838,0.9371553227536555,1.0719507504223535,1.2371979243100761
letterario,wrnpc_8,and,funzione,486,1.002222309818842,1.0076519130227002,0.9424663582367145,0.8826599478587592
letterario,wrnpc_8,to,funzione,254,1.1133469806470628,0.9031529439377562,1.032735990183192,1.0230822900795933
letterario,wrnpc_8,of,funzione,200,1.173326894208436,1.042108299041234,1.0825661583523578,1.0876593567273436
letterario,wrnpc_8,in,funzione,178,1.0155542018332904,0.969544047925289,1.0591001768651218,1.1160929287042276
letterario,wrnpc_8,she,funzione,176,1.279038508744772,0.9595973470769487,1.319426526527043,2.121488564725721
letterario,wrnpc_8,natásha,keyword,101,1.2131620767488906,1.0154874382477483,1.152503300044437,1.4804378958697069
letterario,wrnpc_8,nicholas,keyword,79,1.110411974690687,1.0487149292608529,1.0792489883104717,1.2718258304376278
letterario,wrnpc_8,sónya,keyword,63,1.370683253450354,0.9555568398698027,1.3409488875106097,1.4840554582877024
letterario,wrnpc_8,uncle,keyword,40,1.4824746674632774,0.978806458225011,1.4312657718201784,2.9790060224331363
letterario,wrnpc_8,thought,keyword,32,1.1396981625359712,0.9921135697778736,1.1033612645900934,1.183459448978751
letterario,wrnpc_8,room,keyword,28,1.1984982572742482,0.98486813588468,1.1488986833398032,1.3302867461548735
letterario,wrnpc_8,went,keyword,26,1.0284056303374274,0.9995183988102904,1.0126861192154597,1.3918407558600248
letterario,wrnpc_8,had,appaiata,88,1.1182933212022788,0.9794775484601416,1.1506278784155457,1.5247658022210149
letterario,wrnpc_8,as,appaiata,80,1.1894354316252245,0.928101504664117,1.142401781572059,1.4179805920315809
letterario,wrnpc_8,from,appaiata,54,1.0337707935234544,1.0952432364873106,1.0282139214265662,1.1423598412011358
letterario,wrnpc_8,go,appaiata,33,1.268708667740723,0.9793137106111803,1.13883692732748,1.3086803047123947
letterario,wrnpc_8,be,appaiata,32,0.9665035657634603,0.9714824029682995,0.9082514561003122,1.029186288486567
letterario,wrnpc_8,into,appaiata,27,1.0812503485260612,0.991182078754202,1.0647683838233493,1.1823682099188448
letterario,wrnpc_8,if,appaiata,26,0.98283884946198,0.9694087802990777,0.9788867783949832,0.9452401094515506
letterario,wrnpc_9,vocali,vocali,17252,1.2894068832394923,0.9556900165299241,0.9799397060086926,0.47631520024520746
letterario,wrnpc_9,spazio,spazio,9615,1.0643255923921118,0.9719659983131826,0.957397887869995,0.545811592140816
letterario,wrnpc_9,e,lettera,5594,1.2314002703819855,1.0513528152904918,0.918877003918756,0.8418742234345666
letterario,wrnpc_9,t,lettera,4077,1.179165800010457,0.9719171504087084,0.9609557030132138,0.8966877442258899
letterario,wrnpc_9,a,lettera,4052,1.1579273840564435,1.0509624241206394,0.9686902536859545,0.8860993230232223
letterario,wrnpc_9,o,lettera,3500,1.1076755137378025,0.9332531419153351,0.9686767739468428,0.920860832382823
letterario,wrnpc_9,n,lettera,3381,1.1585198350701875,1.0433210339760997,0.9421703251334902,0.8453436776393296
letterario,wrnpc_9,h,lettera,3231,1.1401897371832967,0.9972997133455576,0.9359445086249152,0.8549995854027127
letterario,wrnpc_9,i,lettera,2953,1.1394231786678095,1.007483705755712,0.9792138105913547,0.9010389036030535
letterario,wrnpc_9,s,lettera,2853,1.2276007489896665,1.0665867020487536,1.0297966550456492,0.9640696116649711
letterario,wrnpc_9,r,lettera,2646,1.1881527101396718,0.9824770065377993,0.9821463669919925,0.9630364672901457
letterario,wrnpc_9,d,lettera,2317,0.8969278900245753,0.9871013700875609,0.9889423082894613,0.87082111582417
letterario,wrnpc_9,l,lettera,1823,1.2840168219933754,0.9857965381389114,1.015311007531589,1.1180134661302605
letterario,wrnpc_9,u,lettera,1153,1.1287824415551746,0.9903920579881923,1.014242604453764,0.938476817867753
letterario,wrnpc_9,m,lettera,1152,1.1117802575760232,1.0031928084470647,0.9604100981122636,1.0160081678027582
letterario,wrnpc_9,w,lettera,1135,1.025311175825026,0.8965872915980476,1.0012639620655055,0.9264604039928677
letterario,wrnpc_9,y,lettera,1023,1.3354868583732562,0.965183688141826,1.0440613594521524,1.0341111595074228
letterario,wrnpc_9,g,lettera,973,1.1761254288741787,0.9587504124920049,0.9259977745972817,1.0055407508499712
letterario,wrnpc_9,c,lettera,840,1.0025161830039526,0.9307436728279889,1.015895453546141,1.008920999977557
letterario,wrnpc_9,f,lettera,777,1.0764854080328532,1.081475051472318,0.927006707324772,0.951948160155279
letterario,wrnpc_9,p,lettera,632,1.2107983292627913,0.9639590135975263,0.9643586660509653,1.0557727605095635
letterario,wrnpc_9,and,funzione,415,1.02322895033049,1.041536245279649,0.9888830674633867,0.8902962617246812
letterario,wrnpc_9,the,funzione,390,1.3679741270484593,0.9720283162338611,1.0093550398273496,1.1662095213432038
letterario,wrnpc_9,to,funzione,352,1.231924716103267,1.018551863316855,1.019924983477268,1.0365820059168007
letterario,wrnpc_9,she,funzione,216,1.465383998337986,1.0029493266587461,1.4265530341841266,3.3243338799535738
letterario,wrnpc_9,her,funzione,206,1.4541786329923858,0.9295727043145527,1.3853353643698234,2.5347580659148363
letterario,wrnpc_9,you,funzione,175,1.4495774314332361,0.9758081575318954,1.3100131147121417,2.06266445017554
letterario,wrnpc_9,natásha,keyword,142,1.4121482471674789,0.9510370058585357,1.3316146873017705,3.235174279594607
letterario,wrnpc_9,anatole,keyword,84,1.2797121212407292,1.0507876085279937,1.263903948312686,1.7813557749836175
letterario,wrnpc_9,sónya,keyword,64,1.6624010150711748,0.9442949641106422,1.5386485437750756,3.1368397687852014
letterario,wrnpc_9,márya,keyword,45,1.3851476285565996,1.0410475189560944,1.3403690519008566,2.1955693731268466
letterario,wrnpc_9,room,keyword,45,1.0686648002709684,1.0110326152182156,1.0951084056595581,1.0614311116688642
letterario,wrnpc_9,don’t,keyword,41,1.265704925476176,0.9774075503411855,1.1926112707775833,2.1639177603871933
letterario,wrnpc_9,dmítrievna,keyword,46,1.3809285235075086,1.043319671084933,1.3860229119256788,2.224978938608587
letterario,wrnpc_9,him,appaiata,133,1.1638602621063945,0.9817723515664604,1.1084936861353782,1.2246270937888033
letterario,wrnpc_9,not,appaiata,81,1.1974480925901478,0.991940924061503,1.1664993777341695,1.5158787877385598
letterario,wrnpc_9,is,appaiata,63,1.1167489851923103,0.9287186124228781,1.0231256528554822,1.164534918386552
letterario,wrnpc_9,if,appaiata,44,1.2074572688129226,1.014071457747707,1.120206204849217,1.2655818882618288
letterario,wrnpc_9,from,appaiata,43,1.0750945771524323,1.0288350420482326,1.0312897544957125,1.0156596224726344
letterario,wrnpc_9,me,appaiata,41,1.201948493742204,0.9905627813397201,1.1745011573012591,1.3511354752512954
letterario,wrnpc_9,went,appaiata,40,1.0391940645903959,1.0052246498401207,1.0416354669282957,1.0792708290065878
letterario,wrnpc_10,vocali,vocali,17535,1.3367370308727438,0.9567333575764442,0.897981273100466,0.45650387736962733
letterario,wrnpc_10,spazio,spazio,9506,1.1985055090407148,0.9940576546145835,1.0404988539235098,0.5370524517908903
letterario,wrnpc_10,e,lettera,5776,1.09821659021293,0.9802783579857103,1.0039875457507914,0.8424177322971657
letterario,wrnpc_10,t,lettera,4243,1.0418541865990643,1.0374454401202893,1.0266530545501422,0.9109597272921341
letterario,wrnpc_10,a,lettera,3830,1.010956507523672,0.9695869162575192,0.9922158831112858,0.8578105779178595
letterario,wrnpc_10,o,lettera,3547,1.009670637222831,1.024367200327215,0.9598664340112669,0.8866872011238721
letterario,wrnpc_10,n,lettera,3544,1.0891610407134538,0.9459645493216016,0.9356548912570152,0.877581507689787
letterario,wrnpc_10,h,lettera,3155,1.235726411195128,1.0110338251472166,0.9726182932934325,0.8653248180543843
letterario,wrnpc_10,i,lettera,3134,1.1460758900721557,0.9611765251394004,0.958909827613034,0.9044870776230395
letterario,wrnpc_10,s,lettera,3024,1.167499788602933,0.9919844696848644,0.9836488164616418,0.9434062912385027
letterario,wrnpc_10,r,lettera,2900,1.2512136279929518,0.9268052405182733,0.9727602001221275,0.879707469948076
letterario,wrnpc_10,d,lettera,2241,1.043271583672117,1.0268922830987892,0.9560688096870477,0.8743095152994195
letterario,wrnpc_10,l,lettera,1852,1.1869187293623908,1.012900586819,0.9914515229340917,1.0468251766943864
letterario,wrnpc_10,c,lettera,1253,1.0979785429492186,1.0240258028548432,1.0013310806499878,1.0137184174136098
letterario,wrnpc_10,u,lettera,1248,1.0602974600469848,1.0078058673643169,0.9815964133071087,0.9708222661192191
letterario,wrnpc_10,m,lettera,1183,1.0139140332560024,0.9386925172805949,1.0227157621344913,0.9535254562850962
letterario,wrnpc_10,w,lettera,1126,1.0483056661522328,1.0018600197173844,0.9717034267129976,0.9605604863612063
letterario,wrnpc_10,f,lettera,1110,1.0750580755286963,1.001232629161405,0.9246662660113042,1.0065437993643407
letterario,wrnpc_10,g,lettera,950,1.2710315396871368,0.9498883939634147,0.938297704878097,1.015650142024551
letterario,wrnpc_10,p,lettera,856,1.375248106690685,1.033694159756835,0.9427184575848048,1.1233461404914329
letterario,wrnpc_10,y,lettera,839,1.244271587221208,0.9825734042871316,0.8938388624212185,1.0257543827864162
letterario,wrnpc_10,the,funzione,674,1.3403778414813954,1.0503101372427628,0.9829340077623527,1.0063203686945348
letterario,wrnpc_10,and,funzione,419,1.0129491334305607,0.9685294439388145,0.8872531367703177,0.7560319790883877
letterario,wrnpc_10,to,funzione,310,0.9645641377110686,1.002333958883978,0.996485361468685,0.980698834251947
letterario,wrnpc_10,of,funzione,293,1.2212116347764825,0.976754910090948,1.1180277252781747,1.090354297413144
letterario,wrnpc_10,in,funzione,193,1.0224373079010556,1.050551330602925,1.0070143568620378,1.0126531146220308
letterario,wrnpc_10,he,funzione,182,1.3168297816248238,0.999466884820556,1.282970908830756,1.6804024758202598
letterario,wrnpc_10,rostóv,keyword,61,1.3998917965968427,1.0170486777440255,1.332152287512168,3.3657917841314533
letterario,wrnpc_10,emperor,keyword,40,1.5029106701227886,0.9819159216240715,1.4309161780978499,2.883770729744336
letterario,wrnpc_10,pfuel,keyword,32,1.447710067144435,1.0095044903344148,1.3878383856922614,1.4359236208018995
letterario,wrnpc_10,prince,keyword,29,1.3130542126847096,0.8763541462074739,1.3304720440018862,1.0901646291101914
letterario,wrnpc_10,andrew,keyword,27,1.2954787370789407,0.9595514228175862,1.2618933731353439,2.6236026770378222
letterario,wrnpc_10,army,keyword,23,1.3051470658829345,0.9862471894652577,1.295295740729755,1.691813744756103
letterario,wrnpc_10,french,keyword,21,1.2909143985249987,0.9569186047244133,1.251102293556982,2.1897462715505647
letterario,wrnpc_10,be,appaiata,56,1.1281870604939508,0.9812642804209014,1.0614311637096312,1.2706981629409932
letterario,wrnpc_10,been,appaiata,30,1.1730214799171121,0.9977253163619816,1.1832212496333845,1.5489557716096511
letterario,wrnpc_10,so,appaiata,31,0.9857772685482227,0.894029084845375,0.9581218737075208,0.9646006516656958
letterario,wrnpc_10,said,appaiata,29,1.1629459296419786,0.9491176808442793,1.1201307366055488,1.2716765224410371
letterario,wrnpc_10,did,appaiata,26,1.1655444139175424,0.9973518953602132,1.097055935550684,1.12658327894972
letterario,wrnpc_10,out,appaiata,23,0.891137590513924,1.0214416025052728,0.9059833194043527,0.7941059100814979
letterario,wrnpc_10,no,appaiata,21,1.0249836942186084,0.9614093026637526,0.9895941369938392,1.205727394995821
letterario,wrnpc_11,vocali,vocali,17474,1.2841926666483185,0.9622208678389531,0.9921195850476665,0.46772979157631517
letterario,wrnpc_11,spazio,spazio,9626,1.2520247967743945,1.0030916877514076,0.9403301110482948,0.5382687416320352
letterario,wrnpc_11,e,lettera,5837,1.1700140089277322,0.9966462895967433,0.9938179084875166,0.821273061033404
letterario,wrnpc_11,t,lettera,4230,1.1756185667373764,0.9875695259762285,0.9925208945146614,0.9104201735259567
letterario,wrnpc_11,a,lettera,3795,1.1653329133545474,0.9691216250854605,0.9937029521352508,0.8452468847520274
letterario,wrnpc_11,o,lettera,3599,0.9858283054117606,0.9583658765896402,0.9431707304080085,0.8973874282218314
letterario,wrnpc_11,n,lettera,3442,1.145551659748157,0.92003394552235,0.9720459493464255,0.8759480662151294
letterario,wrnpc_11,h,lettera,3145,1.2557039159427204,0.9817152455805697,1.0031794482256284,0.851243557002045
letterario,wrnpc_11,i,lettera,3117,1.1549580842287663,0.9983787877105529,1.003971642839531,0.9409305277495229
letterario,wrnpc_11,s,lettera,3038,1.1406460611857858,1.0555845916792421,0.9604564954196292,0.954131891616244
letterario,wrnpc_11,r,lettera,2807,1.0586159760171212,0.9600331940536263,0.9797573248966759,0.9151271186899763
letterario,wrnpc_11,d,lettera,2259,1.331109047413579,0.985831114353632,0.9673943175825067,0.9373906489747941
letterario,wrnpc_11,l,lettera,1861,1.1031163113469078,0.892159466973322,0.9392073644642305,1.0460869961226442
letterario,wrnpc_11,c,lettera,1247,1.2941342771269555,0.9929840906252868,0.9429084968254474,0.9815296119776861
letterario,wrnpc_11,m,lettera,1135,1.240918048221423,0.973505644400937,0.9053349853133567,0.9651880515861453
letterario,wrnpc_11,u,lettera,1126,1.143545624318992,1.066903456859664,0.9934777149194289,0.9653578734050239
letterario,wrnpc_11,w,lettera,1106,1.1806337715611297,1.0001972227927463,1.0194809317797064,0.9605054241314714
letterario,wrnpc_11,f,lettera,1031,1.0971036154092584,1.0115073751571355,0.9552716364079604,1.048790840203883
letterario,wrnpc_11,g,lettera,996,1.1229196374911323,0.9940666162578924,1.011276490576723,1.0156824353959804
letterario,wrnpc_11,p,lettera,940,1.1813363914898682,1.0272449103111139,0.9845489398232329,0.9919876331654528
letterario,wrnpc_11,y,lettera,791,1.1681117523017914,0.9470181398992533,1.0474128935654459,1.0949440251633609
letterario,wrnpc_11,the,funzione,703,1.3991911251784914,0.9937441922043077,1.0201588639674661,1.0723336737116176
letterario,wrnpc_11,and,funzione,416,1.2478781500524103,1.0082098212528614,1.0078716762986506,0.8323298229238557
letterario,wrnpc_11,to,funzione,352,1.1457358518348773,0.9550387316599918,0.9800980897590938,1.0291362935967334
letterario,wrnpc_11,of,funzione,285,1.1607516401909288,0.9967107011936012,1.0884929799973293,1.074777252524563
letterario,wrnpc_11,he,funzione,188,1.304126800836603,1.0553743121124082,1.1802776631749052,1.4912510274658652
letterario,wrnpc_11,in,funzione,176,1.0174520939009826,1.0513682933140245,0.9654074961823179,0.9093435423339994
letterario,wrnpc_11,prince,keyword,82,1.4023746963856683,0.9899332953266495,1.3353068105433783,2.3241472926537163
letterario,wrnpc_11,alpátych,keyword,50,1.5042669269567392,0.9901614320897295,1.43609600246619,3.5762236557399287
letterario,wrnpc_11,andrew,keyword,36,1.5174501950120485,0.9651524644207349,1.4673164878957075,3.163283031397564
letterario,wrnpc_11,away,keyword,24,1.158913466270542,0.9679458557493157,1.2331235369638256,1.6265162837496645
letterario,wrnpc_11,princess,keyword,23,1.3040882173403254,1.011734782907798,1.324032310538672,2.7974514880421886
letterario,wrnpc_11,moscow,keyword,23,1.188636445501984,0.8842040224653344,1.1148922037413864,1.2968518878031094
letterario,wrnpc_11,came,keyword,22,1.0798115849162686,0.9995859969347057,1.0539257410605598,1.330325998033905
letterario,wrnpc_11,with,appaiata,83,1.03270389587838,1.0047917630046355,1.0331088496203418,1.006956767516152
letterario,wrnpc_11,she,appaiata,51,1.5568078763192192,0.9733874365849039,1.5261355325056851,4.16548717402508
letterario,wrnpc_11,what,appaiata,35,1.1532080049403028,1.0433546789752806,1.0470355472234039,1.1207911782737556
letterario,wrnpc_11,are,appaiata,24,1.1741677175013812,1.0137834600645448,1.1008675192091557,1.3291364593697732
letterario,wrnpc_11,their,appaiata,23,1.208899606725284,0.9173618005390652,1.0394797952724242,1.4269919843731766
letterario,wrnpc_11,man,appaiata,25,1.1440301917891622,1.0557030885731706,1.1619085356504397,1.2770891443442725
letterario,wrnpc_11,now,appaiata,22,1.0348606445043311,0.9614690432358155,1.0812312767063068,1.6434648021707488
letterario,wrnpc_12,vocali,vocali,17522,1.1285886832825789,1.0179357426154954,0.9612200796997752,0.46516505991705065
letterario,wrnpc_12,spazio,spazio,9591,1.1884236419876544,0.9452536235114849,0.9637499482442617,0.5423950167578704
letterario,wrnpc_12,e,lettera,5983,1.0780543122956379,1.0748743716610358,0.9925050279409845,0.851480808481706
letterario,wrnpc_12,t,lettera,4355,1.3385194301470835,1.01821748494826,1.0035614518360656,0.8918558103411948
letterario,wrnpc_12,o,lettera,3639,1.1876433414324916,0.9725170422046895,0.9794894522820846,0.9350223338961985
letterario,wrnpc_12,a,lettera,3513,1.12424253377325,1.0153769809277509,1.0281962717799933,0.8738024894244473
letterario,wrnpc_12,n,lettera,3447,1.2533516828284383,0.9663292964305933,0.989051766265705,0.8712863543348403
letterario,wrnpc_12,i,lettera,3220,1.108226444830669,1.0100662059380667,1.023314444526399,0.9215202743684602
letterario,wrnpc_12,h,lettera,3127,1.1389635998944148,0.9931336680834025,0.9864893578120769,0.8576146705074196
letterario,wrnpc_12,s,lettera,2839,1.1290127179048253,0.964917208609505,0.9949541869395588,0.9365407228917961
letterario,wrnpc_12,r,lettera,2787,1.1110729453468176,0.9513319691466244,1.0304550515857276,0.9197400160910768
letterario,wrnpc_12,d,lettera,2270,1.2726113373371872,0.9682821179117935,0.9840131982500452,0.9049270387555616
letterario,wrnpc_12,l,lettera,1781,1.2147662195348086,1.0486093486322485,0.9736582868103195,1.0902950353200562
letterario,wrnpc_12,w,lettera,1176,1.1112210897682389,0.9030206104657887,0.986473800333632,1.0148019214410875
letterario,wrnpc_12,u,lettera,1167,1.2600887581860638,0.9706767520611481,0.9982786621790204,0.9576154677466394
letterario,wrnpc_12,c,lettera,1074,1.1056387937406784,0.9678917542605728,1.0351463788658746,0.9843957233383192
letterario,wrnpc_12,m,lettera,1060,1.1587654379942007,0.9879134025626497,1.0476647387982148,1.0438452030717758
letterario,wrnpc_12,f,lettera,993,1.2944367221963304,0.9587581989950662,1.0377341981175383,1.1204816620033855
letterario,wrnpc_12,g,lettera,934,1.1898103245214247,0.9635571814442923,1.0320283292455252,1.1015246908952963
letterario,wrnpc_12,p,lettera,868,1.1380708663802583,1.006057591337672,1.0234551249186938,1.1170177071508482
letterario,wrnpc_12,y,lettera,855,1.2821071716295658,0.9636618498384152,0.9557454098657775,1.0905814679602008
letterario,wrnpc_12,the,funzione,713,1.5267339067463068,0.9684361626575138,1.0724960904736098,1.1287017841544957
letterario,wrnpc_12,and,funzione,411,1.148609899985584,1.0067492550991923,0.9481064834873628,0.9147206256124019
letterario,wrnpc_12,of,funzione,300,1.1399994273574239,0.9886428257159374,0.9961769207643211,1.1050190450341
letterario,wrnpc_12,to,funzione,300,1.0513819215716385,0.9340224096048596,0.9208215049862692,1.0017260790328564
letterario,wrnpc_12,he,funzione,174,1.2970480279345,1.05451995787808,1.148689681309387,1.5500592569964358
letterario,wrnpc_12,in,funzione,142,1.0259044403421647,0.9560532013757399,0.986004673572022,1.0367174940432997
letterario,wrnpc_12,pierre,keyword,95,1.3108180217062755,1.0057584651220037,1.2863667152682232,1.4490300193501047
letterario,wrnpc_12,prince,keyword,44,1.4350652035311322,0.9987926831585369,1.3684329676478741,1.9282979247571457
letterario,wrnpc_12,left,keyword,42,1.353797770216902,0.9357287337361054,1.2979304368230904,1.8131987991224625
letterario,wrnpc_12,position,keyword,40,1.324043194629755,0.9209380377578779,1.2927307734294493,1.4793652627111948
letterario,wrnpc_12,andrew,keyword,42,1.4322769347678135,0.9815900153418537,1.3893894080179185,1.52534450868902
letterario,wrnpc_12,battle,keyword,37,1.2783803736193498,0.9254777609614225,1.1811516071884378,1.2929859498687435
letterario,wrnpc_12,flank,keyword,26,1.3368311965744675,0.9525347160041604,1.3747273539210223,2.0591197549278335
letterario,wrnpc_12,it,appaiata,103,1.0699151205141415,0.9286613791478819,1.1137432300566663,1.2125150463022962
letterario,wrnpc_12,from,appaiata,45,1.0697206395466519,1.0128155492436248,1.0389322659915134,1.2657951782186678
letterario,wrnpc_12,which,appaiata,42,1.0274912316055174,0.981651383452307,1.0325921595345786,1.1285595061892426
letterario,wrnpc_12,have,appaiata,40,1.2917290236222165,1.0577427002142703,1.2207067922130357,1.4437615990901091
letterario,wrnpc_12,one,appaiata,40,1.1897891210531335,1.017407248405951,1.077650605318653,1.102831404523141
letterario,wrnpc_12,what,appaiata,37,1.0200299554326044,1.0409710456717567,1.0519271016193363,1.291750568869097
letterario,wrnpc_12,could,appaiata,26,1.2940469433645887,0.959664400161749,1.24292049447748,1.512375309264616
letterario,wrnpc_13,vocali,vocali,17868,1.2246972665779217,0.9544064161091463,0.9552291819061924,0.4577547049420298
letterario,wrnpc_13,spazio,spazio,9625,1.2204156621741389,1.047367869807877,1.0484467221533418,0.5421796709063813
letterario,wrnpc_13,e,lettera,5846,1.13358907674305,0.9185945942562682,1.0315929108061783,0.8335493429267321
letterario,wrnpc_13,t,lettera,4443,1.2746326915987687,1.047298208352581,1.038018404488857,0.8725172687905953
letterario,wrnpc_13,o,lettera,3810,1.2029437289590745,0.9494633433595586,0.9704008525479629,0.8857346023372131
letterario,wrnpc_13,a,lettera,3755,1.0674742080200268,1.008339116789039,1.0078624216475232,0.8493448896547529
letterario,wrnpc_13,n,lettera,3595,1.0351553684948216,1.024948359684219,1.0340837979078037,0.8578222785431381
letterario,wrnpc_13,i,lettera,3226,1.297619648022031,0.8905359274393109,0.987738638639941,0.8965337646018606
letterario,wrnpc_13,s,lettera,3019,1.1775949175362637,0.924347502701521,0.9003371061568918,0.9385538494018009
letterario,wrnpc_13,h,lettera,2979,1.3030714946301423,0.9618679956990537,0.925647620812882,0.8521418300150676
letterario,wrnpc_13,r,lettera,2657,1.1114740196018784,0.9771579726968737,1.0104483519593817,0.9165732388532964
letterario,wrnpc_13,d,lettera,2163,1.2531653665862952,0.9157626271087101,0.9786550483446627,0.9191372275413906
letterario,wrnpc_13,l,lettera,1846,1.0287801991228325,0.92483810406959,0.9185290425116016,1.0435501649314367
letterario,wrnpc_13,m,lettera,1245,1.2736657930783026,0.9638307441717143,0.9973777900176607,1.0616429902810962
letterario,wrnpc_13,u,lettera,1231,1.1424371800197664,1.0186338628685914,0.9266077008514103,0.956055555812012
letterario,wrnpc_13,c,lettera,1228,1.1762909759176776,0.9710406206166873,1.0345881470208902,1.068884110298693
letterario,wrnpc_13,f,lettera,1115,1.2886302668377874,0.9967299421481775,0.9649686022260474,0.9702045010715874
letterario,wrnpc_13,w,lettera,1053,1.2832319001374801,0.9827777916899957,0.9658132216939846,0.9449564335167671
letterario,wrnpc_13,g,lettera,900,1.2324683515635613,0.9929331044373942,1.035061770747561,1.0379182970622145
letterario,wrnpc_13,y,lettera,848,1.1781073064358745,1.0652976219039347,1.0246570502550825,0.9963360240189605
letterario,wrnpc_13,b,lettera,780,0.9544005520877075,1.0098893643727804,1.0176513462791037,0.9772389661813847
letterario,wrnpc_13,the,funzione,731,1.3642678814476346,1.0444868733868937,0.9953232837481645,1.0054520955045714
letterario,wrnpc_13,of,funzione,397,1.3933072397395252,1.035261593238079,1.09458712957338,1.1912851561878464
letterario,wrnpc_13,and,funzione,392,1.1310522434949652,0.9689973788445588,1.0653630063576836,0.9897234200366206
letterario,wrnpc_13,to,funzione,351,1.2480784868717882,1.0209058840784486,1.0783461681177549,1.1540082068833406
letterario,wrnpc_13,that,funzione,192,1.0801325165435804,0.9607593268617592,1.104513783644327,1.0462978008240786
letterario,wrnpc_13,in,funzione,165,1.1205839576783803,1.0339901784708714,1.0130891706705372,1.025810665764733
letterario,wrnpc_13,moscow,keyword,53,1.3827271770223368,1.0099618253103078,1.324451542006549,1.8180290629206068
letterario,wrnpc_13,army,keyword,38,1.3591095544986083,1.031006092375282,1.3215199715539838,1.4971782946545718
letterario,wrnpc_13,battle,keyword,34,1.2756076657774706,1.0039410627830696,1.2526049669671127,2.0862960436912026
letterario,wrnpc_13,hélène,keyword,35,1.3959023378790296,0.9342593476198141,1.4064561790250527,0.5350663114023795
letterario,wrnpc_13,french,keyword,30,1.450973088010169,0.9806716939570376,1.3629388140935212,2.0209137737199407
letterario,wrnpc_13,question,keyword,26,1.226786088576575,0.9448537791939521,1.192428220233584,1.4571736345642365
letterario,wrnpc_13,russian,keyword,22,1.154726319592953,0.9656940341630923,1.1328990125594645,1.4787567734563458
letterario,wrnpc_13,who,appaiata,53,1.064075051312857,0.9812234384781848,1.1337158543795012,1.5426387023908148
letterario,wrnpc_13,did,appaiata,38,1.079913392958816,0.9387850855998487,1.0493097568871241,1.356069829197162
letterario,wrnpc_13,there,appaiata,34,1.0519328401960133,0.9241334735751705,0.9631154445038858,1.1562711126424192
letterario,wrnpc_13,an,appaiata,30,0.9509348605893873,0.9853386656033137,0.961725154902271,1.0043662889547813
letterario,wrnpc_13,when,appaiata,30,1.1972072488661607,0.9970442430211955,1.118158482550792,1.4449795859491883
letterario,wrnpc_13,their,appaiata,26,1.2582700023265854,1.038245756037325,1.1068675664580327,1.4775197603014796
letterario,wrnpc_13,men,appaiata,22,1.1204415613411283,0.934627150625694,1.0823262326951453,1.4980286667026133
letterario,wrnpc_14,vocali,vocali,17488,1.177811009695676,0.9723390818225203,1.0858594263930363,0.4677935464621305
letterario,wrnpc_14,spazio,spazio,9456,1.1202248587509782,0.9933869804087152,1.0149046592441238,0.549091533527151
letterario,wrnpc_14,e,lettera,5772,1.1989995600130092,0.9808079147838397,0.9522245237903487,0.8470770439721245
letterario,wrnpc_14,t,lettera,4383,1.1610552551053281,0.9576997652058509,1.0155147729590133,0.8333761826987527
letterario,wrnpc_14,o,lettera,3688,1.1004194348288283,1.0119517456236553,0.9293246131299527,0.8954729382919633
letterario,wrnpc_14,a,lettera,3581,1.077231695008663,0.9713583683781293,0.9098400102447904,0.8745402575945115
letterario,wrnpc_14,n,lettera,3512,1.144947507548963,0.9843977156137561,0.9752787331588118,0.8833370511280364
letterario,wrnpc_14,i,lettera,3250,1.2405191036736252,0.9712316966950215,0.9499681987899171,0.9287213343400432
letterario,wrnpc_14,h,lettera,3241,1.1759560158740328,0.9728719665275505,0.9474029971920691,0.832558374673845
letterario,wrnpc_14,s,lettera,2911,1.1137381359665548,1.0652531375308183,0.9184371740041594,0.9300475541567618
letterario,wrnpc_14,r,lettera,2737,1.3364013597013709,0.9478298922732935,0.9923651517124167,0.9326175448913208
letterario,wrnpc_14,d,lettera,2293,1.19011000484725,1.0084807140341616,0.9847638334348353,0.9039289456699577
letterario,wrnpc_14,l,lettera,1759,1.1060686079665016,0.9367743257036164,0.9319222063669489,1.0294088249927467
letterario,wrnpc_14,c,lettera,1366,1.0520604710474353,0.9026780519077723,1.0108891396087192,0.9469886261646949
letterario,wrnpc_14,u,lettera,1197,1.017615765423533,0.9746319914202624,1.0313155200700368,0.8817952448398266
letterario,wrnpc_14,m,lettera,1160,1.0151655114004097,0.9673628412011949,1.0047144994557027,1.009605725369083
letterario,wrnpc_14,w,lettera,1083,1.0771279061875436,1.036879467907765,1.0460703737762695,0.9902802525354882
letterario,wrnpc_14,f,lettera,1047,1.288817829992354,0.9756465517587878,0.9674759711713818,1.0804848655880082
letterario,wrnpc_14,g,lettera,988,1.2078512844922913,0.9795071931760805,0.9735124153053557,1.019617827324359
letterario,wrnpc_14,p,lettera,857,1.0776794863694767,0.9336995558958171,0.9983600056000587,1.0792039568781469
letterario,wrnpc_14,y,lettera,793,1.1863919559360727,1.0029902733266671,1.0079715788469652,0.9130619632493836
letterario,wrnpc_14,the,funzione,831,1.1424762077263666,0.906720258897316,1.0400628250035935,0.9755350977991497
letterario,wrnpc_14,and,funzione,413,1.090947189767393,1.026886228065451,0.9457560097971186,0.8246275392248282
letterario,wrnpc_14,to,funzione,305,1.1107677062796109,1.0077726346986111,1.0392660590309653,1.0702920276593133
letterario,wrnpc_14,of,funzione,274,1.2235371941649147,0.9748081594398306,1.0764126816392368,1.0460694322642698
letterario,wrnpc_14,in,funzione,195,1.0450254017016558,1.0063324973308945,1.0376569932741475,1.037444066052048
letterario,wrnpc_14,he,funzione,190,1.2581051908081413,0.8836496470206003,1.1998483694613242,1.821890641124558
letterario,wrnpc_14,moscow,keyword,57,1.3418014452880294,1.0611258445330332,1.3046111452794165,1.9639841686757153
letterario,wrnpc_14,rostopchín,keyword,56,1.342400327621029,0.9577226727955063,1.3054707850146443,2.0658617499089162
letterario,wrnpc_14,crowd,keyword,40,1.3803337098543507,1.0424945235105196,1.3704034051943876,1.8223321734521758
letterario,wrnpc_14,french,keyword,37,1.2460700099520106,0.9563249389524914,1.2420275048050071,1.5169236598907854
letterario,wrnpc_14,count,keyword,38,1.2375599334425438,1.0683787899443207,1.2771488042683317,1.104604457784066
letterario,wrnpc_14,people,keyword,30,1.1221161063967497,0.9564187281147345,1.0905218758703528,1.480675683082935
letterario,wrnpc_14,went,keyword,20,1.06338382732259,0.9820039563491584,1.0052926680176586,0.9822887143491413
letterario,wrnpc_14,all,appaiata,55,1.1788516131726143,1.0058937495961475,1.1512075243064868,1.1943157925168137
letterario,wrnpc_14,is,appaiata,47,1.2032118993077117,0.9859981134546909,1.163613041542028,1.3588110263395707
letterario,wrnpc_14,one,appaiata,40,1.0316728003413476,1.020285591170829,1.0620127277183975,1.322806520709564
letterario,wrnpc_14,which,appaiata,38,1.086559366573241,1.0381027567475198,1.1306019782051193,1.15748531646653
letterario,wrnpc_14,an,appaiata,36,1.026741909373632,0.9823283106713414,1.0163995563505188,1.0729497758440862
letterario,wrnpc_14,been,appaiata,29,1.02262811487452,0.9455606914582128,1.0466985713586425,0.9826773345153847
letterario,wrnpc_14,men,appaiata,20,1.3211884794538509,0.9759535717480796,1.2075376025827873,1.7990152046791437
letterario,wrnpc_15,vocali,vocali,17568,1.2984332331284982,0.9222582072065734,1.0457113588813332,0.446677983938623
letterario,wrnpc_15,spazio,spazio,9712,1.1060439403242694,0.9689912050735275,1.0457358456985586,0.5295392140792607
letterario,wrnpc_15,e,lettera,6020,1.2836199183046957,0.9492807374606449,1.0127554346670504,0.8068628346019874
letterario,wrnpc_15,t,lettera,4181,1.1424075447239317,1.0546528800609638,0.958621135540929,0.9106486184191314
letterario,wrnpc_15,a,lettera,3828,1.0755438231163825,0.9897317404885989,0.9778092808328536,0.8319999104677763
letterario,wrnpc_15,n,lettera,3440,0.9956682995318704,0.9859963116262978,0.964938724287497,0.8286952684727232
letterario,wrnpc_15,h,lettera,3413,1.1021792317632007,0.9884974534911791,1.0027319793206892,0.8322214844715707
letterario,wrnpc_15,o,lettera,3351,1.08293006458122,0.9655177556292033,0.9815897878802865,0.8795676172033089
letterario,wrnpc_15,i,lettera,3177,1.031715595697857,0.9821064499201939,0.9529903175627075,0.8572699109374942
letterario,wrnpc_15,s,lettera,3060,1.1313953325524473,0.8899768046744206,0.9884949071499811,0.9418972905562725
letterario,wrnpc_15,r,lettera,2905,1.1694906090941433,0.9723378005146674,0.9848944436836788,0.9202587536911527
letterario,wrnpc_15,d,lettera,2282,1.2520379098378467,0.9400390748981081,1.0594494331118351,0.9310411587659353
letterario,wrnpc_15,l,lettera,1702,1.2056412813887847,1.0416447360067222,1.0035684806541552,1.050059864464602
letterario,wrnpc_15,u,lettera,1192,1.1810533271224677,0.951863890744987,1.0250653011464104,0.9518891475307626
letterario,wrnpc_15,w,lettera,1192,1.0823089075074612,0.9402493490539571,0.9459611939332131,0.9595177475625976
letterario,wrnpc_15,m,lettera,1175,1.1789291783808555,0.9900730553513056,1.053427515269208,0.9977379425400705
letterario,wrnpc_15,c,lettera,1139,1.1128921659489603,1.0052690832797782,1.074458257429389,1.0257671629364558
letterario,wrnpc_15,f,lettera,1051,1.2104811713726054,0.9067921560327993,0.9771155192902613,1.0634004486791846
letterario,wrnpc_15,y,lettera,876,1.2087579766252223,1.0400188726510056,0.9660844620751766,0.9891454544002029
letterario,wrnpc_15,g,lettera,873,1.0750571560160955,1.0239784539708747,0.9789796491140593,0.93025177714476
letterario,wrnpc_15,p,lettera,839,1.1637930043193203,1.0123232190915905,1.0274640173442828,1.0867927769983279
letterario,wrnpc_15,the,funzione,556,1.3939720768398676,0.9411356088738124,1.0817482110966103,1.1103262149188884
letterario,wrnpc_15,and,funzione,423,1.0918553583030528,0.909523375005334,0.9951309876787043,0.8628611591928755
letterario,wrnpc_15,to,funzione,320,1.183825846283513,0.9479520241973471,1.0994607018350762,1.1509907773952066
letterario,wrnpc_15,of,funzione,262,1.1922066536753604,1.0516173943550593,1.0203661663647499,1.0894711880342802
letterario,wrnpc_15,he,funzione,218,1.3996037608777236,0.939149156465355,1.2786859581369026,1.7595368950801482
letterario,wrnpc_15,was,funzione,200,1.1726080274792265,0.9326549736279873,1.0725245510437427,1.0764456536289433
letterario,wrnpc_15,pierre,keyword,71,1.5147187563265991,0.9492550441949014,1.5219897447739907,0.6753696188601355
letterario,wrnpc_15,nicholas,keyword,64,1.4326121832868532,1.001797843934822,1.410937576084164,1.4217295913634818
letterario,wrnpc_15,princess,keyword,47,1.3130461356978624,1.067680640279711,1.3233212260764435,1.2254441014625128
letterario,wrnpc_15,sónya,keyword,50,1.5364484673616592,0.991036635602638,1.4942938404631556,2.2957525578834086
letterario,wrnpc_15,felt,keyword,33,1.1237265282577833,0.954982933170854,1.0733572621022494,1.2310496566015972
letterario,wrnpc_15,mary,keyword,35,1.286364669142363,0.9928433515067064,1.2594401798777173,1.236380832044834
letterario,wrnpc_15,wife,keyword,29,1.2124402447646663,0.960896451754055,1.2320647260276452,0.9280655120053153
letterario,wrnpc_15,for,appaiata,63,1.1221840323569687,0.9351835154129843,1.0612253921373667,1.166028024649295
letterario,wrnpc_15,were,appaiata,63,1.2244124075070444,0.9758477609181062,1.1760311904346004,1.3723195451294714
letterario,wrnpc_15,by,appaiata,46,1.080711531565769,0.987813701899146,1.0668554406847355,1.3404674106043297
letterario,wrnpc_15,this,appaiata,45,1.0066906148887107,0.9811645942720794,1.024020690788128,0.9789424103650028
letterario,wrnpc_15,an,appaiata,33,1.1108960899549019,0.9306169408557112,1.0314981782622972,0.9824779555338405
letterario,wrnpc_15,no,appaiata,31,0.9569593415579494,1.0379501140139926,1.0185180623345722,0.9438761065444216
letterario,wrnpc_15,could,appaiata,26,1.0102336976549569,1.0259815756584494,1.0559058740804634,0.9039346258256339
letterario,wrnpc_16,vocali,vocali,17480,1.2750242840921289,0.9650101709521962,1.0175743909034438,0.45995162075179835
letterario,wrnpc_16,spazio,spazio,9506,1.0767626575441243,1.008694530128133,0.9576150466975678,0.5321371070255433
letterario,wrnpc_16,e,lettera,5759,1.155255741783203,0.9843152697548326,0.9969896554939436,0.8477085183173347
letterario,wrnpc_16,t,lettera,4404,1.1333008453559301,1.0266618322822902,0.9674828431872694,0.8481492355732037
letterario,wrnpc_16,a,lettera,3813,1.1871284582549775,0.9557581680519877,0.9560158546593712,0.8514312344558952
letterario,wrnpc_16,o,lettera,3637,1.1773088418076987,0.990302485283514,0.9749568560452709,0.9169079429318767
letterario,wrnpc_16,n,lettera,3425,1.0845735374539789,0.9519225429819569,0.9677205512705788,0.8642171944553865
letterario,wrnpc_16,h,lettera,3322,1.1590053314963702,1.066301643229107,0.9791341908881254,0.8452327379506132
letterario,wrnpc_16,i,lettera,3140,1.205932713866192,1.0025360572524047,1.0606460596426428,0.906391959770754
letterario,wrnpc_16,s,lettera,3080,1.025805812701705,0.9605502715218549,0.9462034202232324,0.9639158551055037
letterario,wrnpc_16,r,lettera,2836,1.285365012153867,0.9605181636821483,0.9546924251733748,0.9496739414959741
letterario,wrnpc_16,d,lettera,2261,1.1677084781562004,0.9589582398266355,0.9746615764919854,0.9136256635015337
letterario,wrnpc_16,l,lettera,1761,1.1336221637361656,1.0063612860057265,1.0147340097822417,1.0831940275060847
letterario,wrnpc_16,m,lettera,1153,1.1353122721903648,0.9403444246122196,0.9398264126580281,1.0068915273590575
letterario,wrnpc_16,c,lettera,1135,1.1627905545656585,0.9064848716123026,1.0312536935124372,1.0210206017612689
letterario,wrnpc_16,u,lettera,1131,1.192515952702023,0.9975283220351536,0.9635988327963944,0.926374607477335
letterario,wrnpc_16,w,lettera,1126,1.1019297619696475,0.9774306705361545,1.0257452030784784,0.9947050281023364
letterario,wrnpc_16,f,lettera,1096,1.1957063569849813,0.9960734480193808,1.0355167445786542,1.0676395818377413
letterario,wrnpc_16,g,lettera,1000,1.15625396392054,1.0156777265062658,0.9743946178182924,1.0035448554072584
letterario,wrnpc_16,p,lettera,826,1.192069921951209,0.9909726595237943,0.960603223650681,1.0946102728178175
letterario,wrnpc_16,y,lettera,755,1.0355558464471106,0.8973772865317615,1.0172784489705928,0.9954719110024197
letterario,wrnpc_16,the,funzione,749,1.2264167009072924,1.0113897824032885,0.9876036658946389,0.9885743342898378
letterario,wrnpc_16,and,funzione,426,1.1705452753885588,0.9823176974017592,1.0116087565255452,0.9306376581316084
letterario,wrnpc_16,of,funzione,312,1.317728547439225,0.9336684731677812,1.0977012730017401,1.2932401442072192
letterario,wrnpc_16,to,funzione,292,1.010311995463881,1.0301557244208954,1.0649444664662988,1.1399863860384303
letterario,wrnpc_16,he,funzione,191,1.3196628519193494,1.071178511416556,1.2701477995028523,1.6620402495819502
letterario,wrnpc_16,that,funzione,184,1.1382381244703028,1.0055716272613822,0.9802708373105954,1.039970725181191
letterario,wrnpc_16,pierre,keyword,65,1.4516915572253974,1.0055052575027355,1.3711086289858063,1.1453971870662882
letterario,wrnpc_16,french,keyword,43,1.1863507042928398,0.9450505209700837,1.1708427481333061,1.46456702147172
letterario,wrnpc_16,army,keyword,38,1.403822382348394,0.969168100258946,1.3929565875135221,2.229474032456772
letterario,wrnpc_16,prisoners,keyword,28,1.2439443192653807,0.9298976401141,1.2230851851373152,1.6307814049138
letterario,wrnpc_16,kutúzov,keyword,30,1.341921408945691,0.9968446331169898,1.3480744737692811,1.6881103316151644
letterario,wrnpc_16,moscow,keyword,26,1.054452200987468,0.9420133679967181,1.0555566853438352,0.9825028824763735
letterario,wrnpc_16,whole,keyword,24,1.270526202915054,0.9843854307634458,1.287014021048468,1.6150873659859792
letterario,wrnpc_16,as,appaiata,61,1.0433826268999755,0.9427582768471482,1.0295097181322987,0.9644141999280378
letterario,wrnpc_16,this,appaiata,41,0.9401762267214677,1.066183520534777,0.8874672919047307,0.7800447569607768
letterario,wrnpc_16,be,appaiata,38,1.1780093220285894,1.066806424449829,1.1677497746476664,1.1519927905692255
letterario,wrnpc_16,been,appaiata,28,0.9645975258966051,0.9100868701348972,0.9542409124756142,1.016913071772952
letterario,wrnpc_16,so,appaiata,29,1.0130217198395042,0.9738072919031003,1.0160595116173727,1.0068417020081308
letterario,wrnpc_16,man,appaiata,28,1.168915824581736,1.0160220369155744,1.1881944229866581,1.4772587630456941
letterario,wrnpc_16,could,appaiata,24,1.113222221578955,0.934151951700566,1.0452443311088784,1.1539647084487121
letterario,wrnpc_17,vocali,vocali,17534,1.2496890841234394,0.9603672740541725,1.0089965732297488,0.46240826799617235
letterario,wrnpc_17,spazio,spazio,9503,1.089456900495858,0.9543910365326455,0.9258412879978845,0.5432161712880252
letterario,wrnpc_17,e,lettera,5921,1.1797111225966386,1.016727659389754,0.9862120070594648,0.8643353366852318
letterario,wrnpc_17,t,lettera,4425,1.2887841496227728,0.8602371108127623,0.9416225027372711,0.8717734683658946
letterario,wrnpc_17,a,lettera,3793,1.0260539792661367,1.0305041334147467,1.0410844299482527,0.8526318171888094
letterario,wrnpc_17,o,lettera,3471,1.2271843372754117,0.9524696094795932,1.013854379124998,0.8925703889983784
letterario,wrnpc_17,n,lettera,3458,1.194213071048117,1.001472133092017,0.9591105183672104,0.8479376828856208
letterario,wrnpc_17,s,lettera,3198,1.0628403627345826,1.0094945259479902,0.9419529438261538,0.944696808068111
letterario,wrnpc_17,h,lettera,3162,1.1446045095560937,1.0120703902843282,0.8991454205165864,0.8658062791747679
letterario,wrnpc_17,i,lettera,3119,1.3107543817131564,1.0197237183430727,1.024066338126431,0.8840019641645822
letterario,wrnpc_17,r,lettera,2913,1.1099974993133326,0.9695631596972426,1.045347820921412,0.9010675990823543
letterario,wrnpc_17,d,lettera,2252,1.224602155359129,0.9945244930928091,0.9009416204643736,0.940291284432038
letterario,wrnpc_17,l,lettera,1747,1.0364331412810988,0.948634756726637,0.9644976768332972,0.9999202001287796
letterario,wrnpc_17,u,lettera,1230,1.1584263875034808,0.9702972145122412,0.9997439106600221,0.9600413314413203
letterario,wrnpc_17,f,lettera,1198,1.084446503779772,0.8989081176477981,0.9781649798814511,1.0584602618862917
letterario,wrnpc_17,c,lettera,1160,1.1984904581473548,1.0473635585714798,1.0439945444793524,1.018112859234028
letterario,wrnpc_17,m,lettera,1113,1.0072173087454932,0.9502687485240248,1.0185930479390755,0.9921302356606077
letterario,wrnpc_17,w,lettera,1079,1.2070097327071292,0.9752015519482592,0.9452442107996076,0.973380216674707
letterario,wrnpc_17,g,lettera,958,1.245126508776309,1.0263209026185984,0.957539016908551,0.9516101454683538
letterario,wrnpc_17,y,lettera,877,1.1677786343578695,1.009467341320614,0.9657199189487923,0.9087791802385972
letterario,wrnpc_17,p,lettera,783,1.0709366313800852,0.9358753005039095,0.923758744552952,1.0319399874920323
letterario,wrnpc_17,the,funzione,651,1.4972497075060902,0.9745548983572357,1.1474139237602514,1.2638538948622564
letterario,wrnpc_17,and,funzione,470,1.07997442612754,0.9476934155366932,0.9622508788401766,0.8886460492278943
letterario,wrnpc_17,of,funzione,357,1.215240429204443,0.9449283572401833,1.0865698764214875,1.1422290348424247
letterario,wrnpc_17,to,funzione,294,1.1987577609508395,1.000548661745227,1.114124737642034,1.0749337233137788
letterario,wrnpc_17,that,funzione,174,1.2151654258813966,1.0150702766983553,1.0464772178854627,1.0227023676192146
letterario,wrnpc_17,in,funzione,156,0.9522538541979509,1.0056578592207768,0.9858936347690044,0.9251674636300471
letterario,wrnpc_17,french,keyword,47,1.3717506955291887,1.0084979100946654,1.307875508728654,2.661521755188396
letterario,wrnpc_17,army,keyword,46,1.502712769572418,1.0405513035751512,1.4243140396200673,2.735161526185062
letterario,wrnpc_17,natásha,keyword,47,1.5395341482017857,0.9065062895389664,1.4877455486560434,1.1105735236536092
letterario,wrnpc_17,kutúzov,keyword,41,1.330206211063634,0.9340196734018983,1.3811935773260304,3.0434049048636647
letterario,wrnpc_17,russian,keyword,33,1.4272106845169332,0.9528525526955481,1.3670798672169984,2.231651744401573
letterario,wrnpc_17,life,keyword,27,1.3502759374629028,0.9438900272082322,1.3393486087134339,2.0624440119325897
letterario,wrnpc_17,mary,keyword,25,1.5798032312120796,1.0106395562520094,1.4233075389860446,1.8297456523164253
letterario,wrnpc_17,you,appaiata,48,1.3002857389101636,0.9869139686185537,1.2510229064730585,2.108419599505095
letterario,wrnpc_17,who,appaiata,46,1.1175862941015042,0.9989456585108866,1.099860130989221,1.827230625173402
letterario,wrnpc_17,them,appaiata,42,1.1360344361072623,1.0037963833149415,1.1593062959409688,1.342950756925226
letterario,wrnpc_17,him,appaiata,37,1.2749151239044922,1.0765300442917045,1.2339720391795035,1.5846463752181317
letterario,wrnpc_17,did,appaiata,34,1.0348039288715745,0.9728040173459385,1.0465793183583678,1.231172262957204
letterario,wrnpc_17,there,appaiata,27,1.0264880773764524,1.0243532041298649,1.0161648154642282,0.9424590671289595
letterario,wrnpc_17,now,appaiata,23,1.3120289905924414,0.9680340953278718,1.2409590508005344,1.52111594345303
letterario,wrnpc_18,vocali,vocali,17704,1.3672178301352202,1.0019976113906266,0.9966064350664174,0.45573059565756485
letterario,wrnpc_18,spazio,spazio,9734,1.0359730862374654,1.0453001427305837,1.007959221690787,0.5338894590875649
letterario,wrnpc_18,e,lettera,5936,1.236078671726226,1.0390430461662439,0.9551978174239039,0.8366201588934811
letterario,wrnpc_18,t,lettera,4036,1.195315913485054,0.9224343928818105,1.0069106091062816,0.899799234813662
letterario,wrnpc_18,a,lettera,3832,1.1339412847462593,0.995937911698625,1.0090371928882413,0.8787551017758536
letterario,wrnpc_18,o,lettera,3506,1.0343376844212337,0.9317356796889622,1.0651583289514803,0.8827159617240673
letterario,wrnpc_18,s,lettera,3369,1.1143309429651518,1.00448286677229,1.0041804120468159,0.9278082948689774
letterario,wrnpc_18,h,lettera,3369,1.2369277464610609,0.9724243741817444,0.9628517805704765,0.8368097384170629
letterario,wrnpc_18,n,lettera,3366,1.05803257025757,0.9262914165663982,0.983085793342196,0.8598318044082086
letterario,wrnpc_18,i,lettera,3222,1.0647286264003235,1.0444910326190529,1.0445443027054584,0.9031093211482067
letterario,wrnpc_18,r,lettera,2656,1.209773183629915,0.9751287336128391,1.0046119589583744,0.9234426911688667
letterario,wrnpc_18,d,lettera,2271,1.2326538691659195,0.9491814100543324,1.0068244468791392,0.9858182146510943
letterario,wrnpc_18,l,lettera,1823,0.953267127612333,1.102665420945449,0.966345972344207,1.056727528531508
letterario,wrnpc_18,m,lettera,1219,1.0224813725569275,0.9965566563423364,0.9480977707563931,0.9877641990370291
letterario,wrnpc_18,u,lettera,1208,1.1551184698673485,0.9342205432224127,0.9356992395620964,0.9597282107945747
letterario,wrnpc_18,c,lettera,1158,1.23563107961376,1.033389158928232,0.9670121183948638,1.092951455194161
letterario,wrnpc_18,f,lettera,1078,1.1494782523229599,0.9969005147105087,0.912644345324622,0.9656120169225473
letterario,wrnpc_18,w,lettera,1055,1.192869905525452,0.9349235183261059,1.0249705207210749,0.9570583151469709
letterario,wrnpc_18,y,lettera,881,1.3133654288559677,0.9567289888369106,1.0392273698594032,1.011013064937715
letterario,wrnpc_18,g,lettera,827,1.2297374027848347,0.9817518403639491,1.0191393151862596,1.0243444045166838
letterario,wrnpc_18,p,lettera,788,1.2836902066186366,0.9363644324868323,1.0425238596185464,1.1315098811507902
letterario,wrnpc_18,the,funzione,540,1.470110079072472,1.0332507248078031,1.0208982425974078,1.0976578479661083
letterario,wrnpc_18,and,funzione,442,0.9911062636070836,0.9484656771466229,0.9324571348799685,0.936943362314587
letterario,wrnpc_18,to,funzione,353,1.0931451773811465,0.9247160112357596,1.0385471861716413,0.9805665696749976
letterario,wrnpc_18,of,funzione,266,1.28940818601574,0.9737434718606574,1.1035374780395137,1.1880776192887554
letterario,wrnpc_18,he,funzione,233,1.4222137949135873,1.0331555068131208,1.3262661957353876,1.766435858605164
letterario,wrnpc_18,her,funzione,228,1.551024801302189,1.026651695487357,1.4723435569183574,2.1211305975218417
letterario,wrnpc_18,nicholas,keyword,64,1.1991745944436862,0.9425019987842003,1.1592697919228947,0.9465358214544219
letterario,wrnpc_18,countess,keyword,42,1.2519987345010979,0.9587490601411215,1.1959647934373265,1.283480573625973
letterario,wrnpc_18,mary,keyword,42,1.30565845690715,1.0352284456051306,1.2801033658458276,1.1962168506274815
letterario,wrnpc_18,natásha,keyword,31,1.3441941000165052,1.003242828890088,1.2470310534823914,2.6711612389707162
letterario,wrnpc_18,always,keyword,23,1.0567207685089077,0.9377358737305387,1.0294461354933528,0.857781319608355
letterario,wrnpc_18,sónya,keyword,24,1.4014454739897964,0.9794777283206745,1.320380772903789,2.015648921263613
letterario,wrnpc_18,room,keyword,20,1.2760651909136558,1.0088566918572563,1.2470059202412391,1.554645453644013
letterario,wrnpc_18,from,appaiata,62,1.0968946396449726,0.9592096337075428,1.1268676854357678,1.2372243057864318
letterario,wrnpc_18,by,appaiata,46,1.1284554154446256,1.0822517479142493,1.088338678417923,1.434763742469938
letterario,wrnpc_18,said,appaiata,39,1.2626842955281377,1.025959385445368,1.1956567044274893,1.5232545089433822
letterario,wrnpc_18,could,appaiata,24,1.200976467104636,0.9403211458756369,1.1659974355072757,1.4810570002949328
letterario,wrnpc_18,an,appaiata,23,1.10976139218103,1.0165561285285059,1.0506735966413527,1.040852134221647
letterario,wrnpc_18,herself,appaiata,23,1.2649352523250774,0.9024428775810817,1.1567420765289136,1.287653854488209
letterario,wrnpc_18,after,appaiata,20,1.0135433301716479,0.9500104042701257,1.002390510845762,1.0822916618239289
letterario,wrnpc_19,vocali,vocali,18826,1.2689923578352045,0.9282671160650394,0.9592191455537713,0.4473530670775821
letterario,wrnpc_19,spazio,spazio,9491,1.2097342731355563,0.8752553915900352,0.9858407624780421,0.5750972086927209
letterario,wrnpc_19,e,lettera,6348,1.1987274836679667,0.984247132063819,0.941368630140142,0.8494045571740252
letterario,wrnpc_19,t,lettera,4601,1.2864238227002713,0.981820763240362,0.9272854982454936,0.8260229480974837
letterario,wrnpc_19,o,lettera,4120,1.0533684305850783,0.9121699865902144,1.0106259053117697,0.8328458811861633
letterario,wrnpc_19,i,lettera,3870,1.1474549379412657,1.043820797262718,0.9815387560617376,0.918623772255901
letterario,wrnpc_19,n,lettera,3860,1.127117922099768,1.0234230792141306,1.019159206656779,0.838278064814345
letterario,wrnpc_19,a,lettera,3428,1.102426531951128,0.979642482946843,0.8552565105442005,0.8555614636997507
letterario,wrnpc_19,s,lettera,3253,1.3649760509614386,0.9206026983718555,0.9288651023503874,1.0033754214987942
letterario,wrnpc_19,r,lettera,2461,1.2598059669244226,0.985416138195157,0.9354275692666443,0.8928325908406849
letterario,wrnpc_19,h,lettera,2434,1.2580939389192136,0.9078379085642929,0.936870581607323,0.8799814081756802
letterario,wrnpc_19,c,lettera,1798,1.1134620322277178,1.0040974066223356,0.9584209798534612,0.990231538254742
letterario,wrnpc_19,l,lettera,1719,1.12246570710403,0.9617533374322097,0.9723574598720001,1.0678240103444445
letterario,wrnpc_19,d,lettera,1545,1.3328208594492106,0.9610132626551416,0.9935234951497381,0.9855076315636112
letterario,wrnpc_19,f,lettera,1482,1.4859331978357768,0.931898674258545,1.0035235894182823,0.9489678723480656
letterario,wrnpc_19,m,lettera,1382,1.4050507886948296,1.0032925439346843,1.0188357314796785,1.0500348323679138
letterario,wrnpc_19,u,lettera,1060,1.249460630749944,0.9926638987444649,0.9785904693250179,0.9542104883172278
letterario,wrnpc_19,w,lettera,996,1.1066132969047848,0.9706150544291708,0.9912733380257905,1.0000567745802695
letterario,wrnpc_19,y,lettera,796,1.1327310959865302,0.9742364765247705,0.9722258223070505,0.9925250677471968
letterario,wrnpc_19,p,lettera,781,1.2940419366378733,0.9229843257832021,1.0813307972492774,1.0901131090212617
letterario,wrnpc_19,b,lettera,646,1.2195955840119184,0.9707694707848596,1.0117758557930527,1.0597284388342518
letterario,wrnpc_19,the,funzione,882,1.3480758187380453,0.961437059615302,1.041984311157745,1.0702758383102848
letterario,wrnpc_19,of,funzione,686,1.2770921742398558,0.970414454834048,1.0169045879895913,0.9551814489189995
letterario,wrnpc_19,and,funzione,331,1.1151265362065779,0.929996060436694,0.9921416079544277,1.0133823093194343
letterario,wrnpc_19,to,funzione,252,1.0754546740179707,1.0273466575368,0.9843114858461286,1.0407041747562222
letterario,wrnpc_19,in,funzione,231,1.1384787387091642,0.9572892072992292,1.0135781918620796,1.0421718990307243
letterario,wrnpc_19,is,funzione,222,1.255635383093185,1.0015162910291977,1.0675975555123627,1.094419935249107
letterario,wrnpc_19,will,keyword,75,1.3251404723307374,0.9571115357422029,1.206811462641993,1.4391774178804293
letterario,wrnpc_19,action,keyword,71,1.4021760298186559,0.9959139984669377,1.3630065051891773,1.7689093482114506
letterario,wrnpc_19,free,keyword,68,1.3159509537989653,1.0033394372064426,1.2971548706834255,1.1576592712613514
letterario,wrnpc_19,freedom,keyword,61,1.4291965949356324,0.9124173801225565,1.3384355451918903,1.786504780932107
letterario,wrnpc_19,time,keyword,52,1.2099714796038747,1.0299827909111101,1.178300565928633,1.3609114951343324
letterario,wrnpc_19,history,keyword,49,1.4247708243058876,0.9548726434911247,1.3436924290765244,2.1420581323343613
letterario,wrnpc_19,inevitability,keyword,46,1.4761664956483616,0.9569249297439426,1.3950898681644495,3.124401281755877
letterario,wrnpc_19,but,appaiata,77,1.02080541357308,1.0755251849983665,0.9840738664985924,0.9528737411963084
letterario,wrnpc_19,for,appaiata,73,1.1366261885810143,0.9918211638975588,1.1509656742276648,1.4383638027668662
letterario,wrnpc_19,from,appaiata,69,1.2793812387812529,0.9868702740138561,1.146322448702602,1.441837136516529
letterario,wrnpc_19,be,appaiata,60,1.0759543990157905,0.977076022196723,1.1284180117427276,1.3303277071119117
letterario,wrnpc_19,are,appaiata,51,0.9775930223727873,1.0025229453654998,1.0368794740117726,1.0094802125639661
letterario,wrnpc_19,this,appaiata,49,1.1587327390668642,1.028685559044024,1.1552247274442087,1.3516338214579235
letterario,wrnpc_19,all,appaiata,49,1.06707059769202,1.0218398283887755,1.0447491113286296,1.0091192425794513
