corpus,titolo,sequenza,tipo,n_eventi,gamma,gamma_A1,gamma_A2,cv_tau
wikipedia,Industrial Revolution,vocali,vocali,24202,1.23046598457631,0.9664506529293453,0.9596526425039319,0.5251055691645731
wikipedia,Industrial Revolution,spazio,spazio,12367,1.2083491099372314,0.9559992898446895,0.9566291106106294,0.47820888107915044
wikipedia,Industrial Revolution,e,lettera,7402,1.1881648703458283,0.9544286410599824,0.9823369392084027,0.8740363293699633
wikipedia,Industrial Revolution,t,lettera,5483,1.0924704380782646,1.0066984005561583,1.003185307048654,0.8485859924470895
wikipedia,Industrial Revolution,n,lettera,5192,1.0510116938989404,1.0765512949125535,0.9445306573063639,0.8536683240829903
wikipedia,Industrial Revolution,a,lettera,5076,1.1032107950002923,1.002063380328286,1.0035952051827424,0.8602583677998625
wikipedia,Industrial Revolution,i,lettera,4977,1.0937009053896107,0.9862081351807258,0.9945471715564976,0.8980132841346358
wikipedia,Industrial Revolution,o,lettera,4810,1.189467880893515,1.0334791521862408,0.9775455462602635,0.939563208672207
wikipedia,Industrial Revolution,r,lettera,4258,1.2164702158409788,0.9894673661819521,1.0355559120291975,0.8296050536110159
wikipedia,Industrial Revolution,s,lettera,4024,1.166785097212042,0.9560838528609247,0.9720354633639167,0.8939655255547005
wikipedia,Industrial Revolution,d,lettera,2880,1.0013355255433687,0.9958883241261173,1.0067773408681733,0.8956657921246196
wikipedia,Industrial Revolution,l,lettera,2781,1.2110090283453727,1.0357695082294789,1.0321078705105695,0.9793030878758515
wikipedia,Industrial Revolution,h,lettera,2664,1.1889993311006706,1.0478057908556322,0.9947672992753288,0.9126374407544459
wikipedia,Industrial Revolution,c,lettera,2322,1.1915153262566454,1.037372708286812,1.0371404439563623,0.9794949399717403
wikipedia,Industrial Revolution,u,lettera,1937,1.0657697459089126,0.9643586154797278,1.0331824743051394,0.9728519132701754
wikipedia,Industrial Revolution,m,lettera,1624,1.1579981467023701,0.9545184784043655,0.9810425568602122,0.9755339899064163
wikipedia,Industrial Revolution,p,lettera,1445,1.0998654869002662,1.004703248770685,1.073046419402995,1.0370266006874376
wikipedia,Industrial Revolution,w,lettera,1381,1.284130944538305,0.9437571820911298,1.066878541220799,1.0444711559483955
wikipedia,Industrial Revolution,f,lettera,1361,1.0739038015709492,0.9698309303955863,1.0155930704737228,0.9640153617279307
wikipedia,Industrial Revolution,g,lettera,1249,1.084648982086359,1.0414053396180407,0.921271664860669,1.0002776682157233
wikipedia,Industrial Revolution,y,lettera,977,1.1186977087778769,1.0476496178150316,1.036419213950153,1.0033760810467234
wikipedia,Industrial Revolution,the,funzione,898,1.0003375623222102,0.9712817491245906,1.0201215680752906,0.9704789072600737
wikipedia,Industrial Revolution,and,funzione,494,1.149071482745435,1.0020698365820357,0.9725548290167533,0.9079061986318305
wikipedia,Industrial Revolution,in,funzione,444,1.069173265110462,0.9814067588329269,1.0320937781700839,0.9648600821603065
wikipedia,Industrial Revolution,of,funzione,442,1.0735130935089017,0.975196871062774,0.995301490231339,0.959986757706426
wikipedia,Industrial Revolution,to,funzione,276,0.9911276827747946,0.9479688334297878,0.9717721679502831,0.9246037615057879
wikipedia,Industrial Revolution,was,funzione,228,1.1751838763980615,0.9879702304160755,1.1034360616915382,1.167043810675448
wikipedia,Industrial Revolution,industrial,keyword,93,1.233955641667151,0.9679178042828589,1.113285994020546,1.1919440885953025
wikipedia,Industrial Revolution,revolution,keyword,63,1.1773736391155087,0.9919188063382287,1.1120728448682895,1.211132760635253
wikipedia,Industrial Revolution,iron,keyword,64,1.5797603408879062,0.9247136447844001,1.3830972700704336,2.5910946816738742
wikipedia,Industrial Revolution,cotton,keyword,57,1.625512779730126,0.9441541973536136,1.574969492064399,3.9641997982906942
wikipedia,Industrial Revolution,century,keyword,57,1.0067031030609885,0.9917972299053112,1.0049999792847792,1.0172032748699418
wikipedia,Industrial Revolution,first,keyword,48,1.1267106443226393,0.9306024348915344,1.1435857526503266,1.1894679833887056
wikipedia,Industrial Revolution,production,keyword,41,1.1838441402968818,1.0092870874870614,1.1746811176282284,1.553794501788544
wikipedia,Industrial Revolution,as,appaiata,98,1.04707440508415,1.066022147670358,1.0920722127927043,1.1942378776038716
wikipedia,Industrial Revolution,from,appaiata,56,1.0473321284496573,1.050005125775613,1.04434584102608,1.1646000642883367
wikipedia,Industrial Revolution,on,appaiata,55,1.0457416199608816,0.9694569936042736,1.0686337891137354,1.010077456312326
wikipedia,Industrial Revolution,which,appaiata,54,1.0496186392793265,1.0272328399698223,1.0439764088923948,0.9218138798816363
wikipedia,Industrial Revolution,had,appaiata,50,1.0513683483817517,0.8998820163212743,1.0114820501887172,1.0109419381221505
wikipedia,Industrial Revolution,that,appaiata,47,0.9478805329228519,0.9914367137445087,0.9356885170614965,0.7873143255936517
wikipedia,Industrial Revolution,coal,appaiata,44,1.3355563346763208,0.9721951785218259,1.273082098164145,2.1399978578382854
wikipedia,Protestantism,vocali,vocali,24879,1.102311285894896,0.9863918625916369,1.0507032852461329,0.49020993587114814
wikipedia,Protestantism,spazio,spazio,11773,1.3439752187770777,0.9243224065120389,0.9857346521337016,0.5204497641154208
wikipedia,Protestantism,e,lettera,7779,1.2026123953532704,0.9784279755113814,1.0264512325312547,0.8303390387127746
wikipedia,Protestantism,t,lettera,6263,1.1383118681269957,1.002303665184166,0.9586398962777846,0.8288638058680583
wikipedia,Protestantism,i,lettera,5458,1.15980263497897,0.9718775921159931,0.9527436110967961,0.8841117653140675
wikipedia,Protestantism,a,lettera,5350,1.2206895352368639,0.9973246528817841,0.9327833357918535,0.8181356333471487
wikipedia,Protestantism,n,lettera,5137,1.274375670509089,0.9666767834554174,0.9129901814844069,0.8453205178667017
wikipedia,Protestantism,o,lettera,4697,1.1613657521615408,0.958304695136034,0.9763559490360206,0.8810201825711009
wikipedia,Protestantism,r,lettera,4366,1.1518746586689854,1.0240199102155734,0.9969067162370432,0.8444322240818423
wikipedia,Protestantism,s,lettera,4296,1.2060261211017678,0.9540870953137541,1.0114487986628091,0.9191540964335081
wikipedia,Protestantism,h,lettera,3603,1.1978783472789984,0.9995579651885174,0.950891514970428,0.9252601896288879
wikipedia,Protestantism,l,lettera,2629,1.132709065157718,0.9721889556130296,0.9352889195986842,0.9931073384898549
wikipedia,Protestantism,c,lettera,2561,1.1647831683022973,0.9485569112342075,0.981837821026887,0.9853579913253727
wikipedia,Protestantism,d,lettera,2350,1.0417453851433756,0.9737994860363699,0.9959280532394242,0.9474624876945013
wikipedia,Protestantism,m,lettera,1869,1.3089210625661214,0.9848960418537538,1.0008194054978385,1.0444130620054157
wikipedia,Protestantism,u,lettera,1595,1.141945839451532,0.9134681989812362,0.9275824920600666,0.9303906644547929
wikipedia,Protestantism,f,lettera,1506,1.1851754405276795,1.0242218027006447,1.0081903110647827,1.0205542066660025
wikipedia,Protestantism,p,lettera,1286,1.2723578111411438,0.9309615624046653,1.0443289896607653,1.1309215088185633
wikipedia,Protestantism,g,lettera,1212,1.2529681480530668,0.9694618256426674,1.0369967195251892,1.0390777576545076
wikipedia,Protestantism,y,lettera,873,1.1670414921247707,1.0243838903751386,0.9529140622262947,0.9694162696840026
wikipedia,Protestantism,b,lettera,822,1.259840943745299,1.0164875568528164,0.9648813026555834,1.0025522482484621
wikipedia,Protestantism,the,funzione,1096,1.273773884645021,1.003867027324335,1.0387349261842436,0.9239406623771642
wikipedia,Protestantism,of,funzione,608,1.1402723659138352,0.979793409440698,1.0206053562107098,0.9886426272530919
wikipedia,Protestantism,and,funzione,406,1.0781157312378549,0.9767163436159918,0.9927028388883471,0.8805709776601516
wikipedia,Protestantism,in,funzione,328,1.2101631040640735,1.003221812713939,1.0978171911980352,1.082118582100591
wikipedia,Protestantism,to,funzione,236,1.1795569377231716,1.009083406789993,1.0510834189756155,1.118797228415151
wikipedia,Protestantism,as,funzione,172,1.0607476775998483,0.9592223165766752,0.9545398753904619,0.9502931553130738
wikipedia,Protestantism,church,keyword,125,1.1679323008414437,1.0275854632987234,1.0763405568750235,1.225746891639286
wikipedia,Protestantism,protestant,keyword,85,1.2339950087921294,0.966655427199722,1.1217893968841934,1.1491641696293728
wikipedia,Protestantism,churches,keyword,59,1.2337856937978386,0.994499360042246,1.1384374105432344,1.7031765690353264
wikipedia,Protestantism,reformation,keyword,60,1.1744543920775088,0.9299392094468696,1.2050391330973753,1.404731852419832
wikipedia,Protestantism,movement,keyword,58,1.2687832236498586,1.0064195883209948,1.2303576660714228,1.530671512194396
wikipedia,Protestantism,reformed,keyword,47,1.2094625509241723,0.9583576543706575,1.1676272250044526,1.7659047687010316
wikipedia,Protestantism,catholic,keyword,45,1.182155014816393,0.9286583267778097,1.1431778561346608,1.2658587502698364
wikipedia,Protestantism,that,appaiata,107,1.2240874303554565,0.9813399503881332,1.110810925651492,1.3368553680502113
wikipedia,Protestantism,was,appaiata,75,1.1328510294324459,1.0190297512427409,1.1407455993517697,1.42015848655928
wikipedia,Protestantism,from,appaiata,59,1.075598793559187,0.9563091847913178,1.1438545735855656,1.1935352162408681
wikipedia,Protestantism,which,appaiata,58,1.1449025520642884,0.95440506262524,1.075542547692501,1.1934336706028115
wikipedia,Protestantism,or,appaiata,56,1.103131416693365,0.9900393238781741,1.1101130653751425,1.3602515680357985
wikipedia,Protestantism,were,appaiata,48,1.1614140881502666,0.9641777716239778,1.0864241204149165,1.0740541743816048
wikipedia,Protestantism,their,appaiata,43,1.139056272753283,1.0239737936512154,1.1209913642671459,1.2656909759155628
wikipedia,Sigmund Freud,vocali,vocali,24767,1.2964966122174302,1.015161005571678,1.0625485603948233,0.5255640620765644
wikipedia,Sigmund Freud,spazio,spazio,12303,1.227576268704121,1.008233341742419,0.9560552697664133,0.49851113606651093
wikipedia,Sigmund Freud,e,lettera,7965,1.2298435982994345,0.9440988778222058,0.9148626395700085,0.8241724097649414
wikipedia,Sigmund Freud,t,lettera,5412,1.1519509637399301,1.0070305153573662,0.9869827989109105,0.8959114381729136
wikipedia,Sigmund Freud,i,lettera,5244,1.2467712313284127,0.941762041883447,0.9633774545457795,0.8871922868424795
wikipedia,Sigmund Freud,a,lettera,5022,1.259025367173685,0.9885026816602785,0.9816032032373587,0.8764008390426514
wikipedia,Sigmund Freud,n,lettera,4745,1.1499039697131574,1.0632911750414793,0.997738685410506,0.8747626622925039
wikipedia,Sigmund Freud,s,lettera,4600,1.2888267865071168,1.0004593307279654,1.0008462808085155,0.9342863215041154
wikipedia,Sigmund Freud,o,lettera,4557,1.1526707231438154,0.9701135163790481,0.9150883794932337,0.8818117043368999
wikipedia,Sigmund Freud,r,lettera,4126,1.134224180361675,0.9543728100880604,0.968880015232629,0.866464159333386
wikipedia,Sigmund Freud,h,lettera,3216,1.1953084864585157,0.9847312359177168,0.9263312331292338,0.8436411576468906
wikipedia,Sigmund Freud,d,lettera,2754,1.2040294199475867,0.9510837743158896,1.0066160719559283,0.933922053470639
wikipedia,Sigmund Freud,l,lettera,2470,1.1667917087377995,0.9741401611224604,0.974309913876322,1.0148204241163143
wikipedia,Sigmund Freud,c,lettera,2363,1.2988740177741487,1.0265769853137205,1.0208086271830015,1.0664897986466613
wikipedia,Sigmund Freud,u,lettera,1979,1.0906044438992366,1.0048553945556342,0.9450110216356954,0.8977630319102
wikipedia,Sigmund Freud,f,lettera,1856,1.0915347594238023,0.9912710153880928,1.0488219430898054,0.9232961519047328
wikipedia,Sigmund Freud,p,lettera,1512,1.2289133768576954,1.0257538232871173,1.0863625690075684,1.0159744242852518
wikipedia,Sigmund Freud,m,lettera,1405,1.0294777950105185,0.9722941471322833,0.9862022407752088,1.0274556781202695
wikipedia,Sigmund Freud,y,lettera,1206,1.1808197945793708,0.9983634687253193,1.0105032738796924,1.0882451253789822
wikipedia,Sigmund Freud,g,lettera,1027,1.169741236006995,0.9739326310388176,1.0071118969869313,1.0641837982751423
wikipedia,Sigmund Freud,w,lettera,915,1.238097992702071,0.9512674256637818,1.0626811674268366,1.0047978570983702
wikipedia,Sigmund Freud,the,funzione,817,1.422820981526361,0.991416738913451,1.0235476904777776,1.014477247958686
wikipedia,Sigmund Freud,of,funzione,606,1.1720829802967156,0.9617922196592635,1.0597326801770488,0.9748799596362234
wikipedia,Sigmund Freud,and,funzione,420,1.025962310592747,1.0010213578098628,0.9432040659005446,0.9006927643828199
wikipedia,Sigmund Freud,in,funzione,389,1.1450992881874327,1.0145542749112935,1.0140975171569382,0.9985089118520081
wikipedia,Sigmund Freud,to,funzione,309,1.0932745505753108,0.9950741089209222,1.0181714241566402,0.987215143719843
wikipedia,Sigmund Freud,his,funzione,226,1.1808215713010375,0.9894340808635071,1.0588227529132992,1.2465723906543447
wikipedia,Sigmund Freud,freud,keyword,301,1.1835703499490207,0.9411039520885888,1.0037095622451673,0.9017919920286446
wikipedia,Sigmund Freud,freud's,keyword,99,1.2634080374524002,0.9758915503444904,1.1507272947297642,1.1250707158700208
wikipedia,Sigmund Freud,work,keyword,47,1.194712761377153,0.9556220572923312,1.1680896946045323,1.2094208799846031
wikipedia,Sigmund Freud,psychoanalytic,keyword,41,1.4521573969226378,0.9637387127417266,1.3441345645843785,2.8753879036037864
wikipedia,Sigmund Freud,theory,keyword,37,1.2571297230189733,0.9436470250089499,1.2121124349379737,1.5444658278990875
wikipedia,Sigmund Freud,unconscious,keyword,36,1.3923364666305527,0.9971771199557259,1.2983730278850336,1.8522060081130256
wikipedia,Sigmund Freud,sexual,keyword,29,1.3362246337642139,0.9693385209009436,1.272880192663881,2.033499305896859
wikipedia,Sigmund Freud,was,appaiata,141,1.100330782034294,0.9498784382837172,1.0439709974803584,1.160451857806574
wikipedia,Sigmund Freud,on,appaiata,101,0.9901226681307156,0.9855505867579405,0.967818829769706,0.9073964084389131
wikipedia,Sigmund Freud,is,appaiata,41,1.3261060326349834,0.9823495310625056,1.2464285714271794,2.646758655039165
wikipedia,Sigmund Freud,this,appaiata,41,1.033948802480186,1.0337721906884694,1.041924315571339,1.1211272494672253
wikipedia,Sigmund Freud,its,appaiata,37,1.1757321570296364,1.0756471611978762,1.1667351705684583,1.635150392612771
wikipedia,Sigmund Freud,who,appaiata,37,1.120999194498569,0.9503148432977171,1.0842059276910534,1.3102187077853653
wikipedia,Sigmund Freud,also,appaiata,28,1.0438762299708835,0.968282804105922,1.0450773480455304,1.0797148823647915
wikipedia,Christianity,vocali,vocali,24708,1.2407478118509112,0.9462527537761355,0.9566502452583943,0.5054138300514747
wikipedia,Christianity,spazio,spazio,12019,1.2726352825069775,1.0689131754180021,0.898791114433734,0.495598644318909
wikipedia,Christianity,e,lettera,7318,1.2244581766251263,0.9819937058945616,1.0052002515467875,0.8874155288793231
wikipedia,Christianity,t,lettera,6132,1.219868425420326,1.0203294535703693,0.9328435648946659,0.8168372398519437
wikipedia,Christianity,i,lettera,5795,1.1733723126789364,1.0061956960440852,0.9797580167495937,0.8874682843743172
wikipedia,Christianity,a,lettera,5346,1.2137835090360902,0.9802201120693751,0.9702089450997707,0.8145735366356822
wikipedia,Christianity,n,lettera,5106,1.1862283330565826,1.0136846546770033,0.9564176322227637,0.8441020647307937
wikipedia,Christianity,o,lettera,4572,1.1026532804838807,0.9709769398203784,0.9500516670764153,0.8997453007957452
wikipedia,Christianity,s,lettera,4532,1.1809014220901717,0.9690927025810611,1.0246005339557562,0.9151035196787927
wikipedia,Christianity,r,lettera,4352,1.1100865066655259,0.9486599911680623,0.9468663893344357,0.8212453860682569
wikipedia,Christianity,h,lettera,3793,1.2337596467307717,1.0305570105794137,0.9627900295686178,0.8928531101212219
wikipedia,Christianity,c,lettera,2956,1.3257546875502766,1.0587765522445565,0.9691705899412978,1.0082307469045142
wikipedia,Christianity,l,lettera,2387,1.2269101523235852,0.9701142770824264,0.9878834906346571,1.028278667304104
wikipedia,Christianity,d,lettera,2385,1.1435915261393657,0.9158035983538158,1.0227376484037072,0.8931252167917805
wikipedia,Christianity,u,lettera,1677,1.226952196433448,0.9816798313320122,0.9662042733722803,0.997010659401719
wikipedia,Christianity,m,lettera,1480,1.1977647014099437,0.9446344084484708,0.9929648405229882,0.9892287479317978
wikipedia,Christianity,f,lettera,1331,1.1488984043375867,0.9708662877611403,1.0283204277943792,0.9754959055705305
wikipedia,Christianity,p,lettera,1203,1.1407963848551634,0.918729276694133,0.9554696237443246,1.1036544428084667
wikipedia,Christianity,g,lettera,1158,1.1490880022103427,1.0215821998843553,0.9769141786392334,1.0117105206156582
wikipedia,Christianity,y,lettera,974,1.1272164515048062,1.0046894113082827,1.0279561519585068,1.0042872432435144
wikipedia,Christianity,w,lettera,788,1.2360835792057545,1.0076944285838156,0.9783385130187927,1.0142909240753455
wikipedia,Christianity,the,funzione,1150,1.223531198185918,0.9446585075127247,0.9920839046187377,0.9596624225028763
wikipedia,Christianity,of,funzione,587,1.1207236723450027,1.0237470414125966,0.9353755915874045,0.8914877685826373
wikipedia,Christianity,and,funzione,509,1.186108720869182,1.0363810707166758,1.0466384186349043,0.90988209155168
wikipedia,Christianity,in,funzione,393,1.1975973922479535,0.960025609310848,1.0256457504150316,1.0474818799609926
wikipedia,Christianity,to,funzione,219,1.1361877894551646,1.0032971966791637,1.1558758537126865,1.2897861068843965
wikipedia,Christianity,as,funzione,143,0.9629659219082876,0.9730847743545498,0.9972491983097065,1.0521014753059528
wikipedia,Christianity,church,keyword,114,1.3281047884629071,0.9700090964057994,1.239166733007533,1.7296881292534656
wikipedia,Christianity,christian,keyword,104,1.0668327029403588,0.9767931493640947,1.0640699363350172,1.1130978766033426
wikipedia,Christianity,christianity,keyword,81,1.2916620167766368,1.0051004886002988,1.210191595587593,1.4962839502575564
wikipedia,Christianity,christians,keyword,74,1.1889532817966766,1.0038818551529622,1.0887216896654637,1.1386558003416452
wikipedia,Christianity,catholic,keyword,62,1.32240066754235,0.9315712870763183,1.263945872789234,1.899432957730877
wikipedia,Christianity,jesus,keyword,59,1.5214774405739595,0.993605296573287,1.3754439573212711,2.26838455134394
wikipedia,Christianity,churches,keyword,58,1.2528560543455962,0.9681893007093088,1.1675341577508227,1.5804751322156938
wikipedia,Christianity,that,appaiata,105,1.226401042645999,0.9708356715653519,1.1426692250967354,1.51420472824922
wikipedia,Christianity,are,appaiata,87,1.1707277126144982,0.9948534544506504,1.1139532488901416,1.8569407704186411
wikipedia,Christianity,by,appaiata,86,1.1415159026526311,0.9315558993233714,1.1078222530067572,1.0546078764904883
wikipedia,Christianity,with,appaiata,66,0.9844731058486393,1.0156526500729661,0.9407223352452015,0.9649930446872994
wikipedia,Christianity,from,appaiata,62,1.1033389656898847,0.9918365804611385,1.0902645818724859,1.3124837109124199
wikipedia,Christianity,which,appaiata,58,1.1499913209765986,0.9331502055157409,1.0915126461494515,1.3207156110550637
wikipedia,Christianity,was,appaiata,55,1.1674731508066132,0.9572451410357866,1.1587718508957872,1.7608266859668853
wikipedia,Judaism,vocali,vocali,24606,1.5047110393801637,0.9418663432936466,1.002104403720219,0.5524280388277824
wikipedia,Judaism,spazio,spazio,12301,1.3574616895829128,0.9959580363701823,1.0372641414913581,0.500509569444477
wikipedia,Judaism,e,lettera,7519,1.2881390916615199,0.9878792831439968,0.9937633783284472,0.8719220741808881
wikipedia,Judaism,a,lettera,5518,1.0863923005591911,0.9768511324788732,0.9422716754543647,0.8660496931614078
wikipedia,Judaism,t,lettera,5431,1.1486526072799172,0.972603965737011,1.0296491537421542,0.9040386296225033
wikipedia,Judaism,i,lettera,5254,1.3073055844096628,0.9941492079503581,0.9971562201432782,0.9001806954093499
wikipedia,Judaism,o,lettera,4780,1.1063261870114849,0.9993166490472336,0.964454554252857,0.8973071956387398
wikipedia,Judaism,s,lettera,4400,1.1133229979318577,1.0252156171363636,1.0035708583792757,0.9009549097582009
wikipedia,Judaism,n,lettera,4340,1.1810898847092561,0.9950665941079381,0.9792011021141959,0.8876913728856396
wikipedia,Judaism,r,lettera,4160,1.2707440894724453,1.0312450831327022,0.9835943927151365,0.8319588789285335
wikipedia,Judaism,h,lettera,3464,1.2021656798783396,0.9443109459944011,0.9752141668169146,0.9290724778771828
wikipedia,Judaism,d,lettera,2522,1.2261810327026492,0.9956331848095253,0.9837889706436034,0.9255344533672603
wikipedia,Judaism,l,lettera,2513,1.0164476132720155,0.9909110845656585,1.0567881636433891,1.0092805164344696
wikipedia,Judaism,c,lettera,2009,1.0878460515167554,0.9088008935521091,0.9980051761476831,0.9707542589979443
wikipedia,Judaism,m,lettera,1845,1.1459428196728814,1.0094380892511545,0.9734865191332066,1.0359559716988902
wikipedia,Judaism,u,lettera,1535,1.157124040405423,0.9913789257989473,0.9686145767538955,0.9417636510435864
wikipedia,Judaism,f,lettera,1230,1.1243345427781133,1.0074515473629204,1.037938500843367,0.9903948813443264
wikipedia,Judaism,g,lettera,1123,1.233274421477104,0.9456086141339494,1.0441091547627337,1.1127899409003301
wikipedia,Judaism,p,lettera,1076,1.143425455068509,1.0485940836251857,1.0063071834699369,1.1291378083943981
wikipedia,Judaism,w,lettera,1053,1.27206035305933,0.9917237657159004,0.9790688662710668,1.0168651767677506
wikipedia,Judaism,b,lettera,1052,1.0805840308386485,1.0151723038791167,0.9664742265176152,1.1504651345816168
wikipedia,Judaism,the,funzione,1035,1.3370553460622094,0.9741228783436373,0.9985617428013405,1.0784930834903834
wikipedia,Judaism,of,funzione,567,1.1358241598012728,0.9730168924927733,1.0749079537374346,1.0365614691076974
wikipedia,Judaism,and,funzione,457,1.1135072167433144,0.9957791794075913,0.9984180055602222,0.9268949010592024
wikipedia,Judaism,in,funzione,290,1.0799389108756547,1.0027888449298155,1.0470181918857409,1.093215212121771
wikipedia,Judaism,to,funzione,248,1.0254064967297862,1.0172873191918077,0.9883540617883447,0.9516039976335289
wikipedia,Judaism,is,funzione,207,1.1206103464268726,0.9284271787875564,1.0290729266187781,1.0779819524934284
wikipedia,Judaism,jewish,keyword,161,1.2869301911448492,0.968899547121918,1.1235023247815958,1.2804859887113986
wikipedia,Judaism,judaism,keyword,124,1.4608264483962838,0.904305629521731,1.3623179866821793,2.1646113757435126
wikipedia,Judaism,jews,keyword,85,1.2177704914480112,0.9275945864416251,1.1477646201115965,1.3470205675575022
wikipedia,Judaism,torah,keyword,78,1.1705285560800691,1.0224207621608243,1.1407646492381536,1.4985844114174809
wikipedia,Judaism,religious,keyword,46,1.1238324987385429,1.0443501388812566,1.0633481975599326,1.625512711664819
wikipedia,Judaism,hebrew,keyword,40,1.0709661959231833,1.0685642913647142,1.0261138436777035,1.1206664842099903
wikipedia,Judaism,orthodox,keyword,44,1.290648536393718,0.9686622576919106,1.229602404744582,1.9061694516482368
wikipedia,Judaism,as,appaiata,141,1.063311435002013,0.9727931272890485,1.0106267221136742,1.072874498982527
wikipedia,Judaism,are,appaiata,122,1.1819032591583147,0.9741413427203202,1.1823035657841094,1.2802788082092185
wikipedia,Judaism,for,appaiata,80,1.1972078753809978,1.0357430350073695,1.1498045091914257,1.636497630911231
wikipedia,Judaism,on,appaiata,75,1.1904987476028808,0.987844988447273,1.127353667323433,1.2617734983167526
wikipedia,Judaism,some,appaiata,40,1.238700849233071,0.9937085822225526,1.1225846291461148,1.3828553074930248
wikipedia,Judaism,an,appaiata,39,1.1083824788085526,1.0062846157472942,1.0671708107965736,1.0478760206093563
wikipedia,Judaism,but,appaiata,38,1.1172745676357267,0.9458260567972897,1.1295572315746534,1.3373759531577878
wikipedia,Roman Empire,vocali,vocali,25434,1.1038600414934399,1.038711866060615,1.019751273998561,0.4883687864108796
wikipedia,Roman Empire,spazio,spazio,12167,1.1866461446006247,0.8957148016082551,0.9447471608074162,0.4770165113565835
wikipedia,Roman Empire,e,lettera,8050,1.1491147770640362,1.012695483462806,1.0408388379754658,0.8369831448464575
wikipedia,Roman Empire,a,lettera,5642,1.197422887339151,0.9790869055659157,1.00629909757429,0.8259048520900278
wikipedia,Roman Empire,t,lettera,5563,1.1204260734246025,0.9955745462672271,0.9560682168729217,0.8344831506394282
wikipedia,Roman Empire,i,lettera,5154,1.165629367274203,0.9616657424015517,0.9040446796354745,0.9099278794178004
wikipedia,Roman Empire,r,lettera,4718,1.136345012704463,0.9739405471780703,0.9909959724511216,0.8390532076706706
wikipedia,Roman Empire,n,lettera,4684,1.1298604203736053,0.9920688023741059,0.9895371577440478,0.8538992665094298
wikipedia,Roman Empire,o,lettera,4565,1.1142274420739682,0.9863305698691951,0.9916433256650031,0.8869175230459672
wikipedia,Roman Empire,s,lettera,4142,1.2051377934765308,0.9659847378037926,0.9614314211831104,0.9104506004034596
wikipedia,Roman Empire,l,lettera,2849,1.2130393924643808,0.9918895829405442,0.974879866762932,0.968806114782005
wikipedia,Roman Empire,d,lettera,2664,1.1659129881217516,1.004246203824047,0.9596782027668214,0.9329805137572998
wikipedia,Roman Empire,h,lettera,2513,1.237247890778232,0.9796031619245343,1.0446227012162301,0.9694474862089987
wikipedia,Roman Empire,c,lettera,2356,1.17263402328195,0.9820809714511904,0.9741256785141047,0.9292670978168857
wikipedia,Roman Empire,u,lettera,2023,1.0834156553343177,1.0493326043249358,1.0018803807206884,0.9885711823145702
wikipedia,Roman Empire,m,lettera,1931,1.0104052927745886,0.943578385731898,1.009155085978488,0.945351430348251
wikipedia,Roman Empire,p,lettera,1544,1.1338486312594704,0.9949083174404502,1.0143314434962551,1.034599045451284
wikipedia,Roman Empire,f,lettera,1339,1.1395721257738785,0.934652280968543,1.0000802816722472,0.9794994244340265
wikipedia,Roman Empire,g,lettera,1292,1.2027354029508968,0.9615946797277992,1.1075233039900896,1.031149005153031
wikipedia,Roman Empire,w,lettera,947,1.1935106661379529,0.949061537783666,0.9855997045764582,1.0192209033221435
wikipedia,Roman Empire,y,lettera,946,1.1451250607628523,1.0205560312184687,0.9429322200114271,0.9708619248668363
wikipedia,Roman Empire,the,funzione,952,1.3418382977462,0.9395547841596024,1.0688973389858611,1.036519111982516
wikipedia,Roman Empire,of,funzione,479,1.017235129519601,0.9642071729485276,1.0364329119211118,0.9516544052355616
wikipedia,Roman Empire,and,funzione,463,1.057389604631478,1.0142677183711546,1.009377776157786,0.8635763850862584
wikipedia,Roman Empire,in,funzione,297,0.9623859156477101,1.0022628858269493,0.9904827684216153,0.9101054402235396
wikipedia,Roman Empire,to,funzione,261,1.145321431337342,0.9733065523065489,1.0266306781720462,1.109075839677887
wikipedia,Roman Empire,was,funzione,173,1.080896065231884,0.9267436424151069,1.1052716102879145,1.1396330910576826
wikipedia,Roman Empire,roman,keyword,128,1.2245640069937054,1.034373827443513,1.1209671200967313,1.1872249678822526
wikipedia,Roman Empire,empire,keyword,93,1.3817828311522824,1.0309505907261727,1.2492390565596108,1.5575000573219926
wikipedia,Roman Empire,rome,keyword,46,1.118571774569257,1.0010948935126456,1.093552471808237,1.4490154514497011
wikipedia,Roman Empire,slaves,keyword,36,1.6132345484684478,0.976060351832804,1.3940606870436125,2.065714866174724
wikipedia,Roman Empire,century,keyword,35,1.0804581527019979,0.9938703857218728,1.0457794733453913,1.097794059584596
wikipedia,Roman Empire,military,keyword,30,1.21914782277025,0.9609116522261895,1.157914447070984,1.2520056651441458
wikipedia,Roman Empire,imperial,keyword,29,0.9766734558643231,0.9832049703373539,0.987979093820513,1.0663626094751184
wikipedia,Roman Empire,as,appaiata,134,0.9296856209246671,0.9910912224880732,0.953027766389655,0.9224721026133478
wikipedia,Roman Empire,for,appaiata,85,1.0718030125932343,1.0165553871544375,1.0354675401997377,1.052070964325671
wikipedia,Roman Empire,at,appaiata,42,1.076093757204488,0.9600761749473866,1.0662670495535969,1.1271740412509015
wikipedia,Roman Empire,most,appaiata,36,0.9947023312649493,1.0417649539036764,1.0353428883125162,1.2926881246527884
wikipedia,Roman Empire,be,appaiata,33,1.1261104557411095,1.0255641036851255,1.0713905448434786,0.9760170656727901
wikipedia,Roman Empire,is,appaiata,30,1.1112161871946922,1.02508763858561,1.0696649740886215,1.3421267026106125
wikipedia,Roman Empire,public,appaiata,28,1.226574820738046,0.9397026604987091,1.126942440729806,1.1281516472720867
wikipedia,Cold War,vocali,vocali,24932,1.0816836379806791,1.0275204425625697,0.9956710930689882,0.5127003246278605
wikipedia,Cold War,spazio,spazio,12274,1.1189081534666823,0.8943106998122001,1.0307240905592803,0.4722431911346529
wikipedia,Cold War,e,lettera,7963,1.170694142189093,0.9332646836696336,0.9731887700742194,0.82381695022877
wikipedia,Cold War,t,lettera,6033,1.1214146406539087,1.0211395405594699,1.0645504195731317,0.8356397596244952
wikipedia,Cold War,a,lettera,5299,1.1891607560011477,0.9442577299030012,0.9867851781375138,0.8889045784388294
wikipedia,Cold War,n,lettera,5255,1.176424553742558,0.9968995411328846,0.9862604571531962,0.8672628249258197
wikipedia,Cold War,i,lettera,5213,1.2060699951113252,0.939552890294328,0.9730146585390561,0.8840348730906649
wikipedia,Cold War,o,lettera,4638,1.2022627791563107,0.9895965558688867,1.011571834414694,0.8961361375691228
wikipedia,Cold War,s,lettera,4221,1.0671829580283247,0.9207802948896294,0.9818682114780026,0.9446778698443923
wikipedia,Cold War,r,lettera,4056,1.0642379997334852,0.9859446899135208,1.047743273313765,0.8433927872401702
wikipedia,Cold War,h,lettera,2666,1.2052914108324067,1.0623954956073822,0.9482301080961962,0.8595991619955291
wikipedia,Cold War,d,lettera,2558,1.0860307891537213,0.9217718155049356,0.9864335084470972,0.8955540943424749
wikipedia,Cold War,l,lettera,2497,1.0649286016041843,0.9880848610441059,0.9467964286407877,0.9614440023394989
wikipedia,Cold War,c,lettera,2303,1.0986595420978367,0.933675066613251,1.0112582239069827,0.9648203527515137
wikipedia,Cold War,u,lettera,1819,1.0828586835301006,0.9884059931333896,0.986929587124374,0.8827697602778621
wikipedia,Cold War,m,lettera,1766,1.1209171310018504,0.9801333693853653,1.0322256388427056,1.0069048261916935
wikipedia,Cold War,p,lettera,1404,1.087037811919839,0.9716458080079438,1.0342988572108684,1.044708413134214
wikipedia,Cold War,g,lettera,1255,1.0574733671281629,0.9848140465032458,1.0024012438352876,0.981857829526135
wikipedia,Cold War,f,lettera,1209,1.0486023943392047,1.078076113208352,1.017505128547403,0.9617566635676614
wikipedia,Cold War,w,lettera,1106,1.1160822992033326,1.0030205548996154,1.0220574955741781,1.014410807740333
wikipedia,Cold War,b,lettera,861,1.1263053372534082,1.0299183401458276,1.0245107647592147,1.0709205560337507
wikipedia,Cold War,the,funzione,1146,1.1109940598696473,0.9817696102818467,0.9536387050549638,0.7956995586926081
wikipedia,Cold War,of,funzione,458,1.0785616713472617,0.9532876250546386,1.0040019001009195,0.9443606454151885
wikipedia,Cold War,in,funzione,411,1.0023345625301578,1.0304171494164756,1.0296597744714304,0.998795631905586
wikipedia,Cold War,and,funzione,376,1.0036189419333514,0.9614014637039258,1.002059941467292,0.9101088763381587
wikipedia,Cold War,to,funzione,354,1.0659728857815605,0.9898046495939735,0.9464735063585681,0.8928028914605357
wikipedia,Cold War,was,funzione,116,1.0863328228993017,0.9852857233756552,1.0669236613855035,1.0694061291762904
wikipedia,Cold War,soviet,keyword,177,1.2007451614507072,0.9922029703722298,1.0800911903019008,1.228832455132095
wikipedia,Cold War,war,keyword,108,1.1792155428131248,0.9525509105824964,1.1561959581021666,1.2266962974649962
wikipedia,Cold War,us,keyword,68,1.2106079515017139,1.0321408647294925,1.1943717322899599,1.4821525071896988
wikipedia,Cold War,united,keyword,59,1.109278353531645,1.0206620968824094,1.066133583160412,1.023925880555237
wikipedia,Cold War,union,keyword,61,1.1449974165048897,0.943675233491431,1.0754375157714064,1.2007850962505697
wikipedia,Cold War,states,keyword,54,0.9542316855337146,0.9632919142834885,0.9171326828729177,0.879775571894253
wikipedia,Cold War,military,keyword,53,1.1224792980328628,0.9715419570699613,1.0968313551154745,1.1670998247419255
wikipedia,Cold War,as,appaiata,113,0.8867603891598225,1.0134484052868766,1.0118725092229823,1.039246631725233
wikipedia,Cold War,by,appaiata,106,1.056511052847582,0.9817786606065831,1.105843529055625,1.1618915138529127
wikipedia,Cold War,from,appaiata,60,1.1030280450650358,1.0363871806200218,1.0261612969488378,1.1681723361004548
wikipedia,Cold War,an,appaiata,56,0.8983563551202032,0.9601640600675002,0.9645690108133342,0.8567525932015776
wikipedia,Cold War,were,appaiata,54,1.147129710144845,0.9458128509172473,1.0724530021568908,1.056270484631834
wikipedia,Cold War,which,appaiata,49,1.0136699038298522,1.0212330171625599,1.0158046492173074,1.0058905081740968
wikipedia,Cold War,its,appaiata,44,1.0323158135036772,0.9742844503556937,1.0449020197656786,1.0986844842420713
wikipedia,Moscow,vocali,vocali,23846,1.3618464238408852,0.9715930397065838,1.0788175845474544,0.5751286713494302
wikipedia,Moscow,spazio,spazio,12570,1.2955203327673157,0.9445119100180954,1.0055769797991452,0.4808699112832777
wikipedia,Moscow,e,lettera,7185,1.1478142479925264,0.9279036609848615,0.9679651889317973,0.8494529039428432
wikipedia,Moscow,t,lettera,5614,1.1212759398379066,0.97278665594763,1.004800440481643,0.8633959382847568
wikipedia,Moscow,a,lettera,5013,1.1884927579959084,0.9910757202688535,0.9737496335499465,0.8667704035074634
wikipedia,Moscow,o,lettera,4965,1.1008936657933497,0.9335398112059371,0.948116415417561,0.9449176231722656
wikipedia,Moscow,i,lettera,4900,1.2958248181165595,0.9952316859966738,0.9992976445673115,0.9040273537751777
wikipedia,Moscow,s,lettera,4638,1.3314022564566064,0.9721002066671831,0.9821667144667398,0.9352328266527355
wikipedia,Moscow,n,lettera,4471,1.275412495596018,0.9203979039247764,0.9967802740589774,0.8722198628409932
wikipedia,Moscow,r,lettera,4113,1.1608225682394202,0.9753139392072132,0.977660390704814,0.856991996569187
wikipedia,Moscow,h,lettera,2737,1.1953014428920066,0.9838292559904045,1.011287056027508,0.8819480514342086
wikipedia,Moscow,l,lettera,2492,1.2910012182988713,0.9627767820664578,0.9528395676416507,1.0298909806641754
wikipedia,Moscow,c,lettera,2423,1.2448813318974115,0.9386411036935437,1.0419113217532854,0.9554060277249601
wikipedia,Moscow,d,lettera,2172,1.1743533388032321,0.9581255060690288,0.9669814160164112,0.9328251749720287
wikipedia,Moscow,m,lettera,1966,1.2145236140231717,0.9804058229998293,1.0066015434860613,0.9660839042707792
wikipedia,Moscow,u,lettera,1783,1.2761818120852666,1.0032788882888068,1.0258964467956775,0.9566315821526277
wikipedia,Moscow,f,lettera,1407,1.052235412743073,1.0145303799641778,0.9882923879940558,0.974662611804968
wikipedia,Moscow,w,lettera,1189,1.2754202429551582,0.9651369359061772,0.9781595464574431,0.9744945249332593
wikipedia,Moscow,p,lettera,1117,1.1773762800205319,1.0499855538281588,1.0641103208292053,1.1109464021497915
wikipedia,Moscow,y,lettera,1070,1.2177619768195616,0.9879266625680382,0.9749670392267465,0.9722568406563691
wikipedia,Moscow,g,lettera,1055,1.0687514049570959,0.9543211007134911,0.9732404046101415,1.0114634258335449
wikipedia,Moscow,the,funzione,1168,1.2930005322784623,0.9107379812433677,0.9909689882601759,0.9334008458309249
wikipedia,Moscow,of,funzione,603,1.2607456255754188,0.986351714398463,1.006648004095334,0.9609320143247195
wikipedia,Moscow,in,funzione,438,1.1450469150448983,0.9457196936834991,1.0135826697205441,0.9838787487313527
wikipedia,Moscow,and,funzione,373,1.1821995671543521,0.9992894173415806,1.0687129844117524,0.9532044208564922
wikipedia,Moscow,is,funzione,177,1.312992811594242,0.931550975886846,1.2464548847726689,2.052371195774301
wikipedia,Moscow,to,funzione,168,1.1848919371414042,1.0032327711172253,1.0745580721241257,1.1627336735809342
wikipedia,Moscow,moscow,keyword,307,1.2530663436625822,1.001367608092618,0.9955868744921824,1.086861879252782
wikipedia,Moscow,city,keyword,128,1.272935012348241,1.050363619108875,1.2755343717799932,1.5728758682176198
wikipedia,Moscow,russian,keyword,81,1.1885350753572792,0.9833028832243133,1.2000166846039892,1.3032048301840415
wikipedia,Moscow,russia,keyword,53,1.2049503863697086,0.9348590642972803,1.1630363880344976,1.1361682578176866
wikipedia,Moscow,also,keyword,39,1.0315428473096178,1.0087602599815175,1.0366762999467944,1.2684522545138566
wikipedia,Moscow,square,keyword,36,1.3465306453736572,1.0743797570957527,1.1940826475333604,1.5795239108618608
wikipedia,Moscow,first,keyword,34,1.0977811208395083,0.9480064758421367,0.974668201162559,1.0236241240427133
wikipedia,Moscow,as,appaiata,140,1.0169898056153324,1.0114843663307886,1.0022779430319024,1.0943225803523082
wikipedia,Moscow,was,appaiata,127,1.3826279551891818,0.9883707667807812,1.1684750041988785,1.312263562763387
wikipedia,Moscow,from,appaiata,78,1.2074996764750174,0.9603232042229798,1.173751468370417,1.4061397743831239
wikipedia,Moscow,that,appaiata,43,1.0164624939311775,0.9746099463074008,1.0608769439112544,1.1507670448420586
wikipedia,Moscow,one,appaiata,43,1.201687072033419,0.9952524983744877,1.1835398956629513,1.5100741844162695
wikipedia,Moscow,most,appaiata,36,1.2504973850763725,0.9877137523369189,1.1579735755836955,1.2294304728036045
wikipedia,Moscow,there,appaiata,34,1.0051891393216856,0.9600849670975351,1.0165402809765434,0.9607130758908473
wikipedia,Nelson Mandela,vocali,vocali,24950,1.1298509372089036,0.9733654584804333,0.9218249837328578,0.4999434046231052
wikipedia,Nelson Mandela,spazio,spazio,12373,1.062441398987777,1.0230763404071441,0.9894064503387798,0.47702235919170344
wikipedia,Nelson Mandela,e,lettera,7636,1.1051923334350968,0.9729704338812827,1.0145726081269675,0.8552846406895134
wikipedia,Nelson Mandela,a,lettera,6078,1.2357336941909003,1.0427291338114373,1.0295718052808254,0.8822676823514085
wikipedia,Nelson Mandela,t,lettera,5381,1.1809927734041228,1.079738143676368,1.0218895244824668,0.8926978393589735
wikipedia,Nelson Mandela,n,lettera,5265,1.1130100195310795,0.9320045688385737,0.972480750565199,0.8535121523542051
wikipedia,Nelson Mandela,i,lettera,5228,1.2180904557562648,0.9972099733929416,0.9906087846457403,0.8947749184783249
wikipedia,Nelson Mandela,o,lettera,4301,1.03442937829301,0.9622335255167522,0.9792120489887929,0.9013062641628005
wikipedia,Nelson Mandela,r,lettera,3911,1.0881310607658596,0.9629455241871595,0.9915743319159956,0.8501617437604689
wikipedia,Nelson Mandela,s,lettera,3730,1.0811520147357614,0.9937972445402946,0.9908971243746242,0.9112195145667922
wikipedia,Nelson Mandela,d,lettera,2985,1.041688105982445,1.002617142940406,0.9734642868330575,0.887717783580444
wikipedia,Nelson Mandela,h,lettera,2958,1.2020676853819463,0.9868657747162538,1.0028666534311819,0.9435749882029241
wikipedia,Nelson Mandela,l,lettera,2782,1.151232313133017,1.0138609649358672,1.0097263118934425,0.9617026793653292
wikipedia,Nelson Mandela,c,lettera,2247,1.0914959538194968,0.9648383364502084,1.043563529855777,1.029068274907309
wikipedia,Nelson Mandela,m,lettera,1908,1.178142416281583,1.0277286559703809,1.0203249452766328,0.9649096651770059
wikipedia,Nelson Mandela,u,lettera,1707,1.0727573415206746,0.9760998173970167,0.994137163365151,0.9450510138965912
wikipedia,Nelson Mandela,g,lettera,1357,0.9526923056763824,1.0308173604778066,0.9533910581875853,0.9277904272154436
wikipedia,Nelson Mandela,p,lettera,1340,1.109225629538306,0.9144492399815295,1.0371071554947024,1.062514020039862
wikipedia,Nelson Mandela,f,lettera,1338,1.0471757397394084,0.9879689595321444,1.0126060382975584,1.017794554317616
wikipedia,Nelson Mandela,w,lettera,1053,1.0275209509818255,1.0339288588148363,0.9527600953975827,0.9533458201138206
wikipedia,Nelson Mandela,b,lettera,1025,1.0548425899252087,0.997672407761469,1.02213291467309,1.0146042008306781
wikipedia,Nelson Mandela,the,funzione,716,1.1839840844838345,1.0387782054770687,0.9679880662815438,0.888423592846322
wikipedia,Nelson Mandela,and,funzione,393,0.9827725386059376,0.9101910780219189,0.9935071596469373,0.8103520286394321
wikipedia,Nelson Mandela,in,funzione,390,1.2135931889259348,1.05082869705671,1.1115904120865794,1.1098892361859047
wikipedia,Nelson Mandela,to,funzione,335,0.9923018571211142,1.0470463787551352,1.0335463855429792,0.9002013440612823
wikipedia,Nelson Mandela,of,funzione,327,1.078809764533247,0.9985131207623432,0.9950153789114639,0.9457031357503392
wikipedia,Nelson Mandela,was,funzione,212,1.0659411883990586,0.9962080672408181,0.9971353511834131,0.9830734982825802
wikipedia,Nelson Mandela,mandela,keyword,282,0.8615384413619526,0.9896404242761848,0.9190999229504554,0.8000680725108221
wikipedia,Nelson Mandela,anc,keyword,98,1.198225248438895,1.0527830359624128,1.1533636975656212,1.4164829775969412
wikipedia,Nelson Mandela,south,keyword,67,1.1547376481794644,0.9956993783842126,1.0305699068917122,0.961979507940083
wikipedia,Nelson Mandela,president,keyword,45,1.2351732880266113,0.9870903429528015,1.1886455230483512,1.592667935303203
wikipedia,Nelson Mandela,although,keyword,44,0.959843309547759,0.9969870790952214,0.9340407569606474,0.9078714029191273
wikipedia,Nelson Mandela,african,keyword,46,1.060128568357502,1.0265334228919418,1.0524408187242713,1.1094584754862202
wikipedia,Nelson Mandela,government,keyword,42,1.023136642522506,0.9923423387429736,1.0579286822856817,1.1009910749703873
wikipedia,Nelson Mandela,he,appaiata,212,1.2433461168970967,0.9951370963423655,1.271506255317937,1.4536859805431699
wikipedia,Nelson Mandela,on,appaiata,88,0.9996096542961783,1.0044646253627305,0.9540150122601933,0.9171583319009182
wikipedia,Nelson Mandela,from,appaiata,62,1.041441002585473,1.0203207735996844,1.0510877387863944,1.01820623374016
wikipedia,Nelson Mandela,which,appaiata,45,1.045461603262742,1.0227349975600923,1.022373437326896,0.9506553943699758
wikipedia,Nelson Mandela,but,appaiata,41,1.011069508420061,1.0089058058313745,1.011962630935242,1.0575330380267927
wikipedia,Nelson Mandela,him,appaiata,40,1.011202590544043,1.0192799393598575,0.9963496506676348,1.0867180460359094
wikipedia,Nelson Mandela,national,appaiata,37,1.1699220970718536,0.9481071064382754,1.1341362010191007,1.5075271232624563
wikipedia,Ancient Rome,vocali,vocali,25164,1.154813917836904,1.0023353449346724,1.0080370149246214,0.4966389208973071
wikipedia,Ancient Rome,spazio,spazio,12618,1.1380360543293204,0.9722112571116961,1.0194307485218745,0.4625973075666425
wikipedia,Ancient Rome,e,lettera,8072,1.1465630067234005,0.9642720677283277,1.0044938445026637,0.8397568211895599
wikipedia,Ancient Rome,a,lettera,5787,1.2854205302064994,0.979638286406156,0.9518541040298972,0.8454159522408231
wikipedia,Ancient Rome,t,lettera,5446,1.21624722022099,1.0333647210917805,1.0387991477767804,0.8720068333114308
wikipedia,Ancient Rome,i,lettera,4974,1.2011739927428626,1.0054383026912674,0.9834310589635143,0.9222637691715138
wikipedia,Ancient Rome,n,lettera,4702,1.19053064960381,0.9386731023438113,0.9069339369816586,0.8416125436697769
wikipedia,Ancient Rome,r,lettera,4534,0.8957373557029176,1.0383776364292683,0.9464214576838953,0.8274036048415158
wikipedia,Ancient Rome,o,lettera,4360,1.0381429456762552,0.9982666470174998,0.9999543309150626,0.8850787681919758
wikipedia,Ancient Rome,s,lettera,4180,1.1753753511044909,0.9888826034152841,1.003559038612391,0.9499327720947279
wikipedia,Ancient Rome,h,lettera,2833,1.2060249572913317,0.9917751641778391,0.9665693691221536,0.8814193228320759
wikipedia,Ancient Rome,d,lettera,2814,1.268363593605934,0.9909631270902941,0.9609094699526644,0.88292176514832
wikipedia,Ancient Rome,l,lettera,2747,1.1569555138339023,1.0089656599888255,1.0571117574008169,0.9991980672979754
wikipedia,Ancient Rome,c,lettera,2184,1.258007749753223,0.9481793775284778,0.9629649210095909,0.9319069454277672
wikipedia,Ancient Rome,u,lettera,1971,1.2756492479524877,1.0052818890301174,1.0536210501101833,1.0030447278194587
wikipedia,Ancient Rome,m,lettera,1911,1.1020440052964562,0.9493100413291325,0.9893547968288151,0.9856984323792277
wikipedia,Ancient Rome,p,lettera,1423,1.1953455745210753,0.9911171091222498,0.9779308096519399,1.0294519154354431
wikipedia,Ancient Rome,f,lettera,1355,1.1108130311078541,0.9502712811959816,0.9930893225983924,0.933473295867623
wikipedia,Ancient Rome,g,lettera,1159,1.3134470148123096,0.9045129097280706,1.1094782748887566,1.0685418323727003
wikipedia,Ancient Rome,w,lettera,1018,1.1719546730745407,1.0139863578830794,0.9860849752193692,0.9348977493592597
wikipedia,Ancient Rome,y,lettera,916,1.2515361915531347,0.9834617000526907,1.0160640927643285,1.0377017163168787
wikipedia,Ancient Rome,the,funzione,1118,1.3194369117937983,1.058101318771879,1.054789653778365,0.9724211377775919
wikipedia,Ancient Rome,of,funzione,523,1.0424114871519659,1.0176532011937802,0.958024570444241,0.91605822279354
wikipedia,Ancient Rome,and,funzione,522,1.097636814515208,1.018938731643237,1.0185410972161686,0.8811112802665597
wikipedia,Ancient Rome,in,funzione,294,1.097066683371801,0.9547328350967325,1.0611047998824858,1.0684069336228306
wikipedia,Ancient Rome,to,funzione,264,1.058144973753911,0.971441441767715,0.9937756205945276,0.9230374864222141
wikipedia,Ancient Rome,was,funzione,196,1.1233515333220436,0.9832220507651916,1.1427504652301932,1.2328318350531624
wikipedia,Ancient Rome,roman,keyword,138,1.0765427201462698,0.995438323958758,1.0724604444152774,1.176453803132466
wikipedia,Ancient Rome,rome,keyword,100,1.080087041897609,0.9654057550810822,1.1217596863577999,1.1749542733980007
wikipedia,Ancient Rome,empire,keyword,78,1.3450828770193994,1.0189354366460783,1.2227281894560542,1.9158684835527755
wikipedia,Ancient Rome,bc,keyword,65,1.2503138393340436,1.0374795009731044,1.3195866317065,2.823610554224771
wikipedia,Ancient Rome,ad,keyword,44,1.2128840116323492,0.9649514727587581,1.1270357245958955,1.9026237401139559
wikipedia,Ancient Rome,century,keyword,43,1.0149102121868516,1.0385915154997587,1.053527311666184,1.3930710812945843
wikipedia,Ancient Rome,emperor,keyword,37,1.1716399696630302,0.9823184040764105,1.1887796054473656,1.6681937609848312
wikipedia,Ancient Rome,were,appaiata,132,1.2033424982575318,0.9322025322952138,1.1223755317892967,1.1815387200453087
wikipedia,Ancient Rome,his,appaiata,91,1.4727531131444875,0.9837633702625647,1.3648139902776746,2.1536034475965535
wikipedia,Ancient Rome,from,appaiata,74,1.0608401708365118,0.9799298741184636,1.0734629376813212,1.1579526471176298
wikipedia,Ancient Rome,for,appaiata,65,0.9327355497969831,0.9445001978619398,0.9446957637585833,0.9598044780743846
wikipedia,Ancient Rome,after,appaiata,45,1.1740120424411395,0.9924833188790397,1.1552376201640941,1.2317557406870117
wikipedia,Ancient Rome,but,appaiata,39,1.0843340276915405,0.96857945997085,1.1016090909595049,1.1560333522463524
wikipedia,Ancient Rome,at,appaiata,36,1.1215854196000667,1.02219388179755,1.0483467017731007,1.09329774515258
wikipedia,Ottoman Empire,vocali,vocali,24755,1.0932570748180666,0.985354942461918,0.9876279144141901,0.5371590007919802
wikipedia,Ottoman Empire,spazio,spazio,12418,1.027231805962794,0.9776566216813873,0.9655468845454266,0.4715480581954794
wikipedia,Ottoman Empire,e,lettera,7686,1.1159045653702648,0.9298331650322137,0.9981098191803058,0.8613253937210251
wikipedia,Ottoman Empire,t,lettera,6334,1.234289593880493,0.9765369665220703,0.9734987366330562,0.8968173974262114
wikipedia,Ottoman Empire,a,lettera,5565,1.111761672444988,0.9663681046384642,1.0561135833160318,0.8830422244198934
wikipedia,Ottoman Empire,i,lettera,5034,1.1089729020119587,0.9892112353041825,0.9919759344252673,0.9074654783260044
wikipedia,Ottoman Empire,n,lettera,4859,1.2134348503733696,1.0099792763943378,1.0185438473393338,0.8468268039033098
wikipedia,Ottoman Empire,o,lettera,4660,1.0241316502166349,0.937218262853742,0.9802731307611586,0.9059894210033619
wikipedia,Ottoman Empire,r,lettera,4086,1.0305538510598293,1.0242672666033872,0.965249069890261,0.8524747362389603
wikipedia,Ottoman Empire,s,lettera,4012,1.1111248981114688,0.9538871778417719,1.0027752593998485,0.9492060647860641
wikipedia,Ottoman Empire,h,lettera,2973,1.1941149772609825,1.0105265814116908,0.9890529043624977,0.8512365437423215
wikipedia,Ottoman Empire,l,lettera,2524,1.2440835817786846,0.9423820994213866,1.047426300284265,1.01601450975436
wikipedia,Ottoman Empire,d,lettera,2389,1.1090085567376393,0.9871308194758609,0.9544899425975247,0.921410123197594
wikipedia,Ottoman Empire,m,lettera,2065,1.1788271081416914,0.9346539295911848,0.9965591419756267,0.9411012645639025
wikipedia,Ottoman Empire,c,lettera,1937,1.231791101135526,1.0187792947035816,1.0178459997179432,0.9664736977225029
wikipedia,Ottoman Empire,u,lettera,1810,1.1368945023876003,0.9608616134226793,0.9648253049956151,0.9333425614877832
wikipedia,Ottoman Empire,f,lettera,1351,1.0859720417085632,1.0168765407623155,0.9501226345208101,0.9474381099559779
wikipedia,Ottoman Empire,p,lettera,1325,1.2065926589171367,0.9750560698030212,0.9401449304844923,1.0012608205299025
wikipedia,Ottoman Empire,g,lettera,1095,1.0999213448577227,1.0579816341199193,1.0260588718706705,0.9975901475313927
wikipedia,Ottoman Empire,y,lettera,976,1.0730517854942068,0.955410939356914,0.9976103207264598,0.9892331675610848
wikipedia,Ottoman Empire,w,lettera,938,1.081076607523067,1.0243629250324708,1.0085306728744998,0.9472247815043808
wikipedia,Ottoman Empire,the,funzione,1353,1.1411558347256696,1.0281754116282542,0.9772480872573408,0.8425307370025646
wikipedia,Ottoman Empire,of,funzione,582,1.0635921252996205,0.9757870563870378,1.0262655000124783,0.9608037918620714
wikipedia,Ottoman Empire,and,funzione,440,1.032502277195195,0.9657193077326595,1.0788189714164778,0.9215402969177572
wikipedia,Ottoman Empire,in,funzione,385,1.159640594934445,1.0284855172014389,1.0621617959671485,1.0263204707447198
wikipedia,Ottoman Empire,to,funzione,279,1.012159419670295,0.983470570347848,0.9668149639613136,1.0361132729335243
wikipedia,Ottoman Empire,was,funzione,166,1.246166921673685,0.9970348576429111,1.0616503562572983,1.0761065202070397
wikipedia,Ottoman Empire,ottoman,keyword,263,1.1680929723688487,1.0119776304480557,1.0859711482375987,1.0430776006105813
wikipedia,Ottoman Empire,empire,keyword,151,1.0592477867404317,1.0187979397780607,1.0562171769571012,1.0055047698253878
wikipedia,Ottoman Empire,century,keyword,56,1.1642721701673833,1.0004520935732224,1.1283510457169987,1.678368686940765
wikipedia,Ottoman Empire,sultan,keyword,53,1.2412898251082614,0.9458044842760577,1.1823354686190377,1.6270888885396952
wikipedia,Ottoman Empire,war,keyword,44,1.2435072745814302,1.0360905388154673,1.181563812391652,1.725993575281816
wikipedia,Ottoman Empire,state,keyword,44,1.3223828511662405,0.9163320648628038,1.240027756192034,1.6325718411680363
wikipedia,Ottoman Empire,turkish,keyword,46,1.3281556333745017,0.9812672016843064,1.2411783065415591,1.5649859952508627
wikipedia,Ottoman Empire,by,appaiata,112,1.018602545182108,0.9422166302887195,1.0457056711794555,1.0325661352819215
wikipedia,Ottoman Empire,as,appaiata,108,1.0861433466239263,1.0085587167159729,1.0659321430148314,1.1413219064634341
wikipedia,Ottoman Empire,its,appaiata,55,1.040879221029781,0.9764936458805137,0.9989642731600235,0.9690125618090497
wikipedia,Ottoman Empire,an,appaiata,45,1.0737626817959642,1.0435834739465493,1.0250404290841706,1.0637566554214894
wikipedia,Ottoman Empire,had,appaiata,39,1.069533754555804,0.9673730192099983,1.0661823391927538,1.0733690325208047
wikipedia,Ottoman Empire,it,appaiata,39,0.9608055811178594,0.9325903303533258,0.9419371055957649,0.8747125101698439
wikipedia,Ottoman Empire,system,appaiata,38,1.4003667979925587,0.9661416583584478,1.2981305387840367,1.6560974829700408
wikipedia,American Civil War,vocali,vocali,24421,1.2620344236110346,0.9922108295765245,1.019239319223621,0.5131166713217972
wikipedia,American Civil War,spazio,spazio,12537,1.1443148350520016,0.9874941909380311,0.9482748800264961,0.46920482484030346
wikipedia,American Civil War,e,lettera,8217,1.1335517414915424,1.008902347989918,0.9542217454938288,0.8616471662312277
wikipedia,American Civil War,t,lettera,5889,1.2002914294604434,1.0283838559938256,0.9757288691503989,0.9051316458149206
wikipedia,American Civil War,a,lettera,5256,1.1507217214433212,1.0181121840044318,0.9954161730140436,0.8527085242965662
wikipedia,American Civil War,n,lettera,5223,1.081673272946367,0.9486772179897683,1.008564858378073,0.8564117485543221
wikipedia,American Civil War,o,lettera,4798,1.085547523058696,1.0034527565463462,0.9688379913740025,0.8409876634432445
wikipedia,American Civil War,i,lettera,4474,1.1941701611449886,1.0781961695994855,1.0543881300659126,0.9787696092694402
wikipedia,American Civil War,r,lettera,4421,1.105007190231351,0.9587877342611227,0.9660114669099372,0.8257249139754954
wikipedia,American Civil War,s,lettera,4049,1.2090341218702443,1.0001013629074869,1.016501470435866,0.9928369113218323
wikipedia,American Civil War,h,lettera,2901,1.1464394683163492,1.0018174237477655,0.9933982691812823,0.8828203471961418
wikipedia,American Civil War,d,lettera,2760,1.0933526972869099,1.0469116148038728,0.9792444159180865,0.9009456633592564
wikipedia,American Civil War,l,lettera,2580,1.1150610815668076,0.970795940685985,0.9746519640958001,1.0267752384635196
wikipedia,American Civil War,c,lettera,2225,1.196742755881236,1.0044830397960833,0.9785879638822852,0.9315856322558651
wikipedia,American Civil War,u,lettera,1676,1.08567784641688,0.9441599722045503,0.9431404448547432,0.9350875557783068
wikipedia,American Civil War,f,lettera,1592,1.05301676684295,0.9896983549720767,0.9230079936378321,0.960426721665165
wikipedia,American Civil War,m,lettera,1488,1.2781470437962585,0.9982900974562101,0.980916937445281,0.9685906989670777
wikipedia,American Civil War,p,lettera,1174,1.125505851413734,0.9600931499001112,1.0003901003036677,1.1211142296948928
wikipedia,American Civil War,g,lettera,1132,1.1417135965163672,1.0056211330424065,1.0172837851510645,1.0508095924637164
wikipedia,American Civil War,w,lettera,1082,1.2448412265830302,0.99223695766175,1.0268258704109858,1.0146647130772768
wikipedia,American Civil War,y,lettera,932,1.0475011108157253,0.9969194663244146,0.9956091324509814,0.91540010546016
wikipedia,American Civil War,the,funzione,1138,1.2498947917809025,0.924300006388821,0.9759890123267502,0.8494811222180922
wikipedia,American Civil War,of,funzione,455,1.3158395474356972,0.9373066262382136,1.0336798063816006,1.0254062467723006
wikipedia,American Civil War,and,funzione,357,0.9749893456111122,0.9560893698473117,0.9868472210268507,0.9052592145438189
wikipedia,American Civil War,to,funzione,353,1.0897998421143462,0.9853900556763979,1.0536254231468465,1.0782814200841244
wikipedia,American Civil War,in,funzione,347,1.113801846483187,0.9975115567397964,0.9702325589887811,0.9355855913177885
wikipedia,American Civil War,was,funzione,151,0.9569817666880975,1.083087745870828,0.9872303995655205,0.9420798902315054
wikipedia,American Civil War,union,keyword,155,1.2184158048611564,0.9990877809904511,1.111229962353627,1.1400070150839245
wikipedia,American Civil War,confederate,keyword,114,1.1886891209611348,0.9801187539850867,1.0844942419223111,1.18949102534545
wikipedia,American Civil War,army,keyword,73,1.4316282585436706,0.9873071684599143,1.3386128256279715,1.9377995661248737
wikipedia,American Civil War,confederacy,keyword,71,1.109488095955527,1.0841534927954948,1.0674087610790208,1.0806310039361895
wikipedia,American Civil War,states,keyword,62,1.3597134154934087,0.9864527174605119,1.2585792667177882,2.1779375772212575
wikipedia,American Civil War,south,keyword,60,1.1195578572761415,0.976657986032928,1.13802347178604,1.2035797095457144
wikipedia,American Civil War,battle,keyword,57,1.3683664506107047,0.968880312076855,1.2815965628618489,2.1395211210873106
wikipedia,American Civil War,war,appaiata,124,1.2536849252175062,0.987781041214936,1.157239344312372,1.3247390021193741
wikipedia,American Civil War,on,appaiata,115,1.2172961236088133,0.9814815166086585,1.1288505311427193,1.3324801339544456
wikipedia,American Civil War,at,appaiata,65,1.103249533092114,0.9554370533103455,1.0816058696767517,1.1609504166346678
wikipedia,American Civil War,it,appaiata,63,1.2262126444565655,1.0037922241477226,1.130966713968422,1.272005454697421
wikipedia,American Civil War,with,appaiata,62,1.0853642647407833,0.9972962720181257,1.0500540948517938,1.1300798028971248
wikipedia,American Civil War,which,appaiata,51,1.1524700529361158,0.9389721807264473,1.0733759886600214,1.5299297362981146
wikipedia,American Civil War,but,appaiata,48,1.004624067554973,0.9472481284222828,1.0377889170199077,0.9225662114175841
wikipedia,Joseph Stalin,vocali,vocali,24725,1.1786070519907659,0.9936339739805686,0.9796327767944749,0.5167562145503806
wikipedia,Joseph Stalin,spazio,spazio,12267,1.0861402757679928,0.9923820730794946,0.9796957879957554,0.4622400526330255
wikipedia,Joseph Stalin,e,lettera,7673,1.1091338174490617,0.9814315969042434,1.0358477171911402,0.8641384699065541
wikipedia,Joseph Stalin,t,lettera,5727,1.2437141027817245,1.051513806982671,0.9841647176105228,0.8440544097186312
wikipedia,Joseph Stalin,i,lettera,5442,1.0930685727036011,0.92695586641925,0.9476361003752326,0.8742332890247009
wikipedia,Joseph Stalin,a,lettera,5388,1.052561523667031,1.0051951797236687,0.9707644975731623,0.8554833137081724
wikipedia,Joseph Stalin,n,lettera,5014,1.0988676128416857,1.0192667908022714,0.9866583268733469,0.8309834938009625
wikipedia,Joseph Stalin,o,lettera,4551,1.0233987770632862,0.9834936409779734,1.0197668866377674,0.9056685432040691
wikipedia,Joseph Stalin,s,lettera,4518,1.0337264315424064,0.9318637413315599,0.9958484077401711,0.9038970282278815
wikipedia,Joseph Stalin,r,lettera,4150,1.1525884099883559,0.9696387025445777,1.011937166402972,0.8551296663921015
wikipedia,Joseph Stalin,h,lettera,2931,1.074288822982615,0.9407964482726378,0.9497501439885645,0.9466866303609887
wikipedia,Joseph Stalin,l,lettera,2698,1.0657556793767078,0.9830771452366447,1.0075581332338388,0.9745751505114427
wikipedia,Joseph Stalin,d,lettera,2576,1.1847397673585414,0.9522328056658612,0.944020195429685,0.8976120593473798
wikipedia,Joseph Stalin,c,lettera,1965,1.0334212768926518,0.9865249936546817,1.0799049820031137,0.998453650826699
wikipedia,Joseph Stalin,u,lettera,1671,1.0971282978229542,1.013682554539625,0.910653138769848,0.9446967526284256
wikipedia,Joseph Stalin,m,lettera,1647,0.9619053748281241,1.0301952875742266,0.9390399332388281,0.9820844106455826
wikipedia,Joseph Stalin,p,lettera,1311,1.0174219706059957,0.9295975045208188,0.9892623822197427,1.0093223536009517
wikipedia,Joseph Stalin,g,lettera,1259,1.1121537479474157,0.9601894308006181,1.038260399246064,1.0196293550970694
wikipedia,Joseph Stalin,f,lettera,1192,1.0259862753361542,1.016207011734781,0.941392504494812,0.999248730632398
wikipedia,Joseph Stalin,w,lettera,1056,1.0711788408544005,0.9899515902073027,0.9390544878602761,0.9531633660646018
wikipedia,Joseph Stalin,v,lettera,934,1.0240626931145071,0.9574245240254319,1.0580179264622132,0.9986101282229218
wikipedia,Joseph Stalin,the,funzione,866,1.0490583651058443,0.9743877708338523,1.037616380607896,1.0007694888653118
wikipedia,Joseph Stalin,in,funzione,436,1.1249220051525466,1.0194258650789783,0.9843293692278201,1.0259154055818267
wikipedia,Joseph Stalin,and,funzione,394,1.070808057971033,1.0286744547132702,1.049755178282963,0.9125126871150164
wikipedia,Joseph Stalin,of,funzione,367,1.0019113520153944,1.0002696028885036,1.0010031571329467,0.9869761243765491
wikipedia,Joseph Stalin,to,funzione,313,1.1341774997943534,1.0027966079014667,1.0057312410294683,1.0290979613102225
wikipedia,Joseph Stalin,was,funzione,176,1.0464207867343016,1.0168341671252372,1.0623321947183266,0.9727983841890396
wikipedia,Joseph Stalin,stalin,keyword,302,0.9978945033895513,1.0165338496348306,0.979187726437495,0.7728480652768094
wikipedia,Joseph Stalin,soviet,keyword,117,1.2816982243495738,0.9862931259294779,1.2474309062764688,1.6183562230367328
wikipedia,Joseph Stalin,stalin's,keyword,42,1.0687171120811791,1.0268487183577069,1.0610876207220876,0.9542595673971142
wikipedia,Joseph Stalin,union,keyword,44,1.150114435136303,0.9018105060311973,1.2108924800610559,1.8135534243154565
wikipedia,Joseph Stalin,party,keyword,44,1.2077442821153384,0.9784532088013004,1.2593459811732217,2.317029772766014
wikipedia,Joseph Stalin,lenin,keyword,53,1.4678205547391368,1.0122433272892002,1.3863571031595372,2.951749396506756
wikipedia,Joseph Stalin,government,keyword,34,1.0068988249688353,0.9652547185942831,1.004137515538196,0.9609873867204676
wikipedia,Joseph Stalin,he,appaiata,169,1.2883822190588707,0.937714826803519,1.1803905396217276,1.270749399144174
wikipedia,Joseph Stalin,with,appaiata,116,1.0600315307161254,0.9331090698785878,0.9229278671407867,0.9570000803454026
wikipedia,Joseph Stalin,it,appaiata,43,1.0600652317266526,1.0137328865698965,1.085882784828809,1.0855772406513966
wikipedia,Joseph Stalin,at,appaiata,41,0.9984240538588957,1.004504696321469,0.9934511097781943,1.0335633007174574
wikipedia,Joseph Stalin,their,appaiata,34,1.0411296426878425,1.047309047318312,1.0651784439737764,1.15031511847989
wikipedia,Joseph Stalin,after,appaiata,31,0.9212469831464138,0.9573428967580476,0.9281842062421455,0.9147278253361427
wikipedia,Joseph Stalin,would,appaiata,32,1.0710891359383277,1.0498295604823233,1.0799541811642799,1.215619916454951
wikipedia,Italy,vocali,vocali,25088,1.308975023065716,0.9584731944103208,1.0075826808706594,0.5646616191907945
wikipedia,Italy,spazio,spazio,12201,1.2665789033374137,0.9360784543197532,0.9611370470428834,0.4794261350132717
wikipedia,Italy,e,lettera,7219,1.253397212529919,1.090840698888111,0.9711675677122195,0.8765051703130451
wikipedia,Italy,a,lettera,5974,1.1900757536927367,0.9546112916192128,0.9850337252693716,0.8525819347259245
wikipedia,Italy,i,lettera,5777,1.233421054774386,0.9102299370772725,0.9633028867876682,0.8829469253937637
wikipedia,Italy,t,lettera,5595,1.1816597958101092,0.9866024858739811,0.9430395059063037,0.8474201039201632
wikipedia,Italy,n,lettera,5026,1.2403857587107152,0.9715636993101332,1.0654251278507412,0.8344476326693149
wikipedia,Italy,o,lettera,4473,1.2495680262064701,0.9785716586819699,1.0019384925136996,0.8862264343170305
wikipedia,Italy,r,lettera,4175,1.1163916955039603,0.9377730477892444,1.014187995085546,0.8523752155299423
wikipedia,Italy,s,lettera,3834,1.2114424645809603,1.0721983746595913,0.9784510070218121,0.9104693950053663
wikipedia,Italy,l,lettera,2991,1.0945127111311894,0.9608415611659403,0.9752215404083066,0.926942694078171
wikipedia,Italy,h,lettera,2557,1.2445399247055748,1.026386762375609,0.9414668720734541,0.9474205024751935
wikipedia,Italy,d,lettera,2391,1.173823768580767,0.9234621832180653,1.0311778913239842,0.9340846248835268
wikipedia,Italy,c,lettera,2386,1.2686689872124972,0.9818870307889301,1.0188334968389643,0.9589489929652364
wikipedia,Italy,u,lettera,1645,1.1748706436974412,0.957727863501387,0.9867326764686083,0.9396959551328046
wikipedia,Italy,m,lettera,1592,1.1366106821608555,1.0185962770338015,0.9529724192224543,1.0616809729376981
wikipedia,Italy,p,lettera,1393,1.179336775599518,1.0228188052094447,1.0485785512845445,1.1020576640678792
wikipedia,Italy,f,lettera,1330,0.9876933188115076,1.005248772937986,0.9078256739297815,0.9497229646836055
wikipedia,Italy,g,lettera,1138,1.1843026589728751,0.9528060242964013,1.0135649705651775,1.0059189876741537
wikipedia,Italy,y,lettera,1024,1.0910390986384206,0.9653397498970065,1.0021213398332172,0.9850869627793769
wikipedia,Italy,w,lettera,813,1.1200390765824064,1.01176951133265,0.9678180727933018,1.0700628578556708
wikipedia,Italy,the,funzione,1140,1.3213959630927494,0.9439222431142098,1.0027714567848802,0.9359482301530677
wikipedia,Italy,of,funzione,551,1.1694591680529898,0.9966601279514146,1.0415901689216531,1.007024792398631
wikipedia,Italy,and,funzione,544,1.0331337973895376,1.0122587814476829,1.009656227425346,0.8333889033609307
wikipedia,Italy,in,funzione,374,1.1368447344473247,0.9836567225273672,0.993837029850784,1.030417890466036
wikipedia,Italy,to,funzione,195,1.0844810419648012,1.0082929619609053,1.128538044950231,1.1537268569782393
wikipedia,Italy,is,funzione,126,1.299469470856307,1.0017943346564142,1.2217453926754833,2.163129670925178
wikipedia,Italy,italy,keyword,209,1.192760175553091,1.0112973606187863,1.06183324083049,1.1232608462521183
wikipedia,Italy,italian,keyword,132,1.265183060451686,0.9804679517116073,1.166526394510104,1.3832755146221969
wikipedia,Italy,world,keyword,52,1.1101205247895478,0.9823899738755374,1.101860641116352,1.1684166855773608
wikipedia,Italy,roman,keyword,35,1.4347395716546734,0.9293626423342838,1.3548446317357108,2.383742624719911
wikipedia,Italy,war,keyword,33,1.3438157141349334,0.9855311521723497,1.3487738566862069,2.2672762508976523
wikipedia,Italy,europe,keyword,32,0.9495750129931906,1.008857515876021,0.9779642510235478,1.04110312545964
wikipedia,Italy,century,keyword,31,1.2572628358773508,0.9606567749459126,1.2560386081600414,1.547801385579844
wikipedia,Italy,was,appaiata,116,1.2119524785522002,1.0195118260331613,1.0530020227000578,1.2474338731453307
wikipedia,Italy,as,appaiata,106,0.9940133374157822,1.0123143256197447,0.9627728088315594,1.0610838820479773
wikipedia,Italy,were,appaiata,39,1.141533260325048,0.952023890776119,1.1580458438760914,1.2912100030987121
wikipedia,Italy,most,appaiata,37,1.1801103549618734,1.033036571654427,1.0631043987402318,1.2272926696235906
wikipedia,Italy,an,appaiata,31,1.0285676558830488,0.9795345455892863,1.009264963281811,1.12102417124076
wikipedia,Italy,its,appaiata,30,1.0662953629261929,0.9929344326651847,1.0636905518653208,1.0977256276642369
wikipedia,Italy,at,appaiata,29,1.009593910633719,0.9454923373450788,1.000670376245301,1.1258816344108398
wikipedia,New York City,vocali,vocali,23387,1.1994736034131013,0.9929158989945378,1.0116238057738747,0.5627386125990491
wikipedia,New York City,spazio,spazio,12675,1.2599975624447246,0.9259265729691849,1.0278940907644942,0.4703580891494651
wikipedia,New York City,e,lettera,7168,1.21387047499926,0.9523714297321009,1.0066751791679585,0.832737338077334
wikipedia,New York City,t,lettera,5751,1.149610777601864,1.0468412294275582,1.0076928312670652,0.8705849450182206
wikipedia,New York City,n,lettera,5249,1.212076245306687,1.018586674134303,0.9383930560014946,0.8358335870120541
wikipedia,New York City,a,lettera,5231,1.2952788739357612,1.0449363402777687,1.007280487931709,0.9394042709735643
wikipedia,New York City,i,lettera,4945,1.3041488434296507,1.0244180177178315,1.0346836060250812,0.8837793225743944
wikipedia,New York City,o,lettera,4485,1.0600152963078573,0.9255821074572291,0.978104609296806,0.9256279427308038
wikipedia,New York City,r,lettera,4128,1.0976129064511764,0.9704282549948405,1.0047287966029,0.8671799764561123
wikipedia,New York City,s,lettera,3902,1.1893748172903083,1.0193322065146695,0.9461247395222271,0.8973919533185205
wikipedia,New York City,h,lettera,2687,1.1735670443072423,1.0502871551179518,0.9739978917724748,0.9084879989896073
wikipedia,New York City,l,lettera,2659,1.1581837670265291,1.0414682755519162,0.9762014572348242,1.0191011559517504
wikipedia,New York City,c,lettera,2243,1.2354030898486308,0.9775460346445323,1.0251504956368647,0.9873135517653433
wikipedia,New York City,d,lettera,2232,1.3054141257174987,1.0575565492697443,0.9532348687251752,0.9527146192566621
wikipedia,New York City,m,lettera,1693,1.2169770638659478,0.9943146461071731,1.0050599718259023,0.940419447604733
wikipedia,New York City,u,lettera,1558,1.2923823971299602,1.0351590064914218,1.0014018504713984,0.9542779766225422
wikipedia,New York City,y,lettera,1532,1.237224025362938,0.9420210176969883,0.9836446057157499,1.0021780437027004
wikipedia,New York City,p,lettera,1220,1.0966843332660925,1.002457134395419,0.9953546842349231,1.0861351681923255
wikipedia,New York City,f,lettera,1185,1.1848150449903994,1.0277441484099843,0.9418728865082566,0.9716927255057337
wikipedia,New York City,w,lettera,1174,1.2197508601204317,0.9814983066852695,0.9331685437345052,0.9345904312242885
wikipedia,New York City,g,lettera,1140,1.0531344892134542,1.0341207473576601,0.9902181042452723,0.9855510063486153
wikipedia,New York City,the,funzione,1104,1.2414498318521727,0.9651961375029642,0.9768426747134421,0.9161762979171408
wikipedia,New York City,in,funzione,494,1.0250532754341704,0.9565790055882529,1.0313802442519024,1.0083050590641
wikipedia,New York City,of,funzione,491,1.0472172263201733,1.0100256122886158,1.0432219360493764,1.008354249420284
wikipedia,New York City,and,funzione,428,1.1156812762460908,0.9836567736934342,0.998972127390452,0.8492899775762601
wikipedia,New York City,is,funzione,179,1.385429172330783,0.9739777350525028,1.2625326197035798,1.8389411404721288
wikipedia,New York City,to,funzione,176,1.1422429136644425,1.0226526219138223,1.1375840598032367,1.230349416800421
wikipedia,New York City,new,keyword,363,1.0164281131567952,1.0186139104299083,0.9548686508148188,0.9053766402408995
wikipedia,New York City,york,keyword,323,1.039845386817758,1.0099698696412875,0.9901519047454844,1.008054126857975
wikipedia,New York City,city,keyword,332,1.2249810842355968,0.9791732242824568,1.1476654163714417,1.388700635568236
wikipedia,New York City,largest,keyword,75,1.3547281028723368,0.974603801875585,1.228556832456233,1.569518273528526
wikipedia,New York City,city's,keyword,63,1.0952403011329261,1.0424425646185809,1.0861584706022185,1.3640317198786847
wikipedia,New York City,world,keyword,83,1.189999207967742,0.9968869729048633,1.158144739569496,1.698216998074399
wikipedia,New York City,manhattan,keyword,58,1.1574586316824416,0.9644968456930386,1.0866994554273377,0.9843550668665286
wikipedia,New York City,as,appaiata,118,1.0077637443914556,0.9582900144560641,1.04079721214374,1.1450322385882623
wikipedia,New York City,by,appaiata,91,1.0523297722736997,0.9626783643688008,1.0238763309942758,1.0610733565921822
wikipedia,New York City,for,appaiata,81,1.0258966468500994,1.045106675339219,0.9816695278891423,0.9920322437775422
wikipedia,New York City,with,appaiata,69,0.9877625453165076,0.9857591845612826,1.006247413306746,1.04132094136679
wikipedia,New York City,on,appaiata,60,1.1656662386607783,1.0081260945741068,1.0731030538636308,1.087631474796467
wikipedia,New York City,at,appaiata,57,1.2834649716805342,1.023892853999672,1.1283888980602732,1.3237516801219489
wikipedia,New York City,has,appaiata,53,1.1306472884703869,0.9323210574977937,1.1035990827680866,1.5510246845240163
wikipedia,Middle Ages,vocali,vocali,24225,1.2994168924652918,0.976206812279539,0.9906250467636046,0.5441929468976627
wikipedia,Middle Ages,spazio,spazio,12656,1.0604944463690633,0.9671675334199169,0.9178305622879991,0.46035559678932747
wikipedia,Middle Ages,e,lettera,8059,1.3207694418126217,0.9627656714321725,0.9990151521225757,0.8220919441256751
wikipedia,Middle Ages,t,lettera,5641,1.157250134682426,0.9492011667391408,1.0054322320081155,0.8460584585479004
wikipedia,Middle Ages,a,lettera,5159,1.1335592882775007,0.9974048386609781,0.9334638598519819,0.8699967099826439
wikipedia,Middle Ages,n,lettera,4912,1.1273072056882931,0.971965261481161,0.9904378899044018,0.8764806524033046
wikipedia,Middle Ages,i,lettera,4758,1.201807439773002,1.0060603148872294,1.0110012737517977,0.9220246884104855
wikipedia,Middle Ages,r,lettera,4559,1.0838791671738892,0.9269181202212432,0.9986771409833389,0.8310497511733942
wikipedia,Middle Ages,o,lettera,4484,1.2146276066865558,1.018582128665997,1.0470959857513658,0.9301390518876845
wikipedia,Middle Ages,s,lettera,4070,1.1576958189300806,1.046405939401511,1.0100968295779895,0.9375493464250525
wikipedia,Middle Ages,h,lettera,3161,1.0407601266430353,0.9829821846797503,0.9538375467341552,0.8753043280948093
wikipedia,Middle Ages,d,lettera,2746,1.1548659157234438,0.9502585892319518,1.0011451712982524,0.8949046992372078
wikipedia,Middle Ages,l,lettera,2736,1.1582801280243271,0.9943580563581015,0.9988023210609908,1.0134609193610256
wikipedia,Middle Ages,c,lettera,2174,1.2794013423747193,0.9466596990066183,1.0144443147790667,0.9727680496138708
wikipedia,Middle Ages,u,lettera,1765,1.2457383083832132,0.9820758135151136,0.926828683027365,0.9755866310112756
wikipedia,Middle Ages,m,lettera,1675,1.1728825163390055,0.982422293884618,0.9942008626093871,0.9842697851841674
wikipedia,Middle Ages,f,lettera,1409,1.0952454812595194,0.9800998296897908,0.9348608206731468,0.9713930269915841
wikipedia,Middle Ages,p,lettera,1313,1.2012001863826132,0.95848763107811,1.0410594646064522,1.0515751811870886
wikipedia,Middle Ages,g,lettera,1264,1.1556642828635664,1.0031692539654598,1.0226669476440327,1.0422674502184568
wikipedia,Middle Ages,w,lettera,1012,1.2309302330661187,1.0107968494517745,1.0501046164653272,1.050620423650724
wikipedia,Middle Ages,y,lettera,1011,1.0758022191256262,1.002594932506077,0.9906531459045308,0.9292491464471793
wikipedia,Middle Ages,the,funzione,1326,1.265102495906166,0.991729333758976,0.9993666804950246,0.8776214924005551
wikipedia,Middle Ages,of,funzione,612,1.0948167713730592,0.975018341074664,0.9670231217110158,0.9015004321229485
wikipedia,Middle Ages,and,funzione,470,1.0687835798078646,0.9759002756397203,1.0141934338230418,0.9076554024879903
wikipedia,Middle Ages,in,funzione,417,1.022751108967012,0.979170476397072,1.0119375698121031,1.042846164098149
wikipedia,Middle Ages,to,funzione,258,1.0875623186112975,0.9449950239749736,1.0754100226492413,1.0878942353169812
wikipedia,Middle Ages,as,funzione,147,1.0885726653839882,0.9768906771415566,0.9818934909047273,1.051000451013539
wikipedia,Middle Ages,century,keyword,74,1.0401080653457278,0.9826112556326424,1.1241607067304815,1.30145321791334
wikipedia,Middle Ages,europe,keyword,69,1.1777171301401408,1.0104001579780493,1.1063280713154542,1.1357952313200261
wikipedia,Middle Ages,empire,keyword,68,1.40285593512438,1.0668956652589239,1.365574159759343,2.3559950697809766
wikipedia,Middle Ages,roman,keyword,59,1.2992484032440277,0.9193196014379571,1.2515539904866537,2.073774333159857
wikipedia,Middle Ages,period,keyword,55,1.0721384095158994,0.9548678217435649,1.0699328513555908,1.2908020463117924
wikipedia,Middle Ages,middle,keyword,52,1.330881044876411,0.9721333817226849,1.1928755018529837,1.5865934771240024
wikipedia,Middle Ages,western,keyword,48,1.285082840724245,0.9841658370648817,1.2098583127541314,1.523378753942023
wikipedia,Middle Ages,with,appaiata,76,1.110169901461802,1.0145075920851478,1.0541857081650816,0.9442814410589253
wikipedia,Middle Ages,for,appaiata,65,1.0818634957004887,0.9760120099177189,1.0853457100550372,1.064984311930029
wikipedia,Middle Ages,or,appaiata,59,1.309547563620081,0.9757226108088352,1.2524923219238349,1.5179797826101522
wikipedia,Middle Ages,that,appaiata,57,0.9595067346772761,0.9560459770276925,0.9783658389041618,0.9007800825442237
wikipedia,Middle Ages,into,appaiata,55,0.9700092161062132,0.9622808791585356,0.9957755928829396,0.9696720195710297
wikipedia,Middle Ages,which,appaiata,52,1.0770729317905414,1.0423975845761588,1.017154161694858,1.1674367344833918
wikipedia,Middle Ages,had,appaiata,50,1.068367577911589,0.999448637026413,1.0897374821636676,1.3201776698269643
wikipedia,Russia,vocali,vocali,24749,1.2596078603946703,0.9438746696867418,0.9625772864498637,0.5507292053951448
wikipedia,Russia,spazio,spazio,12198,1.2165926022175726,1.022659342870399,0.9735817768826754,0.4864700307247683
wikipedia,Russia,e,lettera,7202,1.2503201788763412,1.0177420198063623,0.988551051800565,0.867759514035768
wikipedia,Russia,a,lettera,5570,1.2555390118970051,0.9919350399214811,0.9848150192956577,0.8674073100382393
wikipedia,Russia,t,lettera,5533,1.2212126228547915,1.043803393921604,0.9840545679319805,0.8574747403488922
wikipedia,Russia,i,lettera,5394,1.3561792673378004,1.0398606180813386,0.9887325884287672,0.8737220622446623
wikipedia,Russia,n,lettera,4916,1.2732697245667328,0.9824008859195489,0.9601296051514918,0.8507026786429271
wikipedia,Russia,s,lettera,4895,1.3847447265347639,1.0032422373936418,0.982615601633738,0.9448623643098464
wikipedia,Russia,o,lettera,4492,1.197374530558011,0.9430673411494199,0.9572476877412761,0.882373294437407
wikipedia,Russia,r,lettera,4487,1.1992242754279496,1.0027796403507931,0.9736082226591032,0.8049482185784353
wikipedia,Russia,h,lettera,2686,1.093998959655221,0.9383651273289377,0.9877812276058218,0.9118282089022867
wikipedia,Russia,l,lettera,2617,1.267514933833235,0.9204200231457724,0.9755015794775744,1.0404499413798605
wikipedia,Russia,d,lettera,2337,1.1850941970960442,1.012727008568304,0.9170589316594223,0.8976052194872978
wikipedia,Russia,c,lettera,2129,1.1413195616320018,1.0137486606597041,0.9824675385945838,0.9910767913467438
wikipedia,Russia,u,lettera,2091,1.0956491935560595,1.0193588792446635,0.9846925885927297,0.888757847475117
wikipedia,Russia,m,lettera,1473,1.147546274250846,0.9922583245804298,0.9903490509255198,1.0162380365817976
wikipedia,Russia,f,lettera,1373,1.0442447498861491,0.9954210551253176,1.0205268733938215,0.923855385540292
wikipedia,Russia,p,lettera,1255,1.1175805635958935,1.043851595505435,1.0406042228400214,1.1315502900022696
wikipedia,Russia,g,lettera,1239,1.3082030593388791,0.9682631153516287,0.9680927006338843,0.9627116656660563
wikipedia,Russia,y,lettera,972,1.2546183935408795,1.0325462040579412,0.9683154925191332,1.025675134990841
wikipedia,Russia,w,lettera,890,1.1835464838824443,1.048759911619973,0.9496157133673524,1.0136202807930539
wikipedia,Russia,the,funzione,1182,1.364130043192035,0.9672539502946945,1.053880213530756,1.0005813993030732
wikipedia,Russia,of,funzione,577,1.165708705805579,0.9945306907549675,1.084217056142258,0.9850660870641235
wikipedia,Russia,and,funzione,465,1.1078310285492432,0.9665247403082721,0.9173280780240279,0.8366093310763482
wikipedia,Russia,in,funzione,385,1.0377676950204793,0.9010717903629729,1.091002238740421,1.1006721780955107
wikipedia,Russia,to,funzione,202,1.0645795883919567,0.9492001981250251,0.9776591921833576,1.1750985878023847
wikipedia,Russia,as,funzione,141,1.0903560069773954,0.94474826506161,1.0179001744136826,1.0982170493822716
wikipedia,Russia,russia,keyword,199,1.2151135420534014,0.9457699760839985,1.1900372987872965,1.2913672428559706
wikipedia,Russia,russian,keyword,140,1.2268347865340885,0.9139229029502536,1.1226246859373135,1.2497606002070458
wikipedia,Russia,soviet,keyword,64,1.5162267216730188,1.0100116153382896,1.3921092919947027,2.4638671234477263
wikipedia,Russia,war,keyword,48,1.362114728172064,0.9963425143191919,1.3236090600468937,2.2318918054925523
wikipedia,Russia,first,keyword,43,1.4075650288766697,1.0237373269732875,1.1218228138178798,1.248484249384171
wikipedia,Russia,world,keyword,77,1.3008143267268608,0.9857986514506916,1.258118444563568,2.201736483540168
wikipedia,Russia,state,keyword,41,1.1705922073361525,1.0360410937756264,1.1162830484953334,1.3246620908203224
wikipedia,Russia,is,appaiata,125,1.343607411229735,0.9010235917518581,1.3988520207038937,3.2550099382314857
wikipedia,Russia,its,appaiata,94,1.1804960085671268,0.9861995846804796,1.1447438787497768,1.4624252687888744
wikipedia,Russia,for,appaiata,58,1.1443192578069696,0.9770234256552706,1.0829157394641404,1.117244134604032
wikipedia,Russia,it,appaiata,47,1.0977997166877838,0.9910319482537521,1.090364257677425,1.1219609949493758
wikipedia,Russia,are,appaiata,42,1.2009284575072683,0.965272753933716,1.1933726961175661,2.424830066072803
wikipedia,Russia,th,appaiata,41,1.15880021684861,1.0285411402792937,1.2232514897886004,2.153850358836148
wikipedia,Russia,an,appaiata,38,0.9651299675133896,0.9821052675896068,0.9458621203646341,0.8156864755716157
wikipedia,Winston Churchill,vocali,vocali,24262,1.0137114053799183,1.0206060075594756,0.9883156199866509,0.49188584234872823
wikipedia,Winston Churchill,spazio,spazio,12745,1.1973769613050211,0.9959068257131185,0.9615385769133354,0.4836107469791864
wikipedia,Winston Churchill,e,lettera,7712,1.0251373120399467,0.9771078050960873,0.9490128847187526,0.880786244515174
wikipedia,Winston Churchill,a,lettera,5321,1.1210364422417276,1.0232067914568816,0.9637201912718183,0.8661304492531205
wikipedia,Winston Churchill,t,lettera,5223,1.1350427870357485,0.9951374836713137,0.9719492104588344,0.8808373056862543
wikipedia,Winston Churchill,i,lettera,4929,1.1213983238317795,0.9848058389574611,1.0133123871453715,0.8730115856122946
wikipedia,Winston Churchill,n,lettera,4674,0.9481229992710316,0.9838394381762793,1.0114082540670613,0.845168636598871
wikipedia,Winston Churchill,o,lettera,4534,1.0713317444399775,1.0141470939182315,0.9568660559801384,0.9056688553294504
wikipedia,Winston Churchill,r,lettera,4423,1.0048737896974376,1.021288853171972,1.0319894585867209,0.821602543761272
wikipedia,Winston Churchill,s,lettera,3744,0.9438357472656603,0.9570392443833303,1.0164818887337812,0.9233988260172983
wikipedia,Winston Churchill,h,lettera,3450,1.124003585279256,1.0049238058296466,1.0085543483892347,0.9111074207444019
wikipedia,Winston Churchill,l,lettera,3011,0.9818118867946758,0.9996520195087898,0.9892632869035126,1.0993591116995902
wikipedia,Winston Churchill,d,lettera,2639,1.052093304965787,1.0102392800629174,1.0213983984258932,0.9160573514757359
wikipedia,Winston Churchill,c,lettera,2509,1.024327543973905,0.9876352921968395,0.9288746578797618,0.9970014215276485
wikipedia,Winston Churchill,u,lettera,1766,1.042504458362818,1.032133704767293,0.9835324967308633,0.9089213213015671
wikipedia,Winston Churchill,m,lettera,1631,1.0200227895606373,0.9706968419261973,1.0144098982376604,1.018920133629235
wikipedia,Winston Churchill,f,lettera,1390,1.1114145662672357,0.9495295972867243,1.0407090168366528,0.9812259872866881
wikipedia,Winston Churchill,p,lettera,1258,1.139735023490091,0.9962887441964,0.9718574859407806,1.0998341452358844
wikipedia,Winston Churchill,g,lettera,1201,1.0929794735067768,0.9596157010689476,0.9738902824797121,0.9450050936024136
wikipedia,Winston Churchill,w,lettera,1149,1.129261165408536,0.9834846797738074,0.999614043690522,0.9501814268557498
wikipedia,Winston Churchill,b,lettera,1061,1.1358274268764426,1.0268883343252908,1.0582822431808738,0.9910987401694745
wikipedia,Winston Churchill,the,funzione,874,1.1889967555468264,1.0274960903611798,0.9937437753241053,0.9475889409211409
wikipedia,Winston Churchill,of,funzione,431,1.0948139117109135,0.9810783597442452,1.0613021192640077,0.9758929297110877
wikipedia,Winston Churchill,in,funzione,396,1.0909337889651203,0.9550235299562883,1.0181548744755944,0.9928618046978107
wikipedia,Winston Churchill,to,funzione,382,0.9677978581906779,0.9717092558932778,1.0012533016333292,0.8666977515533316
wikipedia,Winston Churchill,and,funzione,364,1.0933068866164943,0.9579517557448499,0.9573802870036735,0.8470567646566782
wikipedia,Winston Churchill,was,funzione,255,1.0872866097885987,0.9791211222788258,1.0231777289373722,1.0047856367233416
wikipedia,Winston Churchill,churchill,keyword,276,0.8577578748455589,1.0301173681106948,0.8133413582976905,0.6636670694479015
wikipedia,Winston Churchill,government,keyword,54,1.1731695352127751,0.9795398004687352,1.1890271042801916,1.755693697711283
wikipedia,Winston Churchill,british,keyword,41,1.0021568663760083,0.9712511213373821,1.0017582946473897,0.8716665644859887
wikipedia,Winston Churchill,first,keyword,34,0.9769898571721997,0.9955990198561097,1.0126950666105612,0.9871224728189731
wikipedia,Winston Churchill,may,keyword,34,1.0850658553863706,0.9638286113247049,1.0483665840786613,1.1796332794917068
wikipedia,Winston Churchill,minister,keyword,32,1.13949166967604,0.9933145830902808,1.0587777098842586,1.3707983519711036
wikipedia,Winston Churchill,conservative,keyword,30,1.2073183215400398,0.9972050700010183,1.1840707897301248,2.152570573085532
wikipedia,Winston Churchill,he,appaiata,249,1.2069394438650443,1.122778644278106,1.106405971872537,1.1721549941359013
wikipedia,Winston Churchill,were,appaiata,47,1.0223047409910477,0.9772126243994097,1.0075413290202544,0.9305714202417973
wikipedia,Winston Churchill,from,appaiata,41,0.9878293945413478,0.948768756678538,1.0672667189407907,0.9958370079640931
wikipedia,Winston Churchill,be,appaiata,35,0.9716669414068128,1.0280114341929496,0.9769695183756077,0.8786708891799636
wikipedia,Winston Churchill,this,appaiata,36,1.125288749483796,1.0074546513459277,1.1247973761499166,1.0615287044896706
wikipedia,Winston Churchill,after,appaiata,32,1.0911617723381355,0.9828373032906308,1.0776912977445845,0.9880059895560932
wikipedia,Winston Churchill,general,appaiata,28,0.9659720657236072,1.0157619993381208,0.9910242060869486,0.911006591654891
wikipedia,France,vocali,vocali,24390,1.2269422311544,0.9663587997196125,0.9587476214190565,0.5585799474476685
wikipedia,France,spazio,spazio,12273,1.1669132705017025,0.9473945194617631,1.052213868512552,0.4774724919006174
wikipedia,France,e,lettera,7837,1.2208461084489346,0.9268103602422388,0.9714469916890187,0.8151251286141198
wikipedia,France,t,lettera,5379,0.991703707516644,0.9868929170944284,0.9757325255123863,0.8657926233383256
wikipedia,France,a,lettera,5367,1.1560304682940725,1.0183833425367175,0.9590770508027097,0.8618814446953058
wikipedia,France,n,lettera,5163,1.21354941405108,1.0126770522200512,0.9350642571397589,0.8169092503356503
wikipedia,France,i,lettera,5034,1.2560755647163804,0.994231202995719,1.0557816276741692,0.8926545187277207
wikipedia,France,r,lettera,4619,1.2094940543828343,0.9435582605175267,1.0452746496564815,0.8079757177896695
wikipedia,France,o,lettera,4316,1.0693062978331358,1.0400159479143551,0.9990973910156322,0.8802780422707491
wikipedia,France,s,lettera,3876,1.3245690929016942,1.0183641900591711,1.06318198881828,0.9660918131149611
wikipedia,France,h,lettera,2802,1.2339489981481608,0.9922095625332218,0.9677703549690277,0.9450832918573
wikipedia,France,l,lettera,2748,1.2286253388925459,0.9609390052738837,0.9674073202291531,0.9897102247026699
wikipedia,France,c,lettera,2602,1.2155156857675902,0.961568318205343,0.9608152622842252,0.9446880002012001
wikipedia,France,d,lettera,2367,1.2859888771879275,1.0543312165746201,0.9203345161693307,0.9289740682064836
wikipedia,France,u,lettera,1836,1.1588901560340872,0.9617087581618922,1.0137718356737881,1.0083309893181178
wikipedia,France,f,lettera,1622,1.2097424447623022,1.0051538046254285,1.0073918382757596,1.0285418156286115
wikipedia,France,m,lettera,1592,1.2412450426392772,0.9860176061345314,0.943446605708325,0.9992738446845024
wikipedia,France,p,lettera,1333,1.0832265006710986,1.0413395654905102,1.0594047704800298,1.0424507302882895
wikipedia,France,g,lettera,1220,1.3109426991918451,0.9576131115440362,1.0232721012588977,1.0606900003011517
wikipedia,France,y,lettera,869,1.205981560562766,1.0238945014967156,0.9572025891770405,0.9832396050205823
wikipedia,France,w,lettera,846,1.1983690594313525,0.9844998225183207,1.069198563312061,1.0885895447924274
wikipedia,France,the,funzione,1119,1.1984023113775812,1.0059425948254015,1.0514642419516795,0.9834259902041604
wikipedia,France,of,funzione,515,1.0792123086942145,1.0109668570466188,1.0698186902851352,0.9907963319598174
wikipedia,France,and,funzione,496,1.054483162808181,1.0103009699551182,1.0419131581456065,0.8436197121968871
wikipedia,France,in,funzione,398,1.1129015251565542,0.9802070168556396,0.9515309063629207,0.9753102766565886
wikipedia,France,to,funzione,192,1.071913455854573,0.9782375831748019,1.0175300950455046,1.0964358280858426
wikipedia,France,is,funzione,121,1.2425862951519366,1.0145463476737937,1.1996968298798345,1.9436514342204718
wikipedia,France,france,keyword,195,1.194063047110796,0.9517620149828435,1.1632157158972267,1.2166667339646033
wikipedia,France,french,keyword,157,1.1754342832059639,0.9818262160804988,1.1122750617253416,1.2912749101708316
wikipedia,France,million,keyword,44,1.4422158491455728,1.013279500542564,1.3511900632989111,2.6498095814581384
wikipedia,France,century,keyword,43,1.240165915266097,0.9130405357362971,1.2140652104082212,1.6709309209256564
wikipedia,France,world,keyword,52,1.250284024494552,1.0044505751279866,1.2441804938094079,1.8795946765776412
wikipedia,France,europe,keyword,43,1.0167412016822233,1.0265418380191862,0.977863355809894,0.9285191373513194
wikipedia,France,since,keyword,32,1.098297936005241,0.9686385986672984,1.1845478528198237,1.2166525062509832
wikipedia,France,by,appaiata,114,1.0686554263344625,1.0535177984875537,1.0261284687243688,1.1554725434450543
wikipedia,France,was,appaiata,114,1.2724470948555378,1.002390638887548,1.167209543667233,1.4249894589711865
wikipedia,France,were,appaiata,43,1.1985524657381028,0.9752097416906252,1.151047999846292,1.6307249721047126
wikipedia,France,at,appaiata,39,1.0929118026181168,0.9764034202476332,1.0315308605019393,1.3127482602596994
wikipedia,France,such,appaiata,37,1.0840434489593154,0.9554908008786885,1.081059800808552,1.2365984213765053
wikipedia,France,an,appaiata,34,1.0881961202077246,0.9657441218898161,1.0978538757385263,1.4365550799626479
wikipedia,France,one,appaiata,36,1.1540013990220457,1.0087013843287544,1.1465804205413235,1.279665832366474
wikipedia,United States,vocali,vocali,24720,1.28748878296605,0.9761043908066732,0.9876214183685631,0.5496431636382447
wikipedia,United States,spazio,spazio,12089,1.162722333886741,1.0390352541571133,0.9651998610117148,0.479981898569188
wikipedia,United States,e,lettera,7848,1.2345203365941912,0.9492216951636939,0.9644944932386048,0.8374777292780946
wikipedia,United States,t,lettera,5963,1.2708832529248206,0.9480024155667048,1.0314080859080388,0.8742056883934212
wikipedia,United States,a,lettera,5518,1.171129765672024,1.0065908021707577,0.9644851360596766,0.8502965517360982
wikipedia,United States,i,lettera,5074,1.224469254417324,0.979103290749198,0.9742306584626214,0.9003994457052944
wikipedia,United States,n,lettera,4989,1.303020013498803,0.9591137858194078,0.9551054256555727,0.8379189497495216
wikipedia,United States,o,lettera,4485,1.1541228225709061,0.9626629958881786,0.9915580759045625,0.8701152208661787
wikipedia,United States,r,lettera,4277,1.2349810142636513,0.9583552756776111,1.0392249269952136,0.8399834964688523
wikipedia,United States,s,lettera,4261,1.2088079649325487,1.0292062739573145,0.9803711351431001,0.9175390814733734
wikipedia,United States,l,lettera,2695,1.2109037245669922,1.014631658317067,1.0054151398667484,1.019102655028505
wikipedia,United States,h,lettera,2623,1.0755325024316194,1.0255069190619097,1.0492748650185926,0.9162104183129567
wikipedia,United States,d,lettera,2511,1.2424459538521866,0.967973621323702,0.9610770397349611,0.8654394341587731
wikipedia,United States,c,lettera,2318,1.1657636277435943,1.045676071116179,0.9773355135803959,0.9743622006445338
wikipedia,United States,u,lettera,1795,1.131175982576143,1.0179102019594366,0.9589197095066062,0.9347958883892179
wikipedia,United States,m,lettera,1642,1.2222412531834148,1.0117565222142526,0.9676478244426233,1.0282393072150335
wikipedia,United States,p,lettera,1347,1.060764652036589,1.0107698226475104,1.0482379059221658,1.096647190598961
wikipedia,United States,f,lettera,1304,1.1030240278424477,0.9652794028488002,1.0065713983737383,0.9833804349994383
wikipedia,United States,g,lettera,1192,1.1278147817791662,1.0004222027649545,0.9851283361400908,0.9933179046830308
wikipedia,United States,y,lettera,913,1.1523984620840577,0.9967208673638797,0.964099778009956,0.9916755307395547
wikipedia,United States,w,lettera,851,1.2251132615253824,0.9485651289045074,0.9628991686521177,1.0424369213672937
wikipedia,United States,the,funzione,1121,1.2643724153086229,1.0048770077935452,1.072784258062071,0.9323478750144713
wikipedia,United States,of,funzione,459,1.1720510357115659,1.027171296747221,1.0483478374442488,1.0287721191654415
wikipedia,United States,and,funzione,443,1.096279163642947,0.9950278650461507,0.9417008422203811,0.8117007141451097
wikipedia,United States,in,funzione,397,1.1642721223531094,0.9742923801523591,1.0943138225711697,1.0591248906526844
wikipedia,United States,to,funzione,201,1.1265709115588554,1.0083981833386313,1.064311122749056,1.2245069405652778
wikipedia,United States,is,funzione,131,1.295864325529145,0.996588323530732,1.2624847911809949,1.9441364697196688
wikipedia,United States,states,keyword,154,1.066373875043044,0.9575483880822674,1.0627490888998752,1.0657934603569184
wikipedia,United States,united,keyword,124,1.0931336423996256,0.9775470776225811,1.0529993886668259,1.0347293189867568
wikipedia,United States,american,keyword,70,1.179903180115191,0.9802861440425986,1.1237752783354156,1.3712310546925544
wikipedia,United States,federal,keyword,53,1.4226047779513933,1.0281370264932574,1.2383986569866405,1.5917291528926467
wikipedia,United States,country,keyword,60,1.06942738068035,0.9328802113898295,1.1035731372642272,1.2512458658767844
wikipedia,United States,million,keyword,39,1.502494212467769,0.9790634262498944,1.255548922032934,2.0205747784249386
wikipedia,United States,state,keyword,43,1.3822300712783977,0.9816256564368079,1.3931493721398363,1.921775211176178
wikipedia,United States,by,appaiata,121,1.112997409606442,1.0288351047304947,1.010235254007647,1.080783230244926
wikipedia,United States,as,appaiata,99,1.0703404354155863,1.0284772226124654,1.071077129680169,1.140865172946584
wikipedia,United States,are,appaiata,70,1.3258813467842916,0.967071797845373,1.3342519431153477,2.504431665333232
wikipedia,United States,or,appaiata,53,1.0964517899490054,1.0072231330160946,1.064887906065852,1.2454155136642544
wikipedia,United States,its,appaiata,39,1.0711561370617275,0.9348895045312622,1.0451530038590573,0.9866352265530413
wikipedia,United States,were,appaiata,39,1.1847745460837695,0.9906378795148303,1.1287673358656185,1.8914292029949498
wikipedia,United States,on,appaiata,38,1.059447639154815,1.0047962948078004,1.0448682710351265,1.1781197112672683
wikipedia,Socialism,vocali,vocali,25931,1.2231267738929115,0.9797991577950693,0.8819350867339986,0.5000769747322206
wikipedia,Socialism,spazio,spazio,11701,1.1819175969028834,1.063422894131088,0.9955287125070801,0.5027282233291271
wikipedia,Socialism,e,lettera,7079,1.3283781238010206,1.0174655851860244,1.0345516879035728,0.8558553823014066
wikipedia,Socialism,i,lettera,6086,1.3273801631078348,1.0062865708686342,0.934994208125992,0.8742777622715792
wikipedia,Socialism,t,lettera,5859,1.3183394278347105,0.9682069328011905,0.9922985750381562,0.8194015624049845
wikipedia,Socialism,a,lettera,5603,1.3085585369785606,0.9504524682551357,1.0380847022758284,0.8418021864796489
wikipedia,Socialism,o,lettera,5466,1.2820953032577895,0.9317460678728503,0.9788537512304831,0.8464734771194742
wikipedia,Socialism,s,lettera,4947,1.2053347367589589,0.9855631284016607,0.9847427375407684,0.9294863334353198
wikipedia,Socialism,n,lettera,4644,1.270605808558954,0.9385513233010848,0.9050904099258564,0.8738114109862197
wikipedia,Socialism,r,lettera,3953,1.1408095382612606,1.0322888757886701,1.0030526629946241,0.8885741574005698
wikipedia,Socialism,c,lettera,3133,1.229277606641521,0.9614137362417798,0.9073211381576027,0.9433562908561474
wikipedia,Socialism,l,lettera,3065,1.2699412545111217,1.0006432154061236,0.9782783645663672,0.9125044855336447
wikipedia,Socialism,h,lettera,2392,1.0864663318481285,0.964271449210171,0.991300709187751,0.9609805133811538
wikipedia,Socialism,d,lettera,2340,1.138860875463296,1.0445231192316793,1.0385849513675536,0.8967722950352385
wikipedia,Socialism,m,lettera,2149,1.3665391079138454,1.0529697942850544,1.036702922288456,1.0345122922415257
wikipedia,Socialism,u,lettera,1697,1.2429727469589906,1.0045758566006358,1.0112580647829823,0.9959080241890587
wikipedia,Socialism,p,lettera,1449,1.2091243227807384,0.9452056830070884,1.007953075413256,1.0366562175259542
wikipedia,Socialism,f,lettera,1344,1.0756147427975198,1.007731294212432,0.9653227317779759,0.9577376542669884
wikipedia,Socialism,y,lettera,990,1.138556571088067,0.9645177841968785,0.9719106606933398,0.9486258581328922
wikipedia,Socialism,g,lettera,914,1.1749625407934587,0.9391923310554384,0.9212434445763327,0.9924830484748972
wikipedia,Socialism,b,lettera,812,1.1824764605360323,0.9438536330800605,1.0131353701961556,1.0173425077220957
wikipedia,Socialism,the,funzione,787,1.2625882047263586,1.0146039020502213,1.13261404949781,1.001914852222706
wikipedia,Socialism,of,funzione,567,1.0711900871214894,0.9583790705864156,1.0611225071376988,0.9679216163873575
wikipedia,Socialism,and,funzione,461,1.0677064932388398,1.0321005582682352,0.9623580128458369,0.8055301677296416
wikipedia,Socialism,in,funzione,315,1.3466356983666115,0.9937222526917696,1.0889546172409805,1.0760493012507049
wikipedia,Socialism,to,funzione,308,1.1350839730481084,1.0436164186031813,0.9730183995343182,1.0017948689804688
wikipedia,Socialism,as,funzione,169,0.9137025796362447,1.0696192216503426,0.8745011947634928,0.9092078977749726
wikipedia,Socialism,socialism,keyword,154,1.3726312850247109,0.9805200776871722,1.2572628231737741,1.640379159413556
wikipedia,Socialism,socialist,keyword,121,1.153475541576513,0.9949080897310786,1.0323539708797635,1.0882228318429918
wikipedia,Socialism,social,keyword,94,1.2892245401606468,1.0148211630633523,1.1955993496520096,1.6543434449131107
wikipedia,Socialism,economic,keyword,70,1.1681314950288333,0.9810879513219953,1.1413710935821406,1.4224631033465653
wikipedia,Socialism,state,keyword,65,1.3400857075929864,0.964901772502035,1.2716468832008234,1.5464670191591505
wikipedia,Socialism,economy,keyword,56,1.2839656722107842,0.9242773860923696,1.216635746236787,1.7372471358755672
wikipedia,Socialism,production,keyword,54,1.2213632009763424,1.0328822247731615,1.1727307877023012,1.383671995561032
wikipedia,Socialism,that,appaiata,155,1.1003274876153082,1.0012089127772315,1.1110019484796505,1.0804166181127155
wikipedia,Socialism,is,appaiata,109,1.1660085942943637,0.9949649749437914,1.0549884279036377,1.0984834851706813
wikipedia,Socialism,by,appaiata,100,1.0261493342617447,0.9604432547607099,0.9885804752050916,0.9674676569360001
wikipedia,Socialism,be,appaiata,68,1.1562950645300714,0.9968317044417695,1.0598898333001718,1.1739501223736868
wikipedia,Socialism,on,appaiata,57,1.0042051554837996,1.0217172271728068,1.0226895192722762,1.0836832625311943
wikipedia,Socialism,it,appaiata,58,1.077884525412163,0.9985329500197117,1.0858445575360123,1.1397749216745492
wikipedia,Socialism,an,appaiata,51,1.0915165161621787,1.0033985454748433,1.059954399802218,0.9796479992574214
wikipedia,Wikipedia,vocali,vocali,25746,1.2097544436119174,0.9410414627549192,1.030271295177812,0.5246182424216986
wikipedia,Wikipedia,spazio,spazio,12076,1.1176999911504932,1.000884506946966,0.9867905463190443,0.48855582877600595
wikipedia,Wikipedia,e,lettera,7939,1.1567227643919122,0.9061427036129613,0.933907795615883,0.8129316727368215
wikipedia,Wikipedia,i,lettera,6268,1.1524360071880826,0.9986983172157671,1.0187706133402277,0.946617040028956
wikipedia,Wikipedia,a,lettera,5373,1.2332065581381477,0.9855446112156496,0.9946180516577021,0.8249494027072114
wikipedia,Wikipedia,t,lettera,5338,1.2057399456252946,0.9982151036862472,0.9874358827525805,0.8846895417766524
wikipedia,Wikipedia,o,lettera,4542,1.1023869135720572,0.9682394885276406,0.9352330840678132,0.8646729194793729
wikipedia,Wikipedia,n,lettera,4538,1.1244672734360757,0.9747139427362367,0.941373573273559,0.8753403996807901
wikipedia,Wikipedia,s,lettera,4093,1.0614145349710615,0.9758510449013373,0.9716095587796257,0.917900028198607
wikipedia,Wikipedia,r,lettera,3991,1.109632752788236,0.9686008897287088,1.0090350232463432,0.8904220844966697
wikipedia,Wikipedia,d,lettera,2932,1.031613974350282,1.0698180885359934,1.0133408340601828,0.8644519707655738
wikipedia,Wikipedia,l,lettera,2471,1.1072916561789776,0.9743225184106038,1.083199786805021,0.9729123429181251
wikipedia,Wikipedia,c,lettera,2422,1.2110895404141873,1.0003039385005705,0.935652793809564,0.9859465321172891
wikipedia,Wikipedia,h,lettera,2206,1.070932323576799,0.9985949142813162,0.9575835946320467,0.9475639437498176
wikipedia,Wikipedia,p,lettera,1627,1.0973559730215423,1.074311616055267,1.0107953333403987,0.9523990862011762
wikipedia,Wikipedia,u,lettera,1624,1.1428783207620705,0.9907920460196076,0.9720599612090822,0.9517797544233539
wikipedia,Wikipedia,m,lettera,1476,1.1015482156682206,1.008991283166412,1.0377331891809207,0.9917720803791041
wikipedia,Wikipedia,f,lettera,1409,1.2130412711445329,0.9722261431463171,0.9759880565195643,1.0024908200412606
wikipedia,Wikipedia,w,lettera,1291,1.3039965193236707,0.9829155562024168,1.0413753945520652,0.975682409683518
wikipedia,Wikipedia,g,lettera,1201,1.0460136825328876,1.0220168310129905,1.0438739917761268,0.9883373061933257
wikipedia,Wikipedia,b,lettera,911,1.0670582678781155,0.9339505474782651,1.0114210527596292,1.0096487126392217
wikipedia,Wikipedia,the,funzione,676,1.1219146353888618,0.9656788557790379,0.9863981184024695,0.9693933722779737
wikipedia,Wikipedia,of,funzione,457,1.0558459831594134,0.9339987427663896,1.0413244876120311,1.0262845086421843
wikipedia,Wikipedia,in,funzione,344,1.184443748488316,0.9962507835681075,0.9732673173449639,0.9800248678882736
wikipedia,Wikipedia,and,funzione,321,0.9943760482342943,1.063056047573597,0.9699761072933719,0.8500056347637674
wikipedia,Wikipedia,to,funzione,302,1.0594646841218482,0.9717124782363199,0.96235145194665,0.9817801945223217
wikipedia,Wikipedia,that,funzione,170,1.2784441459980413,0.9488631522388365,1.1902149788624277,1.1707786009356527
wikipedia,Wikipedia,wikipedia,keyword,369,1.241201084570606,1.016644578729302,1.072931890467166,0.9673937846385378
wikipedia,Wikipedia,articles,keyword,78,1.31315307966328,0.9763513625590657,1.2700193072304726,1.7811845370184525
wikipedia,Wikipedia,editors,keyword,66,1.265250585304113,0.9602068251664226,1.2416307380033096,1.3717612400513357
wikipedia,Wikipedia,wikimedia,keyword,48,1.3362901088580457,0.9762166594785343,1.3308808818780216,1.9569094595404712
wikipedia,Wikipedia,article,keyword,51,1.1060833054736912,1.0123644226537796,1.0629916762653338,1.339323112833831
wikipedia,Wikipedia,content,keyword,44,1.2481519003374861,1.0637811940663129,1.1146751398591734,1.2289031716237822
wikipedia,Wikipedia,english,keyword,49,1.2434342547281245,1.0181616073988788,1.1520972151179283,1.6998587107439862
wikipedia,Wikipedia,for,appaiata,139,1.107383397100275,0.9897774985915277,1.0268853792843229,0.9972042300854567
wikipedia,Wikipedia,are,appaiata,77,1.1929316404467807,1.0362892652547133,1.132308225867602,1.264139773365164
wikipedia,Wikipedia,with,appaiata,63,1.0230194348438504,1.0651929996349103,1.029252385222164,1.1562621802319495
wikipedia,Wikipedia,which,appaiata,46,0.9974290361521994,1.0908786518313194,1.021292876380608,1.0543870523835932
wikipedia,Wikipedia,not,appaiata,45,1.1270546676745077,0.9550179661396014,1.1129945887377575,1.1926100985009782
wikipedia,Wikipedia,or,appaiata,49,1.081998896729954,0.9685774103721269,1.1379510723292894,1.3306478727469038
wikipedia,Wikipedia,more,appaiata,38,1.0918786590159,1.0257069507772698,1.0593541702568048,1.3160377481614312
wikipedia,Alexander the Great,vocali,vocali,25128,1.1456514093848995,0.9813725531625499,1.033548000828812,0.4987848000628446
wikipedia,Alexander the Great,spazio,spazio,12602,1.2636029714425143,1.047818333433333,0.9757746794723771,0.47972474053381714
wikipedia,Alexander the Great,e,lettera,8171,1.1547662873388262,0.9863989000723209,1.006764867252259,0.8370587676781325
wikipedia,Alexander the Great,a,lettera,6479,1.2718708574708766,0.946791895272208,0.995541189115506,0.9066820775843538
wikipedia,Alexander the Great,t,lettera,5300,1.1610907712332912,0.9384312334200597,0.9127069444322434,0.892603641727279
wikipedia,Alexander the Great,n,lettera,4726,1.2209465559585224,0.9697307443276131,1.0575092039041427,0.8242895994677824
wikipedia,Alexander the Great,i,lettera,4699,1.1050137001594775,1.027873517115246,1.0256384207640616,0.9037328036714569
wikipedia,Alexander the Great,s,lettera,4284,1.1413591469256013,1.083602424989427,0.99517658796194,0.9322195521645366
wikipedia,Alexander the Great,o,lettera,4194,1.121785112292731,0.9640900669438889,1.0532146619208202,0.8901280640387089
wikipedia,Alexander the Great,r,lettera,4140,1.0394601215822663,0.9844287980264875,1.0084413400411292,0.8496138376762226
wikipedia,Alexander the Great,h,lettera,3407,1.2100961407964859,1.0039809178753953,1.0733124505895517,0.8838763262467748
wikipedia,Alexander the Great,d,lettera,3139,1.1932209273650571,0.9879218234190184,0.9901121535746809,0.9119402027892606
wikipedia,Alexander the Great,l,lettera,2690,1.159188809051222,0.9189069189233154,0.9535551575071852,0.9348957292311366
wikipedia,Alexander the Great,c,lettera,1948,1.2312126936920478,0.9993066438631351,1.0163678511197753,0.9492084258799843
wikipedia,Alexander the Great,u,lettera,1585,1.0087169916432817,0.9523895066742197,1.0282277109296627,1.0089245258673025
wikipedia,Alexander the Great,m,lettera,1506,1.0302091379539358,1.0754932396259156,0.9801340278660966,0.9941674814183787
wikipedia,Alexander the Great,p,lettera,1484,1.216412438668093,1.0155428084237723,0.9349101049649828,1.0346463700370838
wikipedia,Alexander the Great,f,lettera,1335,1.0201949843925042,0.9608108917569673,0.9655860836040587,0.9293255161274019
wikipedia,Alexander the Great,g,lettera,1224,1.0341074261786198,1.0499827318803763,0.9382072293833748,0.9355892692587036
wikipedia,Alexander the Great,y,lettera,1004,1.1082489028360887,1.044639994671664,0.9785507003190412,0.9740027763949304
wikipedia,Alexander the Great,w,lettera,913,1.085274272260916,1.0692028651045715,0.998266393691063,0.9950729275011355
wikipedia,Alexander the Great,the,funzione,928,1.2504964456717944,0.9663868094362899,1.0085362567011922,0.9369383705455088
wikipedia,Alexander the Great,of,funzione,573,1.1429888782924575,0.9670737141257865,1.0368966887790825,0.9446968888133095
wikipedia,Alexander the Great,and,funzione,427,1.1055672704135562,0.9655453589102089,0.9674266914223028,0.8839788324305179
wikipedia,Alexander the Great,to,funzione,357,1.1449677790880628,0.9769484052931263,1.0121702284417011,0.9706472849247673
wikipedia,Alexander the Great,his,funzione,284,1.2625588172883961,0.9994411206567754,1.0909856687239892,1.3478594163935491
wikipedia,Alexander the Great,in,funzione,268,0.986165041511889,0.944855740359343,1.0022712303759478,0.9561387071463674
wikipedia,Alexander the Great,alexander,keyword,377,1.1637807383730394,0.9921547051241721,1.0748537379776817,1.0351043430009994
wikipedia,Alexander the Great,alexander's,keyword,87,1.188840692708351,1.0061615103969006,1.1524122013683693,1.3098232802930203
wikipedia,Alexander the Great,philip,keyword,59,1.5521896986457413,1.0290395119759,1.4628899983745474,2.332503327535079
wikipedia,Alexander the Great,bc,keyword,47,0.9571001476666033,1.0097375069749193,0.9846714841365624,0.9048630041053081
wikipedia,Alexander the Great,persian,keyword,47,1.2398840056673281,0.9582806284642054,1.2121672513034876,1.4323133671811896
wikipedia,Alexander the Great,greek,keyword,46,1.4262408065910546,0.9946582417259058,1.3658955256747447,2.0775572234133004
wikipedia,Alexander the Great,death,keyword,39,1.2314652061046687,0.9925598694854374,1.2584825388337901,1.655880477835325
wikipedia,Alexander the Great,was,appaiata,181,1.1860190926929115,0.9727191600548348,1.1132683952898277,1.2551050833630946
wikipedia,Alexander the Great,at,appaiata,93,1.0914808183191278,0.9803926028220502,1.1074303286695946,1.149845551815789
wikipedia,Alexander the Great,which,appaiata,53,0.9819459539464427,0.9936540123575432,0.9784272911483777,0.8643837373887566
wikipedia,Alexander the Great,him,appaiata,49,1.0842498201385438,1.018771251187036,1.0987930873605107,1.1855193926863377
wikipedia,Alexander the Great,an,appaiata,43,1.1133937996067351,1.0169017704044536,1.1267293897013977,1.0816422052538444
wikipedia,Alexander the Great,who,appaiata,41,1.008558311382149,0.9983421294932363,1.0006467399119563,0.9760213760274686
wikipedia,Alexander the Great,not,appaiata,37,1.074141034597801,0.9812228101467296,1.0476675393376318,1.2233921177595495
wikipedia,Paris,vocali,vocali,23811,1.3722237126978039,1.0105636235393907,0.9540185912340177,0.5770880403116028
wikipedia,Paris,spazio,spazio,12611,1.2396000461857046,1.0470289095229224,0.9455918416314885,0.4882154874369485
wikipedia,Paris,e,lettera,7521,1.0466354692472226,1.0128131544014927,0.9561952267190278,0.8738368451378227
wikipedia,Paris,t,lettera,5330,1.179901756419267,1.0443686975821747,1.0287128622431319,0.8627887238416053
wikipedia,Paris,a,lettera,5247,1.3858884205025468,0.9223762511702067,1.0096652266181174,0.8687652686426659
wikipedia,Paris,i,lettera,5119,1.2435068556631295,0.9758238234797658,1.03620398310645,0.8734076998568456
wikipedia,Paris,n,lettera,4712,1.2478372913021034,0.9405567121235441,1.0019486311044539,0.828261568479171
wikipedia,Paris,r,lettera,4614,1.1686016334527398,0.9383691806582691,1.0346818424965336,0.815639625468271
wikipedia,Paris,s,lettera,4355,1.2268879529740997,0.9555822402693347,1.0101790032945173,0.9463595300261891
wikipedia,Paris,o,lettera,4139,1.2539812615986607,1.0309079028145056,1.0123787764981895,0.9305825785855288
wikipedia,Paris,h,lettera,2652,1.291207529287172,0.9641891485066284,1.0241158363374416,0.8850737985919168
wikipedia,Paris,l,lettera,2520,1.1846047201891041,0.9909882874154586,1.0318435604955283,1.08011358305306
wikipedia,Paris,d,lettera,2261,1.0690685027016653,0.9657433673957566,1.0280947210503906,0.8886912110647937
wikipedia,Paris,c,lettera,2236,1.267865820559351,0.9958906457887969,0.9785821808382854,0.9791058433700636
wikipedia,Paris,u,lettera,1785,1.2250965471485638,1.0387137700267117,0.9855780138872859,1.023885305538996
wikipedia,Paris,p,lettera,1648,1.1064818828194023,0.9958143423294997,1.0437769999505635,0.9786540143654362
wikipedia,Paris,m,lettera,1629,1.167265341579162,0.9774280559235073,0.9566572303380069,1.002519969839903
wikipedia,Paris,f,lettera,1369,1.188245814583957,0.976691333223216,0.9577126900531748,1.0312420319628506
wikipedia,Paris,g,lettera,988,1.0817048571855998,1.066946236912035,1.033349601811113,1.0363200209944001
wikipedia,Paris,b,lettera,919,1.31623625805069,0.9800102790209687,1.1011796143005048,1.1322871138235964
wikipedia,Paris,y,lettera,895,1.073962855269725,0.9720562085396258,0.991359287172276,1.046117115846775
wikipedia,Paris,the,funzione,1189,1.3032592385171604,0.9154734288106164,1.1017106394527874,0.9682240540901774
wikipedia,Paris,of,funzione,526,1.1457001275359373,0.9887105639048169,1.0521860966699599,0.9428320423152619
wikipedia,Paris,in,funzione,491,1.3400831349820048,0.94287692882556,1.0772962575505263,1.068694228808979
wikipedia,Paris,and,funzione,456,1.2403075602356766,1.0173339717190182,1.0002767245140465,0.9385421168088153
wikipedia,Paris,to,funzione,160,1.2139907380946675,1.0042026925125325,1.1499335126914463,1.2544693896875874
wikipedia,Paris,is,funzione,111,1.3053253409822907,0.9937118249914861,1.224442422830987,2.236217001428785
wikipedia,Paris,paris,keyword,365,1.0090695015461955,0.976920912110216,0.9383731265856005,0.8430680528604209
wikipedia,Paris,city,keyword,108,1.0298862342308055,0.9562793860018454,1.0346026740619805,0.9912962354119362
wikipedia,Paris,french,keyword,62,1.1776895890426171,0.9673194785532342,1.168510388539857,1.5779976285548898
wikipedia,Paris,france,keyword,81,1.36002859213614,0.8843602790569594,1.1152182333114231,1.2230790809313723
wikipedia,Paris,percent,keyword,48,1.4963165763502975,0.973824003333716,1.4024812338336516,2.4168230151284638
wikipedia,Paris,million,keyword,39,1.4560316057259304,1.008755927586142,1.3265854701925217,2.3858932801031574
wikipedia,Paris,century,keyword,43,1.0961593847129794,0.9857847925033907,1.0951312735484022,1.5542218622358364
wikipedia,Paris,de,appaiata,126,1.0145447372072391,1.0143119319051792,0.9858694013265835,1.1489509795777635
wikipedia,Paris,by,appaiata,100,1.1436514978988979,0.9549190525188637,1.1586153837540705,1.3141012161644523
wikipedia,Paris,are,appaiata,59,1.105330747680899,1.0383229661742004,1.0614897660220468,1.733022340316098
wikipedia,Paris,were,appaiata,54,1.1968463214154412,0.9912626788179502,1.1677350640458355,1.3908113928759398
wikipedia,Paris,it,appaiata,49,0.9288112348513248,0.9662694865209316,0.9580799449908705,0.8205937253268876
wikipedia,Paris,which,appaiata,40,1.0374355129083965,1.0079118371210447,1.0222781851897689,1.1395066296795004
wikipedia,Paris,first,appaiata,37,1.0785987453602843,0.9886294910151529,1.0652532166023447,1.0909172443864819
wikipedia,Beijing,vocali,vocali,23836,1.5027387608924268,0.9539404960363645,1.027815032665448,0.6185262852436012
wikipedia,Beijing,spazio,spazio,12332,1.6466964660259367,0.9619174054577245,1.5464140380299873,1.4665829087639974
wikipedia,Beijing,e,lettera,7136,1.285525057566123,0.9582958104863405,0.9757754869818923,0.896809574330943
wikipedia,Beijing,i,lettera,5799,1.483973926434471,0.9275446659859566,1.002809516196738,0.9718950507574918
wikipedia,Beijing,t,lettera,5354,1.3283977784641574,0.9886342102626022,0.9308774544159779,0.9106667103753793
wikipedia,Beijing,n,lettera,5348,1.4036933816297685,0.9864626638242328,1.0380907751173507,0.9227612403291299
wikipedia,Beijing,a,lettera,5011,1.1387995041714367,0.9796434148600346,0.9843581544649016,0.9033996705888218
wikipedia,Beijing,o,lettera,4126,1.2751666381815199,0.999857802989372,1.004762477792687,0.9115051351441963
wikipedia,Beijing,s,lettera,3768,1.3213172033806844,1.036209872504673,1.0299950047467274,0.9536040467969502
wikipedia,Beijing,r,lettera,3723,1.3914675625716983,0.9676219802126237,0.9586607104197381,0.9599153736375825
wikipedia,Beijing,h,lettera,2933,1.4976794465334775,0.9424609435384902,1.0458857821289422,0.9064643684563838
wikipedia,Beijing,l,lettera,2410,1.1143201383893229,0.9905061283238767,0.9806326629082163,0.985058188188709
wikipedia,Beijing,c,lettera,2367,1.3699545819627894,1.0101869073429497,0.9909231829191153,0.977276113001464
wikipedia,Beijing,d,lettera,2293,1.2152157967050723,0.9635114537912299,1.006457506987513,0.9213559086992772
wikipedia,Beijing,u,lettera,1764,1.254169050212738,1.0029522456028295,0.9797584759251993,0.9990153972909428
wikipedia,Beijing,g,lettera,1676,1.2700507269521197,0.9547534671149097,1.0186382448551299,0.9880628599344874
wikipedia,Beijing,m,lettera,1483,1.2881374377236925,0.9714727192506748,0.9941975943880491,1.0783797701003317
wikipedia,Beijing,p,lettera,1265,1.2031550321694153,0.931131570697531,1.0388706058260253,1.0812754146632575
wikipedia,Beijing,f,lettera,1257,1.2748632336581065,0.9968885634090568,1.0159241720695051,1.0050770154668422
wikipedia,Beijing,b,lettera,1147,1.276660240720857,1.0536879484265682,1.0616701665033441,0.9832120744448444
wikipedia,Beijing,y,lettera,1069,1.2525452861727082,0.9626756121175206,1.0392839869859338,1.0574809196940549
wikipedia,Beijing,the,funzione,1194,1.4388606348021244,1.0470750185160327,1.1416402381195665,1.0922396621059631
wikipedia,Beijing,of,funzione,515,1.2886568765146147,0.971399003298993,1.1003680167274537,1.083944176142338
wikipedia,Beijing,in,funzione,436,1.2875366047427148,0.9559652198276748,1.0581291389335572,1.1447597543633758
wikipedia,Beijing,and,funzione,419,1.115123051468513,0.982612683889544,1.026428737316457,0.9305286036647381
wikipedia,Beijing,to,funzione,245,1.261248659567965,1.0399562168433976,1.0804220746303674,1.1879772083294904
wikipedia,Beijing,is,funzione,153,1.2432778547656425,0.9376165204593082,1.1749922555521544,1.3467078653908258
wikipedia,Beijing,beijing,keyword,311,1.3171876647340521,0.9764568285259667,1.0119908581477408,0.9884881608207426
wikipedia,Beijing,city,keyword,166,1.1307802948994272,0.9521644992401525,1.117307529628132,1.078943346527205
wikipedia,Beijing,china,keyword,90,1.0497311851221893,1.0459852918841601,1.0982038116487527,1.052828150078547
wikipedia,Beijing,chinese,keyword,64,1.3494766424808338,1.018032270013077,1.2627829077717996,1.5560480915978354
wikipedia,Beijing,world,keyword,61,1.4265248609071781,0.9927287989121302,1.3683904518911543,1.8602416828980926
wikipedia,Beijing,capital,keyword,52,1.3809216233403148,0.9873678721265292,1.311048668233089,2.0346005401666867
wikipedia,Beijing,temple,keyword,49,1.58424963640013,1.0784411866442722,1.5400711552832427,4.201512404655729
wikipedia,Beijing,as,appaiata,111,0.9630141807335579,0.9680780823467828,1.0276612814412662,1.1124360975228134
wikipedia,Beijing,was,appaiata,96,1.3522737481409652,0.9630594481796183,1.2213046136878691,1.6223264612272532
wikipedia,Beijing,are,appaiata,81,1.2592391965320078,0.9948598585255946,1.1527500240464799,1.4524991639856042
wikipedia,Beijing,on,appaiata,63,1.126771137253585,1.0135609462445851,1.0875336684602395,1.6796164095497719
wikipedia,Beijing,has,appaiata,48,1.0347809140148494,1.0703781910755803,0.980329160042424,1.285337876754575
wikipedia,Beijing,also,appaiata,47,0.9306805508932363,0.9685743255562826,0.9198555547022745,0.7725464804147703
wikipedia,Beijing,which,appaiata,58,1.0957497629594952,1.0021311794411212,0.9992142394296429,1.1898301117161192
wikipedia,Isaac Newton,vocali,vocali,24469,1.1790476474763942,1.0002787043882366,1.0056968312663839,0.4960217423356684
wikipedia,Isaac Newton,spazio,spazio,12592,1.2775812854976862,1.0024264199823087,0.9390228788989642,0.4943436236501535
wikipedia,Isaac Newton,e,lettera,7861,1.1879826876980217,0.9940960170650524,0.9454045476823483,0.816745981678005
wikipedia,Isaac Newton,t,lettera,6083,1.0691543529932233,0.9306894757987324,1.015558108202451,0.8451604263154696
wikipedia,Isaac Newton,i,lettera,5175,1.1830804044312904,0.9633314438075198,0.9849597624916657,0.8969318153531243
wikipedia,Isaac Newton,n,lettera,5011,1.0599808187775754,0.9570945969553871,1.0498953991543187,0.8844099360799268
wikipedia,Isaac Newton,a,lettera,4933,1.1743905363188574,0.9673575881217702,0.9996688226496042,0.8716030138893323
wikipedia,Isaac Newton,o,lettera,4870,1.2193722657243118,0.9774567666455702,1.0407865138459924,0.8800151296294094
wikipedia,Isaac Newton,s,lettera,4219,1.1272202275574668,1.0356657993401133,0.9328107625416169,0.892953178892278
wikipedia,Isaac Newton,r,lettera,3779,1.1792313692807441,1.0358058957357617,0.929211492078423,0.8610182264737026
wikipedia,Isaac Newton,h,lettera,3338,1.2008236935098786,1.0105466102246534,0.9831651247212969,0.8934875379280205
wikipedia,Isaac Newton,l,lettera,2596,1.0349404209434976,0.977346107524563,0.9628079512443769,1.0323376590298992
wikipedia,Isaac Newton,d,lettera,2467,1.0596323257009044,1.00183327530703,0.9806866044817178,0.9117469144491825
wikipedia,Isaac Newton,c,lettera,2314,1.1291667598021211,1.005895119971274,1.0533331896211837,0.9787689318534284
wikipedia,Isaac Newton,u,lettera,1630,1.0903955768791853,1.0151089611109068,1.0098248835526704,0.9185656598351589
wikipedia,Isaac Newton,m,lettera,1620,1.2517146863554076,0.9674267818482548,1.0692381153058657,1.0269404140737148
wikipedia,Isaac Newton,f,lettera,1404,1.1641923486240626,0.9233543488415955,0.9692364564638528,0.9361795719698357
wikipedia,Isaac Newton,p,lettera,1339,1.2254041632230102,0.9671407959858369,1.080821226889977,1.0600821691141817
wikipedia,Isaac Newton,w,lettera,1313,1.142818187404051,1.046772940316136,0.937662071149115,0.9777826013984343
wikipedia,Isaac Newton,g,lettera,1069,1.1265274943359023,0.9646769105448828,0.9055717853484598,1.0124340019663864
wikipedia,Isaac Newton,b,lettera,997,1.1248792327713557,1.0402113739920669,0.9610148633764966,1.0535390166275116
wikipedia,Isaac Newton,the,funzione,847,1.273336836680278,0.9802769425610296,1.099754114337527,1.0852587001099385
wikipedia,Isaac Newton,of,funzione,579,1.2119065996571394,0.9471172289593778,1.014887852094698,0.9299958446928535
wikipedia,Isaac Newton,and,funzione,371,1.0011469500746482,1.1175496869117716,0.9425484585987706,0.8643441263149823
wikipedia,Isaac Newton,in,funzione,358,1.0862588391489394,1.005281783817676,1.009344370761341,0.9762656040840001
wikipedia,Isaac Newton,to,funzione,283,1.0714331942214734,0.9872811187544386,1.0318325827120245,1.0384345582424566
wikipedia,Isaac Newton,his,funzione,221,1.1861778914989844,1.0079542302102409,1.0351584133716207,1.1565644744780992
wikipedia,Isaac Newton,newton,keyword,313,1.0197972759733858,0.9542391178047547,0.8970076204458962,0.7308088290649848
wikipedia,Isaac Newton,newton's,keyword,78,1.1250404972856038,0.9959221039055214,1.076561264992571,1.0458030702389292
wikipedia,Isaac Newton,first,keyword,58,1.212434875418048,0.9444537112710947,1.055267154236515,1.291690538641353
wikipedia,Isaac Newton,work,keyword,49,1.0597167359217727,0.9814439672534112,1.0710005742132056,1.2151685348973436
wikipedia,Isaac Newton,also,keyword,39,1.068417021702591,0.9535271825573716,1.0756886412774265,1.1758758322843084
wikipedia,Isaac Newton,calculus,keyword,30,1.4162586782997708,1.024105302482358,1.3680873371041542,2.4011527175562923
wikipedia,Isaac Newton,time,keyword,29,0.9819257998744262,0.960009746208247,1.0187964533215552,1.258366002269593
wikipedia,Isaac Newton,he,appaiata,200,1.2121804398516232,0.9915022352746075,1.1163377882731649,1.1885686509039735
wikipedia,Isaac Newton,on,appaiata,81,1.0735695624100876,0.9600434280856459,1.0596254722351914,1.0575441002603516
wikipedia,Isaac Newton,at,appaiata,60,1.1977476190818102,1.0021273058664066,1.0694709912395126,1.3463067506289763
wikipedia,Isaac Newton,had,appaiata,46,1.0470264044053497,0.9622970911913172,1.0753258146387334,1.3399662667720649
wikipedia,Isaac Newton,be,appaiata,41,1.0050318730049772,1.0152296132220449,1.0051670884668396,1.0538175970583428
wikipedia,Isaac Newton,than,appaiata,29,1.05701268419081,0.885231357487193,1.0328466957347835,1.1139835137062035
wikipedia,Isaac Newton,two,appaiata,31,0.9153104544612108,1.059501430497949,0.9260200877029465,0.9715291434638106
wikipedia,Napoleon,vocali,vocali,24876,1.1854631225968038,0.9846647566386344,0.9636021880069633,0.524240743887493
wikipedia,Napoleon,spazio,spazio,12677,1.2345746884281816,1.0047644741118211,0.9728829759064522,0.47303652595886697
wikipedia,Napoleon,e,lettera,7756,0.9523341596489603,1.0168728639679547,0.9955193785380684,0.8227569859841246
wikipedia,Napoleon,a,lettera,5729,1.0794637930064455,1.0306851040753033,0.9647503597781336,0.8511763265457643
wikipedia,Napoleon,n,lettera,5248,1.0522838135705046,0.9671915459949431,1.0330645373195586,0.8417543290410396
wikipedia,Napoleon,t,lettera,5223,1.193809160754586,0.8645902813294195,0.9797867116541266,0.897056049086347
wikipedia,Napoleon,o,lettera,4991,1.0866639890326983,1.0201052493282108,0.9833684328600268,0.8816765213472442
wikipedia,Napoleon,i,lettera,4746,1.2119449995492892,0.9262087633525681,0.934872126761945,0.904891620609691
wikipedia,Napoleon,r,lettera,4413,1.0849613087557777,0.9585203035358737,0.948510718853934,0.8376958544186818
wikipedia,Napoleon,s,lettera,3718,1.2850765804353312,0.9916342855379473,0.9395376933142927,0.9421662452054539
wikipedia,Napoleon,h,lettera,2941,1.151393009876333,1.0637552328455009,0.9464402415242487,0.8978973234909423
wikipedia,Napoleon,l,lettera,2699,1.1480350679110003,0.9615702875062381,1.020081022682808,0.9395778275469733
wikipedia,Napoleon,d,lettera,2673,1.0310052620776382,0.9860737865383807,0.900037366841938,0.890318253076838
wikipedia,Napoleon,c,lettera,2097,1.339256491071763,1.0025123578276915,0.9573862321859395,0.9547152256734709
wikipedia,Napoleon,u,lettera,1654,1.0176330784236738,0.958950091428521,1.0068634631263185,0.9036549731442551
wikipedia,Napoleon,p,lettera,1608,1.0941499739508014,1.0096780583466571,1.0184560265464384,0.9988504496912853
wikipedia,Napoleon,f,lettera,1588,1.1539104892914354,0.9405270488474046,1.005857798764931,0.9716470290472295
wikipedia,Napoleon,m,lettera,1502,1.046133695705021,0.9715614930243035,0.986044218476784,1.0250538975552779
wikipedia,Napoleon,g,lettera,1010,0.9088828385626613,0.9417031770122287,0.9794481668810088,0.9868487027963445
wikipedia,Napoleon,w,lettera,990,1.2164040726174772,0.9904242029092458,1.010825521951804,0.9601705495419061
wikipedia,Napoleon,b,lettera,963,1.2333703660913586,0.9674135925248174,1.092259999705999,1.0497478882517275
wikipedia,Napoleon,the,funzione,940,1.347896705174814,1.005282551703046,1.0403408563612844,0.964587042248046
wikipedia,Napoleon,of,funzione,522,1.162015771835062,0.9975912146783218,1.0219708751886396,0.9487864814427086
wikipedia,Napoleon,and,funzione,457,1.0295902697518005,1.0268113507847652,0.9642304232768747,0.8459659513130512
wikipedia,Napoleon,in,funzione,431,1.1581702275416634,0.9487358664460267,0.9820795645700365,0.9702656848039862
wikipedia,Napoleon,to,funzione,332,1.0751961437690427,0.9930310590814407,1.0622428571778324,1.1117705202954686
wikipedia,Napoleon,was,funzione,183,1.1026214886332055,0.9484398021283121,1.0911979848213857,1.1362978810504851
wikipedia,Napoleon,napoleon,keyword,219,1.3682706126994715,0.9667913179857345,1.3203180945355177,2.3224727727402734
wikipedia,Napoleon,french,keyword,131,1.2652064450024063,0.9912797690506611,1.223631773948136,1.6287282991266911
wikipedia,Napoleon,bonaparte,keyword,87,1.5878110718435305,1.0245092357722443,1.5547115630202109,3.525986098948565
wikipedia,Napoleon,france,keyword,76,1.154116554726633,0.9878355115791098,1.148292633691218,1.193319702205794
wikipedia,Napoleon,army,keyword,61,1.208599542742335,0.9693153027841469,1.2315207970950195,1.6598516196101039
wikipedia,Napoleon,napoleon's,keyword,49,1.2270196241074758,1.0323985068252688,1.204439943947139,2.223248335180353
wikipedia,Napoleon,battle,keyword,48,1.2547482786612223,1.0078747849204002,1.2636764953485606,1.7026475981117193
wikipedia,Napoleon,his,appaiata,170,1.30142823059773,1.0092608089766335,1.090738381527917,1.2815427823846675
wikipedia,Napoleon,on,appaiata,147,1.2335982746628864,0.9240400758920008,1.1223016309542588,1.2242840649128632
wikipedia,Napoleon,from,appaiata,68,0.9533569714088231,0.9965821419559459,0.9791224613151502,0.8595075170050276
wikipedia,Napoleon,had,appaiata,64,0.992905091058855,0.9982080722302147,0.9815229636982226,0.9169816075382895
wikipedia,Napoleon,were,appaiata,61,1.1233606393294633,1.0175237256185106,1.0369978876762964,1.0984849010784332
wikipedia,Napoleon,which,appaiata,51,1.0545907592526964,1.049330858587431,1.090969749820814,1.2515195740309717
wikipedia,Napoleon,him,appaiata,40,1.1285411407543895,0.9869171524634043,1.1155774822375555,1.4028424156025427
wikipedia,Brazil,vocali,vocali,24742,1.4643157339896766,1.0060192044755984,0.9658510700472344,0.5696168749932217
wikipedia,Brazil,spazio,spazio,12239,1.2192364862322658,0.9771886163753244,0.9564688706964019,0.4849636227625899
wikipedia,Brazil,e,lettera,7189,1.2327188379294216,1.0049016183922546,0.9947964993043085,0.8619731993950456
wikipedia,Brazil,a,lettera,5817,1.2124529495700318,0.9676283932384658,1.007695256176733,0.8725231232942674
wikipedia,Brazil,t,lettera,5431,1.2120935743758543,1.035783383661804,1.0183017793827573,0.8843285929912331
wikipedia,Brazil,i,lettera,5356,1.2701198007201109,0.9994128378539964,0.9401884964050765,0.9012085039987842
wikipedia,Brazil,n,lettera,4767,1.2050374443158944,1.0371083141401007,0.9815886261125838,0.8675944264352302
wikipedia,Brazil,r,lettera,4603,1.1735509599308604,0.9605227571847937,0.9811972908050045,0.8260375610742002
wikipedia,Brazil,o,lettera,4568,1.2307918195582626,0.9525899533315871,0.9801009464599431,0.8927295832038035
wikipedia,Brazil,s,lettera,3903,1.225019014729386,1.0038967905796718,1.007506326735602,0.9254251045945092
wikipedia,Brazil,l,lettera,2984,1.0613189045512064,0.9617927843455686,0.9915246570626807,0.9954261304094256
wikipedia,Brazil,h,lettera,2479,1.1828791740996198,0.9913234448426195,0.9770344052856549,0.9675604045990992
wikipedia,Brazil,d,lettera,2369,1.200900749624767,0.9597243231110436,1.0194766035267044,0.9063308673406134
wikipedia,Brazil,c,lettera,2354,1.2584205898621639,1.0217637940964541,0.9312753303066151,0.9674212491906558
wikipedia,Brazil,u,lettera,1812,1.3456401688204593,1.0195773077395256,1.0017405020691006,1.0024219571255735
wikipedia,Brazil,m,lettera,1475,1.1451064382341811,1.1390986837142059,0.9686676036076435,1.0041983702291806
wikipedia,Brazil,f,lettera,1389,1.1264804468116387,0.9677482464636245,0.9575116182128873,0.9532997542220853
wikipedia,Brazil,p,lettera,1341,1.2294256682448503,0.955803909867183,1.005026544227493,1.0540090361330265
wikipedia,Brazil,g,lettera,1285,1.3590733067966974,0.9188808846843344,1.0149028888045581,1.0324368314959296
wikipedia,Brazil,b,lettera,1008,1.1373477142946793,0.9847962800906148,0.9691357017207904,0.9126106760931348
wikipedia,Brazil,y,lettera,843,1.1575637810735881,0.9998106997261123,0.9899936877595238,0.9747004141097217
wikipedia,Brazil,the,funzione,1047,1.1229957071350787,0.923235519103951,0.9813604836068031,0.9339848406626559
wikipedia,Brazil,of,funzione,553,1.0825011187232088,0.998731630017016,1.0112267260945733,0.9328908189468756
wikipedia,Brazil,and,funzione,506,0.9972089181996245,0.9873921538456351,0.8841189978236371,0.7999336762697123
wikipedia,Brazil,in,funzione,436,1.1440150904328508,0.9995051160419285,1.0192417350977245,1.0528750413330097
wikipedia,Brazil,to,funzione,181,1.2237711544289382,1.0075613444903173,1.0905811905232572,1.209142903991951
wikipedia,Brazil,is,funzione,131,1.334151122762592,1.0239279762281497,1.2831767022799623,2.010097268727755
wikipedia,Brazil,brazil,keyword,201,1.1108777252496744,0.9883869674223703,1.0325704364844055,0.9355817386472818
wikipedia,Brazil,brazilian,keyword,83,1.1113545561722378,0.9098483705143822,1.0353303308812738,1.114961993935919
wikipedia,Brazil,country,keyword,66,1.08512179247601,1.018970071380602,1.0496672526689232,1.173619618844114
wikipedia,Brazil,world,keyword,68,1.3258187379724928,0.9769713704459092,1.2128723862916473,1.4629413407488527
wikipedia,Brazil,portuguese,keyword,55,1.3706509904929163,0.9885081719827925,1.3203035750094383,3.170842221821795
wikipedia,Brazil,largest,keyword,61,1.430795876014956,0.9771693888025682,1.3039641076269017,1.8683179079526888
wikipedia,Brazil,federal,keyword,37,1.4381845312779094,0.9899329353689076,1.335104331489954,2.1196235083976873
wikipedia,Brazil,by,appaiata,111,1.170918127783896,0.9663063437317437,1.09626163570182,1.2734028588637651
wikipedia,Brazil,for,appaiata,76,1.0943350593095353,0.9985077461131313,1.065746561735567,1.2362932866770688
wikipedia,Brazil,on,appaiata,51,1.0584373529290751,0.9918602159167689,1.0300688783282468,1.2905701876958922
wikipedia,Brazil,has,appaiata,56,1.037299476947732,0.9933657403430963,1.0488494075453358,1.8787243759568362
wikipedia,Brazil,its,appaiata,44,0.8983957803710264,1.0333407384254591,0.925894705802544,0.9009972225929187
wikipedia,Brazil,which,appaiata,42,1.0474923796336948,1.008220560176556,1.004025253339396,0.9620446325971501
wikipedia,Brazil,that,appaiata,37,1.0202178570319962,1.013049234475927,1.0486367767803404,1.267772309794492
wikipedia,Artificial intelligence,vocali,vocali,25418,1.4293365608652824,0.9564695626178916,0.9801744950885788,0.5058250074801057
wikipedia,Artificial intelligence,spazio,spazio,11927,1.372508738610591,0.9445158722546702,0.9615417952805837,0.5004758179839739
wikipedia,Artificial intelligence,e,lettera,7969,1.0868753111224843,0.9689421297336626,0.9163017700042643,0.8477181210171462
wikipedia,Artificial intelligence,a,lettera,5757,1.1442568489445168,0.9742390715228867,0.9349089385825035,0.8379098752438036
wikipedia,Artificial intelligence,t,lettera,5490,1.2263265150423273,0.9820977147792075,0.9656554295027346,0.879312111658533
wikipedia,Artificial intelligence,i,lettera,5299,1.2794755161341316,0.9994725282152462,0.9852313509922119,0.9000228959371619
wikipedia,Artificial intelligence,n,lettera,5019,1.2316041091664514,0.9874572237090229,0.953528511012252,0.887765017376483
wikipedia,Artificial intelligence,o,lettera,4581,1.2154576688010572,1.0288143565237176,0.9878927495956459,0.8672829866578449
wikipedia,Artificial intelligence,s,lettera,4554,1.2365947534848503,0.9097303297233013,1.0101042351980658,0.9323177476393331
wikipedia,Artificial intelligence,r,lettera,3916,1.180639945690531,1.033737522519403,0.9907320443005396,0.9055717122288529
wikipedia,Artificial intelligence,l,lettera,2886,1.1692917822610633,0.991719488331467,1.0095820085749654,1.0660337584709432
wikipedia,Artificial intelligence,c,lettera,2576,1.0262798202722085,0.9596660448806448,1.0141306417418188,0.9308199306647557
wikipedia,Artificial intelligence,h,lettera,2416,1.2889913708299927,0.9249968679380273,0.9654552568542574,0.9749137998425039
wikipedia,Artificial intelligence,d,lettera,2336,1.2018445140119423,0.9856374705708779,0.9524375012973101,0.9418710427269459
wikipedia,Artificial intelligence,u,lettera,1812,1.0116073356690325,0.9865937208323808,0.963287880100116,0.9235835134697307
wikipedia,Artificial intelligence,m,lettera,1802,1.1969622322754596,1.0045722950881077,0.9694284950335129,0.9581193842439071
wikipedia,Artificial intelligence,p,lettera,1580,1.141513980347606,0.9755715041537413,1.0181802290193875,0.996675659622859
wikipedia,Artificial intelligence,g,lettera,1515,1.2335858490669762,0.959956684175891,0.9366747588889992,1.0165306704865151
wikipedia,Artificial intelligence,f,lettera,1292,1.093497239135875,1.0344754034498376,0.8962798353724676,0.9559879850416849
wikipedia,Artificial intelligence,b,lettera,966,1.0557603733598726,1.0179913293135625,1.0410967457640352,1.0355630674716214
wikipedia,Artificial intelligence,y,lettera,951,1.109864495620001,0.9210441805207967,0.9314644510118751,1.012364608924072
wikipedia,Artificial intelligence,the,funzione,575,1.2452291502226869,0.9801135926605773,1.0756722307875055,1.0357399527449778
wikipedia,Artificial intelligence,and,funzione,401,1.2011683486372189,0.9486107375738032,1.117191911919685,1.0038323742661373
wikipedia,Artificial intelligence,of,funzione,352,1.046834580696376,0.944618267506265,1.0346005466434656,0.9535256176312998
wikipedia,Artificial intelligence,to,funzione,316,1.1733105784196611,0.9376657373274394,1.0174937896679188,0.9965775483806525
wikipedia,Artificial intelligence,in,funzione,282,1.1797031802483366,1.0159702510020003,1.0057972838244729,0.9824540113091786
wikipedia,Artificial intelligence,that,funzione,188,1.1663232008773183,0.9635900271241181,1.0746268139308706,1.1294082877214335
wikipedia,Artificial intelligence,ai,keyword,231,1.4347897391487374,0.9701694910188072,1.3082300602535584,1.6576327208901065
wikipedia,Artificial intelligence,learning,keyword,62,1.289497407942318,0.9998110145340449,1.157921385896274,1.7032308669177514
wikipedia,Artificial intelligence,intelligence,keyword,53,1.2069773747424848,0.949355458759343,1.1977076407958902,1.67958249706447
wikipedia,Artificial intelligence,used,keyword,53,1.175690562238252,1.0345147114373903,1.1519710896943947,1.1427827123043308
wikipedia,Artificial intelligence,data,keyword,51,1.2967189796886747,0.9254757436044415,1.2678673360942307,1.7066292350151537
wikipedia,Artificial intelligence,artificial,keyword,41,1.1642278106133928,0.9952725830192005,1.1353233619248913,1.610982136535659
wikipedia,Artificial intelligence,machine,keyword,41,1.133815173728948,0.9508348121684689,1.1854368843630965,1.304646153216652
wikipedia,Artificial intelligence,is,appaiata,136,1.2186872317143864,0.9567054515053212,1.210514906261218,1.6861218584617574
wikipedia,Artificial intelligence,such,appaiata,55,1.075068755270113,0.965203814625489,1.0390389068031975,1.0650131152735705
wikipedia,Artificial intelligence,an,appaiata,53,1.04478993699144,1.0196336366906429,1.0091887351477753,1.2448047891243346
wikipedia,Artificial intelligence,from,appaiata,51,1.1184994291840675,0.9499316809091843,1.1072703051157622,1.1266451843910381
wikipedia,Artificial intelligence,have,appaiata,45,1.1201155198186274,0.9732469152046145,1.1310818708123638,1.2523222975145887
wikipedia,Artificial intelligence,they,appaiata,42,0.9819649987372406,0.939596620569754,1.0194677823473948,1.2085985567612434
wikipedia,Artificial intelligence,their,appaiata,37,1.181887781333065,0.9648539607851071,1.1617220554198109,1.0992306464499384
wikipedia,Olympic Games,vocali,vocali,24134,1.2796715485142336,1.0147026749831318,0.9565912907599857,0.5055467373820975
wikipedia,Olympic Games,spazio,spazio,12733,1.2153183076180436,0.9431158898204992,0.9799763186628301,0.45909160585638814
wikipedia,Olympic Games,e,lettera,7881,1.1524473998264952,0.9841686604688255,0.9693300911450212,0.859223930986964
wikipedia,Olympic Games,t,lettera,6049,1.1539819964714875,1.0100330549943102,0.9772894447911366,0.8606904245881367
wikipedia,Olympic Games,a,lettera,4968,1.2550688745358216,0.9377715649788007,1.0394009049474344,0.8952493327720136
wikipedia,Olympic Games,o,lettera,4892,1.184494691799032,0.9914285219112179,0.9331431293365798,0.8295663222134466
wikipedia,Olympic Games,i,lettera,4845,1.0794197685604507,1.0180277424851518,1.0003351139766286,0.8647568282465959
wikipedia,Olympic Games,n,lettera,4562,1.096136691716391,1.031430958072893,0.9451984201014149,0.9077567345236482
wikipedia,Olympic Games,s,lettera,4287,1.2672462336836967,0.9781190241653887,1.0458398754420648,0.9020492492943879
wikipedia,Olympic Games,r,lettera,3813,1.2078908469443579,0.997820834684792,0.9656382689827631,0.8602245676320549
wikipedia,Olympic Games,h,lettera,2978,1.3057561513256675,1.0123978650388004,0.9828440712845135,0.8475784750434997
wikipedia,Olympic Games,l,lettera,2562,1.0586074993767791,1.0210264246354122,0.9788136244261626,0.969456869448652
wikipedia,Olympic Games,c,lettera,2360,1.2472930351028377,0.9718923121141329,1.026689325347041,0.9415734712948136
wikipedia,Olympic Games,m,lettera,2237,1.289657565521006,0.9959237798936916,0.9769091128856126,1.0247843792667743
wikipedia,Olympic Games,d,lettera,2237,1.2607874347881705,0.9828740681107074,0.9854089011614647,0.9574895235438252
wikipedia,Olympic Games,p,lettera,1635,1.223291950752754,0.9392905471557281,0.9557492431751067,0.9532633711129642
wikipedia,Olympic Games,u,lettera,1548,1.2344175414359604,1.004827001169768,1.0057573494150012,0.9691176595127631
wikipedia,Olympic Games,f,lettera,1386,1.103270221120934,1.0061244171659902,0.8812348654583766,0.9449153973751977
wikipedia,Olympic Games,g,lettera,1384,1.1988941844702943,1.0042321273193988,0.9703230439839551,0.9431434230361045
wikipedia,Olympic Games,y,lettera,1168,1.048318637481308,0.9989080656915136,0.9776514671028999,0.9521129060480568
wikipedia,Olympic Games,w,lettera,886,1.2446964833943066,0.9818202996019961,1.0702810913899838,1.1045897056247518
wikipedia,Olympic Games,the,funzione,1289,1.3258216770272135,0.9737496195427386,1.011157796883472,0.8079259238950712
wikipedia,Olympic Games,of,funzione,441,1.101982918243836,0.985589226990201,1.0877798206795735,1.0215360541802383
wikipedia,Olympic Games,and,funzione,368,1.1621465369837534,0.9968891907981662,1.0009233346378152,0.8855412315447957
wikipedia,Olympic Games,in,funzione,334,1.2281828481024502,1.0159806665852325,1.0978566734052537,1.1421639465995177
wikipedia,Olympic Games,to,funzione,330,1.1808704559929595,0.9618369696502542,0.9887012798602525,1.009202425577331
wikipedia,Olympic Games,for,funzione,168,1.2684246094051719,0.9588146944573298,1.0945408541489183,1.3030343311712749
wikipedia,Olympic Games,games,keyword,243,1.3790266741376846,0.9841817046663396,1.2338534106400265,1.654944618376111
wikipedia,Olympic Games,olympic,keyword,214,1.2935967254195655,0.9574121582587886,1.1523901721568715,1.288917871220583
wikipedia,Olympic Games,olympics,keyword,142,1.0372440502579092,0.9216766704294116,1.0357382660507006,0.9735194840057879
wikipedia,Olympic Games,ioc,keyword,107,1.2997549235648265,0.9673713816437255,1.223682324099453,1.6302637996424256
wikipedia,Olympic Games,summer,keyword,82,1.2271062696220716,0.9249552073587667,1.2139579432264231,1.7085401831156
wikipedia,Olympic Games,athletes,keyword,75,1.2281690728520238,0.9403391700921523,1.1358276523554984,1.7425896286848643
wikipedia,Olympic Games,sports,keyword,68,1.5132074073806019,0.9201350785921348,1.2338690699593273,1.7614651354609472
wikipedia,Olympic Games,was,appaiata,122,1.204133188634189,1.0322252350657166,1.1927228256578732,1.6544623014878481
wikipedia,Olympic Games,that,appaiata,103,1.0348895571099581,0.9823695237167304,0.9966354057109945,0.9195315379694196
wikipedia,Olympic Games,as,appaiata,98,1.0687115268895173,0.911186435788459,1.0787660589847259,1.2897680551807296
wikipedia,Olympic Games,were,appaiata,95,1.2990652087371433,1.0006958526142735,1.2416912944552034,1.504070380677294
wikipedia,Olympic Games,by,appaiata,87,0.9582866497686546,0.9901495423621235,0.9152683058269434,0.9215964613934278
wikipedia,Olympic Games,is,appaiata,67,1.3147506912220333,1.044040755265685,1.2620091586966677,2.068105090031978
wikipedia,Olympic Games,on,appaiata,67,1.1737010551166123,0.980206119593387,1.1536626390661084,1.159560262653454
wikipedia,World War II,vocali,vocali,25230,1.0690512727072223,0.9930449296800029,0.9745006776614354,0.5065369587042138
wikipedia,World War II,spazio,spazio,12371,1.0960160399560068,1.017157589967745,1.0196605947605335,0.4511467972341963
wikipedia,World War II,e,lettera,7823,1.2170529339331193,0.9738139919838013,1.0077028333437348,0.8506997387074676
wikipedia,World War II,a,lettera,6225,1.2412618400275215,1.030330213088761,0.973976596076783,0.8869635039556614
wikipedia,World War II,t,lettera,5665,1.191121661147765,0.9336710876646309,0.9844054897596429,0.8748832329940543
wikipedia,World War II,n,lettera,5497,1.1067322869584764,1.0542399190258644,0.9994275778084578,0.8239958319932288
wikipedia,World War II,i,lettera,5258,1.1968734847516604,1.0202065185380504,0.9294595177026825,0.8924280687338146
wikipedia,World War II,o,lettera,4309,1.288891874556917,0.9476470203341806,0.9643034622584775,0.8971282741089016
wikipedia,World War II,r,lettera,4161,1.2056679183158903,0.9677247383686091,1.0041721880771746,0.8935483531508465
wikipedia,World War II,s,lettera,3857,1.2870151131380985,1.0096129334392288,0.9870890997055427,0.9319208563371038
wikipedia,World War II,d,lettera,2627,1.2108846333596008,1.0156345744949657,0.9652984100786814,0.9165805340004328
wikipedia,World War II,h,lettera,2600,1.0897418536520251,0.9523509782866938,0.9460071320730424,0.8801907420260268
wikipedia,World War II,l,lettera,2598,1.2767794087176947,0.9294798152033182,1.0108876346183777,1.0573465928198365
wikipedia,World War II,c,lettera,2076,1.177749266561596,1.010298148611566,1.0374468862139,0.9814621030834385
wikipedia,World War II,m,lettera,1645,1.1658318480744672,0.977103431150824,1.0003221050394504,0.9511847124879469
wikipedia,World War II,u,lettera,1615,0.9962484319893117,0.9728839422758883,0.9094991944904175,0.9224329017585366
wikipedia,World War II,p,lettera,1482,1.1517049804932313,0.9722248588677571,0.9984666845007903,0.9878924977856332
wikipedia,World War II,f,lettera,1377,1.1307590225337552,0.9597952941106201,0.905925768722624,0.9721888390141268
wikipedia,World War II,g,lettera,1302,1.2592471871520612,0.9836565700323824,1.029550802067565,1.0274986917931144
wikipedia,World War II,y,lettera,981,1.1546850303547338,0.9296730155305024,0.9716573077082075,0.9974036957199306
wikipedia,World War II,w,lettera,946,1.2166410837499444,0.9611383509420642,1.0303501344364256,1.095179680383259
wikipedia,World War II,the,funzione,1139,1.134794191731388,1.0135157876931582,1.0181788596431276,0.85215063466053
wikipedia,World War II,and,funzione,498,1.1638028780572174,0.9030900668897205,0.9791807313621086,0.8746460561629332
wikipedia,World War II,in,funzione,422,1.231553951137652,0.9733966051367076,1.0818361674630304,1.1863774702766363
wikipedia,World War II,of,funzione,419,1.128530369640949,1.0396575718627965,1.0507064924960403,0.9540496388880283
wikipedia,World War II,to,funzione,294,1.171801132110161,0.9372874307969831,1.119052056671517,1.1285205943136456
wikipedia,World War II,by,funzione,153,1.0041749562795874,0.929641075653146,0.9807748338127317,0.9726633442840343
wikipedia,World War II,soviet,keyword,130,1.3595746776305624,1.0271647143384297,1.3291985998562255,1.5316330874487498
wikipedia,World War II,germany,keyword,121,1.201507754546632,1.034685593376601,1.1865969547978341,1.4155002702290032
wikipedia,World War II,forces,keyword,88,1.2522020679656702,1.0194548170903956,1.2328075582991123,1.39421096041792
wikipedia,World War II,german,keyword,91,1.1987565713183852,0.9502875072543254,1.1656857432440368,1.4687095874538847
wikipedia,World War II,japanese,keyword,88,1.38629941371572,0.9611970098091241,1.3571069843056562,2.024931609343188
wikipedia,World War II,japan,keyword,84,1.3458157967629714,0.9417137268632132,1.237889217828469,1.5148778782048191
wikipedia,World War II,union,keyword,72,1.2916765339614011,1.0021118326280027,1.22877949222967,1.4086362393695686
wikipedia,World War II,war,appaiata,138,1.237962392058823,1.03149966363688,1.2049353167447603,1.5538387261032953
wikipedia,World War II,was,appaiata,103,0.9622597904832771,0.9446776747497486,0.9136600118452428,0.8145782839772675
wikipedia,World War II,with,appaiata,85,1.0818734768773246,1.003067264588627,1.1115685308358108,1.0862949120353582
wikipedia,World War II,were,appaiata,70,1.22483744658739,1.0318760624276144,1.15273483749835,1.2590756633001379
wikipedia,World War II,for,appaiata,65,1.1434445960943451,1.040211490524378,1.0820883995110906,1.1261188534710735
wikipedia,World War II,an,appaiata,63,0.9951871496166852,0.9507327735949082,0.9443203275725471,1.0014607341188395
wikipedia,World War II,as,appaiata,62,0.9904726903232783,0.9424974692110663,1.0343170779438193,1.0984034442563537
wikipedia,World War I,vocali,vocali,24589,1.2731843194748422,1.0074358858481707,0.9591466564286574,0.5238410535817835
wikipedia,World War I,spazio,spazio,12383,1.1411445374045337,0.9725146904011654,0.9838319522683179,0.47221542643881337
wikipedia,World War I,e,lettera,7734,1.2112631292351783,0.9717639419791427,0.9458352587791728,0.8569367735221863
wikipedia,World War I,a,lettera,5854,1.186442450943534,0.9131182985973018,0.955276431140013,0.861653011492554
wikipedia,World War I,t,lettera,5666,1.0815565547096124,1.0001177333278866,1.005328059598196,0.8563830509548854
wikipedia,World War I,n,lettera,5128,1.0505961345414232,1.0390979445767832,0.9972296310905984,0.8455738374561256
wikipedia,World War I,i,lettera,4971,1.3069626308240667,1.0547066263600529,0.9902901345104289,0.9208766190145254
wikipedia,World War I,r,lettera,4519,1.1614570462486111,1.0342602917277104,0.9989103115438978,0.8445264019545602
wikipedia,World War I,o,lettera,4343,1.192999296017537,0.9447547509680542,1.0051006269298552,0.9008580022712378
wikipedia,World War I,s,lettera,4081,1.152500819400788,1.000642379478748,1.002737944897554,0.9203444797231635
wikipedia,World War I,h,lettera,2671,1.2186175180921905,0.9655574026491832,0.9920576683118517,0.8876729939279671
wikipedia,World War I,l,lettera,2560,1.1928617290846135,0.98295952456574,1.0037426039172346,1.0646741136991993
wikipedia,World War I,d,lettera,2550,1.1033878899049945,1.0202971658478657,0.9576544122615823,0.9105000507244424
wikipedia,World War I,c,lettera,1874,1.0801939866685917,1.024235616988365,1.0025602410603267,0.966056920847952
wikipedia,World War I,u,lettera,1687,1.0966677290980742,1.0166349205336864,1.0403955416916497,0.9538217633299009
wikipedia,World War I,m,lettera,1657,1.0243439447592095,1.0373440569352015,1.009749667843714,0.9968418373676582
wikipedia,World War I,f,lettera,1509,1.1324083374449658,1.0179442978845479,1.0254860631336031,0.9749642156901633
wikipedia,World War I,g,lettera,1329,1.074813379881242,0.9932481961498584,1.000110624762846,0.9768814378632602
wikipedia,World War I,p,lettera,1261,1.1393855958878762,0.9612474053606969,0.9272087681605776,1.0655387489042054
wikipedia,World War I,w,lettera,1116,1.0873362851369555,0.9708882767951513,1.0432388284134149,0.9781006058454531
wikipedia,World War I,b,lettera,1018,1.2042825128482766,0.925562157738474,0.9724076542330291,1.007953093948356
wikipedia,World War I,the,funzione,1095,1.2842797169294666,1.050426642495262,1.006990635410084,0.874241327717351
wikipedia,World War I,of,funzione,473,1.1786849751970616,0.9992173634436506,1.0301942187673745,1.0049246526031737
wikipedia,World War I,and,funzione,413,1.0942859440357644,0.9901598924777222,0.9665298140314907,0.9256729269725924
wikipedia,World War I,in,funzione,349,1.1965766799726318,1.0379223429301827,1.0845765496392572,1.0565335425741131
wikipedia,World War I,to,funzione,323,1.121770392787424,0.9516936150214396,1.083064009820565,1.1058846641002074
wikipedia,World War I,on,funzione,143,1.2019353414431047,1.010462516862895,1.1398514884610116,1.5031624884676793
wikipedia,World War I,german,keyword,99,1.2999448454583522,1.0409145532359652,1.1585505223626171,1.465019272399417
wikipedia,World War I,germany,keyword,71,1.1548745766715238,0.97888020030455,1.1371517614671003,1.3122774834904505
wikipedia,World War I,british,keyword,54,1.286574626922305,0.9515596005363699,1.2386152026420743,1.5758397630195142
wikipedia,World War I,army,keyword,42,1.1444806842348034,0.9923122516077294,1.1220240432067303,1.4636610033444792
wikipedia,World War I,french,keyword,41,1.334868605520209,1.0709671496159014,1.3066330614779122,1.6874889908889104
wikipedia,World War I,powers,keyword,38,1.1564952805138662,1.032372159155179,1.162173460987222,1.3568462206070868
wikipedia,World War I,battle,keyword,36,1.2807443134668357,1.004608258598365,1.3102131194832456,1.4872669160818826
wikipedia,World War I,with,appaiata,96,1.0465957989315684,0.9497135141591766,1.0696040989565214,1.0428045076500594
wikipedia,World War I,for,appaiata,79,1.0578501310979136,0.9681129186906134,1.1080448718391185,1.1686828126146405
wikipedia,World War I,from,appaiata,53,1.1643522816367722,0.9500899424682703,1.0905658113158119,1.4618940204752666
wikipedia,World War I,this,appaiata,40,1.0552488488100247,0.9716783699148802,1.078620042607861,0.9501096259366258
wikipedia,World War I,but,appaiata,37,0.9127320463236325,0.9516474896261603,0.9269826154801333,0.8592488746181561
wikipedia,World War I,it,appaiata,36,1.0751590287683752,0.9954708635042292,1.0678202301971755,1.217060118692392
wikipedia,World War I,its,appaiata,35,1.11759418594881,0.9583288420832842,1.0979489945824727,1.1570713758760864
wikipedia,Hinduism,vocali,vocali,25244,1.1272140377683553,1.0354391702672456,0.9985275014352216,0.48346230170876114
wikipedia,Hinduism,spazio,spazio,12178,1.3025650090917682,1.0477058255174672,1.0290655118017902,0.49333099150116394
wikipedia,Hinduism,e,lettera,6821,1.2377250906105295,1.010328134451991,0.9827674464704899,0.9207680633208362
wikipedia,Hinduism,a,lettera,6388,1.3139676797195672,0.9209593312940062,0.9619402267899724,0.9273355945851579
wikipedia,Hinduism,i,lettera,6014,1.2946181515220516,1.0118127608776857,0.9895295419739684,0.9106763244096848
wikipedia,Hinduism,t,lettera,5457,1.1903953467491608,0.9595914960923727,1.0054342442021005,0.8631907603606256
wikipedia,Hinduism,n,lettera,4960,1.2614891626936735,0.9830708020267607,1.0048628845550795,0.8501257820187887
wikipedia,Hinduism,s,lettera,4870,1.2066842282696557,0.979933156214753,0.9178802960210658,0.921079359270808
wikipedia,Hinduism,o,lettera,4168,1.2265947438500777,0.9711220653746914,0.964421145882001,0.9625810856218389
wikipedia,Hinduism,r,lettera,4000,1.2002310588051808,1.032244549864009,0.9914766995976341,0.8895471742617819
wikipedia,Hinduism,h,lettera,3431,1.141004133219141,1.0361421713050027,0.9789208609754079,0.8932229183402481
wikipedia,Hinduism,d,lettera,2991,1.2074312227600184,0.9976401984277498,0.9917707359920062,0.8754820822835097
wikipedia,Hinduism,l,lettera,2354,1.1726465473125762,0.9145954502390374,0.93511717659565,1.0664698936298862
wikipedia,Hinduism,c,lettera,2018,1.2315210472208609,0.9697851000203639,1.0144903013126616,1.084808636544019
wikipedia,Hinduism,u,lettera,1853,1.247633974835302,0.9355832076443095,0.95317836552784,0.8862482151373751
wikipedia,Hinduism,m,lettera,1824,1.2730288141647013,0.9925118714254767,0.9519952466516504,1.0062935148896384
wikipedia,Hinduism,f,lettera,1348,1.205084820343234,0.9760544906556324,0.9781331042067304,1.0028470985349247
wikipedia,Hinduism,p,lettera,1158,1.1549656396228005,1.014036900184847,1.0051912444576185,1.1598098138355606
wikipedia,Hinduism,g,lettera,1128,1.1502782872967154,0.9942121439352625,0.9780790037982996,1.0048951627887168
wikipedia,Hinduism,y,lettera,897,1.0561381166366615,1.0341593055275524,1.0009537330890381,0.9310461825611582
wikipedia,Hinduism,v,lettera,875,1.3119505304479806,0.9237749684486506,1.014838906874228,1.0754469604726522
wikipedia,Hinduism,the,funzione,855,1.1576163981893253,1.0016020914364556,1.0324336241260919,1.085279270871191
wikipedia,Hinduism,and,funzione,556,1.0505633474180345,0.9680496580364237,0.9549885526590276,0.7922649467062155
wikipedia,Hinduism,of,funzione,538,1.10637521972277,1.0010389970999454,1.0364022128796815,0.8979718156610701
wikipedia,Hinduism,in,funzione,294,1.155323095918078,0.9716431633071029,1.0590314313208753,1.1425961959727853
wikipedia,Hinduism,to,funzione,285,1.1622894244688848,0.9742783280318932,1.0964036378838697,1.1187520812648266
wikipedia,Hinduism,is,funzione,202,1.1870218401580241,0.9636672988303395,1.1653741119773395,1.2227365035674225
wikipedia,Hinduism,hinduism,keyword,171,1.2647366743337498,1.0146407112686193,1.1248745724619968,1.1694382986802057
wikipedia,Hinduism,hindu,keyword,152,1.1814605292456994,1.0024865151318068,1.075157873933349,1.0972128958355638
wikipedia,Hinduism,hindus,keyword,51,1.1383511381527753,1.0192150735742163,1.049720079511731,1.166352982526303
wikipedia,Hinduism,life,keyword,50,1.440455093694599,1.0201876729244062,1.2684853410001367,1.7246681124338064
wikipedia,Hinduism,dharma,keyword,46,1.4155369377298983,0.956210307466029,1.3542691915017686,2.4117391024684554
wikipedia,Hinduism,religion,keyword,43,1.2820468605676463,0.9725640926527731,1.1844450812149032,1.9992593546479756
wikipedia,Hinduism,traditions,keyword,41,1.170427723730467,0.9967996984225124,1.13999285198515,1.3632828084092548
wikipedia,Hinduism,as,appaiata,202,0.9695362490150515,1.0242028563240115,0.9265314938827985,0.9892392404299595
wikipedia,Hinduism,or,appaiata,125,1.143288409533036,1.0429956259183364,1.061494476833393,1.2519244442749482
wikipedia,Hinduism,which,appaiata,51,1.0892444006414446,0.9712697615286876,1.0763550115986331,1.1540602117380185
wikipedia,Hinduism,not,appaiata,48,1.1608526829800114,0.9961704653180045,1.0998216438228088,1.2602584215531512
wikipedia,Hinduism,be,appaiata,47,1.00997154261774,0.9878549027547171,0.9608481148844411,0.9696266193690569
wikipedia,Hinduism,have,appaiata,43,1.0758500291441822,1.0457058248387856,1.0541244931371532,1.079323175467999
wikipedia,Hinduism,this,appaiata,43,1.1406388772625482,1.0099694579641525,1.073636840387037,1.2046904847442406
wikipedia,Adolf Hitler,vocali,vocali,24329,1.0811090379946242,0.9972589477075147,1.0216324027114494,0.498023655005891
wikipedia,Adolf Hitler,spazio,spazio,12529,1.1020120133151206,1.0082460005933858,0.9515115869203453,0.47862669986670375
wikipedia,Adolf Hitler,e,lettera,8057,1.2349768643980705,0.941401961809642,0.9928106140330438,0.823642386500444
wikipedia,Adolf Hitler,t,lettera,5516,1.1419953202336433,1.0402775555645156,0.9534069083633918,0.8579025925634938
wikipedia,Adolf Hitler,a,lettera,5371,1.0528521234167292,0.9837088182952557,0.9390698410747178,0.8149550616353425
wikipedia,Adolf Hitler,i,lettera,5192,1.0676971914559326,0.9750212510000064,0.9273160006171363,0.8954900116722153
wikipedia,Adolf Hitler,n,lettera,4810,1.2742950954600314,1.0376591608407897,0.9738412663534425,0.8789582190995188
wikipedia,Adolf Hitler,r,lettera,4641,1.0151084208287928,0.987957652790954,0.9800164153366454,0.8627017497960571
wikipedia,Adolf Hitler,o,lettera,4243,1.1972254419138653,0.8864042277715658,1.027179370195748,0.8785454204530263
wikipedia,Adolf Hitler,s,lettera,3815,1.147701274746193,0.9446216325776652,1.003190791888798,0.934331300151693
wikipedia,Adolf Hitler,h,lettera,3280,1.2003686453393199,0.935556819494017,0.9428342056976519,0.8480823782407327
wikipedia,Adolf Hitler,l,lettera,2876,1.0632864562972368,0.9596560351665401,0.9703403677957826,0.9705325891539509
wikipedia,Adolf Hitler,d,lettera,2620,1.2129477156949091,0.9475190271892086,0.9436090872023017,0.8848550977963308
wikipedia,Adolf Hitler,c,lettera,1974,1.1477081319785847,1.0020774322155812,0.9723210488773737,0.9778874137213869
wikipedia,Adolf Hitler,m,lettera,1772,1.0280692518283097,0.9522191906669858,0.9356338889126908,1.0050199605083387
wikipedia,Adolf Hitler,u,lettera,1466,1.0173112482361149,1.0377952473808052,1.0352686397642756,0.9568281226839964
wikipedia,Adolf Hitler,f,lettera,1414,1.12774622601695,0.9414745436244439,1.0131513152300664,0.9876361222246386
wikipedia,Adolf Hitler,p,lettera,1395,1.2710801448466584,0.9332375299727209,1.0122551535267303,1.079550445935161
wikipedia,Adolf Hitler,g,lettera,1359,1.0369149949878826,1.0123740214774164,1.0695890232889969,0.9701161377466733
wikipedia,Adolf Hitler,w,lettera,973,1.1192956805300445,1.0408027942324931,0.9193141871528372,0.9492252989545008
wikipedia,Adolf Hitler,b,lettera,939,1.1358890068027174,0.9796160374252684,1.088210643453948,1.017209664810754
wikipedia,Adolf Hitler,the,funzione,930,1.224322946356215,0.9607829981640578,1.0211221066668197,0.9575934492843181
wikipedia,Adolf Hitler,of,funzione,468,1.104013514027767,0.9777979130777553,1.0222056527244943,0.9416275825329158
wikipedia,Adolf Hitler,and,funzione,401,1.0106597414871688,0.9936441985747742,1.0216347241051846,0.8952942517306207
wikipedia,Adolf Hitler,in,funzione,368,1.0472437317732803,0.9824745646665396,1.0161452640548898,1.0030165043303945
wikipedia,Adolf Hitler,to,funzione,341,1.0538015907903164,1.0131580570344723,1.0402924327523118,0.9586053412096389
wikipedia,Adolf Hitler,his,funzione,173,1.2779378964977668,1.0444589764585555,1.2046810031781134,1.432126428175467
wikipedia,Adolf Hitler,hitler,keyword,319,0.9981069916753152,1.0722888872559873,0.9506028516583945,0.784208717032712
wikipedia,Adolf Hitler,german,keyword,83,1.190741178642512,1.0213350088299908,1.1253930063070015,1.2178725821666498
wikipedia,Adolf Hitler,party,keyword,70,1.4842355966286624,1.0110674788388068,1.425464262723499,3.3772830011816857
wikipedia,Adolf Hitler,hitler's,keyword,63,1.1621160733714142,0.9375406113448536,1.0644317266950536,1.031154739622194
wikipedia,Adolf Hitler,germany,keyword,65,1.1200048710535149,1.0109393945976513,1.139575201119949,1.3354828133519834
wikipedia,Adolf Hitler,nazi,keyword,40,1.2333255636260483,1.025216064085586,1.220294790119827,2.4550277646251573
wikipedia,Adolf Hitler,army,keyword,31,1.1687221015796057,0.9878622890382324,1.1287854932505015,1.3985579203709908
wikipedia,Adolf Hitler,on,appaiata,152,1.092481569221072,0.9798827911203599,0.9769748379381031,1.0133190061437227
wikipedia,Adolf Hitler,with,appaiata,81,1.0134359161853859,0.9996482576213929,1.0461038879776872,1.0964241903279335
wikipedia,Adolf Hitler,were,appaiata,65,1.205385122669748,0.9550714175695677,1.0901935888129446,1.3716352081973229
wikipedia,Adolf Hitler,from,appaiata,63,0.9803439926255464,0.984503458050417,0.9227148210713015,0.9790136396545819
wikipedia,Adolf Hitler,had,appaiata,49,1.0212776571647963,0.943321831334532,0.9623375053113247,0.9966996599544602
wikipedia,Adolf Hitler,which,appaiata,37,1.053479605557342,0.9460386498873218,1.069102954317466,1.2592302167364564
wikipedia,Adolf Hitler,be,appaiata,32,1.1578169386150567,0.9798498439040483,1.082991966194944,1.2632656883119449
wikipedia,Rome,vocali,vocali,24724,1.402693544859652,0.9618141722147121,1.0347688667068398,0.5521907252709589
wikipedia,Rome,spazio,spazio,12957,1.2865544314557171,1.016697778172871,0.956600235910431,0.46982231648196254
wikipedia,Rome,e,lettera,7438,1.238920622388097,0.9394251409086793,0.9573637123830435,0.8442156851934106
wikipedia,Rome,t,lettera,5768,1.2240861565634553,1.0246157034103363,0.9661885040871662,0.8588659774295712
wikipedia,Rome,a,lettera,5480,1.2826940511919125,0.9905168170739854,1.0036412373978745,0.8997036235922401
wikipedia,Rome,i,lettera,5161,1.357010304334492,0.9484068205847415,1.0038799773268783,0.926611524316688
wikipedia,Rome,o,lettera,4854,1.2319383105661459,1.00178406067449,0.9818142897933116,0.8786040097396153
wikipedia,Rome,n,lettera,4569,1.2172898045528766,0.9534846937256919,0.9570755271704194,0.8596479257989473
wikipedia,Rome,r,lettera,4200,1.1754046664180027,0.961045065134816,1.0166032420102453,0.8869488879597344
wikipedia,Rome,s,lettera,3787,1.2407358357798062,0.9120440948912467,1.0662120886421018,0.9680296416779579
wikipedia,Rome,h,lettera,2967,1.3392071033836672,1.0484977508919966,1.0267542164461785,0.9293731625983722
wikipedia,Rome,l,lettera,2642,1.2370406229052533,0.9811336638478272,1.0152023965630026,1.0720263961048175
wikipedia,Rome,c,lettera,2407,1.2652414009207502,1.0056220744794842,1.0432738497266703,0.9761940323337449
wikipedia,Rome,d,lettera,2277,1.1945240448649457,0.9958860243320219,0.9822008863359674,0.945113203228364
wikipedia,Rome,m,lettera,1848,1.1593959269364997,0.9945935781862069,0.9730344891099127,1.0288759954994697
wikipedia,Rome,u,lettera,1791,1.2232195666140049,0.9474792759606294,0.974455818124753,0.9982789995800593
wikipedia,Rome,p,lettera,1431,1.3094201733855884,1.0170010833193135,1.0166495174192762,1.0388591755028072
wikipedia,Rome,f,lettera,1419,1.1311682554325353,1.062225667248874,0.9260807834377638,0.9173844495949076
wikipedia,Rome,g,lettera,1054,1.1315690632695772,0.9860117727395217,1.0282403469366468,1.026684827501495
wikipedia,Rome,y,lettera,962,1.1172355162016838,0.9671103243757244,1.06513389221273,1.029221304160082
wikipedia,Rome,b,lettera,880,1.2271696715742622,0.9191244470616068,1.0174496962075168,1.0640154161423288
wikipedia,Rome,the,funzione,1379,1.3463739589071406,0.9917749221317438,1.0243725951546907,1.0204593080523212
wikipedia,Rome,of,funzione,650,1.1251662928736312,0.9765820119553882,1.0397330644236975,0.97317321825501
wikipedia,Rome,and,funzione,469,1.2396761190933987,0.9569338176291785,1.0152008278852351,0.8839135919844262
wikipedia,Rome,in,funzione,335,1.139244528538144,1.0194639840326671,1.0598522079320956,1.055180030694409
wikipedia,Rome,to,funzione,230,1.252279265723626,0.949236543355949,1.0697121482648013,1.2703809439411509
wikipedia,Rome,is,funzione,141,1.3276857343164925,0.946656784034898,1.2671502054750678,2.3297016324897
wikipedia,Rome,rome,keyword,242,1.22015906385937,0.9622731418077154,1.1443787727731713,1.2363867664227426
wikipedia,Rome,city,keyword,169,1.1603986972104492,0.9468791055630624,1.1541957301438546,1.1915684935989361
wikipedia,Rome,roman,keyword,78,1.25131419985942,1.0093225994786676,1.1508012199001076,1.2490649615704499
wikipedia,Rome,also,keyword,55,1.062746148559551,1.0372169289178441,1.0624033745069217,1.117455888956658
wikipedia,Rome,population,keyword,43,1.5567417369453171,1.0643863241588776,1.5370995533238345,2.674865719772095
wikipedia,Rome,italy,keyword,46,1.1627762476954906,0.9846801255453719,1.1378665036965423,1.5220631272154352
wikipedia,Rome,centre,keyword,40,1.0179527382283844,0.9913582407621352,1.0319954353043486,1.330124415306503
wikipedia,Rome,was,appaiata,136,1.2693719017710405,0.9434130606629058,1.2240933965493717,1.4016915402542418
wikipedia,Rome,by,appaiata,115,1.1088044898779326,1.0169451730967596,1.1449528322354323,1.2639527226987164
wikipedia,Rome,which,appaiata,74,1.0384911206387266,0.9591121118522028,1.0448405802749472,1.111011626048859
wikipedia,Rome,on,appaiata,54,1.1344909246518173,1.0005001807672256,1.0801639938871055,1.2125787708593174
wikipedia,Rome,has,appaiata,43,1.145910275847539,0.9757548502516405,1.1668547689335946,2.3409399264704582
wikipedia,Rome,its,appaiata,41,1.0023097966217416,0.9835109243306966,0.9835069067154943,1.0193984035185069
wikipedia,Rome,after,appaiata,37,1.0875844806298773,0.952539233395845,1.065103245004418,1.3884214460749695
grok_v01,Industrial Revolution,vocali,vocali,24479,1.1083398048169115,0.9867735826427366,0.9853992261043557,0.5742162418448609
grok_v01,Industrial Revolution,spazio,spazio,10942,1.0365424522993565,0.9687504693304566,0.9246734713587502,0.45266736151753906
grok_v01,Industrial Revolution,e,lettera,6789,0.9231167514321256,1.036156560268384,1.000392455217287,0.898589856625961
grok_v01,Industrial Revolution,i,lettera,6010,1.0867957709434526,1.0487375953454314,1.0263806413082468,0.8753130616745795
grok_v01,Industrial Revolution,t,lettera,5538,1.0345375445894756,0.9590659234533345,1.0100184301507225,0.8177719553532805
grok_v01,Industrial Revolution,n,lettera,5386,1.2030318118981842,0.9625569746050208,0.9112925433716456,0.8385806444834852
grok_v01,Industrial Revolution,a,lettera,5182,1.0568587309840936,1.0495096161753603,0.9964420143129494,0.8884344246249987
grok_v01,Industrial Revolution,r,lettera,4692,1.046201606158496,0.9396980175243822,1.035605817639748,0.8299005487373381
grok_v01,Industrial Revolution,o,lettera,4540,1.0066360684043105,0.9440587769377156,0.9685952689512632,0.892776584335074
grok_v01,Industrial Revolution,s,lettera,4067,1.093488312249541,0.9633741503975317,1.0229997223794778,0.9172802989808596
grok_v01,Industrial Revolution,l,lettera,3035,0.9681363279010411,0.9970883218593256,1.0077209869728974,0.9416873611739469
grok_v01,Industrial Revolution,d,lettera,2787,1.0919707216665826,0.9141336932546542,0.9943809482740035,0.8614528441757587
grok_v01,Industrial Revolution,c,lettera,2457,1.1556902901510988,0.9964971451676105,0.9870915344421634,0.9364362149742559
grok_v01,Industrial Revolution,u,lettera,1958,0.8957063778464738,0.9781417187522378,1.0090528251829098,0.9705118193206378
grok_v01,Industrial Revolution,h,lettera,1938,0.9601621349754765,1.0041865823206149,0.987484440532388,0.9834161040785062
grok_v01,Industrial Revolution,m,lettera,1689,0.9837189471465011,0.9824251373913269,0.9517450850954661,0.8877018966135403
grok_v01,Industrial Revolution,p,lettera,1633,1.0079534728485968,1.0106010561549335,0.994811449442064,0.996608658031535
grok_v01,Industrial Revolution,g,lettera,1558,0.9967602464474655,0.9100628829597232,1.0016844859291443,0.9092915864054548
grok_v01,Industrial Revolution,f,lettera,1237,0.9975089743565686,0.9655064468552427,0.9914551245517605,0.9348883196921498
grok_v01,Industrial Revolution,y,lettera,1007,1.114510469228542,1.034486942674554,0.9838333776695238,0.9497872395665315
grok_v01,Industrial Revolution,b,lettera,929,1.0189940518059983,0.9499420786133652,0.9229173254574105,0.9051787907832727
grok_v01,Industrial Revolution,and,funzione,455,1.0143805987125836,0.9810067429491222,0.9536166214444606,0.7998780199088037
grok_v01,Industrial Revolution,the,funzione,356,1.0082549223659045,0.9762232915834638,0.9743231635607228,0.8797778526259835
grok_v01,Industrial Revolution,in,funzione,302,1.031965420878416,0.9516427471652991,0.9665499852808201,0.862339647818606
grok_v01,Industrial Revolution,to,funzione,237,1.0242716726979166,1.0589754875634227,0.8945660723313938,0.8880449063789672
grok_v01,Industrial Revolution,by,funzione,207,1.094065893651795,0.9862925352690873,0.9706585897356685,0.955306342259153
grok_v01,Industrial Revolution,of,funzione,201,1.077568199241892,1.0392191447652417,1.0775493922406956,1.050001220232707
grok_v01,Industrial Revolution,industrial,keyword,72,0.9732184628575277,0.9814522752239639,0.9335675885546991,0.8929041418248477
grok_v01,Industrial Revolution,like,keyword,66,0.9873085535165067,1.0454044766425923,0.9739481043074275,0.836266883074084
grok_v01,Industrial Revolution,iron,keyword,47,1.411343295831845,1.0295678808297757,1.2719266027508047,1.8815521007323255
grok_v01,Industrial Revolution,labor,keyword,48,1.2185106774052035,0.9786428847787444,1.106033402353155,1.339547906893898
grok_v01,Industrial Revolution,production,keyword,44,1.1194951187603457,0.9995409630535326,1.152668744805777,1.3201280675215923
grok_v01,Industrial Revolution,million,keyword,38,1.0889021298137023,1.0252042805392458,1.0801962780181709,1.6076226840300647
grok_v01,Industrial Revolution,revolution,keyword,46,1.0582958480284665,0.9801079706523925,1.05378992855662,1.0493443433046663
grok_v01,Industrial Revolution,that,appaiata,59,1.002183545319239,0.984116312967371,0.9863417736209591,0.971915654990855
grok_v01,Industrial Revolution,as,appaiata,77,1.0014372809603729,0.9879279148337993,0.9562941324138974,0.987963402592275
grok_v01,Industrial Revolution,on,appaiata,47,0.9943777484190707,0.9791147244724793,0.962512110992218,1.0011019748578678
grok_v01,Industrial Revolution,per,appaiata,41,0.9954463657018604,0.9991067913559855,0.9938237819541346,0.8762508497608142
grok_v01,Industrial Revolution,these,appaiata,38,0.9125223599474989,1.0037544121203654,0.9328246221748356,0.9270381471292416
grok_v01,Industrial Revolution,which,appaiata,35,0.9482448812264805,1.0319138175413303,0.9378236272892523,0.7402701650998453
grok_v01,Industrial Revolution,factory,appaiata,35,1.0895279719324589,0.955746258855708,1.0552377539917919,1.246845451445304
grok_v01,Protestantism,vocali,vocali,24658,1.0725138615751957,0.9323970331881278,0.9832771514043693,0.565012153994175
grok_v01,Protestantism,spazio,spazio,10872,1.2118731215818992,0.9734333817058064,1.0046903852602003,0.4702190108008873
grok_v01,Protestantism,e,lettera,6993,1.0160948807953407,0.9549688824814822,0.9524457831235121,0.8587395946976909
grok_v01,Protestantism,i,lettera,6329,1.0629612423944883,1.059988154132566,0.9895285513198128,0.852924226540685
grok_v01,Protestantism,t,lettera,5684,1.141877953951752,0.9756213142350472,0.9915431006073693,0.8605937263843754
grok_v01,Protestantism,n,lettera,5288,1.1577424041168818,0.9744159299701053,0.9988105854116904,0.8443728968927374
grok_v01,Protestantism,a,lettera,5235,1.0110092245271585,1.0446481257973432,0.9664156559887261,0.8473692558421002
grok_v01,Protestantism,s,lettera,4651,1.1801501270924288,1.0499754094484148,0.9825065590735033,0.9113902331351159
grok_v01,Protestantism,r,lettera,4509,1.0579461655453686,0.9939001442150949,0.9868207111740072,0.8333075689321481
grok_v01,Protestantism,o,lettera,4423,1.065493799446903,1.0142009956190199,0.9745921859650452,0.8935839128725006
grok_v01,Protestantism,l,lettera,2859,1.0351332539800018,0.9689770019322174,0.9457642377175817,0.9597686699834356
grok_v01,Protestantism,c,lettera,2761,1.039410092805815,0.9969321004247678,0.9863167714472261,0.9068246751211858
grok_v01,Protestantism,h,lettera,2509,1.022403031429364,1.0030557643841664,0.9767192513844467,0.9545952837562354
grok_v01,Protestantism,d,lettera,2426,0.9157590975091408,0.9245513061295779,0.9492870882572174,0.8843939447980633
grok_v01,Protestantism,m,lettera,1768,1.1860015471406633,1.02466610729637,1.0356024018011514,1.0011492751512303
grok_v01,Protestantism,u,lettera,1678,1.060328618938795,0.9815653504036365,0.9704204620717695,0.9430695034216126
grok_v01,Protestantism,p,lettera,1539,1.0778944868140121,0.9276352760603596,0.9136015165057915,1.012281927791107
grok_v01,Protestantism,g,lettera,1486,1.0964078620190219,0.9499753208763746,0.9506810340165565,0.9101093979387757
grok_v01,Protestantism,f,lettera,1303,0.9722976667235359,1.0023102033031248,0.918125055905603,1.0142677405769138
grok_v01,Protestantism,y,lettera,940,1.1153818901012607,0.9981781421291384,0.9893365765119096,0.960105556607229
grok_v01,Protestantism,b,lettera,867,1.1424942968369312,1.0083641854889007,0.9786773261509495,1.0307716898125283
grok_v01,Protestantism,the,funzione,496,1.1428290514924992,0.9943395328493364,1.053784910553989,0.9995998162919232
grok_v01,Protestantism,and,funzione,417,1.0818023076686467,0.9534266088934391,0.9607954607190559,0.742916449127891
grok_v01,Protestantism,in,funzione,296,1.1507901900394881,1.019880797866164,1.0263324217734677,0.9464545151111778
grok_v01,Protestantism,of,funzione,288,1.0235700222373991,1.0442454330443391,1.0131269467047894,0.968099909529565
grok_v01,Protestantism,to,funzione,204,1.0336553075455648,0.9531599374891413,0.9584747501743157,0.9323446087524455
grok_v01,Protestantism,by,funzione,162,0.9420083225610193,0.9814516224710168,1.0357507721914676,0.9491902122808129
grok_v01,Protestantism,church,keyword,78,1.110696429506348,0.9774148818014353,1.0975578744803622,1.2594888220923481
grok_v01,Protestantism,protestant,keyword,64,0.9857526302642553,1.0191102786979822,0.9620297430280207,0.9747000484963584
grok_v01,Protestantism,faith,keyword,58,1.1907104489187124,0.9838928138193875,1.0783435348652428,1.1917395760005718
grok_v01,Protestantism,like,keyword,52,0.8905184844932754,0.9375953314127136,0.9160407136937162,0.8641392702834971
grok_v01,Protestantism,alone,keyword,38,1.3562465177744076,1.0092942592917462,1.231146602010131,1.7591080963977144
grok_v01,Protestantism,catholic,keyword,37,1.116186157670259,1.0579897559652183,1.0911196310608742,1.1344449866980033
grok_v01,Protestantism,authority,keyword,34,0.9891594785002581,0.9560529852274368,0.946835746772507,0.8657909516064872
grok_v01,Protestantism,for,appaiata,63,1.1171958541800422,0.9284211518107601,1.0353709631235837,1.0643566591208993
grok_v01,Protestantism,on,appaiata,62,1.0114661279507544,0.9429951585798796,0.9909434944286648,0.977916837870692
grok_v01,Protestantism,over,appaiata,57,0.9970356914449966,0.9735779006357504,0.9760917944025996,0.876165203551041
grok_v01,Protestantism,or,appaiata,53,1.1824096837421174,0.9489470584415046,1.1718328876492368,1.2247963773200319
grok_v01,Protestantism,his,appaiata,35,1.0970357709087006,1.0120998152480096,1.0639165540922761,1.1280551401015362
grok_v01,Protestantism,while,appaiata,32,0.9284504917672437,0.9926642334451424,0.905150267351511,0.7344984430859978
grok_v01,Protestantism,sola,appaiata,30,1.3839072629624956,1.0022659717629927,1.1926028499767318,1.760250693416122
grok_v01,Sigmund Freud,vocali,vocali,25527,1.3538361232159035,1.0064417814851487,0.968009691733502,0.5533242145198665
grok_v01,Sigmund Freud,spazio,spazio,10715,1.350357254604823,0.9821838034218334,0.9693010374521084,0.476363711422673
grok_v01,Sigmund Freud,e,lettera,7677,1.0679960034718883,1.0294358384244784,1.0131119727501854,0.8506200843686798
grok_v01,Sigmund Freud,i,lettera,6084,1.0629161013622783,1.045989823176705,1.016207593285168,0.8335641600790956
grok_v01,Sigmund Freud,t,lettera,5307,1.1512440719159824,0.9352532534417956,0.9650494346684512,0.8617164013335514
grok_v01,Sigmund Freud,s,lettera,5081,1.3224208353512903,0.9805917824110185,0.9428362136949184,0.9285398702177665
grok_v01,Sigmund Freud,a,lettera,5069,1.0963389428473747,0.8906388212824075,0.9728112592426298,0.887508209740206
grok_v01,Sigmund Freud,n,lettera,5049,1.0763675015525602,0.9463271221776138,0.9743978002487544,0.8404982326493834
grok_v01,Sigmund Freud,o,lettera,4569,1.1452466417765714,0.9935874210715978,0.9736846115013238,0.8777580459238323
grok_v01,Sigmund Freud,r,lettera,4541,0.952906092293663,1.0160960672452604,0.9626599917843852,0.8508460820013654
grok_v01,Sigmund Freud,c,lettera,2830,1.1638319011878278,0.9667268585313328,0.9372813937675333,0.9759684826057006
grok_v01,Sigmund Freud,l,lettera,2756,1.152694225520219,0.9717932323029825,0.9310831984551365,0.9258002521657165
grok_v01,Sigmund Freud,d,lettera,2637,1.2514798999727104,0.9621950259611225,1.0227280339126705,0.9231289508566718
grok_v01,Sigmund Freud,h,lettera,2341,1.0886022216158884,1.108583258316834,1.0008044162026355,0.9737902673464857
grok_v01,Sigmund Freud,u,lettera,2128,0.7977289071747424,1.0480689615832113,0.9543355174151751,0.8872544431806937
grok_v01,Sigmund Freud,p,lettera,1716,1.0537847518668437,1.0084040812087756,0.9853787087712605,0.958263385429605
grok_v01,Sigmund Freud,m,lettera,1597,1.0979611930471729,1.015372319217758,0.9570449109786119,1.0087304040627432
grok_v01,Sigmund Freud,f,lettera,1568,1.049520500010827,1.0449062857088882,1.012009343113007,0.9419268679471888
grok_v01,Sigmund Freud,g,lettera,1377,1.06990002151841,1.0062625412023085,0.9902579875848968,0.9473207730095132
grok_v01,Sigmund Freud,y,lettera,1175,1.0768672602955025,1.0187682137258547,1.0101049776223203,0.9578328350406335
grok_v01,Sigmund Freud,v,lettera,782,1.1105190311907658,1.0044658274768867,1.0055794928801616,0.9373508333343146
grok_v01,Sigmund Freud,the,funzione,368,1.2859179155635034,1.0119200445862537,1.114241765979611,1.1614106011435266
grok_v01,Sigmund Freud,and,funzione,313,1.1307935294889202,0.9870618318492156,1.0420580599963383,0.8868203826480694
grok_v01,Sigmund Freud,to,funzione,256,0.9586295536801338,0.9381430685507396,0.979204081977206,0.9316473590252784
grok_v01,Sigmund Freud,in,funzione,247,1.2480786912551274,0.9616913710550392,1.0412680842320856,1.0320717467934324
grok_v01,Sigmund Freud,of,funzione,240,1.0914647897308107,0.9826285555851696,1.047046460233732,1.177794106741259
grok_v01,Sigmund Freud,as,funzione,162,0.9007146971361206,0.9816861341679136,0.9189133321866069,0.8610943637725613
grok_v01,Sigmund Freud,freud,keyword,224,1.081463491988414,0.995704185743325,0.866953498162527,0.7399960595599903
grok_v01,Sigmund Freud,freud's,keyword,94,1.0383979907907697,1.0148317513372975,0.967246849402407,0.952549357756902
grok_v01,Sigmund Freud,unconscious,keyword,49,1.2565277782274296,1.019164481105869,1.1099677882899235,1.739727147361751
grok_v01,Sigmund Freud,like,keyword,47,1.054477278393238,1.0348616649653588,1.047793272269323,1.1411435103540042
grok_v01,Sigmund Freud,rather,keyword,33,1.0176146278824825,0.9544277167291558,1.0101827164450528,0.8955348337131778
grok_v01,Sigmund Freud,psychoanalytic,keyword,31,1.1461385790254517,1.012643852454234,1.0367599388172528,0.9219514070316026
grok_v01,Sigmund Freud,sexual,keyword,30,1.005455028144023,1.037028221062537,1.0200796839403112,0.8287350935312201
grok_v01,Sigmund Freud,from,appaiata,112,1.073853944085577,0.9772182397848305,1.0180932315027624,1.0098637672295736
grok_v01,Sigmund Freud,his,appaiata,94,1.3490465474007918,1.0980921286389502,1.1645721457820415,1.3547391903141652
grok_v01,Sigmund Freud,this,appaiata,50,0.9043690461806896,0.990119093971288,0.8817779634065066,0.7877471771600016
grok_v01,Sigmund Freud,he,appaiata,51,1.1546843336752894,1.0063533304134855,1.140021032851193,1.4598861481027239
grok_v01,Sigmund Freud,but,appaiata,34,1.089676273295426,0.9916501492263983,1.077439932190116,0.9017843062627325
grok_v01,Sigmund Freud,symptoms,appaiata,29,1.1902302612796902,1.0358167287698636,1.1545512800481934,1.4707850116627403
grok_v01,Sigmund Freud,hysteria,appaiata,28,1.1598647367701815,1.0630440238037802,1.1397775835958353,1.381845495353798
grok_v01,Christianity,vocali,vocali,24538,1.2019322427373789,0.9924150247791985,0.9294319588965072,0.5721460285596862
grok_v01,Christianity,spazio,spazio,11202,1.0898507204074859,1.0267287531734235,0.895717197757412,0.4644207614171064
grok_v01,Christianity,e,lettera,7135,1.1184156819596998,0.9812555415553992,0.9843583972607434,0.8760457432411213
grok_v01,Christianity,i,lettera,6313,1.2161059188291048,0.9525626417685406,0.9484359247022214,0.9020397062390706
grok_v01,Christianity,t,lettera,5600,1.1820469549731327,1.0127392436385172,1.0217462791039775,0.8590927463253778
grok_v01,Christianity,n,lettera,5117,1.2063346191406048,1.0354973134419665,1.0012893360485444,0.8349355670036165
grok_v01,Christianity,a,lettera,5060,1.000653204416873,1.0037798529253843,0.9956259922925876,0.8386939795109409
grok_v01,Christianity,s,lettera,4627,1.1397434808351612,1.026615968373829,0.9427474607061974,0.9092322374658022
grok_v01,Christianity,r,lettera,4380,1.1561719186826198,0.9745114666406227,1.0133178611360754,0.8411702199342134
grok_v01,Christianity,o,lettera,4282,1.0689438038509118,0.9440320217173657,0.9765860137850165,0.9084955632065219
grok_v01,Christianity,c,lettera,2839,1.209094867662054,0.9449019382922051,0.9589875351508449,0.9456421875084087
grok_v01,Christianity,h,lettera,2610,1.1939612505620902,1.0142410467695397,0.9971456360493246,0.9594159269350262
grok_v01,Christianity,l,lettera,2590,1.1375698135530912,0.9188157736549023,0.9928558483829728,0.9631750616990422
grok_v01,Christianity,d,lettera,2523,1.0967336527110847,0.9214430689975824,0.9186857133752557,0.8814886714322577
grok_v01,Christianity,u,lettera,1748,1.1489832708231107,1.0105579520501546,0.9765777307638484,0.9472864117198574
grok_v01,Christianity,m,lettera,1646,1.0701503064423394,0.9761687165179646,1.0295989320706989,0.9457934543394741
grok_v01,Christianity,g,lettera,1500,1.0674109930818492,0.9759937727250615,1.0554700492701867,0.9336919861444626
grok_v01,Christianity,p,lettera,1476,1.1387434807382715,0.9442318910405424,0.9988721468370224,1.0822972574077032
grok_v01,Christianity,f,lettera,1204,1.034891602337714,0.9971452459086821,1.0077953338259587,0.9708505527705341
grok_v01,Christianity,y,lettera,904,1.1149388548687438,0.9584134626045419,1.0697954310139564,0.9841138356502444
grok_v01,Christianity,b,lettera,738,1.064008509605106,1.0134353626660555,0.9839766901014442,1.0506550951483782
grok_v01,Christianity,the,funzione,547,1.1859229960124054,0.9792128664168871,1.0495313409390936,1.0498304856327785
grok_v01,Christianity,and,funzione,425,1.1096014444275113,0.9963523875549759,0.9625506403741738,0.8120567541337312
grok_v01,Christianity,in,funzione,285,1.0696987891501746,0.979036395938337,1.024068010295225,1.0037210545588793
grok_v01,Christianity,of,funzione,279,0.9057111526036735,0.9320208959288413,0.966891190832341,0.9047527299877461
grok_v01,Christianity,to,funzione,210,1.103176436459545,0.9001316111005838,1.0310367659330695,1.0048631058571496
grok_v01,Christianity,as,funzione,172,1.154812871007111,0.9992726787349908,1.0555788014451186,1.0349896076203555
grok_v01,Christianity,ce,keyword,127,1.607083720268696,0.9855771865060765,1.52470030830147,4.335266215684337
grok_v01,Christianity,like,keyword,69,0.9088880824028924,0.9743968255030467,0.8731902538187736,0.7989279335302482
grok_v01,Christianity,jesus,keyword,48,1.3366682705763147,1.0095638289646365,1.3493602364568922,2.2711420888870584
grok_v01,Christianity,christian,keyword,44,1.019945624096713,0.9982030179329137,0.992734293165234,0.9713533233848413
grok_v01,Christianity,testament,keyword,41,1.2383467677497504,1.011976916099763,1.2102738429550473,2.609282014847935
grok_v01,Christianity,god,keyword,49,1.3093330051707315,0.9806937810706363,1.3271874011054685,2.372662748671293
grok_v01,Christianity,divine,keyword,35,1.0780987902989778,1.0003948690041795,1.0510171806539117,1.018038859753484
grok_v01,Christianity,with,appaiata,117,1.0341073046099085,1.0044684349360409,0.9766504706003988,0.9010617228587752
grok_v01,Christianity,for,appaiata,64,1.1477071541545114,0.987776069320898,1.0791382866628412,1.241868304951752
grok_v01,Christianity,over,appaiata,46,0.9454784585639481,0.9780137361942988,0.955660249430108,0.9197162832700075
grok_v01,Christianity,his,appaiata,38,1.064359215646338,0.9811653849645635,1.1227577523599617,1.485067442778797
grok_v01,Christianity,or,appaiata,35,1.1915988128751451,1.0715696167275233,1.1887444053429181,2.489822160496084
grok_v01,Christianity,through,appaiata,34,0.9776495307986286,0.9427193941407861,0.9642581334781312,1.1810700985423221
grok_v01,Christianity,while,appaiata,34,0.86839400055035,0.9197448267219551,0.8745446885389841,0.7300845800532961
grok_v01,Judaism,vocali,vocali,25223,1.2168092237328159,1.0468569444705063,1.0383713515301827,0.5592491454697519
grok_v01,Judaism,spazio,spazio,11012,1.2271684925505366,0.9853065490929098,0.9590852591500681,0.4509379860878488
grok_v01,Judaism,e,lettera,7142,1.1150943253043542,0.9844645034152695,1.0058352445671142,0.869327369700156
grok_v01,Judaism,i,lettera,6386,1.1010620899443848,0.9315762021835253,1.0179409246249251,0.8921333378137796
grok_v01,Judaism,a,lettera,5551,1.2178413415851208,1.037696015156196,0.9765036688822223,0.8891109266018827
grok_v01,Judaism,t,lettera,5244,1.1221589411629065,1.0026654583997752,1.007496555536359,0.8945420771911914
grok_v01,Judaism,n,lettera,4984,1.0387510713709398,1.0171814619557258,0.983367651715405,0.8523481096867555
grok_v01,Judaism,s,lettera,4405,0.9533431862570472,0.9964516403086711,1.0408335694936464,0.9245410892411838
grok_v01,Judaism,o,lettera,4377,1.1908478201009598,0.9384158867063647,0.9658130210266765,0.9108567691049346
grok_v01,Judaism,r,lettera,4318,0.8386503091212989,1.0317554274983516,0.9973830035184292,0.8427016579977552
grok_v01,Judaism,l,lettera,2826,0.9469532339753667,0.9838574507200851,1.0327511081538567,0.9734964858915137
grok_v01,Judaism,d,lettera,2656,1.160688351388638,1.0563371280259357,0.9819598294697628,0.8893904746621651
grok_v01,Judaism,c,lettera,2599,1.3077511133519513,0.9895212732905492,0.9734248548871006,0.9600565617965452
grok_v01,Judaism,h,lettera,2547,1.188672890031719,0.9728002230347403,0.9349926543912196,0.9749315162557571
grok_v01,Judaism,m,lettera,1867,1.1026572568301836,0.9588590808124827,0.9940124446857602,0.9628090534176589
grok_v01,Judaism,u,lettera,1767,0.9417431082030997,0.983121567574111,0.9442203865106474,0.9094694154125048
grok_v01,Judaism,p,lettera,1483,1.1290250460563869,1.0242732984205276,0.9849244719189413,1.0417596286689554
grok_v01,Judaism,g,lettera,1390,1.052952550951093,0.9036825991882979,0.9609096484432018,0.9373329343097171
grok_v01,Judaism,b,lettera,1026,1.1154457070692756,0.9899826686497359,0.9263684427241007,1.0835348722727376
grok_v01,Judaism,f,lettera,1011,1.1119853601656637,1.0441957546534681,0.9847373446752687,0.9396244908912464
grok_v01,Judaism,y,lettera,876,1.161643851113494,0.9502054186886638,1.0322049412593837,0.9884907450451408
grok_v01,Judaism,the,funzione,475,1.2836852523483335,0.9929306298181338,1.1195318790595117,1.2517376054432376
grok_v01,Judaism,and,funzione,410,1.0996170187269458,1.0380987945520308,1.0471692245440924,0.9543435180449433
grok_v01,Judaism,in,funzione,254,1.133605362696723,1.0263850427387438,0.9980020440645508,0.9811493710984657
grok_v01,Judaism,of,funzione,241,1.1593288006043267,0.9733262938129466,1.0904085359581803,1.0881610915509414
grok_v01,Judaism,to,funzione,203,0.9780379675990595,0.9925568478595647,0.9198464927066697,0.822702550510349
grok_v01,Judaism,as,funzione,136,1.0886692764286845,0.990044814344705,1.032612921806458,1.1446320288936211
grok_v01,Judaism,jewish,keyword,90,1.184340907940164,0.9904533057108901,1.168019565924782,1.7254738200721527
grok_v01,Judaism,bce,keyword,80,1.5401747241792763,0.9755602728589374,1.4649691463418995,3.5403686736214097
grok_v01,Judaism,like,keyword,61,1.0039645290012953,0.9139245437610928,0.998937307769142,0.9282218173298429
grok_v01,Judaism,ce,keyword,51,1.3948159435783152,1.0172040035376533,1.3253596895176782,2.1986494584322838
grok_v01,Judaism,torah,keyword,49,1.1439764616566084,1.00892370151369,1.1420895555576942,1.2813186002699506
grok_v01,Judaism,rabbinic,keyword,38,1.0484525454908435,0.9604539168839498,1.0105035900491297,1.0658411435580533
grok_v01,Judaism,jews,keyword,38,1.3454749399834336,1.0156607551519528,1.3550179101429134,3.207379635820508
grok_v01,Judaism,with,appaiata,106,1.0253651669504735,0.9640553206277221,1.0433713755409595,1.038661322722621
grok_v01,Judaism,for,appaiata,65,0.9468541299813454,0.9801811373779735,0.9592742968151277,0.8758697927341381
grok_v01,Judaism,or,appaiata,62,1.1417265758642139,1.0022867820548842,1.0294968251217955,1.3389138745910845
grok_v01,Judaism,this,appaiata,49,0.8904945339890792,0.9012319302430455,0.8797952507059151,0.8413628787846316
grok_v01,Judaism,th,appaiata,47,1.204444100980657,1.0461567307703679,1.1500466321577811,1.4912060358333716
grok_v01,Judaism,such,appaiata,36,0.9447917208478174,0.9653808688311103,0.9272247880678539,0.844787952129526
grok_v01,Judaism,amid,appaiata,34,0.8354465401654332,0.9294783456590641,0.8426054535492463,0.682804766678478
grok_v01,Roman Empire,vocali,vocali,25402,1.151091212089583,0.9882957757903245,1.0006422569109363,0.5359177534586237
grok_v01,Roman Empire,spazio,spazio,11392,1.2086295049904712,0.9699606621542158,0.9965349118797543,0.45749421708176086
grok_v01,Roman Empire,e,lettera,7406,1.1388633873733995,0.9635668576787407,1.0123891823353908,0.8635558812763664
grok_v01,Roman Empire,i,lettera,6117,1.188608191785236,1.0113553197249114,0.9919857661591,0.8747890330982739
grok_v01,Roman Empire,a,lettera,5623,1.0476077521477982,1.0416803210502144,0.9687558677666045,0.8502899388807064
grok_v01,Roman Empire,t,lettera,5241,1.0487838241962837,0.945285131410459,0.90650516757796,0.8457225111680315
grok_v01,Roman Empire,n,lettera,5154,1.0977220137391548,0.9867357067144584,0.9293723066338967,0.8394076741355095
grok_v01,Roman Empire,r,lettera,4983,1.2055723774395286,0.9202501155679227,0.9467435375295324,0.8761539539124235
grok_v01,Roman Empire,s,lettera,4404,1.1255087827291423,0.9159903386071283,0.97771483303623,0.9326254143239097
grok_v01,Roman Empire,o,lettera,4134,1.1448369397259635,1.0172835661284882,1.0309454755886434,0.9112630394593155
grok_v01,Roman Empire,d,lettera,2935,1.2138058939846528,0.9741856362038411,0.9694029195080156,0.8546799365838473
grok_v01,Roman Empire,l,lettera,2806,1.2252236835973245,0.962364839984064,0.9792602225586385,0.9310777894611356
grok_v01,Roman Empire,c,lettera,2360,1.2193170255285246,0.9954450666566608,1.0094014359805124,0.9439082976361508
grok_v01,Roman Empire,u,lettera,2122,1.1879648047941256,0.9894205240896089,1.0173877593555607,1.0168705600782906
grok_v01,Roman Empire,h,lettera,1866,1.190277338975327,0.9929889223480934,1.0132089052470643,0.9673010725372179
grok_v01,Roman Empire,m,lettera,1782,1.0156983560190507,1.001274510104073,0.9466570763762695,0.9308391671874977
grok_v01,Roman Empire,p,lettera,1568,1.140565840011838,0.9539836969942709,0.980082343532883,1.022333610754396
grok_v01,Roman Empire,g,lettera,1414,1.0316649007662864,1.0184699879612404,0.9649035850012897,0.8777228969513974
grok_v01,Roman Empire,f,lettera,1212,1.0546648428882157,0.9382678239298857,1.0799887801043666,0.9937353947103584
grok_v01,Roman Empire,y,lettera,916,1.0565355355524144,0.9888925959253606,0.9705629835620914,1.0008358928119896
grok_v01,Roman Empire,b,lettera,853,1.001385085571742,1.0219177370592896,0.9793830917525937,0.9282756629238138
grok_v01,Roman Empire,the,funzione,533,1.2873958410524917,1.0033991588452298,1.053592469435776,1.095411771511774
grok_v01,Roman Empire,and,funzione,486,1.161535746869348,0.9228611464236766,1.038404913156809,0.8402926632243212
grok_v01,Roman Empire,in,funzione,266,1.0012617162889264,1.0106885482986014,1.0180533961472553,0.9828896236424044
grok_v01,Roman Empire,to,funzione,243,0.9996708301203072,1.0429333070398668,0.9620894768222157,0.9190921680228425
grok_v01,Roman Empire,of,funzione,218,1.1474416894466186,0.9691128134422987,1.1522763574344266,1.1165408979996976
grok_v01,Roman Empire,by,funzione,137,0.968455665639028,1.0212423148707754,0.8949496180382535,0.8069742145332359
grok_v01,Roman Empire,ad,keyword,164,1.4980396419111002,1.0070139867980676,1.3138727550696823,1.9121106153899075
grok_v01,Roman Empire,like,keyword,77,0.8984911519929362,0.9786360098463458,0.8918527774901194,0.8011818279270317
grok_v01,Roman Empire,roman,keyword,60,1.0928420202835327,0.9624447093542047,1.0450912668625705,1.058410835242017
grok_v01,Roman Empire,military,keyword,50,1.132024159305217,1.0030848013239109,1.0723481303205398,1.1028434190612946
grok_v01,Roman Empire,imperial,keyword,41,1.1057219234560889,1.0291104031547087,1.077786118621319,1.0927332377361534
grok_v01,Roman Empire,empire,keyword,72,1.0127362549856593,0.9856350543885092,1.0457181401732027,1.118125908256319
grok_v01,Roman Empire,bc,keyword,34,1.2579264619004658,1.013329832856329,1.1857985854255637,2.166474868107667
grok_v01,Roman Empire,with,appaiata,119,0.9482732084685334,0.9753492899971944,0.9907057822211899,0.8776650337785334
grok_v01,Roman Empire,on,appaiata,80,1.0986466096818437,0.8945969653405733,1.0746331337015824,1.2556965716515012
grok_v01,Roman Empire,under,appaiata,59,1.0176284313872812,1.0246846705165167,0.9867723255080777,1.0861174182160735
grok_v01,Roman Empire,or,appaiata,51,1.2813142582588957,0.9458948259444071,1.3037868904999579,2.174828997694084
grok_v01,Roman Empire,over,appaiata,41,0.9606622701937411,1.0391825816600548,0.9559623200832106,0.8046333176077455
grok_v01,Roman Empire,but,appaiata,37,1.0326355116435977,1.0168746123224157,1.0290247249500644,0.9540886089023406
grok_v01,Roman Empire,this,appaiata,36,0.9081451944853984,1.008030519429093,0.8982927733424678,0.9269519147536958
grok_v01,Cold War,vocali,vocali,25077,1.122936229117614,0.9995227592152931,1.0495076778093402,0.562935226098184
grok_v01,Cold War,spazio,spazio,11257,1.1411885517012526,1.0022001255273525,0.9528499629280276,0.45465666241963953
grok_v01,Cold War,e,lettera,7462,1.0885251630722839,0.9655394087470709,0.9503307814539556,0.8619526804621751
grok_v01,Cold War,i,lettera,5916,1.13686168080212,0.9370759602053851,0.995534563811192,0.9135241428451549
grok_v01,Cold War,t,lettera,5487,1.075817013574517,0.9414472502952234,1.0140988342615544,0.8445298870737579
grok_v01,Cold War,n,lettera,5382,1.0902851263131035,1.0145326687285758,0.9745466346001918,0.8691682477803425
grok_v01,Cold War,a,lettera,5099,0.940065299654716,0.9395929091846419,0.960681248816243,0.8757242423712055
grok_v01,Cold War,o,lettera,4669,1.094294421092812,0.9448964513056822,0.9501188906768637,0.8955993669391105
grok_v01,Cold War,s,lettera,4461,1.066490754882467,1.0057399064059893,0.9935576857822399,0.9377780073439618
grok_v01,Cold War,r,lettera,4353,1.1698506139406633,0.953976079155285,0.9222093558489547,0.8505710523095518
grok_v01,Cold War,l,lettera,2694,1.0343299769939442,0.9909300888791117,1.0038689673950285,0.9654408611698924
grok_v01,Cold War,d,lettera,2633,0.8926730506748981,1.0109738016106213,0.9781250588688312,0.8749362848809423
grok_v01,Cold War,c,lettera,2519,1.0338518774196703,0.9991229105502679,0.9723979739679466,0.9497551947308747
grok_v01,Cold War,h,lettera,1983,1.1224610697928716,0.9979188156401975,0.9542428181864634,0.9672413617414414
grok_v01,Cold War,u,lettera,1931,1.0784780825497755,0.984128707968669,0.9798314134037923,0.9652512447391324
grok_v01,Cold War,m,lettera,1774,1.0401332266378571,1.02623417461519,0.9986604992233538,0.9793989345942281
grok_v01,Cold War,p,lettera,1506,1.033200488845687,1.0110170037764876,0.911073027223504,0.9839702625658656
grok_v01,Cold War,g,lettera,1500,0.8722482890782799,0.9526590401214642,0.9729554870289433,0.9031332322776775
grok_v01,Cold War,f,lettera,1147,1.032562118882305,0.985593820414148,0.9605857682442677,0.966785833891122
grok_v01,Cold War,v,lettera,926,1.074578117518331,1.0194379379796488,1.0348412192125214,1.0085148301559748
grok_v01,Cold War,b,lettera,827,1.1056168642949817,1.0083018159710277,0.917815625483153,0.9529321693350273
grok_v01,Cold War,the,funzione,584,1.0915600204566283,0.9374685195848662,0.9926114499672597,0.9063548697231976
grok_v01,Cold War,and,funzione,372,1.046565297792914,1.0165940009066439,0.9957199816561242,0.8403788901243799
grok_v01,Cold War,to,funzione,255,0.9964576570793,0.9741714731173724,1.0073760497430688,0.9482185376617958
grok_v01,Cold War,in,funzione,247,0.8988142389138911,1.0324704789735888,1.012953442257644,0.9444100559621516
grok_v01,Cold War,of,funzione,228,1.045753857442625,0.9979728886170461,1.0675260146033927,1.0840356292429958
grok_v01,Cold War,on,funzione,156,0.9503286205169051,0.887732394766116,0.9741005326052989,0.8747787035759284
grok_v01,Cold War,soviet,keyword,182,0.9769358315679953,0.9818645034493393,0.9419775397095244,0.9045799985676581
grok_v01,Cold War,war,keyword,76,1.1184447966471904,0.980525666596153,1.0894877973689574,1.3512503003908485
grok_v01,Cold War,communist,keyword,54,1.0601702977949814,1.0662606697333274,1.0903586422725746,1.2403414887618525
grok_v01,Cold War,military,keyword,38,0.9583751829278406,0.939591127048199,0.9320218260463093,0.767641669680636
grok_v01,Cold War,states,keyword,35,1.1756697323190135,0.9517485487862927,1.1125249324623683,1.0841661431309946
grok_v01,Cold War,united,keyword,34,1.1522662398332466,0.8890204170626488,1.0806067489666438,1.2543769561775309
grok_v01,Cold War,amid,keyword,33,0.8525967046432245,0.9086597222475997,0.8477662113814984,0.7666468904864379
grok_v01,Cold War,by,appaiata,112,1.0420488473960612,1.0170522154760169,1.0581661102114426,0.9909133465653358
grok_v01,Cold War,for,appaiata,75,0.988330225766489,0.9897498809536378,0.9368370279549847,0.9791807007989629
grok_v01,Cold War,over,appaiata,45,0.9338542589791322,0.9801144323085277,0.9278041660464393,0.8284149905785475
grok_v01,Cold War,while,appaiata,37,0.8352198567662475,0.939924568355473,0.8338102165128592,0.811190731627207
grok_v01,Cold War,but,appaiata,36,1.015663309146621,0.9999264199763838,1.0429767367417206,1.1614303262154508
grok_v01,Cold War,against,appaiata,34,1.0156510037304725,0.9902440471470783,1.0436280852903665,0.9428466525191755
grok_v01,Cold War,this,appaiata,34,0.9406613848098618,0.939939717826889,0.94751404861199,0.9623096287014817
grok_v01,Moscow,vocali,vocali,24062,1.2835943304251864,1.0265774370814003,1.0270256416601835,0.6315824957814996
grok_v01,Moscow,spazio,spazio,11253,1.1702192738053037,0.9947140501774195,0.9423711137798004,0.4618885758934239
grok_v01,Moscow,e,lettera,6830,1.2114125289191413,1.003437210684835,1.0294908861503387,0.8769454483434816
grok_v01,Moscow,i,lettera,5729,1.1201489362879453,0.9972267431931954,1.0866798688637982,0.8898572349358137
grok_v01,Moscow,t,lettera,5461,1.01180527786121,0.9377255162078413,0.9095108217891671,0.8694601803241249
grok_v01,Moscow,a,lettera,5001,1.1878068658358578,0.9702296311935644,1.002912488709392,0.8807451588355788
grok_v01,Moscow,n,lettera,4972,1.0990523081966117,0.9963633680208536,0.9719661235753896,0.84217815573848
grok_v01,Moscow,o,lettera,4698,1.0853381210391404,0.9695406702946355,1.0170331166727435,0.9099409773592375
grok_v01,Moscow,s,lettera,4598,1.300323404365824,1.0126131410829764,0.9290638216560981,0.9635898227505267
grok_v01,Moscow,r,lettera,4487,1.1395948920167884,1.0231030813937592,1.0036304785688694,0.8413432416642617
grok_v01,Moscow,c,lettera,2724,1.29573981960995,0.9854896271182595,1.0285174757218603,0.9297160292404011
grok_v01,Moscow,l,lettera,2651,0.9753592040912666,0.9445485405375921,1.0348506568305114,0.9718142770060914
grok_v01,Moscow,d,lettera,2376,1.0775199260577972,0.999371563626977,0.9530324462847436,0.8620826457596684
grok_v01,Moscow,h,lettera,1998,1.0726227178441514,1.0131931545920487,0.961539862485196,0.9828347380896796
grok_v01,Moscow,u,lettera,1804,1.0287474036716984,1.0338014568635165,1.0287797771101175,0.9380909805622284
grok_v01,Moscow,m,lettera,1728,1.0743932701954475,1.0209954513055195,0.9826394968553888,0.936405333937201
grok_v01,Moscow,p,lettera,1434,0.9742132031447142,1.0376361031956358,0.9780667364604271,1.0199664664862436
grok_v01,Moscow,g,lettera,1393,1.060604813842705,1.020444818578557,0.9722470971951839,0.9575552058471511
grok_v01,Moscow,f,lettera,1159,1.0651607198665147,0.9719993758847357,0.997171320352086,1.0499694640020198
grok_v01,Moscow,y,lettera,972,0.9383407154676365,0.998088538064696,0.9494949992711113,0.9086975590261543
grok_v01,Moscow,v,lettera,884,1.212325443207548,0.9651571116863494,1.0348327226827383,1.0712028987055917
grok_v01,Moscow,the,funzione,552,1.331323971874376,0.9802070611946855,1.146615174310978,1.22908431044212
grok_v01,Moscow,and,funzione,436,1.2193789886093551,0.9413623400578258,1.0212875412423237,0.8317289358774138
grok_v01,Moscow,in,funzione,267,1.1684804016553278,0.996608206361229,1.091896843520492,1.0093213762812812
grok_v01,Moscow,of,funzione,250,1.096583352243196,1.022282874658182,1.0053179800071106,1.113291877596981
grok_v01,Moscow,to,funzione,202,1.0528721355868917,0.95476562443943,0.9476810226880427,0.9625878636886821
grok_v01,Moscow,by,funzione,144,1.1221373984293097,0.9933338869373186,1.1339444857297025,1.1392691964734425
grok_v01,Moscow,moscow,keyword,211,1.062099756874255,0.939721334275135,0.9678478185154796,0.8661931518599317
grok_v01,Moscow,moscow's,keyword,57,1.039254734238075,0.9898321938977704,1.0135596572138823,0.9542702135841651
grok_v01,Moscow,city,keyword,72,1.072317009788733,1.0021077105899805,1.072698893649803,1.0886347939335705
grok_v01,Moscow,like,keyword,45,0.9353231412500356,1.0300320761826438,0.9021130937100178,0.7961069686745706
grok_v01,Moscow,russian,keyword,37,1.0487000351356561,1.041302816464323,1.0851844417161478,1.156351136769653
grok_v01,Moscow,amid,keyword,34,0.8661169361646509,1.0219592836579607,0.8688701067403571,0.7466937911287314
grok_v01,Moscow,central,keyword,33,1.006742474112236,0.9622809989059408,0.978628054100338,1.1870414075582416
grok_v01,Moscow,with,appaiata,139,0.9792562653199962,1.007428145774816,0.8898350548820689,0.751781192894329
grok_v01,Moscow,on,appaiata,67,0.9618581998160246,1.0281311281252175,0.9433958839612303,1.0258097619689195
grok_v01,Moscow,over,appaiata,49,1.0692163087220097,0.9999366761496701,1.0579257423512605,1.1032061892302196
grok_v01,Moscow,its,appaiata,45,1.0425715525959738,1.0010703978711126,1.0657002839842982,1.020288835292874
grok_v01,Moscow,under,appaiata,37,1.0094171265999872,1.0120075461714677,0.9779934589638968,0.9661708735496644
grok_v01,Moscow,including,appaiata,33,0.9841342833948713,0.9456021537287455,0.9605344589476674,0.9213646825823797
grok_v01,Moscow,million,appaiata,31,1.1436119500730617,1.078382974462222,1.1927484813339555,2.010921742426463
grok_v01,Nelson Mandela,vocali,vocali,25119,0.9915689138533822,0.9745106218544612,1.0070905685831513,0.5468245878670799
grok_v01,Nelson Mandela,spazio,spazio,11277,1.2659975173787426,1.0062370927969553,0.9774746896653151,0.4616654309336545
grok_v01,Nelson Mandela,e,lettera,7274,1.0725820057479225,0.929038872583612,0.9762012674940536,0.8449816708820316
grok_v01,Nelson Mandela,i,lettera,5940,1.10980740005795,0.9618615448640019,0.9833031495121558,0.8922013195858607
grok_v01,Nelson Mandela,a,lettera,5885,1.1323370581041432,0.9861511852688585,1.0007684514256974,0.8957894404175519
grok_v01,Nelson Mandela,n,lettera,5507,1.094358794886964,0.9767168178874795,1.010011023636116,0.84784253333186
grok_v01,Nelson Mandela,t,lettera,5313,1.2007320169615385,1.0371803402878228,0.9906634790531751,0.8672616204395204
grok_v01,Nelson Mandela,r,lettera,4314,1.0757071614568983,0.9849548682970127,1.0102410967400388,0.855542493776559
grok_v01,Nelson Mandela,o,lettera,4302,1.075448415452434,0.9216238253912312,0.9758566774100091,0.8861834535966262
grok_v01,Nelson Mandela,s,lettera,4159,1.0376286045741852,0.9526883503613979,1.0294123895376233,0.9421303380040893
grok_v01,Nelson Mandela,l,lettera,2943,1.1080204198499246,1.030668934379535,1.0611648979036656,0.9596783992295534
grok_v01,Nelson Mandela,d,lettera,2932,1.0808112966356642,0.985861594747928,0.9995730757632275,0.8773586108212639
grok_v01,Nelson Mandela,c,lettera,2552,1.166070150533848,0.9426922977582306,1.0040414266994093,0.9825524403829689
grok_v01,Nelson Mandela,h,lettera,2168,1.215989359453157,0.9641756068363403,0.9598578945421553,0.9616133570135528
grok_v01,Nelson Mandela,m,lettera,1969,1.1359286648595237,0.9845678089392066,1.072037730243388,0.9972383638961972
grok_v01,Nelson Mandela,u,lettera,1718,0.9151931232111152,0.9503368776277252,1.0135244199298479,0.9809914436577404
grok_v01,Nelson Mandela,g,lettera,1557,1.0154596715679856,0.9723503336001557,0.9008226801900078,0.9282252533558267
grok_v01,Nelson Mandela,p,lettera,1504,1.062694147200641,1.029436599109782,0.9331546348694649,0.982898644496806
grok_v01,Nelson Mandela,f,lettera,1219,0.9608267952350812,0.9996612642786976,0.9451868862813054,0.9570461781808689
grok_v01,Nelson Mandela,y,lettera,801,1.0715213511839952,1.0461817694050894,1.0454106419866793,0.9625303594704856
grok_v01,Nelson Mandela,b,lettera,736,1.024823257330089,1.0291152755817363,0.9647394552171512,1.0162384485212956
grok_v01,Nelson Mandela,the,funzione,476,1.242304766321801,0.9623418263181472,1.0981280673540743,1.1088824698300868
grok_v01,Nelson Mandela,and,funzione,390,0.947976617876104,0.9367901984240262,0.972122676185276,0.8097011238618362
grok_v01,Nelson Mandela,to,funzione,290,1.067320539406546,0.8914687118888199,0.9602691401756781,0.8639504603761551
grok_v01,Nelson Mandela,in,funzione,258,1.0593839743410156,0.9381719779012676,1.020481059530485,0.9543243689149115
grok_v01,Nelson Mandela,of,funzione,200,0.9542004755785632,1.016106335940797,0.9568143459379091,0.9171631931875208
grok_v01,Nelson Mandela,on,funzione,138,1.1109657199401841,0.9270593066408045,0.9932507768449407,1.0068997127542307
grok_v01,Nelson Mandela,mandela,keyword,204,1.0269773000720144,1.0596807741872907,0.8834303081273168,0.7325527901313618
grok_v01,Nelson Mandela,anc,keyword,111,1.2615312849812161,1.0738372421485727,1.24928062389958,2.0941882970463452
grok_v01,Nelson Mandela,south,keyword,58,1.1256160219530318,0.9901649578827275,1.0396419566684039,1.019450889531613
grok_v01,Nelson Mandela,mandela's,keyword,54,0.995568819852497,0.9683361460785566,1.01481253948429,1.2278573330256652
grok_v01,Nelson Mandela,african,keyword,55,1.095628574092757,1.05739011825589,1.094338137793293,1.1435473704952375
grok_v01,Nelson Mandela,national,keyword,43,1.2003216280136126,1.0081885694481425,1.1577073214293019,1.5448527198449373
grok_v01,Nelson Mandela,including,keyword,43,0.8556913367210495,0.9545478721375794,0.8497251064982293,0.7399669429476875
grok_v01,Nelson Mandela,as,appaiata,124,0.9176848513938004,0.9966930702559925,0.9504934481054295,0.9454359830667836
grok_v01,Nelson Mandela,from,appaiata,86,1.0130530559043696,1.0291236938463382,0.9684659156772716,0.941829700174971
grok_v01,Nelson Mandela,at,appaiata,60,1.1051569525786054,0.9690208606009226,1.0057134458941615,0.946801129829068
grok_v01,Nelson Mandela,that,appaiata,55,1.147784629563003,1.0325088267784268,1.0459416047737362,1.0679606836788118
grok_v01,Nelson Mandela,over,appaiata,50,1.015865793679621,1.0145194952608259,1.0023310075722947,0.8895476213722192
grok_v01,Nelson Mandela,this,appaiata,39,1.0108984001587062,1.013242934117397,1.0237421107236973,1.051188489326186
grok_v01,Nelson Mandela,was,appaiata,48,1.1438662863565328,0.9847679370086558,1.098852647799127,1.2544685577384358
grok_v01,Ancient Rome,vocali,vocali,25251,1.2112461382184028,1.038416432932021,1.0049001724070579,0.5725913280983411
grok_v01,Ancient Rome,spazio,spazio,11238,1.2460076839562046,0.9115551826732652,0.9200705583539435,0.44912365295862877
grok_v01,Ancient Rome,e,lettera,7175,1.011001570783485,0.994146324453227,0.9880071213972784,0.8900605258980379
grok_v01,Ancient Rome,i,lettera,6272,1.0733722128740784,1.0113800878750778,1.0014429968323022,0.8694957691079276
grok_v01,Ancient Rome,a,lettera,5729,1.253648828026317,1.0176002092443486,1.0091572392924733,0.8665510152298719
grok_v01,Ancient Rome,n,lettera,5244,1.0935155548902464,0.9719222022563979,0.9412596795719269,0.8339015095757146
grok_v01,Ancient Rome,t,lettera,5179,1.230748393023679,0.9304654080999399,0.9960403693265563,0.8614694729940009
grok_v01,Ancient Rome,r,lettera,4762,1.1264880226474536,1.007881588089212,0.9313478336542929,0.8430357152127566
grok_v01,Ancient Rome,s,lettera,4336,0.9968728210239048,1.0107810170095588,0.942191355020757,0.9467809118395348
grok_v01,Ancient Rome,o,lettera,3914,1.025379032429381,1.017837564375413,0.9497845258663142,0.9093761960763241
grok_v01,Ancient Rome,l,lettera,2881,1.176580782686461,0.9742106990869749,1.0429368410034738,0.9879404515745561
grok_v01,Ancient Rome,d,lettera,2803,1.2173374722651116,0.9314707141140858,1.001441181041072,0.8869854077217165
grok_v01,Ancient Rome,c,lettera,2664,1.0954152816581053,0.9669066352871312,1.0245293164829194,0.9317713803208258
grok_v01,Ancient Rome,u,lettera,2161,1.1594730117158671,0.9690311679995715,0.9883440549084748,1.012425474698919
grok_v01,Ancient Rome,h,lettera,1939,1.1819853576457633,1.0030768495724696,1.0329281980512663,0.9659914399165651
grok_v01,Ancient Rome,m,lettera,1749,1.0435112043543562,0.9409568434660157,0.9483692761777763,0.953335555658077
grok_v01,Ancient Rome,p,lettera,1559,1.048543118541305,0.95161656498701,0.9131303836463314,0.9280541815688481
grok_v01,Ancient Rome,g,lettera,1466,0.9965917600237201,0.8732059005279385,0.99415004780526,0.9118751994538675
grok_v01,Ancient Rome,f,lettera,1138,1.0139492130800767,0.9299268312468808,0.9787070972939431,0.9582171403639675
grok_v01,Ancient Rome,b,lettera,1016,1.1546345845260386,1.0464005699560266,0.9536807005033104,0.9884460244303019
grok_v01,Ancient Rome,y,lettera,983,1.0795261786719164,0.9462046534406895,0.9721471283421451,0.9461040442341846
grok_v01,Ancient Rome,the,funzione,507,1.0893145437168061,1.0112616565327404,1.0173571437509314,0.914854113065078
grok_v01,Ancient Rome,and,funzione,496,0.9810957986199237,1.0214426431785855,0.9085771485407145,0.7413824202015018
grok_v01,Ancient Rome,in,funzione,248,1.26916900189195,1.0031128191426661,1.0801118842396853,1.1402591720692365
grok_v01,Ancient Rome,to,funzione,210,0.9686788327352961,0.9296555110748247,0.9706944014056136,0.9958715059737545
grok_v01,Ancient Rome,of,funzione,203,1.0910016593844616,0.9635474827207865,1.1328533155238183,1.2197401600869773
grok_v01,Ancient Rome,by,funzione,148,1.0126414245453623,1.0008918737854906,1.1177570735955353,1.1266019550078479
grok_v01,Ancient Rome,bc,keyword,146,1.613017198921757,0.9063939558207941,1.5116874823145983,4.438031053382157
grok_v01,Ancient Rome,ad,keyword,121,1.4791673025273289,1.0096777216362565,1.4339678551404402,4.254858689140056
grok_v01,Ancient Rome,roman,keyword,69,1.2079329976045772,1.0416220479596683,1.1014523691136933,1.2782954862288773
grok_v01,Ancient Rome,military,keyword,55,0.9722220929686514,0.9734541772450874,0.9886339800666702,0.8616309845015397
grok_v01,Ancient Rome,like,keyword,47,0.9738112229138961,0.970170782887671,0.9489446360598949,0.943755654628005
grok_v01,Ancient Rome,rome,keyword,54,1.082671871565254,0.985988525446511,1.023683980881418,0.9601178866737264
grok_v01,Ancient Rome,century,keyword,33,1.0974830199128351,0.9973323813242069,1.060292833339785,1.594960581275418
grok_v01,Ancient Rome,with,appaiata,98,0.9476442713152947,1.038912703731687,0.9226167379590376,0.8413992084445443
grok_v01,Ancient Rome,from,appaiata,94,0.9856369381998299,1.0136062352953379,0.9857021057378157,0.9605041124005612
grok_v01,Ancient Rome,for,appaiata,69,1.0512723459597855,0.9293164752356842,1.0882401457160273,1.077763563032497
grok_v01,Ancient Rome,on,appaiata,56,0.9985086750879166,1.01156156916178,1.031630603129202,1.0325584221521231
grok_v01,Ancient Rome,at,appaiata,46,1.2020793659429323,1.011546105503518,1.1438022400456158,1.3446452289597342
grok_v01,Ancient Rome,this,appaiata,37,0.931325947506496,0.9910409192574,0.9697941752671632,1.0126741297252708
grok_v01,Ancient Rome,imperial,appaiata,30,1.027646702329911,0.9903496577046159,1.039385868152786,1.5013072406085868
grok_v01,Ottoman Empire,vocali,vocali,25332,1.2426723758756217,1.0088773433823282,0.9582566224050627,0.5741865871418457
grok_v01,Ottoman Empire,spazio,spazio,10809,1.173300567220852,0.970619766151087,0.9699696211970963,0.4449703998980664
grok_v01,Ottoman Empire,e,lettera,7188,1.146877157619576,0.9769030479064366,0.973643419580486,0.8691753291045796
grok_v01,Ottoman Empire,i,lettera,6240,1.2087141501026224,0.9888111889682615,1.0070509442472713,0.8856009395198884
grok_v01,Ottoman Empire,a,lettera,5761,1.2026706223746182,0.9673833925974308,0.9353933544066723,0.8593945408711585
grok_v01,Ottoman Empire,t,lettera,5676,1.189682465165923,1.0378743167001792,0.9682781285387829,0.8837014013765153
grok_v01,Ottoman Empire,n,lettera,5252,1.0040001620795764,1.0540272923155853,0.9589272053256952,0.8610077894434931
grok_v01,Ottoman Empire,r,lettera,4568,1.0014801507167546,1.0148514402059314,0.9709209161838004,0.8816898589638981
grok_v01,Ottoman Empire,s,lettera,4404,0.9856056763401524,0.946781980283473,1.0028528315466954,0.9142139174825037
grok_v01,Ottoman Empire,o,lettera,4166,1.068804944171777,1.010430827485813,1.0428950729645363,0.9141387962998392
grok_v01,Ottoman Empire,l,lettera,2963,1.0385805081025727,1.0537437909641054,0.9610158798013888,0.9445298340073622
grok_v01,Ottoman Empire,d,lettera,2644,1.0562467491665775,0.9652113081165695,0.9549998293208127,0.847083500341764
grok_v01,Ottoman Empire,c,lettera,2338,1.051850006564628,0.9467005092692901,1.018312443496329,0.9103594370359078
grok_v01,Ottoman Empire,h,lettera,2029,1.1122048789137404,1.0478825722733507,0.9556798729706256,0.9325461192172595
grok_v01,Ottoman Empire,m,lettera,1988,1.1866591203865546,1.0425476110111809,0.9798708620453507,0.9971356171715876
grok_v01,Ottoman Empire,u,lettera,1977,1.0640881871793153,1.0039329500913656,1.031634383520809,0.9146198663330511
grok_v01,Ottoman Empire,p,lettera,1496,1.0607310230019784,0.9741081955978855,1.0177811190168227,0.9770153171762571
grok_v01,Ottoman Empire,g,lettera,1445,1.086101977208086,0.9629649553475987,1.0625641482804058,0.9224450745657596
grok_v01,Ottoman Empire,f,lettera,1159,1.0830379708844886,0.9631501226480683,1.001781341839065,1.0096634648257838
grok_v01,Ottoman Empire,y,lettera,1013,1.2038828705212137,1.0115870300722374,1.0160774841788145,0.9640192793813237
grok_v01,Ottoman Empire,v,lettera,828,1.0942367119237564,0.9393801773352527,1.023570270072331,1.0468671619369951
grok_v01,Ottoman Empire,the,funzione,478,1.160498512589065,1.0041788602339032,1.0621142063667846,1.0120643937248712
grok_v01,Ottoman Empire,and,funzione,432,1.0580552852405485,1.032762274707725,0.893146461208724,0.737855022874165
grok_v01,Ottoman Empire,of,funzione,220,1.0456545035485514,0.9951343577527562,1.0176957783368012,0.997169058295535
grok_v01,Ottoman Empire,in,funzione,214,1.0111353200089774,0.9519666291977954,0.9853479075430519,0.9383067679104667
grok_v01,Ottoman Empire,to,funzione,215,1.0193948910551727,1.0710710343727197,0.9883343805399134,0.8687822712503853
grok_v01,Ottoman Empire,as,funzione,132,1.106279246359953,0.9845862638429419,0.9707209101476891,0.9018546611377205
grok_v01,Ottoman Empire,ottoman,keyword,112,1.0429788329771177,0.9696266007713952,0.9977654280089868,0.8686305935881152
grok_v01,Ottoman Empire,century,keyword,65,1.1156019875431458,1.0255838243112498,1.0299106509861142,1.2324493157184924
grok_v01,Ottoman Empire,like,keyword,47,0.9183111136983684,0.9595885359351022,0.9519503899087062,1.0381132706870524
grok_v01,Ottoman Empire,military,keyword,41,0.9860725976379681,0.9927848288677796,0.9792896822928502,0.9763288909934054
grok_v01,Ottoman Empire,fiscal,keyword,32,0.9989579175543865,0.9511650055542004,0.9937414993243343,1.0192063376666365
grok_v01,Ottoman Empire,amid,keyword,31,0.9358389539334067,0.9995197547288441,0.9284193445924535,0.8743254619737347
grok_v01,Ottoman Empire,imperial,keyword,31,0.9266391451933252,0.9906131498887056,0.9372760316660504,0.875289275647515
grok_v01,Ottoman Empire,with,appaiata,106,0.9573836655898449,0.9615900000919456,0.9400239351939081,0.8995744682643794
grok_v01,Ottoman Empire,over,appaiata,55,0.9321163290848782,1.0201196080348855,0.9232782073543664,0.9349987418252104
grok_v01,Ottoman Empire,that,appaiata,45,0.9676156928104505,1.0085477707729256,0.9880590111720947,0.9900752817503309
grok_v01,Ottoman Empire,through,appaiata,40,0.9070266919582083,0.9038965392923114,0.95083242156928,0.8207512699254739
grok_v01,Ottoman Empire,which,appaiata,33,0.842064357625333,1.0271026721252194,0.8429394668511145,0.8188393909918026
grok_v01,Ottoman Empire,such,appaiata,31,0.8160215653407894,0.9773607336907536,0.8098370295990827,0.8205121351492946
grok_v01,Ottoman Empire,or,appaiata,34,1.1849705500606154,1.0109416174218107,1.1597309805627098,2.1136916711937186
grok_v01,American Civil War,vocali,vocali,24689,1.388937784915612,0.9955894536808755,0.9525867829848608,0.5940923892592854
grok_v01,American Civil War,spazio,spazio,11312,1.1094520488477726,0.9570937331516189,0.9842325254309251,0.4545126081721134
grok_v01,American Civil War,e,lettera,7636,0.9697425916515854,1.0490034257924798,0.9923087775983999,0.9016367868379115
grok_v01,American Civil War,n,lettera,5480,1.0109064408173185,0.977551572900199,0.9972050334161772,0.8655845656457223
grok_v01,American Civil War,t,lettera,5387,1.2341465766253836,1.0025484490961258,1.0707631639011745,0.901863493075592
grok_v01,American Civil War,i,lettera,5332,1.254620164929161,0.977796613063498,0.9800141348901548,0.9681948828849352
grok_v01,American Civil War,a,lettera,5186,1.01822773986398,0.9831701896212004,0.996908153319203,0.8598234330611976
grok_v01,American Civil War,o,lettera,4765,1.1186251793532695,0.962200809959096,1.015557501638913,0.8641334724542906
grok_v01,American Civil War,r,lettera,4649,1.2896378234234087,0.9989622723442335,0.9866964333608012,0.8345261440004896
grok_v01,American Civil War,s,lettera,4308,1.1633289642692066,0.9525168087260992,0.9550091794100631,0.9631265607738789
grok_v01,American Civil War,d,lettera,2748,1.0822246112819496,0.9607804433852073,0.9666809224127119,0.8541793737172206
grok_v01,American Civil War,l,lettera,2747,1.0495323202377604,0.9284015199252916,0.9409982310688815,0.9687796726618083
grok_v01,American Civil War,c,lettera,2369,0.8979012892241062,0.9954827455587281,1.0304535398851342,0.9118699218199446
grok_v01,American Civil War,h,lettera,1946,1.1710051318741228,0.9752508664242446,0.9347788529418363,0.9630195002480902
grok_v01,American Civil War,u,lettera,1770,1.1450301724905265,1.0213832491492723,0.997086036905498,0.9310487116238669
grok_v01,American Civil War,m,lettera,1564,1.151126532928091,0.9916238024103438,0.9390392996084628,0.9642960811258054
grok_v01,American Civil War,p,lettera,1485,1.0444830088493937,0.9748894580520989,0.9997506929181768,1.0730968373467948
grok_v01,American Civil War,f,lettera,1413,1.0740242601549044,1.0290903631337258,0.975584072512316,0.9428447606329161
grok_v01,American Civil War,g,lettera,1330,1.087393445709516,1.004134477342072,1.015027602456792,0.9316684848879094
grok_v01,American Civil War,y,lettera,929,1.0648042770842643,1.0640559473215612,0.9908164341158457,0.9726011826928758
grok_v01,American Civil War,v,lettera,865,1.1737603978496036,0.962926663573628,0.9456859045222453,0.978135029907103
grok_v01,American Civil War,the,funzione,544,1.164780820004766,0.9800528676517901,1.060266690171136,1.0337797569463283
grok_v01,American Civil War,and,funzione,384,1.0139865305519484,1.084302193192795,0.9702563226886811,0.8087101043644154
grok_v01,American Civil War,of,funzione,267,0.9977310925579572,1.0400332889516026,1.0251792451276025,0.9618579903891769
grok_v01,American Civil War,to,funzione,265,0.9607982207743958,0.926613972199278,0.9753645448657796,0.9315816984672953
grok_v01,American Civil War,in,funzione,237,1.1082331890022974,0.9936630581678436,1.0006137428867248,0.8977729169661514
grok_v01,American Civil War,on,funzione,158,1.1703678618476352,0.9901064362986064,1.0339655674646189,1.06705124666589
grok_v01,American Civil War,union,keyword,160,1.3462110470095305,1.0167848420025483,1.1677899478829479,1.452270690991173
grok_v01,American Civil War,confederate,keyword,113,1.2468292072118758,0.9539161035732592,1.2044270413177325,1.564639154937664
grok_v01,American Civil War,states,keyword,73,1.2436431149116982,0.9710088791957956,1.2270826440977447,2.3155060127510834
grok_v01,American Civil War,northern,keyword,44,1.07642165028385,1.0354413211702607,1.0634671142573713,1.0122132936769226
grok_v01,American Civil War,southern,keyword,43,1.1408427590020194,0.963554738842494,1.1055561090559534,1.4271970542935293
grok_v01,American Civil War,slavery,keyword,68,1.4586754276158092,0.9999856142436219,1.3435801315045508,2.869684896981582
grok_v01,American Civil War,april,keyword,37,1.1989167878777787,0.94899543738967,1.161299079572994,1.9710348084725147
grok_v01,American Civil War,by,appaiata,117,1.0637572764559633,0.9955630598109589,1.0570671827555118,1.1426055352167357
grok_v01,American Civil War,as,appaiata,112,1.0577276605879844,0.9905866933242787,1.0167249197639923,1.2913663137989106
grok_v01,American Civil War,for,appaiata,65,1.0056242085226466,0.9784097485885684,1.0344883439562629,1.1435835831771946
grok_v01,American Civil War,over,appaiata,45,0.9323482913055791,0.9600304319518677,0.8850426143809079,1.3163648669087014
grok_v01,American Civil War,but,appaiata,40,0.9597681048072653,0.9428530805158039,0.9346343299330883,0.7912153485489744
grok_v01,American Civil War,under,appaiata,37,0.9841258562002116,1.0640513490642547,0.9953644767785302,0.9603511440439978
grok_v01,American Civil War,federal,appaiata,34,1.2048172286330165,1.0402975774444607,1.1611544077384561,1.669271773157973
grok_v01,Joseph Stalin,vocali,vocali,24914,1.021511042851015,0.9253107516738842,0.9702487714682685,0.5838116980987076
grok_v01,Joseph Stalin,spazio,spazio,11202,1.2169248683351055,0.8919667604832909,0.908228614698841,0.4607416821884715
grok_v01,Joseph Stalin,e,lettera,6959,1.0809512345124992,1.003355696418385,0.9841020827329814,0.884229845274515
grok_v01,Joseph Stalin,i,lettera,6144,1.1050886599761596,0.9791553952131548,1.0010914262542456,0.8725951576490326
grok_v01,Joseph Stalin,a,lettera,5350,0.9837915207481228,0.9445011178412335,1.0648629474392892,0.8688576604823651
grok_v01,Joseph Stalin,t,lettera,5271,1.081802974308209,0.984898548934717,1.0456200569512861,0.8433217140312727
grok_v01,Joseph Stalin,n,lettera,5154,1.173338256305903,0.9861873299554998,0.9556438507863424,0.8230495177771371
grok_v01,Joseph Stalin,o,lettera,4673,1.018931718714157,0.9983523688043482,0.9885241891192261,0.8762822792731811
grok_v01,Joseph Stalin,r,lettera,4492,1.04564284063482,1.0836722900623112,1.016310600138963,0.8531610002589101
grok_v01,Joseph Stalin,s,lettera,4380,1.1064209578050885,0.9307472023835066,1.0557614026587798,0.94063810167998
grok_v01,Joseph Stalin,l,lettera,2977,1.0227927419788436,1.0716410599329256,0.9919318310789675,0.9649353700544784
grok_v01,Joseph Stalin,d,lettera,2757,1.1121963478600647,0.948672853479891,0.944413160360233,0.8656036548700722
grok_v01,Joseph Stalin,c,lettera,2308,1.0273142686602845,0.9613148166911935,0.9769933101096884,0.9816112596845543
grok_v01,Joseph Stalin,h,lettera,1993,1.3166581216599906,0.9709329853095839,0.9931758135952159,0.9950414871185813
grok_v01,Joseph Stalin,u,lettera,1788,1.1267130090706934,1.0171754937869115,1.0193197671779937,0.9400577864183158
grok_v01,Joseph Stalin,m,lettera,1687,1.1010994191110488,1.0444304666481143,0.9836050598600689,0.9687672893011088
grok_v01,Joseph Stalin,p,lettera,1555,0.9864784103558822,0.9999723760874458,0.9459636446005076,0.9969960899654344
grok_v01,Joseph Stalin,g,lettera,1505,1.0118207219549653,0.9437569324779235,0.9615240220931599,0.971586097717522
grok_v01,Joseph Stalin,f,lettera,1306,0.9486908046592818,1.0034130965695038,1.0206148882112736,0.9720123989482322
grok_v01,Joseph Stalin,y,lettera,951,1.0466351206016005,1.0121624905196815,0.96366015410248,0.9780137480854857
grok_v01,Joseph Stalin,v,lettera,944,1.1131188444502196,0.93402690159466,0.9767935662009916,0.9757154349239554
grok_v01,Joseph Stalin,the,funzione,474,1.2872815143888565,1.01891978377928,1.0691942720313716,1.014813926612886
grok_v01,Joseph Stalin,and,funzione,456,1.006460697673272,0.9887345288914547,0.9500667267994866,0.7267432863121899
grok_v01,Joseph Stalin,of,funzione,292,1.0538172163560693,1.0290665943908346,1.0542071181612906,1.0185146569430241
grok_v01,Joseph Stalin,to,funzione,260,0.8438364884814417,1.0058373353361512,0.9405215566573464,0.8087905748142077
grok_v01,Joseph Stalin,in,funzione,257,1.1686712752371402,0.9645462016629643,1.0162173647840158,1.0764658634126107
grok_v01,Joseph Stalin,by,funzione,128,0.9378108681207102,1.0237277128186235,0.965545520059126,0.9417607353691874
grok_v01,Joseph Stalin,stalin,keyword,154,1.1691507815190512,0.9563860532841663,1.0337262324001129,0.9668656322853243
grok_v01,Joseph Stalin,soviet,keyword,88,1.2986289486753948,1.0312135964799163,1.2146216453630791,1.7387903369084672
grok_v01,Joseph Stalin,million,keyword,66,1.4168060063316734,1.027800687526332,1.2209003726304382,1.8649026693058581
grok_v01,Joseph Stalin,stalin's,keyword,57,0.9768076726299191,0.9931936488139016,0.9572754819019748,0.8251590979894541
grok_v01,Joseph Stalin,including,keyword,41,0.8619180441209856,0.9758188293223711,0.853821622935428,0.7610697449341121
grok_v01,Joseph Stalin,like,keyword,37,0.9554136855228338,1.03562189792321,0.9526271625380663,0.8131072460912024
grok_v01,Joseph Stalin,party,keyword,43,1.4146848780256003,1.0126571607185173,1.3175380602270268,2.3574890081170565
grok_v01,Joseph Stalin,as,appaiata,97,1.042115325238043,0.9624272218501542,1.0581117478340245,1.1719855465993678
grok_v01,Joseph Stalin,for,appaiata,88,1.0037747221176598,0.9915893561640408,1.0190120451574975,1.013375137730956
grok_v01,Joseph Stalin,his,appaiata,67,1.3194584468817947,0.9895384850436143,1.2906563056483398,2.2222512113969692
grok_v01,Joseph Stalin,over,appaiata,46,1.03196376676209,1.0162231241984736,1.0294266029280628,0.9472146828477168
grok_v01,Joseph Stalin,at,appaiata,41,1.0642561323539297,0.9109064460710853,1.0733638348301062,1.1528413883095165
grok_v01,Joseph Stalin,this,appaiata,37,0.9570683647367153,0.9544895686891331,0.9241101582205888,0.7708712546013444
grok_v01,Joseph Stalin,through,appaiata,37,0.9719332836579752,1.0353650725323373,0.9841773447332351,0.8892323980820582
grok_v01,Italy,vocali,vocali,25009,1.1800063519344843,1.0146191909497793,0.9535769735844967,0.5746936405308231
grok_v01,Italy,spazio,spazio,11079,1.2446688452503816,0.9604008858911778,0.9567137825001152,0.4629583624397479
grok_v01,Italy,e,lettera,6948,1.0215617842173483,1.022163838410045,0.9810021850296725,0.9074183000281331
grok_v01,Italy,i,lettera,6282,1.0550624051420159,1.0404991991846737,0.9361487951093436,0.8685159067357557
grok_v01,Italy,n,lettera,5453,1.1154366080948788,0.9635031776958781,0.9265555183669175,0.8572481247846601
grok_v01,Italy,t,lettera,5450,1.081314615374188,0.9544935291619421,1.040237847674061,0.8295454055457149
grok_v01,Italy,a,lettera,5445,1.1959317606904731,1.0221852121826993,0.9402387923466965,0.8720761554191332
grok_v01,Italy,r,lettera,4652,0.9962714258212286,0.9508341445801768,0.9517734511699626,0.8176835283421175
grok_v01,Italy,o,lettera,4454,1.065223958289947,1.0517701160363242,0.8987060169362987,0.8593406499297513
grok_v01,Italy,s,lettera,3937,1.0792461416041237,1.031916129975438,0.9897989983161644,0.9338821151893646
grok_v01,Italy,l,lettera,2947,1.079160252905637,0.9957651046638629,1.0071521797002243,0.9181966751631602
grok_v01,Italy,d,lettera,2557,1.1393313345527238,0.9201183426715022,0.9583377642346026,0.8935065657149056
grok_v01,Italy,c,lettera,2457,1.215575968298179,1.0247616546175755,0.9587495157229481,0.9641498860170853
grok_v01,Italy,u,lettera,1880,1.104174969340155,1.0189855705777124,1.0295332765196665,0.9555568525749181
grok_v01,Italy,h,lettera,1868,1.1531211682578293,1.0072050721926655,0.9604305824445105,1.0230620620086082
grok_v01,Italy,m,lettera,1738,1.0970909548096806,1.0050055752643088,0.9797058004077713,0.9668066307483593
grok_v01,Italy,p,lettera,1628,0.890791572968876,0.9692006797281866,0.9605061123113398,1.0003396758127276
grok_v01,Italy,g,lettera,1580,1.0254716862229472,0.9335825519417993,0.9788785487578869,0.8832433543444719
grok_v01,Italy,f,lettera,1213,0.9968221201339432,0.9940517237772114,1.037364535503288,0.9825822854280669
grok_v01,Italy,y,lettera,958,1.0898478713247206,1.0039339130368354,0.932457667276087,0.9587741650471916
grok_v01,Italy,b,lettera,885,1.0860447128789215,0.95577507717242,1.0024786351865438,1.0178734239898382
grok_v01,Italy,the,funzione,487,1.2919717654244927,0.9834990213106858,1.0241043925873259,1.1057036013226502
grok_v01,Italy,and,funzione,466,1.1099733455811875,0.9912503459358195,0.8978201156634246,0.7719144563789102
grok_v01,Italy,in,funzione,277,1.0972390339792626,0.9703386889761446,1.0101917718524112,1.0040989456650515
grok_v01,Italy,of,funzione,255,0.9872673450998123,0.9356588644400617,0.9618660947148049,0.9757097937252094
grok_v01,Italy,to,funzione,227,1.1057997378828164,0.948767040359257,1.0703592018885661,1.0697092540093283
grok_v01,Italy,by,funzione,134,1.0210922002912257,0.9789828429978544,1.0055596856643165,0.9799041198031605
grok_v01,Italy,italy,keyword,94,0.9709679395302737,1.004919342176399,0.9388472502410207,0.8950380727128096
grok_v01,Italy,like,keyword,51,0.9616254486733933,0.9469396136186204,0.9446683585071783,0.8042586818284868
grok_v01,Italy,italy's,keyword,36,1.048126512935753,0.9589803260301442,1.0601411310758075,1.133571440797747
grok_v01,Italy,including,keyword,33,0.8809155610593478,1.0050488391104133,0.8830539666084926,0.7215754931489536
grok_v01,Italy,amid,keyword,33,0.9753153120689546,1.0423306854386978,0.9711314842683048,0.7894191627718986
grok_v01,Italy,italian,keyword,32,1.081354784189179,0.9899464815139138,1.1008941927947433,1.3158044696918412
grok_v01,Italy,economic,keyword,28,0.9649483388396388,1.04215359974712,0.9392317164621073,0.9205433296816895
grok_v01,Italy,over,appaiata,53,0.948032979764645,1.0265845647960814,0.9700212290663691,0.8940101273228572
grok_v01,Italy,at,appaiata,43,1.0685870071717065,0.924840289274151,1.1019225486458286,1.1224259550750502
grok_v01,Italy,which,appaiata,36,0.9412822822153547,1.0245616145261203,0.9271765361147258,0.8081835266814995
grok_v01,Italy,but,appaiata,33,1.045396287795189,0.9768649390394574,1.034816241982301,1.0150454426439508
grok_v01,Italy,that,appaiata,32,1.0968207044531195,0.988386141415913,1.1092140130727515,1.2202416929645736
grok_v01,Italy,these,appaiata,30,0.9530668107130165,0.9761830826200414,0.9505925858469816,1.423520973302619
grok_v01,Italy,this,appaiata,28,1.0205475614815376,0.9986056482039708,1.0049942392615874,1.2162532841345175
grok_v01,New York City,vocali,vocali,24203,1.1280981944342883,1.0069304480006747,1.000896134207786,0.578303656695197
grok_v01,New York City,spazio,spazio,11291,1.2260298245110848,0.9992223821869789,0.9163444938118902,0.45092681400512524
grok_v01,New York City,e,lettera,7155,1.0864710951726149,0.9892576393518842,1.0060093884124173,0.8799378230003652
grok_v01,New York City,i,lettera,5671,1.1830366522011901,0.9664736726215551,1.0450005183780668,0.8760728529021885
grok_v01,New York City,t,lettera,5387,0.9741721885402151,1.0464269025686552,1.0127266127966918,0.8428662630050929
grok_v01,New York City,n,lettera,5252,1.1029158865950917,1.021399664575967,1.0413686278773089,0.8402612203196408
grok_v01,New York City,a,lettera,5089,1.1836581551345058,1.053015550627352,0.8995440564075176,0.8773588220433025
grok_v01,New York City,r,lettera,4526,1.1368714629201386,0.9770912056055678,0.9610839595602321,0.8324841046308021
grok_v01,New York City,o,lettera,4435,1.0247381762207795,0.9655382311198871,0.9949111688701017,0.8911636584249928
grok_v01,New York City,s,lettera,4400,1.1746061867071478,0.962376029773429,0.9307702487901617,0.9138402238405648
grok_v01,New York City,l,lettera,2739,1.0232556657574228,0.9706436481961491,0.9823899343645505,0.9525791810050754
grok_v01,New York City,d,lettera,2632,1.2100847055606692,0.9628559574932035,1.0253112447967883,0.8924479002998537
grok_v01,New York City,c,lettera,2590,1.0620421569116565,1.0229169277278929,1.0705826557919205,0.9200091727923438
grok_v01,New York City,h,lettera,2077,1.1586178340264193,0.9637088745207473,1.0372392114734261,1.0182358464556067
grok_v01,New York City,u,lettera,1853,1.1020165813089795,0.96652654942671,0.9458637432480663,0.8770135046672836
grok_v01,New York City,m,lettera,1686,0.9651493621488452,0.9531698412841868,1.0198424590568402,0.9216673364824967
grok_v01,New York City,p,lettera,1490,1.0721460771362492,0.9552812676078566,1.0584293423401245,1.042850558921752
grok_v01,New York City,g,lettera,1479,1.0028834339925425,0.9559183035325797,0.946709355843848,0.9294767579595762
grok_v01,New York City,f,lettera,1162,1.052640497383519,0.9677104234377932,1.037883284319605,0.9749617606388508
grok_v01,New York City,y,lettera,1153,1.123564667100039,0.9875034560277198,0.9732863836378073,0.9601097050518091
grok_v01,New York City,b,lettera,879,1.1943252660765458,1.0199179109987444,1.0267909921527025,0.9639794346722472
grok_v01,New York City,the,funzione,440,1.3598046330067997,1.0328991250070347,1.0283519825421987,1.1047447876275078
grok_v01,New York City,and,funzione,416,0.9947751041665598,0.9915887993821952,0.9579361507613453,0.7539289118665068
grok_v01,New York City,in,funzione,261,1.1428240856417757,0.9688669316525029,1.0305943324541171,0.9797705796921992
grok_v01,New York City,of,funzione,241,1.2185303156939562,1.0123631088447698,1.0113267672793957,1.0310513691457523
grok_v01,New York City,to,funzione,199,0.9815684846886241,1.028517032163511,0.9961066365723217,0.9672792312513389
grok_v01,New York City,with,funzione,136,0.8830943099516742,0.953767472423765,0.9392722251755656,0.9266119560042142
grok_v01,New York City,new,keyword,115,1.055638671774188,1.0387524454891575,0.9804490606756074,0.9355141072456332
grok_v01,New York City,york,keyword,102,1.0733333833898864,1.0139221545948507,0.9412786439491344,0.9602049640907051
grok_v01,New York City,city,keyword,117,0.9668025916007263,0.9502381443880737,1.0134961976331012,1.0451577153075677
grok_v01,New York City,like,keyword,54,1.0373379138920213,0.9820069055577921,1.0336538049660489,0.9796512690447651
grok_v01,New York City,city's,keyword,43,0.9709637160602326,1.0291022076242877,0.9536685392014063,0.9423010306893972
grok_v01,New York City,million,keyword,42,1.2158775540831843,0.9622974775295701,1.0997559397163685,1.3033242177198097
grok_v01,New York City,including,keyword,36,0.8692678358939407,0.978900063281733,0.8671326916631744,0.7161252439413001
grok_v01,New York City,by,appaiata,123,1.1117209432392936,1.0049756716543785,1.0414673360352644,0.941165135216223
grok_v01,New York City,from,appaiata,100,1.0461153916395032,0.9841100214340198,0.9806265409495528,0.9353914907842507
grok_v01,New York City,over,appaiata,86,0.8338594702096646,1.0114778221707874,0.85954350875694,0.8049850019119038
grok_v01,New York City,that,appaiata,51,0.9393209227885145,0.9963844072297879,0.9310907638736378,0.8292807554987368
grok_v01,New York City,at,appaiata,46,1.085631895275882,0.9482797507267774,0.992937090685369,0.9199834860154564
grok_v01,New York City,this,appaiata,37,0.9186380950446057,1.0005636549042034,0.9087073938708832,0.9214099645821925
grok_v01,New York City,amid,appaiata,36,0.8887934445250644,0.9679071467121042,0.8994225894206692,0.7864780144721938
grok_v01,Middle Ages,vocali,vocali,24939,1.004502604067848,0.9919390770592411,0.9905365911554176,0.5841683311683413
grok_v01,Middle Ages,spazio,spazio,10951,1.2172555288110494,0.9875259568696692,0.9166977171679508,0.4587690917651991
grok_v01,Middle Ages,e,lettera,7139,1.1365895165894924,0.9793866181356213,0.9980685321338824,0.8712444585316426
grok_v01,Middle Ages,i,lettera,6027,1.0277591041809953,1.00270457945887,1.0197851614319837,0.897485088565389
grok_v01,Middle Ages,a,lettera,5609,0.9286486529071416,0.9987817120703036,0.9273560666360509,0.8608537002153415
grok_v01,Middle Ages,n,lettera,5313,1.0439287959753234,1.0504762933723264,0.9913690367024306,0.8692142622747664
grok_v01,Middle Ages,t,lettera,5176,1.0792089132553637,0.9747705435340245,1.0389203130724949,0.8678628719685814
grok_v01,Middle Ages,r,lettera,4715,1.0328569794060933,1.027907741665409,1.0435543733261763,0.852976488320167
grok_v01,Middle Ages,s,lettera,4247,1.1105591888830444,0.9278837150905969,0.9739644337267915,0.9339407250425455
grok_v01,Middle Ages,o,lettera,4207,1.1084626556329034,1.0034337723896591,1.0024068345957282,0.9210288604742569
grok_v01,Middle Ages,l,lettera,2974,1.1197324510154048,0.9404576642056615,1.006576019218378,0.9533020714610089
grok_v01,Middle Ages,d,lettera,2831,1.1853871970178882,0.9884703910799987,1.0389190399533952,0.876623384015152
grok_v01,Middle Ages,c,lettera,2655,1.2330325203098589,1.0097473180826315,0.9837875923767414,0.9309671156094579
grok_v01,Middle Ages,h,lettera,2141,1.0827268078337844,1.0420824986489412,0.9511372905604326,0.9508698126529954
grok_v01,Middle Ages,u,lettera,1957,1.0050029369680435,0.9221665240868185,0.9283003902921657,0.9498123131290549
grok_v01,Middle Ages,m,lettera,1657,1.0604888812166742,1.02939965845606,0.9998789373885838,0.977954951471097
grok_v01,Middle Ages,g,lettera,1628,1.0443761569563197,1.0308988547254583,0.9154185134960383,0.8997858274929199
grok_v01,Middle Ages,p,lettera,1471,1.0993672916062374,1.0474722415123754,0.9890517150789678,1.0244572618412342
grok_v01,Middle Ages,f,lettera,1232,0.9796822496887014,0.9929849530244398,0.9803921521218918,0.9504148403709147
grok_v01,Middle Ages,y,lettera,1002,1.1632386562416501,0.9735368312800388,1.0099084085371333,0.9546406650987033
grok_v01,Middle Ages,b,lettera,789,1.1167864339090354,1.0252657534701708,0.9664053152284474,1.0076134135534345
grok_v01,Middle Ages,the,funzione,506,1.2434507282445781,1.0184321722218208,1.0279538654708766,0.9503223864273733
grok_v01,Middle Ages,and,funzione,460,1.1260550234783668,1.0091728929010924,1.015039636448339,0.8285465413339463
grok_v01,Middle Ages,in,funzione,271,0.9707408661682249,0.9967276233664686,1.0422807740606996,0.9446387710658098
grok_v01,Middle Ages,of,funzione,264,0.9476833778569349,0.9547666905822494,0.9290657988111701,0.9271319551717208
grok_v01,Middle Ages,to,funzione,198,1.1170172955528783,1.045794559973024,0.9556612340694649,0.9892285077226338
grok_v01,Middle Ages,by,funzione,155,1.0939160531783505,1.0137491871877489,1.1086504710398113,1.057548416590216
grok_v01,Middle Ages,like,keyword,84,0.975338936667812,1.0025410543919817,0.9389018924787802,1.0129385582657022
grok_v01,Middle Ages,century,keyword,62,1.0812224733910298,0.9274374140657525,1.0836408651033527,1.3059105175041557
grok_v01,Middle Ages,ce,keyword,47,1.5865515880677388,1.0176511112246978,1.470577794648671,2.1505599983445474
grok_v01,Middle Ages,roman,keyword,51,1.3330060640669803,0.9699237117670686,1.2955482916243637,1.935710490005224
grok_v01,Middle Ages,middle,keyword,27,1.07797383067343,1.0317902769987792,1.1391199345217855,1.1612753484037484
grok_v01,Middle Ages,ages,keyword,26,1.1661200391573527,0.9841755536549525,1.1984451155250284,1.4315186899136676
grok_v01,Middle Ages,europe,keyword,38,1.0121542540268256,0.9740273019867564,0.9822491715594461,0.9801057897388579
grok_v01,Middle Ages,with,appaiata,91,0.8359295639568084,0.9626998545372256,0.8358331094823735,0.8529535201447541
grok_v01,Middle Ages,on,appaiata,47,0.9818292312716149,0.9693961716955092,1.0127888390416018,0.9505237257334735
grok_v01,Middle Ages,that,appaiata,45,1.024250329615909,0.9883066416282417,0.9990447487188309,1.0715442315255146
grok_v01,Middle Ages,these,appaiata,43,0.8345760239512681,0.9742122549059798,0.8534337196681387,0.6519874750660954
grok_v01,Middle Ages,his,appaiata,27,1.1670275330499278,0.962333672366654,1.1668217765989872,1.4461787022729113
grok_v01,Middle Ages,while,appaiata,26,0.9378229257758015,0.9956895704761871,0.9405526586364541,1.0205685410762602
grok_v01,Middle Ages,amid,appaiata,25,0.8866282985133005,0.943646482558134,0.8972358369463568,0.7500895694385595
grok_v01,Russia,vocali,vocali,24715,1.1217048001757628,0.9427413016852423,1.0330017367771291,0.5973821517760337
grok_v01,Russia,spazio,spazio,11333,1.216716734143173,1.0265349885854544,0.9587972644065692,0.45282734688697424
grok_v01,Russia,e,lettera,7107,1.1288210188056635,0.9811163017137905,0.9428634292658824,0.8949019025977615
grok_v01,Russia,i,lettera,5919,1.1191262850029557,0.9533816174390594,1.0498274463072823,0.8988109014319586
grok_v01,Russia,t,lettera,5313,1.0389577839581199,1.0580561015086964,0.9555946910734496,0.8426671861657797
grok_v01,Russia,a,lettera,5283,1.245221325350367,0.9551480235083969,1.0042569857093702,0.8452862479326271
grok_v01,Russia,n,lettera,5147,1.1430452005351235,0.9717503155922267,1.0161811727776942,0.8616994818436786
grok_v01,Russia,r,lettera,4734,1.172195620614501,0.9567431588567877,0.9801946105957308,0.8233370904401647
grok_v01,Russia,s,lettera,4452,1.1987871571540352,0.967484979880588,0.9861445307677524,0.9739379075453652
grok_v01,Russia,o,lettera,4396,1.161289579589517,1.065466699557317,0.9909922212260821,0.895019390529018
grok_v01,Russia,l,lettera,2690,1.1496606661219937,0.9280375067709877,0.9657634874311993,0.9547838109025683
grok_v01,Russia,d,lettera,2586,1.2546796128565076,0.9680860412029655,0.9393369857464874,0.8758931915343445
grok_v01,Russia,c,lettera,2307,1.0006007080033317,0.9575918081796719,0.9468635037173647,0.9533308486653344
grok_v01,Russia,u,lettera,2010,1.1653728544411608,0.9804922152542116,1.0304050594055398,0.8861049644185768
grok_v01,Russia,h,lettera,1952,1.1363449314655032,0.895548898005995,0.9734198564696944,1.0159478991349555
grok_v01,Russia,m,lettera,1615,1.0901408816052767,0.9353359077307628,1.0023216121220375,0.983723900276785
grok_v01,Russia,p,lettera,1517,1.088611550276154,0.9803629941160281,1.0124021281674644,1.0173721487773373
grok_v01,Russia,g,lettera,1452,1.0356889249468706,1.0131420370897404,0.9822715935220238,0.9163382851181299
grok_v01,Russia,f,lettera,1192,1.1436245866130887,1.0344324673251142,0.9749635070309438,0.9285521418993277
grok_v01,Russia,v,lettera,897,1.1023072919442358,0.9400912527770617,0.921061997637644,0.9484101101384372
grok_v01,Russia,y,lettera,883,1.0845895429498547,1.0002720365249629,1.0462585718116781,1.0813281382830364
grok_v01,Russia,the,funzione,585,1.2555024046880099,0.9414360624802196,1.0732933314129063,1.0802933649389608
grok_v01,Russia,and,funzione,439,1.025392904551957,1.0644051616618315,0.9627045102476849,0.7863034809610442
grok_v01,Russia,of,funzione,265,1.109197664426472,0.988110878095623,0.9592093537019001,0.9613222786629173
grok_v01,Russia,in,funzione,253,0.9920017437798865,0.946679905963371,0.940636209186501,0.9040260853523184
grok_v01,Russia,to,funzione,238,0.9972838586177607,0.9616538719938911,0.88751487764859,0.8514885996606465
grok_v01,Russia,by,funzione,135,0.9082346702157674,1.0045062702614513,0.9833296475684271,0.9019092536150946
grok_v01,Russia,russia,keyword,82,1.281491130279319,0.974330528416294,1.2189799266254289,1.9415628471541355
grok_v01,Russia,russian,keyword,49,1.3037305374121624,1.005152678864883,1.2422798076091803,1.747362085982065
grok_v01,Russia,soviet,keyword,48,1.464733067260077,0.9791787828658968,1.4082486710227524,3.2815425047056554
grok_v01,Russia,like,keyword,38,1.03359758545367,1.0163292789015417,1.0522548003597854,0.961988459529204
grok_v01,Russia,power,keyword,34,1.179353387396508,0.9557949148128433,1.1207907700341722,1.5854839643427256
grok_v01,Russia,including,keyword,31,0.8982601813633224,1.0145498512041424,0.9030699558351943,0.8546827308573388
grok_v01,Russia,war,keyword,31,1.2369457146511327,0.9735513779875954,1.23975229620657,1.7255511801327792
grok_v01,Russia,for,appaiata,50,1.006601414015882,0.9456276373622244,0.9324084580195348,0.8699829557493318
grok_v01,Russia,at,appaiata,43,1.0349636558889783,0.9401131294186679,0.9980721986241218,1.04025472725395
grok_v01,Russia,under,appaiata,39,1.0534639543196322,0.9492821408388333,1.0556997443350145,1.1882149297246842
grok_v01,Russia,which,appaiata,36,1.0151082114656425,1.0290910261943982,1.0218700547894468,0.9326550447058224
grok_v01,Russia,this,appaiata,33,0.8970216327835515,1.044110954120686,0.9171431163402067,0.8162320776919719
grok_v01,Russia,but,appaiata,31,1.0511244038731224,0.9568616775423284,1.0461851810539065,1.0107813032160566
grok_v01,Russia,amid,appaiata,29,0.9693916837863465,0.9676804079669538,0.9483788703754065,0.8786848270554733
grok_v01,Winston Churchill,vocali,vocali,24559,1.0557914856408122,1.0449457417424948,0.9395077540681824,0.5539831993717435
grok_v01,Winston Churchill,spazio,spazio,11485,1.0960114251006061,0.9788955000115253,0.959697762518556,0.4600119528244256
grok_v01,Winston Churchill,e,lettera,7205,1.0257088709984592,0.9308821463585474,0.9889729608278128,0.9041560760599817
grok_v01,Winston Churchill,i,lettera,5880,1.077416397986089,0.9476342678644917,0.9722423909817764,0.898497882469884
grok_v01,Winston Churchill,a,lettera,5204,1.1661122705320497,1.0165797808120753,0.9895378980376061,0.9004659129059998
grok_v01,Winston Churchill,t,lettera,5079,1.0354832285929971,1.015017353684185,0.986915413252308,0.8555517403650819
grok_v01,Winston Churchill,n,lettera,5073,1.0494765358251115,1.0549726152876133,0.9527498022218724,0.8363144639909686
grok_v01,Winston Churchill,r,lettera,4904,1.0292451484627538,0.9742982285178187,0.9840502900217468,0.8284629811197061
grok_v01,Winston Churchill,o,lettera,4478,1.0873537258826862,0.9560211133165137,0.8967578604498888,0.8883895202622689
grok_v01,Winston Churchill,s,lettera,3993,1.0263794445647314,0.9837790328135169,0.9795859395794387,0.9350447437610394
grok_v01,Winston Churchill,l,lettera,3026,1.0242917138001641,0.9796763700124926,0.9919971241796013,0.9852479388081169
grok_v01,Winston Churchill,d,lettera,2723,0.9927669692254493,1.0131173682801469,0.9775824738695617,0.8584283324327909
grok_v01,Winston Churchill,c,lettera,2533,1.0636579881103734,0.941423072327789,0.9715574492075228,0.977662595014483
grok_v01,Winston Churchill,h,lettera,2517,1.2317256658315159,0.9497751549545529,1.0315052972709309,1.0070677538017978
grok_v01,Winston Churchill,u,lettera,1792,0.9990714079437526,1.0541500992862516,1.0118414542239813,0.9272746325808296
grok_v01,Winston Churchill,m,lettera,1727,1.152322365176895,0.9766987840763345,1.0333771655134991,0.9993770860023198
grok_v01,Winston Churchill,g,lettera,1535,1.0265081963663736,0.9905375832014421,1.03469089923657,0.9381264411318917
grok_v01,Winston Churchill,p,lettera,1448,0.930343583595891,0.9915885961312411,0.9750421177391435,0.9740707595797383
grok_v01,Winston Churchill,f,lettera,1351,1.0683538058818,0.9752220677753805,0.9600051618551245,0.9432078388738259
grok_v01,Winston Churchill,b,lettera,983,1.146625776064889,1.0140408672109418,0.9724752188736984,0.9364869280934168
grok_v01,Winston Churchill,y,lettera,885,1.123025441277612,0.9673476502271677,0.9929395605755408,1.0004721132964307
grok_v01,Winston Churchill,the,funzione,525,1.1374663044284656,0.9918738748024282,0.9934934322642435,0.960607826621165
grok_v01,Winston Churchill,and,funzione,342,0.9894169256745369,1.0453975976074512,0.9732041340827534,0.8269383816727975
grok_v01,Winston Churchill,to,funzione,296,0.9268605890575274,1.010237495110599,1.0118520925331758,0.9011135934747893
grok_v01,Winston Churchill,of,funzione,234,1.0548207363711162,1.0028408364522574,1.0343330573070604,1.0895277099560887
grok_v01,Winston Churchill,in,funzione,234,1.0542568729570823,0.9802233457788733,0.9337027023981118,0.9361351221393408
grok_v01,Winston Churchill,on,funzione,180,1.065473359942124,0.9551458354426484,1.0255562172197747,0.9551031084818145
grok_v01,Winston Churchill,churchill,keyword,181,0.6566946316175466,0.9569486797002001,0.7028106587090125,0.540248699671566
grok_v01,Winston Churchill,british,keyword,60,1.2131762514488227,0.9746460986027928,1.1034808270997865,1.3770138733788309
grok_v01,Winston Churchill,amid,keyword,42,0.8532205293460259,0.9547003781465874,0.8542613706077603,0.787842810729477
grok_v01,Winston Churchill,churchill's,keyword,36,0.8363501128742105,0.979793877795902,0.8383227988200351,0.6789262318659639
grok_v01,Winston Churchill,including,keyword,34,0.8953680351701958,0.956968790469206,0.8900185807863003,0.9840169570247198
grok_v01,Winston Churchill,german,keyword,33,1.2573152438309434,0.994205179269775,1.2482563019288044,2.2340458637571103
grok_v01,Winston Churchill,like,keyword,27,0.9547134850613695,1.0425752781934008,0.9606895268764074,0.8838220906551929
grok_v01,Winston Churchill,his,appaiata,120,1.3670706794723733,1.093438558799926,1.2239148573633727,1.4268915492475651
grok_v01,Winston Churchill,over,appaiata,60,0.8625773034589486,1.0003565537917705,0.8713737875304708,0.7451096363145144
grok_v01,Winston Churchill,at,appaiata,40,1.028693208820306,0.9769792041616018,1.0496818837926603,1.0604931072000554
grok_v01,Winston Churchill,but,appaiata,36,0.9565294730742864,0.9820141507853486,0.9418899132749988,0.8201932953269117
grok_v01,Winston Churchill,against,appaiata,32,0.9794748151810008,0.9797249960666319,0.9851997217351643,1.153527214478176
grok_v01,Winston Churchill,early,appaiata,28,1.050446021302949,1.032714392240379,1.0458335600560857,1.045882030635465
grok_v01,Winston Churchill,though,appaiata,25,0.8192112868698583,1.0549407421399923,0.8192682004682541,0.690908809671881
grok_v01,France,vocali,vocali,24337,1.2036248408819805,0.9928592609362409,0.9915997691428791,0.6150927412880467
grok_v01,France,spazio,spazio,11375,1.1344472170959863,1.0363158594640631,0.9098754407219777,0.4571885513425218
grok_v01,France,e,lettera,7164,1.1533386668864316,0.9511794196259502,1.0998852303609252,0.863954164753603
grok_v01,France,i,lettera,5770,1.1269126320210445,1.0374164078617925,1.027291252413278,0.9026850940133001
grok_v01,France,n,lettera,5390,1.0828866684335585,1.00877688791603,0.9910552933273017,0.8564704558179029
grok_v01,France,a,lettera,5301,1.094788506918022,0.9873635776718711,0.98112247496629,0.8658192107539514
grok_v01,France,t,lettera,5122,1.186200850343673,0.9972249166413999,0.9619567547943154,0.8602473464111153
grok_v01,France,r,lettera,4531,1.0157655528849197,0.9873358425940849,0.9810095758461564,0.8331739801693482
grok_v01,France,o,lettera,4237,0.9305704475910654,1.0089032925727055,0.9920845353724185,0.8919102648923263
grok_v01,France,s,lettera,4025,1.3129760794469483,1.0032389499961312,1.034833589716157,0.9672874738512809
grok_v01,France,l,lettera,2961,1.0286698242704055,1.007096654561068,0.9825439575536888,0.95676003260235
grok_v01,France,d,lettera,2563,1.1105471222057486,0.9747357937498818,1.0173463951656707,0.8562438961062716
grok_v01,France,c,lettera,2534,1.1205701607707719,0.9783910379449007,0.9922540050930079,0.9415016091186619
grok_v01,France,h,lettera,2034,1.3370580229268503,1.0182919825650856,0.9837897042619672,0.9731521773872813
grok_v01,France,u,lettera,1865,1.1009761161188123,0.9796260845605388,0.9517400126543715,0.9984537697150617
grok_v01,France,m,lettera,1595,1.0735909647271467,0.9978822923901488,0.979865210038672,0.9716768645302323
grok_v01,France,g,lettera,1570,1.1224143666846302,1.001851828133976,1.0196350055694376,0.9333552421374063
grok_v01,France,p,lettera,1462,1.1074951600069367,0.9573922224781297,0.990544070832503,1.0164032210395797
grok_v01,France,f,lettera,1296,0.9873424758400624,0.9752806683183924,0.9788963239648688,0.9583562690550657
grok_v01,France,y,lettera,951,1.043812456012424,1.080552222987006,0.9891570889100681,0.9985267757645521
grok_v01,France,b,lettera,933,1.2333289629888644,1.0259872479251444,1.004956300206221,0.9882640335415777
grok_v01,France,the,funzione,615,1.3966842744951506,0.9803761542013247,1.0538292708052932,1.112557260044151
grok_v01,France,and,funzione,468,1.0665587600420678,0.9881094592726077,1.009245709604152,0.8141264459075632
grok_v01,France,in,funzione,258,0.8591311243177151,1.0043633411001511,0.9350704448046495,0.9000519430289808
grok_v01,France,of,funzione,250,1.0701731287279326,0.9864704926148687,1.0133061024716639,1.074105357632557
grok_v01,France,to,funzione,208,1.0876231737711344,0.9576224100806262,1.069043560972072,1.0365508674318333
grok_v01,France,with,funzione,155,0.9103940055100419,1.0264977387467014,0.9136214440920432,0.8088474692982284
grok_v01,France,france,keyword,92,1.1179115365109942,0.9523461392634558,1.0508288854739716,1.2009511650154543
grok_v01,France,like,keyword,48,1.0795318748977996,0.9846541769340834,1.0822776785222679,1.3675257147428537
grok_v01,France,french,keyword,47,1.2915142370564148,0.9390513251076772,1.2403659051647846,1.720440036378086
grok_v01,France,million,keyword,34,1.110603753448589,0.9986095533661948,1.0539251679493917,1.3250212057770936
grok_v01,France,amid,keyword,32,0.9258658757917113,0.9432639371644264,0.9228510025737594,1.040909040735678
grok_v01,France,paris,keyword,30,1.015793325831801,0.9849945912963283,1.0130963321127089,0.8578100369503903
grok_v01,France,national,keyword,29,1.1128627996383385,0.954735649484061,1.0965975570505584,1.444713209522203
grok_v01,France,as,appaiata,70,1.051500946707005,0.9670668803814367,0.9914303849303924,0.9492999242093989
grok_v01,France,under,appaiata,48,0.9490184732677889,0.9398122594435249,0.9627627152447085,1.1086379905623027
grok_v01,France,but,appaiata,44,1.032523609176377,0.9998724648013434,1.043647264450683,1.4486885769740028
grok_v01,France,while,appaiata,33,0.7952433037698392,0.9769404624811985,0.7976779315219429,0.650131914646969
grok_v01,France,th,appaiata,29,1.1772269017205492,0.9430704208994994,1.1210622367475132,2.4881105394713097
grok_v01,France,this,appaiata,29,0.8790792779485281,0.9920762964618062,0.8864062145515043,0.792710494212232
grok_v01,France,including,appaiata,27,0.9317504883395132,0.9533064503100247,0.9594466213054389,0.8556126146610141
grok_v01,United States,vocali,vocali,24624,1.2209529351368833,0.9809773412895403,1.0032837929127496,0.5898022226036981
grok_v01,United States,spazio,spazio,11221,1.2411240042251654,1.0382345772355046,1.0308623947968083,0.4692288074690493
grok_v01,United States,e,lettera,7312,1.1753798117359262,0.8524311043128474,1.0100794381525418,0.9109750358653332
grok_v01,United States,i,lettera,5731,1.0832954952159657,0.9445743581757733,0.9931300571115417,0.8870706419459978
grok_v01,United States,t,lettera,5510,1.0898736550529928,1.002758866358189,0.9687251835954037,0.855415967778923
grok_v01,United States,n,lettera,5418,1.0450491275644527,1.0206301544199008,0.9569579043551438,0.8639702933460366
grok_v01,United States,a,lettera,5305,1.185724615663728,1.0324812661884109,0.9613371583994148,0.8860669002541208
grok_v01,United States,r,lettera,4516,1.1322223251892343,1.0623555834724556,0.9742959830344495,0.8350681872718467
grok_v01,United States,o,lettera,4446,1.0678837164934725,0.9538721498697326,1.0419446837099164,0.8740189497162291
grok_v01,United States,s,lettera,4081,1.1814740903659715,0.9389019667076667,0.9357632668171653,0.943881903031132
grok_v01,United States,l,lettera,2790,0.978355160008944,1.0344921956208075,0.9622406816890626,0.9731267801416673
grok_v01,United States,d,lettera,2712,0.9596096051006359,0.9689480147159674,0.9753055764767483,0.8705228470636327
grok_v01,United States,c,lettera,2604,0.9182807596487274,1.045447286179929,0.980399583107011,0.9331757003642769
grok_v01,United States,h,lettera,1933,1.1146062706423276,1.0216599603957872,0.9181180206530474,0.9591033178782714
grok_v01,United States,u,lettera,1830,1.0842353377686642,0.9593086669703235,0.9502663628245465,0.9261264079802342
grok_v01,United States,m,lettera,1667,1.1901968941787495,0.9934138302640222,0.9774463890719373,0.9786040078026501
grok_v01,United States,g,lettera,1573,1.0585735177404296,1.003321998109733,0.9977225667171341,0.8901664787167675
grok_v01,United States,p,lettera,1491,1.0640133965384881,1.0077027172667614,1.004239521748699,1.0243595926348963
grok_v01,United States,f,lettera,1296,1.11691090086934,1.0233149608069658,0.9279217689578058,0.9417155095684797
grok_v01,United States,b,lettera,879,1.1458244520489311,0.9989679853437071,0.9559677681364481,1.0222502748319617
grok_v01,United States,y,lettera,854,0.9554730477405541,0.9609046830249047,1.0486901506161874,0.9906792329698191
grok_v01,United States,the,funzione,501,1.1455008854805144,0.9748882355179619,1.0869824920803353,1.08776435463452
grok_v01,United States,and,funzione,447,1.0471571630155232,1.00198404574296,0.9960367826972938,0.791234762417983
grok_v01,United States,in,funzione,257,1.1020758693151491,0.9886479274471887,1.0005300954814957,1.0354012611356407
grok_v01,United States,of,funzione,254,1.0234724558471342,1.0033179452586662,1.0799430550294529,0.9262378048600216
grok_v01,United States,to,funzione,220,0.9585101584563768,0.9960375190481501,1.0211824657639836,0.9831142198668414
grok_v01,United States,by,funzione,149,0.9744295201331904,1.0220933998742967,1.0065972711704811,0.9022934355208223
grok_v01,United States,states,keyword,51,1.2381773456066782,0.9739905689685683,1.1878800719685403,1.5749134064081975
grok_v01,United States,like,keyword,44,0.9093956607330284,0.9847461776767729,0.8959647929739939,0.8317246499820471
grok_v01,United States,united,keyword,35,1.4104417630373705,0.9222599180450719,1.1250029029375908,1.3806527904027641
grok_v01,United States,including,keyword,34,0.9527693500432962,0.9782046954929488,0.9526355073298358,0.9991713822775158
grok_v01,United States,war,keyword,34,1.0918389629773557,0.9828938765631984,1.0854465401331204,1.7534592653435874
grok_v01,United States,economic,keyword,31,1.0051329294544882,0.9622040380967808,1.0161985285772197,1.0208528246936899
grok_v01,United States,federal,keyword,30,1.0376629617194386,1.017314600800632,1.0655709899201977,1.2779024115733293
grok_v01,United States,that,appaiata,44,0.9886592502133458,0.9856729161663491,0.9762629770674973,0.8604844527392209
grok_v01,United States,this,appaiata,43,0.9705874696062774,0.9776085000808258,0.9559497838923793,1.0178387974207743
grok_v01,United States,which,appaiata,34,0.9056850104868539,0.9432950938275565,0.895307786473006,0.7126618989783112
grok_v01,United States,through,appaiata,32,0.8874891463564054,0.9234845342326187,0.8835710623398646,0.6957432932408018
grok_v01,United States,these,appaiata,31,0.9689752718725237,0.9938591607480965,0.9645179330615304,1.0697159208768923
grok_v01,United States,but,appaiata,30,0.9586529039248072,0.9932614421006093,0.9654994622928839,0.8188698303740276
grok_v01,United States,at,appaiata,29,0.9963259752954422,0.9513261126726928,1.0117889841068886,0.9469511036855064
grok_v01,Socialism,vocali,vocali,25581,1.2997254459671916,0.9905073829814599,0.9680905265059776,0.5844384175776968
grok_v01,Socialism,spazio,spazio,10584,1.1520741414997384,1.0510760797883627,1.027711312115548,0.457912036327251
grok_v01,Socialism,e,lettera,6898,1.1252990187759662,1.0047584778963488,0.9752871035746397,0.8760037487554723
grok_v01,Socialism,i,lettera,6625,1.186911609432663,0.9028526385600922,0.9990753847430857,0.8548594964261768
grok_v01,Socialism,t,lettera,5580,1.181727197770491,0.998907447294109,0.9221671371934782,0.8038577393421561
grok_v01,Socialism,a,lettera,5395,1.0900039880569221,0.9895768115697114,0.9625863153713418,0.8531185037812591
grok_v01,Socialism,n,lettera,4952,1.1476951129821127,1.0515048260569266,0.9883023504313916,0.8701167965173413
grok_v01,Socialism,o,lettera,4827,1.100953182470952,1.017326651241617,1.000279844511473,0.8633882339635803
grok_v01,Socialism,s,lettera,4640,1.17847787509415,0.949688448441616,0.9549613071888824,0.969849799134558
grok_v01,Socialism,r,lettera,4594,0.9922927847292067,0.9789778485993464,1.0242520677600664,0.8237316832218121
grok_v01,Socialism,l,lettera,3015,1.09542383134079,0.9121383574230153,0.9606986679783955,0.8758360400117744
grok_v01,Socialism,c,lettera,2876,1.1952550680187053,1.0142940712152893,0.9742960259377207,0.9633655469034171
grok_v01,Socialism,d,lettera,2396,1.0351578024890968,0.9847914159285592,0.9625744744208061,0.8924910101453676
grok_v01,Socialism,m,lettera,1903,1.0526900529748418,1.009119493668211,1.0741263075280758,1.011975243284028
grok_v01,Socialism,h,lettera,1864,1.161885025897232,0.9704987338363565,1.0040196157765406,1.0170202096759473
grok_v01,Socialism,u,lettera,1836,1.0677419249143498,0.9943978893780291,1.029161194973841,0.9193961064205988
grok_v01,Socialism,p,lettera,1688,1.0366150870112802,0.9767508994797724,0.987391484307047,1.0047681814503584
grok_v01,Socialism,g,lettera,1360,1.1616070661334863,0.9385627984651235,1.0598093887171596,0.9617264800884964
grok_v01,Socialism,f,lettera,1092,1.0002230847312228,0.9671983926177846,0.977501507992387,0.9090286949237072
grok_v01,Socialism,v,lettera,930,1.0958803455469739,1.03259569349779,0.9334057585081815,0.9484945198908623
grok_v01,Socialism,y,lettera,858,0.9336219619876764,0.9498358946343254,1.048345876746103,0.9335126167945215
grok_v01,Socialism,and,funzione,374,1.0571346228651262,1.040491919026109,1.0324695735147986,0.796720085383847
grok_v01,Socialism,the,funzione,346,1.2763601777858684,0.9151451763764916,1.0820458054146513,1.2382420821263997
grok_v01,Socialism,in,funzione,287,1.1492746835553735,0.9817259821958587,1.0154387858948013,0.9447162496353275
grok_v01,Socialism,to,funzione,269,1.0001951501590596,1.0373854675830334,0.9529033573246192,0.8825264532426451
grok_v01,Socialism,of,funzione,238,1.1513269646347393,1.0229782395921876,1.105053169251019,1.1113944179335367
grok_v01,Socialism,by,funzione,140,1.0792293025678628,0.998595102754377,0.9868592802749606,0.9697971760576756
grok_v01,Socialism,socialism,keyword,86,1.231886074123616,1.0666299682359475,1.1322317398996675,1.3112893950607343
grok_v01,Socialism,state,keyword,64,1.254688763058507,1.0620667865264677,1.1302758957264192,1.0905343579853852
grok_v01,Socialism,socialist,keyword,55,1.0602387797341852,0.9899098971983277,1.0278058004522772,1.2517194445866398
grok_v01,Socialism,economic,keyword,48,0.9702112674241139,0.9801878278634896,1.0219013035777114,0.9613692671004946
grok_v01,Socialism,like,keyword,44,0.9956711795908183,1.030230687694383,0.95805346557779,0.9950903604188152
grok_v01,Socialism,private,keyword,43,1.0171572348718851,1.0242138762046518,0.996458837420966,1.0226373240147788
grok_v01,Socialism,market,keyword,49,1.197841201431507,1.004035482963897,1.1953975126056209,1.7008597557758354
grok_v01,Socialism,with,appaiata,92,0.9831204729417486,1.0095750051732715,0.9618097159726594,1.0286570588518902
grok_v01,Socialism,for,appaiata,54,1.0430990564233984,0.9905337761833314,1.0252689998605224,1.1447619669271478
grok_v01,Socialism,this,appaiata,54,0.9678720580542922,1.0041020345620473,0.9431079190955541,0.8535501667203236
grok_v01,Socialism,but,appaiata,47,0.9707044971779248,0.9860940368985053,0.9721033267168484,1.0654852512640096
grok_v01,Socialism,on,appaiata,44,0.8709693003596203,1.004315700144422,0.8800914285422105,0.8407215563043593
grok_v01,Socialism,these,appaiata,42,0.8791855295579413,0.9517755083109005,0.882329845480255,0.7613739397713888
grok_v01,Socialism,over,appaiata,41,1.0251338640337417,1.0272701109869138,1.0078374142466038,0.8905919903321573
grok_v01,Wikipedia,vocali,vocali,26018,1.147810326385099,0.9274914730666425,0.9712647304657646,0.5161290459664921
grok_v01,Wikipedia,spazio,spazio,10662,1.1823684091553497,1.0502621218757735,0.9722471529648388,0.45250944364630796
grok_v01,Wikipedia,e,lettera,7599,1.0531271415858539,0.9868489424900121,1.031208786421834,0.8306767397215853
grok_v01,Wikipedia,i,lettera,6842,1.1144913020083402,1.0292566876794922,0.9873091263537509,0.8737395086353492
grok_v01,Wikipedia,t,lettera,5505,1.0001131444327351,1.0057648515323427,0.9895538492503788,0.8310329281737614
grok_v01,Wikipedia,a,lettera,5181,0.9922533181038714,1.0155568661985033,1.0048134288189312,0.8699694600286365
grok_v01,Wikipedia,n,lettera,5172,1.0612273737802718,0.9850381411307229,1.0394837745009644,0.8500731699683858
grok_v01,Wikipedia,s,lettera,4768,1.2868264023968603,0.9874127897868261,0.9958156696487128,0.886627651680906
grok_v01,Wikipedia,o,lettera,4588,1.056598166460536,0.9178157876157695,0.9814816469830001,0.8459048356301729
grok_v01,Wikipedia,r,lettera,4569,1.0331098753188233,0.9574000672901941,0.9381508024147229,0.862810453388098
grok_v01,Wikipedia,c,lettera,2799,1.301608085736853,1.0364579363110804,0.9568334282868048,0.9326067109056223
grok_v01,Wikipedia,d,lettera,2750,1.1530863072673077,0.9922790685816584,1.0021075182370254,0.9182476110988421
grok_v01,Wikipedia,l,lettera,2711,1.1292861715859812,1.0208940838292742,1.0263456112743952,0.9491439745109489
grok_v01,Wikipedia,u,lettera,1808,1.0533497943267283,0.9456454286238802,0.9889838086440221,0.9364198726046137
grok_v01,Wikipedia,p,lettera,1690,0.9624404858801363,0.9972972918489588,0.9230716984536231,0.9506607077354492
grok_v01,Wikipedia,h,lettera,1686,1.0447857706307098,0.9972588546194001,1.0017365515652978,1.01358421097694
grok_v01,Wikipedia,g,lettera,1662,0.9802279843966502,1.0153843874183093,0.9705045528484039,0.9512099656185218
grok_v01,Wikipedia,m,lettera,1551,0.9453350273272592,1.0097850949374474,0.969314134014982,0.9691281671473678
grok_v01,Wikipedia,f,lettera,1255,0.9910797516775137,0.9877985098279071,1.0187074216947416,0.9434732536024258
grok_v01,Wikipedia,v,lettera,923,1.0538620473678466,0.98951212467152,1.008300826421127,0.9499998756363311
grok_v01,Wikipedia,y,lettera,862,1.1598037757819046,1.0006804298125236,1.0023593922641048,0.9647190851180186
grok_v01,Wikipedia,and,funzione,295,1.1489851848120656,0.9547778642761836,1.1016836767109135,0.9782518014992801
grok_v01,Wikipedia,to,funzione,243,1.0862278266596819,0.988708222207887,1.0255700062210718,0.9685270565717385
grok_v01,Wikipedia,in,funzione,231,1.083922445952039,1.0278984257355608,1.0661811722860886,1.0388571263001953
grok_v01,Wikipedia,of,funzione,224,0.9941736203999536,1.0174846691468422,1.0143106226698464,0.9141734036656873
grok_v01,Wikipedia,the,funzione,205,1.3002692993549223,0.9866415520986279,1.0621810370146216,1.2253216778845653
grok_v01,Wikipedia,for,funzione,142,1.0844938599160334,1.0384129472349384,0.9865096839276055,0.9991486599686712
grok_v01,Wikipedia,wikipedia,keyword,109,1.0968860868163441,0.9522889669255171,1.0182357747497974,0.9052934516725696
grok_v01,Wikipedia,like,keyword,69,0.9979500187081652,1.0061915156526524,1.0189072530326737,0.9162238193959682
grok_v01,Wikipedia,articles,keyword,56,1.112362652993837,0.9854859183301535,1.0656968398835982,1.2837064245013035
grok_v01,Wikipedia,content,keyword,56,0.8780260597569043,1.0251964492743433,0.8335879194078601,0.9470198136851345
grok_v01,Wikipedia,editors,keyword,50,1.2443076955785466,1.0287731730413723,1.1496315677658935,1.4686689977792424
grok_v01,Wikipedia,editing,keyword,46,0.9567576813712674,1.068728219244066,0.9575869778573233,1.1064248642330736
grok_v01,Wikipedia,editor,keyword,42,1.0251207973024359,0.9792702147433742,1.045862588270407,1.2983706973804208
grok_v01,Wikipedia,from,appaiata,73,1.0142087404593545,1.035504685986474,0.9334210727795599,0.8727369864537273
grok_v01,Wikipedia,that,appaiata,69,0.9960903341764692,1.0145928553443198,1.0358231502730932,1.02429190693056
grok_v01,Wikipedia,such,appaiata,53,0.9236108835329425,0.9732870115820725,0.9237095554950875,0.7215300558881708
grok_v01,Wikipedia,over,appaiata,50,1.0106598453109679,1.0347291683696727,0.9211801542725503,0.8453168532311206
grok_v01,Wikipedia,edits,appaiata,33,1.2466441896631584,1.0053195353352296,1.2004950326390744,1.6383653671921474
grok_v01,Wikipedia,these,appaiata,33,0.8935166798252078,0.9815882938671185,0.876453935655051,0.7475165327148425
grok_v01,Wikipedia,than,appaiata,32,1.0362492737647706,1.0131497607075748,1.0181468674908245,1.0156993728207624
grok_v01,Alexander the Great,vocali,vocali,25278,1.2470096913738535,0.9565667367326988,0.9588652420136418,0.5462873158589051
grok_v01,Alexander the Great,spazio,spazio,11383,1.0849845724579612,0.8864125458385607,0.9776224579647641,0.445432818532163
grok_v01,Alexander the Great,e,lettera,7698,1.0125749331323664,0.998763677689174,0.9864804789513085,0.8639894300405832
grok_v01,Alexander the Great,a,lettera,6091,1.0501364864747416,0.9460581056227962,1.0059229935542762,0.8563469663250678
grok_v01,Alexander the Great,i,lettera,5746,1.1676989672684195,1.0131660048161153,1.0758277442407411,0.8619725737698167
grok_v01,Alexander the Great,n,lettera,5341,1.1011451515855681,0.9911741145457041,0.9768589573588574,0.8179826374442943
grok_v01,Alexander the Great,t,lettera,4960,1.0114667913826516,0.9937876933640908,0.9522999666600479,0.8682867938447408
grok_v01,Alexander the Great,r,lettera,4580,1.0756057773964653,0.9182986531152632,0.929175325156003,0.8379333824255744
grok_v01,Alexander the Great,s,lettera,4472,1.0496306494225651,0.993382613890188,1.000039378232593,0.9339287234783628
grok_v01,Alexander the Great,o,lettera,4011,1.1633599419338705,0.9954767249027124,0.925344576653663,0.9231557104091545
grok_v01,Alexander the Great,d,lettera,2992,1.0113980743751263,1.0561825751027665,0.9813041611197805,0.8599716861935954
grok_v01,Alexander the Great,l,lettera,2801,1.0359225802795295,0.9894955207762632,0.9419042461417294,0.9651645234298817
grok_v01,Alexander the Great,c,lettera,2436,1.1293871126671358,1.0580864460949815,1.0371531187003162,0.8673285605068789
grok_v01,Alexander the Great,h,lettera,2356,1.0991126431107956,1.0440000646148155,0.9662434785994809,0.9603630551877109
grok_v01,Alexander the Great,u,lettera,1732,1.0639511885409676,0.9878885246518024,0.9557750812870238,0.8999804680396329
grok_v01,Alexander the Great,p,lettera,1713,1.0637692359136184,1.044063741504689,1.0353666832220465,1.0230756534184382
grok_v01,Alexander the Great,m,lettera,1632,0.9916008187376223,0.9910310232707634,0.9793439437564069,0.9628524116510625
grok_v01,Alexander the Great,g,lettera,1585,1.016669477948888,0.9271368879158176,0.971275384832348,0.9428866867121964
grok_v01,Alexander the Great,f,lettera,1162,1.024929892661838,0.9912525630935693,0.9369409729851171,0.9126319057873051
grok_v01,Alexander the Great,y,lettera,983,0.9918952091686166,0.994219638353389,1.0014663773349417,0.9719496503057943
grok_v01,Alexander the Great,b,lettera,906,1.2112720501011682,0.9401353021179958,1.0334574950027167,1.0753514088396432
grok_v01,Alexander the Great,the,funzione,507,1.2122602189078466,1.0077804606332472,1.1042136039514034,1.2311258624368613
grok_v01,Alexander the Great,and,funzione,456,0.9087224135716654,0.9612951468280172,0.8978764903364654,0.7326867919597531
grok_v01,Alexander the Great,to,funzione,274,1.0572032060617476,1.0105384264445716,0.9729031486627626,0.9149392775343376
grok_v01,Alexander the Great,of,funzione,248,1.1157272206570787,0.9916609739468832,1.0013174304107653,0.975595937853015
grok_v01,Alexander the Great,in,funzione,241,0.986548204566687,0.9907376508016466,0.9956138867155179,1.0046930221849513
grok_v01,Alexander the Great,his,funzione,147,1.2341130806579585,0.9204923534141468,1.0096736271130744,0.9889282240926367
grok_v01,Alexander the Great,alexander,keyword,198,1.027532094721106,1.0188504353462358,0.9798690966516874,0.8700999151372296
grok_v01,Alexander the Great,bc,keyword,117,1.2659181515461648,0.996518574403393,1.1649964123861307,1.4403610504425906
grok_v01,Alexander the Great,persian,keyword,87,1.356246333701584,1.0007211344823528,1.2485298998449028,1.5037247907409927
grok_v01,Alexander the Great,macedonian,keyword,88,1.1886182733532793,0.9563827385379883,1.098228982548233,1.0473230987234303
grok_v01,Alexander the Great,alexander's,keyword,64,1.087043583265735,0.9456840345190994,1.047025632025577,1.0365832018219912
grok_v01,Alexander the Great,like,keyword,51,1.0279553646077315,0.9839641865006993,1.0703216475001602,0.9919339793609896
grok_v01,Alexander the Great,cavalry,keyword,51,1.4025396815121214,0.9673865379732117,1.353074087318216,2.0264361785529026
grok_v01,Alexander the Great,as,appaiata,111,1.0467155796490348,1.0270471364169096,0.9811329673636046,0.9900031465798234
grok_v01,Alexander the Great,with,appaiata,111,0.9192867141364836,1.0304461901656514,0.8614852297717087,0.792047169472972
grok_v01,Alexander the Great,from,appaiata,95,1.0007547734982551,0.9993993564137478,0.9671840080369765,1.1098246978083588
grok_v01,Alexander the Great,for,appaiata,74,0.9319550215625381,0.9921557314997486,0.9048808010615778,0.8626518559285584
grok_v01,Alexander the Great,at,appaiata,72,0.9175091357297663,1.011201726717764,0.980540792766129,0.9512531745144579
grok_v01,Alexander the Great,he,appaiata,53,1.020264139995819,0.9751718556347289,0.9814163196092411,1.067416562790019
grok_v01,Alexander the Great,on,appaiata,54,1.0604425546135823,0.9445156064079852,1.1155830324523557,1.2053002145280711
grok_v01,Paris,vocali,vocali,24626,1.118368658656417,0.9860638899774457,0.9711683553206564,0.5876410059250327
grok_v01,Paris,spazio,spazio,11157,1.2669544003351887,1.025198837753556,0.972078519859187,0.4654678435303471
grok_v01,Paris,e,lettera,7187,1.2043396612823942,1.000346575464455,0.9688919432082209,0.8857314030707778
grok_v01,Paris,i,lettera,6009,1.1049823157305037,0.9821945610467354,1.0125806927993788,0.8613499344253759
grok_v01,Paris,n,lettera,5308,1.0970808178751439,0.9303131903317596,0.9627439594843592,0.8512025928523239
grok_v01,Paris,t,lettera,5248,1.0553167118955138,1.0324440257338323,0.9656920489070817,0.8759759224934782
grok_v01,Paris,a,lettera,5143,0.9764862683577189,1.0195219526029746,1.003691406444717,0.8471347819572447
grok_v01,Paris,r,lettera,4760,0.9816560696390499,1.048306789658132,0.990471718788268,0.8208315781858038
grok_v01,Paris,s,lettera,4500,1.1745149495515412,1.0025195337763633,1.0397356368779993,0.9273298886361002
grok_v01,Paris,o,lettera,4306,1.006330897335804,0.9419509519794093,1.039219670692723,0.8969256402894056
grok_v01,Paris,l,lettera,2774,1.0707902549730908,0.9523192957473925,0.9600201190137548,0.9281140198781801
grok_v01,Paris,d,lettera,2500,1.1883089996670535,0.9832550277076398,1.016822789983298,0.8690879561842998
grok_v01,Paris,c,lettera,2422,1.1417700737643333,0.9573881642749429,0.9568180877864213,0.9736167190584644
grok_v01,Paris,h,lettera,2003,1.125857462281869,1.012408633573415,0.97613368951319,0.9907612742783881
grok_v01,Paris,u,lettera,1981,1.002050980122124,1.024406275894826,1.0107570020571304,0.8970845912126737
grok_v01,Paris,m,lettera,1723,0.9838642098450691,1.0009154806084652,1.0466123661791764,0.9729413025024193
grok_v01,Paris,p,lettera,1598,1.0569999181312093,0.944005562461465,1.0013700591228085,1.0088469865120562
grok_v01,Paris,g,lettera,1528,1.0922788808618469,1.0099063833805422,0.9255006074632238,0.9014542054207485
grok_v01,Paris,f,lettera,1252,1.099700672114092,0.985752653008917,0.9325554322940178,1.0143286393729236
grok_v01,Paris,b,lettera,882,0.9314511143961728,1.0332697789004357,0.9803040430863083,1.0148515745807956
grok_v01,Paris,y,lettera,850,1.0621658760946575,1.0409485897436526,0.9486903401426362,0.9474125766135072
grok_v01,Paris,the,funzione,518,1.453153537762369,0.9758111656138931,1.0549225844393721,1.0734564536413633
grok_v01,Paris,and,funzione,440,1.0095082226138334,0.9744418736907688,0.9472747915461577,0.7376956038991058
grok_v01,Paris,in,funzione,278,1.1144406565723262,1.0359203675653452,1.0056851764579877,0.9573400518305757
grok_v01,Paris,of,funzione,239,1.0250724935148068,0.909777846635517,1.0159615521907421,1.0677183997448954
grok_v01,Paris,to,funzione,198,0.9700694538154782,0.9169710680482397,1.02364382242462,0.9717916104273564
grok_v01,Paris,with,funzione,150,0.9723723840945117,0.9900150099410457,0.9342447921918602,0.8102401999980273
grok_v01,Paris,paris,keyword,156,0.8471964902915884,0.9600246647548575,0.7709595107919789,0.6851744715322362
grok_v01,Paris,like,keyword,61,0.9852986176490672,1.019161966655844,0.9741260005193232,1.0775841687078809
grok_v01,Paris,urban,keyword,52,0.9812723531964397,0.9969928283800021,0.943170043194781,0.821379965941577
grok_v01,Paris,including,keyword,38,0.9203728003705214,0.9938298045350162,0.9365417238879209,1.1036459493110673
grok_v01,Paris,city,keyword,48,1.0858664352484455,0.9533390512259631,1.1292251100735953,1.1713150835470785
grok_v01,Paris,population,keyword,33,1.1073864490608933,0.9484278917216783,1.067775235352066,1.4324503065154424
grok_v01,Paris,national,keyword,33,1.24442661318419,0.9533925696910965,1.166454737144575,1.241492281521047
grok_v01,Paris,by,appaiata,127,1.032239628005823,1.0143285093509709,0.9533597670088575,0.9091433212363598
grok_v01,Paris,over,appaiata,59,0.9157920345232993,0.9846135947585082,0.8618080173125798,0.6849595654105665
grok_v01,Paris,at,appaiata,40,1.0569184114482297,0.9346354441066639,1.0639339218598254,1.0694127440700383
grok_v01,Paris,that,appaiata,40,0.9991378628328547,0.9563895946406191,1.0311058343240038,0.9912735487674609
grok_v01,Paris,its,appaiata,34,1.006204600511702,0.9955042696216653,1.0356657705691108,0.8611832087794535
grok_v01,Paris,under,appaiata,34,1.0988230782208182,0.962275120652598,1.082340281283212,1.1671379338073335
grok_v01,Paris,these,appaiata,36,0.8543877475362646,1.0016780857216008,0.8474776287032503,0.6610895280928276
grok_v01,Beijing,vocali,vocali,24509,1.2466671216287637,0.9537209725288909,0.9816644782499345,0.578729921200254
grok_v01,Beijing,spazio,spazio,11089,1.283415310237526,0.9734735116695866,0.9664297134037554,0.45604813416466433
grok_v01,Beijing,e,lettera,7027,1.144065366158467,0.9319251494937868,0.9459071753192463,0.9172389542186502
grok_v01,Beijing,i,lettera,6345,1.1058982510378195,0.9792674073487179,0.968020531440757,0.8716567732067808
grok_v01,Beijing,n,lettera,5476,1.1581980311809115,0.9892699779188167,0.9868405954099172,0.8519505667933849
grok_v01,Beijing,t,lettera,5471,1.1414341168131719,0.9694157698911178,0.9900800097003142,0.8472505603743734
grok_v01,Beijing,a,lettera,5065,1.2168661654417423,0.9586543424444415,1.0493060172927506,0.8748219313925207
grok_v01,Beijing,r,lettera,4452,1.0496393674448075,1.0473485752683924,0.9429364254933544,0.8594739827114647
grok_v01,Beijing,s,lettera,4321,1.151716104190205,0.991062780994131,0.9242634231131458,0.9550413079828678
grok_v01,Beijing,o,lettera,4231,1.016792552884805,1.0466605015227703,0.9375630346549553,0.8862869602545773
grok_v01,Beijing,l,lettera,2683,1.0915049827905106,0.9451192397354212,1.0289708579899586,1.0154525004520583
grok_v01,Beijing,c,lettera,2669,1.3975175932935173,0.9761091608724421,1.0085981077621395,1.007824564902665
grok_v01,Beijing,d,lettera,2403,1.0675861887466092,0.944997429082988,0.996868912381097,0.9447948436539448
grok_v01,Beijing,h,lettera,2090,1.180944358510576,0.9811815510409233,1.0369697004663563,0.9995735131946735
grok_v01,Beijing,u,lettera,1841,1.127417802258466,0.9810464185067502,1.001938347349748,1.0007094425345313
grok_v01,Beijing,g,lettera,1765,1.0391855460043087,0.9901139667488681,0.9649074653390578,0.8947219048828529
grok_v01,Beijing,p,lettera,1741,1.2666672796236718,1.0464423030743282,1.0434339267758306,1.0081156648512328
grok_v01,Beijing,m,lettera,1705,1.1039222823770498,0.9915414133480983,0.9510293457348425,0.9446900182236005
grok_v01,Beijing,f,lettera,1101,1.0373403697918209,0.9997203754537209,0.9973083335771878,0.9840510536695416
grok_v01,Beijing,y,lettera,1003,1.0497959505517862,0.9544843037085435,0.9148388206989372,0.9743213985647995
grok_v01,Beijing,b,lettera,873,1.0407524024475434,1.0084536808184643,0.9769913749611213,0.9170518481038618
grok_v01,Beijing,the,funzione,485,1.4269684858805158,0.9758497356673627,1.1705552335041083,1.33624581735595
grok_v01,Beijing,and,funzione,410,1.109536484345173,0.9784349568183055,1.0259916089992196,0.8584282623383348
grok_v01,Beijing,in,funzione,261,1.1005317928985734,0.9999088662222766,0.950438135255944,0.9397286180358893
grok_v01,Beijing,to,funzione,232,1.1298371812325736,0.9720351508520064,1.0429774279015274,1.0318027963735
grok_v01,Beijing,of,funzione,224,1.005090419793889,0.9312347737201917,0.9727890912919238,0.9983098452564092
grok_v01,Beijing,with,funzione,156,0.9266381729176815,0.9699821083319135,0.9060286581924647,0.7411726716050927
grok_v01,Beijing,beijing,keyword,163,1.0625076671626703,0.9938129611217188,0.9707132281840218,0.9027230666976501
grok_v01,Beijing,beijing's,keyword,60,0.9811883667632217,1.0434693002895057,0.9966384600448369,0.8995428189758208
grok_v01,Beijing,national,keyword,50,1.090534555736408,1.0144110592193798,1.0991657585984351,1.268482609631089
grok_v01,Beijing,like,keyword,50,1.0128108340590976,0.9977154943522341,0.969208894992765,0.887743091100836
grok_v01,Beijing,including,keyword,41,0.983858160539071,0.9621012480341303,0.9915496594490759,0.9427470340066175
grok_v01,Beijing,capital,keyword,34,1.370476361899996,0.9901874420875995,1.1784687759033217,1.4199740325707135
grok_v01,Beijing,state,keyword,42,1.1242521724308476,1.0758651737109803,1.0891864551753072,1.2787437650861841
grok_v01,Beijing,by,appaiata,100,1.0722183540966184,0.9767065791679453,1.000521037149421,0.9568762291598024
grok_v01,Beijing,over,appaiata,66,0.9360702797566701,1.0485895226892985,0.9406950527663996,0.9434469858715754
grok_v01,Beijing,on,appaiata,53,1.0767515318882983,1.038252405617394,1.0250697233668549,1.0059053524803332
grok_v01,Beijing,under,appaiata,44,0.9981520183507739,0.9308981400430824,0.9618403173709513,0.840922506639023
grok_v01,Beijing,but,appaiata,37,1.062225888090782,0.965591893895533,1.0732400317315136,1.311296555389827
grok_v01,Beijing,its,appaiata,34,1.0591302424167102,1.050718029214492,1.0312344127242714,1.0337300021511566
grok_v01,Beijing,at,appaiata,33,1.0628906526597628,0.9431713581942806,1.0505841051229472,1.1622450995994662
grok_v01,Isaac Newton,vocali,vocali,25177,1.2339230645395436,1.0373469274587317,0.9989259060182056,0.5522289649591358
grok_v01,Isaac Newton,spazio,spazio,11201,1.3466860218954473,1.03651333181654,0.9907447326749965,0.4771425017954967
grok_v01,Isaac Newton,e,lettera,7327,1.1076109572528112,0.9848299610489194,0.9899769144773366,0.8759633717934658
grok_v01,Isaac Newton,i,lettera,6230,1.1964460956074097,1.0243525259475987,0.9790529769369662,0.8822006709527207
grok_v01,Isaac Newton,t,lettera,5681,0.9994790064631727,1.031808482033936,0.9545959451912388,0.821249029855724
grok_v01,Isaac Newton,n,lettera,5304,1.1643636629354812,0.9842640047848245,1.0652258615487051,0.8694093266709879
grok_v01,Isaac Newton,a,lettera,4986,1.1459468568866245,0.9612307566450166,0.9462580100190051,0.8997415158609248
grok_v01,Isaac Newton,o,lettera,4829,1.109358131796045,1.0116315995026892,1.0130981420189222,0.891044053152718
grok_v01,Isaac Newton,s,lettera,4352,1.1321896617450915,1.005009691142097,0.9894868253857845,0.8985834263476099
grok_v01,Isaac Newton,r,lettera,4348,1.1079838550160246,0.9412841308558019,1.0364627197957244,0.8416152384418626
grok_v01,Isaac Newton,l,lettera,2952,1.065464468250304,1.0290313110429976,1.0162469215270697,0.9449852798169839
grok_v01,Isaac Newton,c,lettera,2635,1.2220143960355387,0.9887967975700372,1.0143096415341273,0.9407356069297038
grok_v01,Isaac Newton,h,lettera,2574,1.1948088567681647,1.0041653201261593,0.9395725066227332,0.9579352423984034
grok_v01,Isaac Newton,d,lettera,2444,1.0480477748015924,1.0036464039478326,0.9596869913973043,0.8867350434076485
grok_v01,Isaac Newton,u,lettera,1805,1.0147252554147448,0.9842674034445259,0.9865295077375892,1.0104140662568908
grok_v01,Isaac Newton,m,lettera,1772,1.0960077354625364,0.9119593033968751,1.026825197547305,0.9381917886518437
grok_v01,Isaac Newton,p,lettera,1707,0.9973458340189625,0.9380766542095659,0.9509231266093429,1.0055795203303834
grok_v01,Isaac Newton,g,lettera,1359,1.0470752950087985,1.0231280025492795,0.98928428693677,0.9588764527059893
grok_v01,Isaac Newton,f,lettera,1242,1.0082532361748293,0.9929853040052415,1.006552463919587,0.938453128764337
grok_v01,Isaac Newton,y,lettera,959,1.1219644107091118,0.9997821861348016,0.9903718880266316,0.9423902768078981
grok_v01,Isaac Newton,w,lettera,844,1.039090151505502,1.0214493632927109,0.9594631342012493,0.8858385187518951
grok_v01,Isaac Newton,the,funzione,420,1.330627306068028,1.0930304419091668,1.0738355046554071,1.139887608576469
grok_v01,Isaac Newton,and,funzione,363,1.0794251293438728,0.9413164300118932,1.0250703310856004,0.8930433975466002
grok_v01,Isaac Newton,of,funzione,335,1.1714472412793082,0.96249998280092,1.074940485083646,1.0410509035850386
grok_v01,Isaac Newton,in,funzione,261,0.9451289831339134,1.0063444540464133,0.9467327604276914,0.8694656113565095
grok_v01,Isaac Newton,to,funzione,236,0.9964043535486925,0.9496557989481031,1.0102136998267424,0.9319807243414545
grok_v01,Isaac Newton,his,funzione,189,1.2638947395149291,0.9629973761343206,1.1206414985125026,1.2490186276243636
grok_v01,Isaac Newton,newton,keyword,210,1.1007512707927611,0.9646103314194366,0.8564196378337999,0.6776999728979287
grok_v01,Isaac Newton,newton's,keyword,70,1.0146329066575885,0.9855846481271174,1.0033530565191546,0.9975534784669003
grok_v01,Isaac Newton,like,keyword,41,0.990723777334755,0.9725275914650789,0.9694940213773,0.8383849909611519
grok_v01,Isaac Newton,royal,keyword,32,1.2055832888701707,0.9810746042868986,1.1574790681066875,1.4029386459784918
grok_v01,Isaac Newton,motion,keyword,32,1.3562653955300445,0.9605136290357686,1.3290361424511683,2.706569679713546
grok_v01,Isaac Newton,though,keyword,29,0.8069434181702063,1.0362619585541553,0.8053197886445078,0.7290249929857031
grok_v01,Isaac Newton,rather,keyword,26,0.8299528362318799,0.9991912570925229,0.8312406278315612,0.6990579766680328
grok_v01,Isaac Newton,as,appaiata,150,1.0110704105208999,1.022843478430161,0.9723210302844602,0.9759843943301959
grok_v01,Isaac Newton,that,appaiata,67,1.0853283895515025,0.947743894111476,1.0580149180505243,1.1205897546077026
grok_v01,Isaac Newton,which,appaiata,37,0.911410578835857,0.9797130662380864,0.8973240910003207,1.027902198479029
grok_v01,Isaac Newton,an,appaiata,32,1.0524014264386778,1.0707476679271302,1.072081458062928,1.0158750997950903
grok_v01,Isaac Newton,through,appaiata,32,1.0335787766978797,0.9233497076778289,1.054637829332059,1.0917299606814634
grok_v01,Isaac Newton,than,appaiata,30,0.8560682945267278,0.9431855893775506,0.8608547916909398,0.7954652868901845
grok_v01,Isaac Newton,but,appaiata,27,0.9658130559973638,1.0463012364491566,0.9638128282517048,0.8247902657932813
grok_v01,Napoleon,vocali,vocali,24714,1.3608081561500616,1.0475985440171656,1.0052324811937863,0.5915861892450585
grok_v01,Napoleon,spazio,spazio,11318,1.143583079331001,0.9637127546639311,0.9021831098047116,0.45661720923828075
grok_v01,Napoleon,e,lettera,7234,1.0962565228715286,1.044329170935183,1.0025296291364645,0.8610035046590485
grok_v01,Napoleon,a,lettera,5606,1.132949442506899,0.9936362807368123,0.9573289122412971,0.8564662482714863
grok_v01,Napoleon,i,lettera,5553,1.2086413753226783,0.8925161718293649,0.9154145928121097,0.9282857668258263
grok_v01,Napoleon,n,lettera,5313,1.0421485846690026,1.0054340902124708,1.0026204634195348,0.8407485356179689
grok_v01,Napoleon,t,lettera,5179,1.1926160065393194,0.9736822639614777,0.942645762279034,0.8744573776781646
grok_v01,Napoleon,r,lettera,4706,0.8881393968812665,0.9871256864007066,0.9787200491771525,0.8241017816298795
grok_v01,Napoleon,o,lettera,4534,1.1581335856953836,0.9977265232083624,1.026581298927889,0.9101370138591535
grok_v01,Napoleon,s,lettera,4003,1.037153921702568,1.0078771784122103,1.0021776050305766,0.9798974741042132
grok_v01,Napoleon,l,lettera,2922,1.0619159352334333,0.9746039682793204,1.0076022106459717,0.9507753380665469
grok_v01,Napoleon,d,lettera,2694,0.9761638889693667,0.925643384871727,1.0583289921328285,0.9100101776127048
grok_v01,Napoleon,c,lettera,2389,1.2453776479665046,1.0207389504827633,1.0116805953893442,0.9321098676649143
grok_v01,Napoleon,h,lettera,2075,1.067423364873073,1.001389399204751,1.004371522907028,0.9337593193363881
grok_v01,Napoleon,u,lettera,1787,1.0552660007726637,1.0014946263090672,0.975052080667366,0.8952066057075526
grok_v01,Napoleon,p,lettera,1655,1.1123695484897136,1.049029005292487,0.9743737462512708,0.981402065874383
grok_v01,Napoleon,m,lettera,1578,0.9691233975402227,0.9855027211491145,0.944994066391467,0.9720635460218173
grok_v01,Napoleon,g,lettera,1389,0.9995942968534238,0.9509926663814926,1.0443698832099269,0.9000000099875975
grok_v01,Napoleon,f,lettera,1384,0.9993383042394807,1.0227149688885515,0.9098234771355577,0.9431957394154363
grok_v01,Napoleon,b,lettera,978,1.152907420840387,0.9933245735018627,0.9634741203033901,0.9119411703206216
grok_v01,Napoleon,y,lettera,937,1.0769363665748615,0.9926753765044403,0.9568866411496041,0.9436102047976599
grok_v01,Napoleon,the,funzione,577,1.0808701515621968,1.0011292090385178,0.9860270519739945,0.9127904589185362
grok_v01,Napoleon,and,funzione,399,0.9930964734657532,1.0023599294688168,0.9436745505465112,0.7643947402080181
grok_v01,Napoleon,of,funzione,294,1.036455227846594,0.9835393719126174,0.9827350512720696,0.9211419346763597
grok_v01,Napoleon,to,funzione,272,1.0879994575808924,0.9907136861921214,0.9840344716289738,1.019677836023665
grok_v01,Napoleon,in,funzione,180,1.1953310308371807,0.9804005228611019,1.1053682781626006,1.0730413905599436
grok_v01,Napoleon,on,funzione,164,1.0579134733031266,1.0508769329063892,0.9780481986188582,0.9536852835644957
grok_v01,Napoleon,french,keyword,123,1.2344541748471187,0.9973611926801519,1.1418586937606836,1.2835067341614423
grok_v01,Napoleon,napoleon,keyword,124,1.1176663854100146,0.944814198919229,1.032668903377117,1.1036956095047876
grok_v01,Napoleon,bonaparte,keyword,73,1.4054737355712412,1.02175351671207,1.3209534205308646,2.069064236037054
grok_v01,Napoleon,france,keyword,43,1.0926854525336496,0.957266744675851,1.0966038324191425,1.1570087476393327
grok_v01,Napoleon,napoleon's,keyword,35,1.0686850629564035,0.9966133413883934,1.085724168310853,1.4615601948647288
grok_v01,Napoleon,allied,keyword,37,1.2221312697988638,0.9436883828849184,1.2224610272928915,3.0805716017396416
grok_v01,Napoleon,british,keyword,33,1.2945720184912017,0.9811018607437939,1.2965816818551905,2.2328722645843775
grok_v01,Napoleon,with,appaiata,112,0.9221637398026169,0.9776013203029709,0.9321766896536495,0.8682376294099978
grok_v01,Napoleon,from,appaiata,95,0.918571590956049,0.9849674331474078,0.906670038067495,0.7901363090038531
grok_v01,Napoleon,for,appaiata,57,1.0757947523595819,0.9774856240602435,1.0758653069945785,1.2042839510041718
grok_v01,Napoleon,but,appaiata,34,0.9296007318309594,0.9613656960734939,0.9244294191720742,0.877886080676931
grok_v01,Napoleon,or,appaiata,34,1.0747150671276862,0.9789415334846754,1.114516809956692,1.3713023492944851
grok_v01,Napoleon,troops,appaiata,33,0.9460230797984295,0.9646757195339672,0.9463619722574919,1.474042845237243
grok_v01,Napoleon,amid,appaiata,31,0.9309701187115956,0.9735231962395651,0.9546430992962591,0.9723911986193967
grok_v01,Brazil,vocali,vocali,24896,1.3018523674888876,0.9448659644964201,0.9689069690749218,0.5942403064326313
grok_v01,Brazil,spazio,spazio,11040,1.1183859286685314,0.9765719725404524,1.0828193035776776,0.46298664426746877
grok_v01,Brazil,e,lettera,7194,1.216094543349409,1.0094245095376482,0.9851987761464325,0.9074274218214657
grok_v01,Brazil,i,lettera,5950,1.1400267382462603,1.0427040274154882,1.008890341273838,0.8955153077703905
grok_v01,Brazil,a,lettera,5322,1.2351954582620668,0.9869809817867733,0.9763980738835106,0.872052544411233
grok_v01,Brazil,t,lettera,5314,1.1117634894063766,0.9531836112579025,0.9927698703004104,0.8707232930491788
grok_v01,Brazil,n,lettera,5169,1.0397184142966485,1.0107642456078962,1.0256780254308258,0.8557347810038616
grok_v01,Brazil,r,lettera,4598,1.0285805744883083,0.9412003033754998,0.9457825485994459,0.829929478773567
grok_v01,Brazil,o,lettera,4592,1.1914322555177177,1.004330464599555,0.9734303997934747,0.8788986760767976
grok_v01,Brazil,s,lettera,4294,1.2247126535724895,1.0018944306579944,1.006042684370059,0.9315537469833183
grok_v01,Brazil,l,lettera,3039,1.1285040956930172,1.0214876420180083,0.9531837728535032,0.9464690350695956
grok_v01,Brazil,d,lettera,2631,1.1850138647156068,1.0094169509836646,0.9550448431538975,0.8810871481148081
grok_v01,Brazil,c,lettera,2531,1.1374164873166028,0.9933269230460476,1.0255151789608499,0.9229796885412509
grok_v01,Brazil,u,lettera,1838,1.0922345862409055,0.9638567108818243,0.9791446002927584,0.9630601526638326
grok_v01,Brazil,h,lettera,1726,1.10515164524842,0.9813247037907807,1.018231514965353,0.9884975412657088
grok_v01,Brazil,p,lettera,1707,1.0445867622910343,1.0513281055890584,1.001528844448561,0.9856438307175482
grok_v01,Brazil,m,lettera,1608,0.9609045474493215,0.9440279431330328,1.0266382479055516,0.9210337662547238
grok_v01,Brazil,g,lettera,1513,1.0319892295151252,1.00876678153375,0.948044952783865,0.9592090991156674
grok_v01,Brazil,f,lettera,1210,1.1841003732327247,1.0175740545213428,0.9598392270361993,0.9908184141525272
grok_v01,Brazil,b,lettera,1000,1.038445064387287,1.0299456908613545,0.9585360124083454,0.9404488868032014
grok_v01,Brazil,v,lettera,863,1.1424872966472643,0.9773925703723894,0.9687344069036344,0.9820921076388909
grok_v01,Brazil,the,funzione,445,1.1625098923603117,1.000787395169924,1.0796433650464075,1.098167892898995
grok_v01,Brazil,and,funzione,410,1.0727275447311546,1.0450938760645603,0.9777368074982496,0.8171491916466485
grok_v01,Brazil,in,funzione,268,1.1715090805124229,1.0148205967584232,1.0833864449915682,1.1234862866699429
grok_v01,Brazil,of,funzione,236,1.0010757705278834,0.9683245689804504,0.9669255722514961,0.9719801258849098
grok_v01,Brazil,to,funzione,230,1.0038168837474062,0.9862340108401993,0.960789170221736,0.9467628546036184
grok_v01,Brazil,by,funzione,154,0.9195426457793214,0.9313700643922141,0.8971526611091755,0.8020153027434626
grok_v01,Brazil,like,keyword,44,0.9634461495060433,0.9933446511925418,0.9653362038658159,0.9932874492119308
grok_v01,Brazil,brazil,keyword,74,1.1312279382856816,1.039970025863866,1.0938149942590085,1.216681487555053
grok_v01,Brazil,including,keyword,34,0.9469810101044875,0.985637173106516,0.962484008348156,0.8987387280831923
grok_v01,Brazil,brazil's,keyword,33,0.979391008439526,0.9347848374353585,0.9600497084937155,0.9757073428161727
grok_v01,Brazil,federal,keyword,32,1.3134490465471185,0.966862532053105,1.2156293340598339,1.707567880963615
grok_v01,Brazil,amid,keyword,29,0.8583980314677986,1.0737511567263118,0.8593945610249922,0.7710836960574207
grok_v01,Brazil,economic,keyword,28,0.9736930254022818,1.0264232427335045,0.9917483394019762,1.064499978940191
grok_v01,Brazil,that,appaiata,51,1.0515165303691798,0.9469599574525643,1.0389731439189491,0.8807345154150668
grok_v01,Brazil,but,appaiata,36,0.9266856129489783,1.0089918830887912,0.9287041153873355,0.8231716212500673
grok_v01,Brazil,these,appaiata,34,0.8032378899981616,0.9698646503413492,0.8069919894173262,0.6294980230279662
grok_v01,Brazil,which,appaiata,33,0.9954163381380942,0.955850191845344,1.0072645618808573,1.0626900758604596
grok_v01,Brazil,while,appaiata,31,0.9022144220535987,0.9854969938860845,0.901189275697619,0.7313374736318813
grok_v01,Brazil,fiscal,appaiata,26,1.1152190486903775,0.9932387210521632,1.1284030243786354,1.7417829905734312
grok_v01,Brazil,such,appaiata,26,0.926481458862081,0.9400698293885196,0.9577401573089291,0.8159826875401356
grok_v01,Artificial intelligence,vocali,vocali,25426,1.3206574816646648,0.9469520987523987,1.0355542615783904,0.5659909009479888
grok_v01,Artificial intelligence,spazio,spazio,10503,1.224665420946296,0.9949386448752578,0.9721333334301602,0.4606884996310447
grok_v01,Artificial intelligence,e,lettera,7255,1.0540712733322806,1.0413967795236792,0.970597429946307,0.8862111609922391
grok_v01,Artificial intelligence,i,lettera,6276,1.347732800987116,1.0017008379366166,1.0203146144115969,0.8954673549447839
grok_v01,Artificial intelligence,a,lettera,5698,0.9975806444570162,0.9956099025670575,0.9396756629860441,0.832951258593659
grok_v01,Artificial intelligence,n,lettera,5480,1.0729729823048408,1.0202156424713231,1.040716352264289,0.8560633259838211
grok_v01,Artificial intelligence,t,lettera,5335,1.1590087216870355,0.9639151253299074,1.0283794914625546,0.884969425416446
grok_v01,Artificial intelligence,s,lettera,4486,0.9451074679833579,0.9823912548046109,0.9484004797261588,0.9578083685931417
grok_v01,Artificial intelligence,r,lettera,4474,1.0817750358977367,0.9388412508296011,0.9473412177682858,0.8658153692241206
grok_v01,Artificial intelligence,o,lettera,4358,1.075675356718872,0.9951965605958039,0.9870129250250685,0.8615231650939242
grok_v01,Artificial intelligence,l,lettera,3021,1.0192644345813133,0.9843921330862838,0.9649927448761452,0.9636560381368231
grok_v01,Artificial intelligence,c,lettera,2776,1.0840868772617154,0.9144862263754305,0.9965673327339727,0.9265101897470451
grok_v01,Artificial intelligence,d,lettera,2497,1.1964345792872138,0.9508422367525894,1.0161208684212246,0.9515257670572871
grok_v01,Artificial intelligence,m,lettera,1993,1.0974432243240537,1.002909025045197,0.9902524940668784,0.9300579871379855
grok_v01,Artificial intelligence,g,lettera,1888,0.9242690533246193,0.9862288240238858,0.9713803206581023,0.9028500934830728
grok_v01,Artificial intelligence,p,lettera,1867,1.089242552625195,0.9839621002575561,1.0374494507886929,0.9080654609484536
grok_v01,Artificial intelligence,u,lettera,1839,0.9764306015637477,1.006342822256694,0.9875469934497638,0.9937859684220949
grok_v01,Artificial intelligence,h,lettera,1772,1.1000900193648422,1.0032189715176791,0.9778388700619871,0.9668848931553793
grok_v01,Artificial intelligence,f,lettera,1106,1.0152332640044919,0.997877815712012,0.969823031359628,1.000418235558186
grok_v01,Artificial intelligence,b,lettera,876,1.2245029093058537,0.9682804318152473,1.0234134307662583,0.9720058859740309
grok_v01,Artificial intelligence,y,lettera,853,1.1153255557775041,0.9330743735603032,0.976796454112891,0.9740575430574299
grok_v01,Artificial intelligence,and,funzione,322,1.0065039628634442,0.9225021103082168,0.9322453070370949,0.7702694473452208
grok_v01,Artificial intelligence,in,funzione,305,0.9050666272193564,1.0203931098016867,0.9538590913563917,0.875434980720022
grok_v01,Artificial intelligence,to,funzione,238,1.0084222722785452,1.044461656485923,0.9056234698219031,0.8249294633222863
grok_v01,Artificial intelligence,the,funzione,162,1.3068069976466803,1.0007373118837248,1.1498680219992723,1.489964911687821
grok_v01,Artificial intelligence,by,funzione,135,0.9448342715574621,1.0267602810361176,0.9211193068501812,0.8463382854435072
grok_v01,Artificial intelligence,of,funzione,134,1.1443619256654938,0.965194016714757,1.0348768236946864,0.9990385073501412
grok_v01,Artificial intelligence,ai,keyword,122,1.386950267592729,1.0436773169454998,1.2856780970783663,1.6126362341167495
grok_v01,Artificial intelligence,like,keyword,93,0.8980126166553571,0.987588482856054,0.8494024767533971,0.8145287183975982
grok_v01,Artificial intelligence,learning,keyword,72,1.0884956622804587,1.015416182355973,1.022519068795407,0.9201546102697007
grok_v01,Artificial intelligence,models,keyword,65,1.0236661229480877,0.9652532344121435,1.0229554469113638,0.9538838711586132
grok_v01,Artificial intelligence,data,keyword,73,1.0449293449011663,0.9551944471200401,0.9965461831081771,1.0097886098762363
grok_v01,Artificial intelligence,systems,keyword,60,1.1126634341857005,0.9828082748639423,1.100176856054035,1.2177659083162833
grok_v01,Artificial intelligence,intelligence,keyword,53,1.3458461348400306,0.9919769704849292,1.2352037005712366,1.1706659510813169
grok_v01,Artificial intelligence,as,appaiata,97,0.9081740775228243,0.9930787601460418,0.8799039349270187,0.8070358576678838
grok_v01,Artificial intelligence,from,appaiata,86,0.8800452581558716,0.9960763116424415,0.9952124762018238,0.8274632538697889
grok_v01,Artificial intelligence,or,appaiata,64,1.230408940180585,0.9677400487787504,1.1209930015472165,1.1961385070041042
grok_v01,Artificial intelligence,such,appaiata,52,0.8918852119181365,0.9605598539442389,0.8966974326179246,0.771306902208187
grok_v01,Artificial intelligence,human,appaiata,57,1.1350501114608913,1.003404321447528,1.1101960401924584,1.2783582597095655
grok_v01,Artificial intelligence,that,appaiata,44,1.0354672022479632,0.9659541032719129,0.987074552408385,0.9368845884501219
grok_v01,Artificial intelligence,tasks,appaiata,42,0.8669873360649956,1.0334229609241663,0.8808635257711482,0.8957235068082944
grok_v01,Olympic Games,vocali,vocali,24736,1.2938406637585258,0.982614855053935,0.9836011926324918,0.5498392545453071
grok_v01,Olympic Games,spazio,spazio,11210,1.26861075961353,1.0010488186914612,0.9131162816749044,0.4570536168113336
grok_v01,Olympic Games,e,lettera,7297,1.1580002355523942,0.9766987361044931,0.9797111353888908,0.8776262590351315
grok_v01,Olympic Games,i,lettera,6148,1.0750333912254364,0.9978583441467004,1.0057194408981005,0.8707867880759266
grok_v01,Olympic Games,t,lettera,5607,1.0392486483126882,1.0517539180527073,1.0097742537079906,0.8291995781932855
grok_v01,Olympic Games,n,lettera,5180,1.1125952147916154,0.9601929156111021,1.044305919283654,0.8403720047545732
grok_v01,Olympic Games,a,lettera,4981,1.1837814342981,1.0185968006980683,1.017592740784621,0.8713046664472625
grok_v01,Olympic Games,o,lettera,4651,1.1423264788903265,0.9960574559488423,0.9551698566923118,0.8726490412015934
grok_v01,Olympic Games,s,lettera,4435,1.1278080507287038,0.9970250317994264,0.9345689337827333,0.9335349471718914
grok_v01,Olympic Games,r,lettera,4172,0.9884508440879727,1.010930483660662,0.9800650381120571,0.8668981093301661
grok_v01,Olympic Games,l,lettera,2884,1.1826153256461276,1.0460376981467059,0.9649689253558122,0.9529434766176624
grok_v01,Olympic Games,c,lettera,2729,1.1155702726588814,0.9828538614065065,1.035471629073089,0.8928284182283814
grok_v01,Olympic Games,d,lettera,2533,1.1026613565489078,1.0027481880583908,0.9552563112100895,0.9077773131880416
grok_v01,Olympic Games,h,lettera,2014,1.325861595015434,1.0198576880136767,0.9446599989870911,0.9790653468584742
grok_v01,Olympic Games,m,lettera,1955,1.086596904059936,0.9968154637355363,0.9862980468554093,0.9853024605929739
grok_v01,Olympic Games,p,lettera,1731,0.9092966779592585,0.9426503739751704,0.9276422257756698,0.9376255321363743
grok_v01,Olympic Games,g,lettera,1678,1.0256635218426233,1.061382074848175,1.0197375561403723,0.9677803390573744
grok_v01,Olympic Games,u,lettera,1659,1.164680159162102,1.0145796316097286,1.034935088224654,0.9612923729314357
grok_v01,Olympic Games,f,lettera,1159,1.1011072802342627,0.9830982008485295,0.9815154635031663,0.9312871462712623
grok_v01,Olympic Games,y,lettera,968,0.8987591946736915,1.0364772255979176,1.006432751689961,0.9836125387216537
grok_v01,Olympic Games,b,lettera,820,1.1713395372439512,0.923168471267174,1.0905874511069522,1.0722433891863128
grok_v01,Olympic Games,the,funzione,583,1.4519789481085963,1.0211385515269458,1.1603607445593065,1.1695747453748602
grok_v01,Olympic Games,and,funzione,431,1.0257091294643255,0.9961369177244871,0.9265291890445629,0.7210787269404436
grok_v01,Olympic Games,in,funzione,253,1.1414444270977564,1.0173443690950006,1.0443186594884113,0.9850595512698723
grok_v01,Olympic Games,to,funzione,224,0.9406809909544203,0.9442883191019197,0.9406059076285933,0.857930463979339
grok_v01,Olympic Games,of,funzione,177,1.1130058522549202,0.9175072612548352,1.0309549587080766,1.1149214808306822
grok_v01,Olympic Games,for,funzione,131,1.0546557484095083,1.0022758549142574,1.0288061433226294,1.1311704871711241
grok_v01,Olympic Games,olympic,keyword,124,1.1802110452224692,0.9859800613102946,1.1178105037074941,1.1824501143058916
grok_v01,Olympic Games,games,keyword,124,1.067782684441403,1.001205650701676,1.0063766090510118,1.0567626676427335
grok_v01,Olympic Games,ioc,keyword,108,1.2471811439994518,1.0513182750532364,1.22176629811232,2.1060228888626527
grok_v01,Olympic Games,like,keyword,64,0.9499917176597202,1.0061616730822296,0.9253599734698206,0.9022784614983829
grok_v01,Olympic Games,international,keyword,49,1.0984937684101581,1.0014631376686227,1.1017197351817876,1.482024620135198
grok_v01,Olympic Games,sports,keyword,46,1.2448614665422506,0.9896671609089646,1.1381609708716849,1.616441095876664
grok_v01,Olympic Games,events,keyword,41,1.017607748992861,0.9163916487600319,1.012247535138356,1.080548278921641
grok_v01,Olympic Games,with,appaiata,128,0.9238483067272001,0.9178134380751178,0.9065055939397357,0.7812789883487867
grok_v01,Olympic Games,as,appaiata,117,1.0526375984313876,1.0835633790492833,0.9542757010034845,0.9159617236343863
grok_v01,Olympic Games,by,appaiata,102,1.1923911192964984,0.9970981121379413,1.0542105560674295,1.0422814198891024
grok_v01,Olympic Games,on,appaiata,64,0.94663326502686,0.9379662465919107,1.0135430788624173,0.8848062543482089
grok_v01,Olympic Games,or,appaiata,51,1.3299887514380988,0.9783686387170674,1.2364667307010204,1.6549460084455658
grok_v01,Olympic Games,athletes,appaiata,40,1.0699442169864195,0.9469568092455817,1.0640784694302827,1.1626990170222093
grok_v01,Olympic Games,host,appaiata,45,1.200413864677627,0.9904388182915499,1.116110751573644,1.295834861018873
grok_v01,World War II,vocali,vocali,24575,1.2515653587629596,1.0387270609651778,0.9664814860868475,0.6155990783340758
grok_v01,World War II,spazio,spazio,11314,1.3164148561152287,1.0523669096766939,0.9568464974024374,0.44474818224845475
grok_v01,World War II,e,lettera,7044,1.1273028240192167,0.9571901277667699,1.0194512385663586,0.89891886826015
grok_v01,World War II,i,lettera,5885,1.3095600218074277,0.972417415641524,0.9658004841639354,0.898123429111566
grok_v01,World War II,a,lettera,5604,1.1860551844911205,0.9990642032415155,0.9928383082388851,0.8936483556707606
grok_v01,World War II,n,lettera,5104,1.1000240888272026,0.9995165811366057,0.9742312466168522,0.8587362612129646
grok_v01,World War II,t,lettera,4996,1.1636793189889774,1.0051135633072832,0.9733857091057715,0.8736069210543864
grok_v01,World War II,r,lettera,4527,1.0680868623644373,1.0441554862384983,0.9861460668546118,0.8868016821729302
grok_v01,World War II,o,lettera,4249,1.2374761601982456,0.9794073509824681,0.9955167176471592,0.9199123162267254
grok_v01,World War II,s,lettera,4165,1.0689995826260341,0.9946525749178935,1.0117144949854675,0.913631776304774
grok_v01,World War II,l,lettera,2861,0.9778321226376159,0.9922578608612055,0.9401694905153942,0.9853670712861717
grok_v01,World War II,d,lettera,2740,1.058171278413608,0.9859281753679102,1.0129588518335555,0.8611755500818824
grok_v01,World War II,c,lettera,2186,1.0780576726846638,0.9568542342796033,1.0140565251985751,0.9325457799501597
grok_v01,World War II,u,lettera,1793,1.0609653015097604,0.9514232431924458,0.9405143929770757,0.9415741190960231
grok_v01,World War II,h,lettera,1789,1.141746811446872,1.0748497678673552,0.9661161916354919,0.9368115952970423
grok_v01,World War II,m,lettera,1707,1.0157303345840314,0.9943668096576554,1.004355041217549,0.9511585260921427
grok_v01,World War II,p,lettera,1650,1.1429253385622895,0.9872587431167633,0.9965305256303539,0.9938327415096476
grok_v01,World War II,g,lettera,1533,1.0011981368624394,1.0262595719883605,0.9326231298931408,0.9224901883228134
grok_v01,World War II,f,lettera,1373,1.168078652967789,0.9829975732901914,0.9986429710864808,0.9660441097265775
grok_v01,World War II,b,lettera,934,1.058240050476323,0.980423697738206,0.9980177147745501,0.9645577466076569
grok_v01,World War II,y,lettera,900,1.0925000092575563,1.0477704353427464,0.9978556600266738,0.9640610410963066
grok_v01,World War II,the,funzione,500,1.1637851813639586,0.9947456688550975,0.9260917984125321,0.9268685813739158
grok_v01,World War II,and,funzione,451,0.8619780725348043,1.0213991546917784,0.9266281248104568,0.7028175529742829
grok_v01,World War II,of,funzione,250,1.1305651279290074,1.0520763907897321,1.0907698657964608,1.11581635623384
grok_v01,World War II,in,funzione,233,1.1621047405616032,0.9784132323081828,1.050783272766423,1.0548323791518346
grok_v01,World War II,to,funzione,220,1.0418802436019918,0.9525727071262929,1.0808836981471537,1.0379288506445123
grok_v01,World War II,by,funzione,134,1.0365438060268792,0.9590226253596287,1.037904706809518,1.0481048956747054
grok_v01,World War II,german,keyword,80,1.2139384291531095,0.9944840790866819,1.1467436759021097,1.3533441928349752
grok_v01,World War II,soviet,keyword,74,1.4472702275079807,1.0431565801473077,1.3605988693302464,1.8699793633066322
grok_v01,World War II,allied,keyword,69,1.1671407676275283,1.0134819748410837,1.109074928473776,2.0672244899548162
grok_v01,World War II,forces,keyword,49,1.157537536905158,0.9910390938820113,1.1414872566986334,1.6193701409866055
grok_v01,World War II,million,keyword,47,1.1292529881907527,1.014228121865978,1.1013660234356688,1.1889796411084392
grok_v01,World War II,axis,keyword,38,1.170318592274271,0.9716017714002355,1.1863328009132996,1.7654171663173641
grok_v01,World War II,troops,keyword,35,1.1048239225605905,0.9935341716103259,1.1166543884920985,1.3294195125390897
grok_v01,World War II,as,appaiata,79,1.1898087854167594,0.9348864149103014,1.1568243960758033,1.4239730441116598
grok_v01,World War II,for,appaiata,70,1.0617676324061662,0.9613245717921693,1.0014778396476423,1.0048388132261228
grok_v01,World War II,over,appaiata,63,0.9624179322790796,0.9287023245477415,0.9359782333289238,0.8930725655878791
grok_v01,World War II,war,appaiata,70,1.240471769516147,0.9924929535466407,1.2147563416603682,1.4644708460053553
grok_v01,World War II,but,appaiata,39,0.8558159994875145,0.9661554221255318,0.8665211048447926,0.8434220807460452
grok_v01,World War II,that,appaiata,36,1.004995167552324,0.9544737014852681,1.0012375433773473,1.1065548620396684
grok_v01,World War II,military,appaiata,34,0.9323112931136722,1.0099495258859144,0.9221996165267154,0.9042741289326524
grok_v01,World War I,vocali,vocali,24775,1.2430615679736032,1.017437051592086,0.9445402544400734,0.5659653552390492
grok_v01,World War I,spazio,spazio,11312,1.2352738681958964,0.961293296259239,0.9381432257191124,0.45111548827343834
grok_v01,World War I,e,lettera,7229,1.1992750763217226,0.9680279114752515,1.0180995028087003,0.8709116002708817
grok_v01,World War I,a,lettera,5793,1.2773032610417896,0.9626625176144029,0.9549736716105599,0.8685911489175944
grok_v01,World War I,i,lettera,5652,1.3105330331746206,0.9412510982864015,1.0180365487112792,0.919381691639999
grok_v01,World War I,n,lettera,5286,1.1457085883972729,0.9402764856639004,0.9548629620838369,0.8187081801253021
grok_v01,World War I,t,lettera,5262,1.0864738203835946,0.9669899639916585,0.9714445589864664,0.8708225815958817
grok_v01,World War I,r,lettera,4816,1.0482213064289783,1.0355195394274066,1.0402976737869003,0.8162697772359139
grok_v01,World War I,s,lettera,4253,1.069771564922231,0.9542924274039635,0.993007535193874,0.9340787327108525
grok_v01,World War I,o,lettera,4172,1.0052841426831822,1.0090154081969784,1.0110992679968247,0.9075339633595294
grok_v01,World War I,l,lettera,2864,1.001166727844967,0.9761818027911126,0.9811342199998739,0.9910052165157043
grok_v01,World War I,d,lettera,2673,1.0305561490928106,0.9623928249697186,0.9572957415389544,0.9075152367639885
grok_v01,World War I,c,lettera,2067,1.030945906082994,1.015113181115198,1.003821770575217,0.9191429357732743
grok_v01,World War I,h,lettera,1970,1.1223459651861523,0.9486434333123883,1.0219709011383011,0.943194325144095
grok_v01,World War I,u,lettera,1929,1.2093378141990583,1.0007948753262639,1.0267368846068774,0.967987888402658
grok_v01,World War I,m,lettera,1740,1.0156084527479972,0.9710682910734628,0.9812078095719565,1.0029401845743966
grok_v01,World War I,g,lettera,1676,1.0284151685600242,0.9813621584098732,0.9820841366233898,0.907588165588532
grok_v01,World War I,p,lettera,1429,0.8723679201170127,0.9913824989081991,0.972853948139524,0.995981730883725
grok_v01,World War I,f,lettera,1380,1.1583665794751583,1.0564103869113166,0.9546886400504125,1.0296453990254264
grok_v01,World War I,b,lettera,992,1.1122489216356055,0.9951573657149341,0.9708543927743629,0.9853757041711652
grok_v01,World War I,y,lettera,828,1.0376620450961413,1.0312472175113434,0.9754390147175043,0.9572662490493478
grok_v01,World War I,the,funzione,576,1.1879197741945717,1.0120125696894389,1.0607538116952342,1.0407602456668632
grok_v01,World War I,and,funzione,400,1.209189159408852,0.9819695952517642,1.0278861682514844,0.8869733752452882
grok_v01,World War I,to,funzione,262,0.9519179041710376,1.002898353868343,0.969348469742679,0.8623324117068635
grok_v01,World War I,of,funzione,239,1.1450466989036723,0.9935971596652907,1.000927723996652,1.0342543199901106
grok_v01,World War I,in,funzione,197,1.0183900639376082,0.9391877587350398,1.0153077213462656,1.0001950421002697
grok_v01,World War I,on,funzione,163,1.2258250224858391,1.025683539781018,1.1354499166653333,1.3145001928483244
grok_v01,World War I,german,keyword,107,1.276081544886003,0.9387442269832679,1.1782109771233116,1.5558835146254464
grok_v01,World War I,allied,keyword,46,1.3304518958260743,0.9858708336122427,1.24672742589936,1.7356989358382366
grok_v01,World War I,forces,keyword,46,1.0099571730294852,0.9670158317279078,1.0201967892054664,1.1958188656886986
grok_v01,World War I,british,keyword,44,1.2333682731737912,0.9906292803541706,1.247227667637107,1.7875407286516387
grok_v01,World War I,million,keyword,41,1.124482427155395,0.9745559457554901,1.0030006739050945,1.4519310872642712
grok_v01,World War I,august,keyword,40,1.3071414710501408,1.02923287844519,1.2639604509077065,1.9904782129605565
grok_v01,World War I,including,keyword,39,0.9189447679784383,0.9787860378323993,0.9332648936479861,0.9469595993844138
grok_v01,World War I,with,appaiata,98,0.9004717358012404,0.9472310416593684,0.9214387444894063,0.757355491755195
grok_v01,World War I,but,appaiata,44,0.9835575764845602,0.9670648818082181,0.9758176282018137,0.841815672833652
grok_v01,World War I,for,appaiata,49,1.1202996587132326,0.9737950162247119,1.0801235182245277,1.041646227147691
grok_v01,World War I,which,appaiata,39,1.0112039249391984,0.9836551121162834,1.03174647461741,1.0146659667494298
grok_v01,World War I,while,appaiata,39,0.8988241030999027,0.9899619825242185,0.8599498905617747,1.021057163172584
grok_v01,World War I,at,appaiata,37,1.0654944275948868,0.9923239336799611,1.041128748111386,0.9915075146478955
grok_v01,World War I,that,appaiata,35,0.9919803422464036,1.0137015795309507,0.9742361604732953,0.8209937186640994
grok_v01,Hinduism,vocali,vocali,24952,1.076448882017148,1.0281854442698153,0.9402383033017162,0.538893130904863
grok_v01,Hinduism,spazio,spazio,10946,1.1872018800013016,0.9707890059662282,0.9729105283013925,0.45138256583699055
grok_v01,Hinduism,a,lettera,6558,1.2583445436955296,1.0201252815286581,1.0311251677389706,0.9415989708466006
grok_v01,Hinduism,i,lettera,6382,1.146165064743116,0.9792334149385867,1.0193331762937665,0.853687886543283
grok_v01,Hinduism,e,lettera,6255,1.0018479726695095,1.0324541465400665,1.0215121541534204,0.9204138366752
grok_v01,Hinduism,t,lettera,5205,1.1654701201021624,1.0150306781318086,0.9572816190634038,0.8732894675947029
grok_v01,Hinduism,n,lettera,4899,1.1410271723107681,1.0005340280876975,1.0133893198322574,0.8420756280551813
grok_v01,Hinduism,s,lettera,4709,1.0687540061855123,0.9929643255511788,1.011538084245738,0.9008382203783554
grok_v01,Hinduism,r,lettera,4378,1.1499423742447124,0.9623416666876095,1.0145388513849822,0.8515321986012497
grok_v01,Hinduism,o,lettera,3889,1.2124642397680243,0.9941712568344401,1.0220727581245186,0.983557042129928
grok_v01,Hinduism,d,lettera,2843,1.0616151184241296,0.8952490155152798,0.9215900631781171,0.8791502266449734
grok_v01,Hinduism,h,lettera,2663,1.0659745133931586,1.022552222513534,1.0361759269748338,1.0138220150961064
grok_v01,Hinduism,c,lettera,2549,1.1013435441135404,1.0321715422040283,0.9994533130959452,0.9829489871706546
grok_v01,Hinduism,l,lettera,2507,1.0203212694044288,0.990324767874994,0.9903799930526193,0.978160398071776
grok_v01,Hinduism,u,lettera,1868,1.01279093642815,1.007996969362236,0.9528698708050948,0.9354233352719471
grok_v01,Hinduism,m,lettera,1839,0.9884368596425842,0.9962217057146061,0.997340047771957,0.9805625732430534
grok_v01,Hinduism,p,lettera,1485,1.0230656040610808,1.0061620653438814,0.9927640907578258,0.9929267931872374
grok_v01,Hinduism,g,lettera,1365,0.9215455851869508,0.9459232526354701,1.0028015268030275,0.9465131592504953
grok_v01,Hinduism,y,lettera,1083,1.1737462164710728,0.928148380733003,0.9313756679418507,0.9422381085657272
grok_v01,Hinduism,v,lettera,1064,1.033067871373163,1.013927740938825,1.0372925667628716,1.0164745716785832
grok_v01,Hinduism,f,lettera,1012,1.20974852106315,0.9858946154537002,0.9791463328518978,0.9510006423082411
grok_v01,Hinduism,and,funzione,463,1.0067731628362648,0.9813468411108198,0.9809416805850152,0.7794590289319705
grok_v01,Hinduism,the,funzione,407,1.2252372986153308,1.0184666964130937,1.034804869101056,1.077900576440725
grok_v01,Hinduism,to,funzione,231,1.0171293364985323,0.9767205375198645,1.003830465192016,1.0323796626472082
grok_v01,Hinduism,in,funzione,205,1.1064501280230439,0.9683704055602128,0.9967469617472174,0.9994601851666837
grok_v01,Hinduism,of,funzione,179,1.0958575371596913,1.0045921931124302,1.0757581163118906,1.1183542917872
grok_v01,Hinduism,as,funzione,169,1.1317496754806748,1.009404055641074,0.9826527501870631,0.9214322407103064
grok_v01,Hinduism,like,keyword,97,0.9032346603915332,0.9359492569575307,0.9089060228102385,0.8354489445091318
grok_v01,Hinduism,vedic,keyword,91,1.215242435247251,0.9377432179545274,1.1417886211849055,1.2866407306331094
grok_v01,Hinduism,bce,keyword,75,1.228395255019649,0.9576847802726686,1.209457919994659,2.0210657301051302
grok_v01,Hinduism,ce,keyword,68,1.5187168055306766,1.0080063630596052,1.2855077289270598,1.8155179346561683
grok_v01,Hinduism,hindu,keyword,61,1.2468944747856108,0.9607339893062466,1.1207645433150848,1.2142250408708035
grok_v01,Hinduism,texts,keyword,47,1.0521428243359043,1.0477187613588164,1.0109052224763593,1.1270048856262989
grok_v01,Hinduism,ritual,keyword,35,0.9316034254987283,0.9481506631377307,0.9422695669471701,0.8643170016777434
grok_v01,Hinduism,from,appaiata,92,1.0227220332290619,0.987224176181743,0.9995471577181044,0.9639095732926694
grok_v01,Hinduism,or,appaiata,67,1.1953539644883222,0.9856560136972643,1.1442506886139345,1.9531367669738768
grok_v01,Hinduism,on,appaiata,63,0.960680002361574,0.922738839550412,0.9350185406814239,0.8396468265650234
grok_v01,Hinduism,by,appaiata,95,1.0359045043211166,1.0004684620201096,1.0080525683197334,1.0010046663094139
grok_v01,Hinduism,th,appaiata,47,1.1709610385803193,0.9881896841163863,1.1577423370959503,1.7071300256120776
grok_v01,Hinduism,over,appaiata,46,0.9169786439932955,0.956839595968595,0.9688940157641612,0.9474124179633351
grok_v01,Hinduism,dharma,appaiata,36,1.230904018976548,1.0064937969862615,1.083413995031299,1.3640732121322214
grok_v01,Adolf Hitler,vocali,vocali,24665,1.2344387264193564,0.9846930458774349,1.0233478140495968,0.5774607589077767
grok_v01,Adolf Hitler,spazio,spazio,11447,1.2272411150838707,1.0192217283705816,0.9665237588240262,0.46491076750241656
grok_v01,Adolf Hitler,e,lettera,7311,1.078850577859713,0.9653292658015215,1.0110494292741186,0.852429035574292
grok_v01,Adolf Hitler,i,lettera,6016,1.1240551833812482,0.9497711328034227,0.9636639312073583,0.8857760519006467
grok_v01,Adolf Hitler,a,lettera,5453,1.057107637212881,1.0074531644678597,0.9712286322350194,0.8403138684127857
grok_v01,Adolf Hitler,t,lettera,5354,1.0736643209604906,0.9856647239154436,1.002664879159532,0.8450241933028737
grok_v01,Adolf Hitler,n,lettera,5102,1.1692529599694412,0.9704244497609311,1.0094228988705487,0.8699580251827657
grok_v01,Adolf Hitler,r,lettera,4769,1.0504926301518456,1.0326109957673857,0.9570909225435158,0.8449315830551994
grok_v01,Adolf Hitler,o,lettera,4240,1.0352207184978504,1.000116158839292,1.0290016904293893,0.8827996023745972
grok_v01,Adolf Hitler,s,lettera,3954,1.0187497126293472,1.0060287303554578,0.9379961007064286,0.9793238478733501
grok_v01,Adolf Hitler,l,lettera,2937,1.136788776536581,1.0366296490850944,0.9769607280265612,0.951781180052743
grok_v01,Adolf Hitler,d,lettera,2712,1.111266357144105,0.9353457979453257,1.0007744166655927,0.876717550685465
grok_v01,Adolf Hitler,h,lettera,2429,1.2340069437649355,0.9517382119833103,0.9078269432564627,0.9509835026164227
grok_v01,Adolf Hitler,c,lettera,2216,1.169082230648021,1.0234944237610977,0.9735163193495682,0.9736627818145772
grok_v01,Adolf Hitler,m,lettera,1844,0.9526199916596767,0.9818349659045492,1.0015655670208183,0.9319866185212413
grok_v01,Adolf Hitler,u,lettera,1645,1.149591449509238,0.9425562079816171,1.0135339041259026,0.9695174290598346
grok_v01,Adolf Hitler,p,lettera,1566,1.0798646295295442,0.9730576162767198,1.0778699886076513,0.9809784580716702
grok_v01,Adolf Hitler,g,lettera,1529,1.0462788416701663,0.9804588826797168,1.0359458337572869,0.906855079638851
grok_v01,Adolf Hitler,f,lettera,1281,1.0104690078087324,1.0263195591851109,0.9918116498638954,0.9840752083047863
grok_v01,Adolf Hitler,y,lettera,1003,1.0318383941568368,0.9432316532263454,0.9682333961054138,0.9564871525327069
grok_v01,Adolf Hitler,b,lettera,853,0.9678407907755664,0.9900376647393129,0.9504615907994364,0.9593750442827419
grok_v01,Adolf Hitler,the,funzione,557,1.1710837659902413,0.9577559151914349,1.0184177680900877,0.9974168595102196
grok_v01,Adolf Hitler,and,funzione,411,1.0307842876153714,0.9349497331811119,0.8998137757264949,0.7477747843291429
grok_v01,Adolf Hitler,to,funzione,276,0.8934910718983183,0.9661861001763157,0.9950323870346066,0.9263148588759632
grok_v01,Adolf Hitler,of,funzione,266,1.1067741048303958,0.9935860719111395,1.0051439953263648,1.0301093717474952
grok_v01,Adolf Hitler,in,funzione,237,1.2274757498105129,0.9356319300955088,1.0851144539602602,1.1311549796451266
grok_v01,Adolf Hitler,by,funzione,144,1.0403348827913859,0.9506222634673756,0.9947216122868582,0.9946788573197551
grok_v01,Adolf Hitler,hitler,keyword,154,0.98174884065286,1.0011975100369623,0.9118482575124155,0.7959021910983392
grok_v01,Adolf Hitler,german,keyword,71,1.1066050487473738,1.0087902130986393,1.067581016880377,1.2274349215667928
grok_v01,Adolf Hitler,hitler's,keyword,40,1.0597243268072358,0.9473421525271152,1.0197804323892974,0.9245774462849456
grok_v01,Adolf Hitler,party,keyword,50,1.3453496949843207,0.969110211094947,1.3302391531541058,2.0431298331120598
grok_v01,Adolf Hitler,military,keyword,34,1.14116853088807,0.9426374926978465,1.125995999778158,1.3564412520434745
grok_v01,Adolf Hitler,nazi,keyword,33,1.1112999810906061,0.9973267686665802,1.1219553371900266,1.6779979184618692
grok_v01,Adolf Hitler,germany,keyword,41,1.1670256729030843,0.9857631327614441,1.1794218483089225,1.695806163717322
grok_v01,Adolf Hitler,on,appaiata,112,1.1364417220178757,1.0046454166650456,1.006020690864218,0.9478245662474789
grok_v01,Adolf Hitler,this,appaiata,58,0.8099094816855532,1.0019943687861452,0.8042514392287051,0.6830517960138364
grok_v01,Adolf Hitler,under,appaiata,39,0.944642370796695,0.9120978586277073,0.9603085894177316,0.9712971665798119
grok_v01,Adolf Hitler,that,appaiata,37,0.9392310232830899,1.0393363732950063,0.9389205761742764,0.9597694497825446
grok_v01,Adolf Hitler,was,appaiata,34,1.055453765358232,0.970656276930327,1.068542109597817,1.2932204137713865
grok_v01,Adolf Hitler,at,appaiata,30,1.0071469918998126,0.9514433158053359,0.9803353317913212,1.113892877368336
grok_v01,Adolf Hitler,amid,appaiata,29,0.899814348263513,1.0276307021882376,0.8976513432376656,0.7170549043029162
grok_v01,Rome,vocali,vocali,24798,1.2164943415638896,1.0062839684090636,1.012233540458895,0.5860786731857484
grok_v01,Rome,spazio,spazio,11445,1.3918706632921227,0.9496877693516247,0.9775168505153141,0.4719313741252249
grok_v01,Rome,e,lettera,6918,1.1757350150140606,0.9851060625587481,0.9387103492103576,0.8823838435536872
grok_v01,Rome,i,lettera,6093,1.1805232697509829,1.0521470550115646,0.9840605436889419,0.8691309913907432
grok_v01,Rome,t,lettera,5447,1.1804925956353232,0.9689991402821084,1.0138592799877608,0.8473806769723072
grok_v01,Rome,a,lettera,5425,1.185497010452328,1.0046606535658886,1.0648957408851418,0.8836088673419793
grok_v01,Rome,n,lettera,5213,1.0583174123164458,0.9688037343095282,0.9934160102712442,0.8299232361882277
grok_v01,Rome,r,lettera,4573,1.032142072873719,1.0096058970615724,0.9229857933369535,0.8530627797610598
grok_v01,Rome,o,lettera,4354,1.1769142571866347,0.9173225327414093,1.0044075652331286,0.9019232622280168
grok_v01,Rome,s,lettera,4057,1.1831680600285286,1.0473878226852273,0.9923218554708472,0.959057989318778
grok_v01,Rome,l,lettera,2970,0.9817450670495577,0.9917772784776497,1.0087767019441862,0.9575553253745224
grok_v01,Rome,c,lettera,2671,1.2056946477759956,0.9359481854598872,1.05921922260709,0.9627269532024736
grok_v01,Rome,d,lettera,2429,1.1369700667425948,0.9737975147570062,0.9951032917372444,0.91532296947636
grok_v01,Rome,u,lettera,2008,1.1514160860652891,0.9992475434209384,0.9965779142965555,0.9652632960250448
grok_v01,Rome,h,lettera,1957,1.1365045532080713,1.0245485181882792,0.9886189310280366,0.9883322540083246
grok_v01,Rome,m,lettera,1823,0.9932172165429753,0.946150329778774,0.9844867651350567,0.9800168037629223
grok_v01,Rome,p,lettera,1660,1.1165234253202727,0.9662738346552441,0.9877705241851215,1.0112397912810778
grok_v01,Rome,g,lettera,1467,1.1436782810391324,0.9828990646580801,0.9785325060783582,0.9803100650936082
grok_v01,Rome,f,lettera,1166,0.9061470388709991,0.9989149814043733,0.9872801258991272,0.9641570446173064
grok_v01,Rome,y,lettera,960,1.038210796622144,0.9778103075810659,0.95690081055189,0.9433862657168999
grok_v01,Rome,b,lettera,901,1.0995291526584128,0.9733003944336577,1.0386084743549981,1.0234430048890286
grok_v01,Rome,the,funzione,567,1.349875833354277,0.994899873262737,0.9988764534642277,1.1219565792657684
grok_v01,Rome,and,funzione,474,0.9514675961828458,0.92164585732309,0.9864561709119619,0.7561339996336832
grok_v01,Rome,in,funzione,266,1.0675923268750038,0.9849761036004602,1.0479470643775717,1.0444797660033653
grok_v01,Rome,of,funzione,213,1.1516444373159025,0.9679983542543195,1.0173677802729844,1.1067897793045751
grok_v01,Rome,to,funzione,202,1.0338202115754365,0.9601269705790733,0.9853114572345801,0.8968958830747472
grok_v01,Rome,with,funzione,139,0.8132036805148883,1.0299022787235959,0.8210301679346316,0.6459925937214713
grok_v01,Rome,rome,keyword,148,1.0237339742596954,0.9932855421371757,0.9932818850182881,0.942125258476659
grok_v01,Rome,bc,keyword,62,1.6676192414417672,0.9232389124333742,1.616017067245054,5.427293430749326
grok_v01,Rome,like,keyword,59,1.0332454166101754,1.0001147402337158,0.9884409651841951,1.0122605015191337
grok_v01,Rome,rome's,keyword,57,0.907621639668971,0.9992786250799318,0.962280225057016,0.8319703748757035
grok_v01,Rome,century,keyword,52,1.1293532646454447,1.0338876352787307,1.1030739267844594,1.5810663992329457
grok_v01,Rome,urban,keyword,47,0.960077198697937,0.9679551966987329,0.9160493623402909,0.8572689755980369
grok_v01,Rome,including,keyword,40,0.9171185465171331,0.9902241389229655,0.915729828406009,0.8181265868746023
grok_v01,Rome,on,appaiata,74,1.067130567119552,0.9717718925101916,1.0786797479061958,1.1873466102307517
grok_v01,Rome,for,appaiata,71,1.007974015154002,1.014267221823151,0.9481702779015366,0.8880981928375298
grok_v01,Rome,over,appaiata,44,0.9703087115952377,0.9252077715856587,1.005221219858066,0.9013396669008077
grok_v01,Rome,th,appaiata,47,1.0689195325806675,0.9873004116281073,1.0616773863885245,1.537214472210921
grok_v01,Rome,under,appaiata,40,1.091221162690747,0.9837127743728722,1.079743293297032,1.3431453137475027
grok_v01,Rome,city,appaiata,72,1.0192025183899156,0.9511287083381231,0.9523878118160795,0.9348266550764908
grok_v01,Rome,city's,appaiata,33,0.9889921697551793,0.9903724553688033,0.9368122530313415,0.8226427533880522
grok_oggi,Industrial Revolution,vocali,vocali,24463,1.1169334647563105,0.9956614888130071,1.0190525447712149,0.5736916673121749
grok_oggi,Industrial Revolution,spazio,spazio,10932,0.9829647477094071,0.9904099936087579,0.9925854786569616,0.469576502510812
grok_oggi,Industrial Revolution,e,lettera,6801,0.943397931508775,0.9952460887124562,1.001471753273509,0.8972953224549189
grok_oggi,Industrial Revolution,i,lettera,5998,1.0777356958810702,0.9397331728348463,1.0123252518009762,0.8697602882157037
grok_oggi,Industrial Revolution,t,lettera,5501,1.0379065004745494,1.0174388750089893,0.9356539151395166,0.8166292540551876
grok_oggi,Industrial Revolution,n,lettera,5381,1.162573238916379,1.0107625356805758,1.0192922303199987,0.839629107866252
grok_oggi,Industrial Revolution,a,lettera,5174,1.0684867172534944,0.9996567504398438,0.9540123003859128,0.8892096287207589
grok_oggi,Industrial Revolution,r,lettera,4680,1.0192931420352895,0.9786217107274501,0.9382148466071225,0.8280865483313679
grok_oggi,Industrial Revolution,o,lettera,4547,1.0227931628606857,0.9834595325323493,0.9567964780222856,0.8883147962248565
grok_oggi,Industrial Revolution,s,lettera,4057,1.1192720292675788,0.9398241577775419,0.87901892327522,0.9157827397306949
grok_oggi,Industrial Revolution,l,lettera,3031,0.9873421853666569,1.0142894010782435,0.9871724784966683,0.9476843751536114
grok_oggi,Industrial Revolution,d,lettera,2776,1.1027637148868132,0.9949390864566809,0.8915693708625986,0.866640557501296
grok_oggi,Industrial Revolution,c,lettera,2454,1.1175852088450027,1.0277819772876915,1.0104079301901103,0.9475067042620423
grok_oggi,Industrial Revolution,h,lettera,1972,0.9909634264478419,0.9348228555354142,1.0009567279486824,0.9846398305066385
grok_oggi,Industrial Revolution,u,lettera,1943,0.8983802882232653,1.0155680072393294,1.016200179064504,0.9783115396290765
grok_oggi,Industrial Revolution,m,lettera,1695,0.9935134967605516,0.9364035888421646,0.9457682453831513,0.8815989856696272
grok_oggi,Industrial Revolution,p,lettera,1644,0.9956512093877746,0.9952542829203809,0.9517707078531915,0.9746810077126715
grok_oggi,Industrial Revolution,g,lettera,1553,0.9945455574748144,0.9849468859858662,1.0025138824752295,0.9141585874849005
grok_oggi,Industrial Revolution,f,lettera,1242,0.9822261751903956,1.0400983708314204,1.024699467348882,0.9283316418489242
grok_oggi,Industrial Revolution,y,lettera,985,1.1306429794471053,1.0276937201587149,1.031490143670627,0.9647477362232976
grok_oggi,Industrial Revolution,b,lettera,924,1.0509791769933825,0.937357011716112,0.9738413632214223,0.8962850846426275
grok_oggi,Industrial Revolution,and,funzione,439,1.0729067356041069,0.9916805808167397,1.000359289031177,0.8460492676286637
grok_oggi,Industrial Revolution,the,funzione,378,1.0153389566739286,0.983319045161954,0.9849534068828346,0.9194689923964472
grok_oggi,Industrial Revolution,in,funzione,306,1.0156344140843738,1.0138160091677093,0.9810904652124686,0.8534551393945327
grok_oggi,Industrial Revolution,to,funzione,236,1.0247580566596344,1.0094794870508483,0.9578707420622662,0.9170241695952258
grok_oggi,Industrial Revolution,of,funzione,209,1.0920098908873717,1.030569131916516,1.0066927538474235,1.0398182661226467
grok_oggi,Industrial Revolution,by,funzione,199,1.1036311859188603,0.9920529618482051,0.9973681586736038,0.9597857326467494
grok_oggi,Industrial Revolution,industrial,keyword,74,0.964159208192111,0.9374729084157053,0.9538541130585312,0.900860068898369
grok_oggi,Industrial Revolution,like,keyword,66,0.9636455487002071,1.0172148695568588,0.9557476535941709,0.8119944460737496
grok_oggi,Industrial Revolution,production,keyword,48,1.123487630153295,1.0346045111800473,1.148132987104402,1.364228709193669
grok_oggi,Industrial Revolution,iron,keyword,47,1.4108818623457355,1.0208405305360897,1.2204400173736456,1.8496983707642216
grok_oggi,Industrial Revolution,labor,keyword,47,1.1802306779520024,0.9852518063215022,1.0570983634091304,1.308182249462315
grok_oggi,Industrial Revolution,million,keyword,38,1.0904157795259584,1.014037053807738,1.12080150252929,1.6216866957938745
grok_oggi,Industrial Revolution,revolution,keyword,46,0.994374430028595,0.9919910595535321,1.0098044400705775,0.973466967946373
grok_oggi,Industrial Revolution,that,appaiata,60,1.0296022241228637,1.0028940319205402,1.0175753109145351,0.9995252993740076
grok_oggi,Industrial Revolution,as,appaiata,80,0.9889702990186826,0.9611749029158109,1.0004315105125074,0.9936820494808354
grok_oggi,Industrial Revolution,on,appaiata,48,1.0178805746687762,0.9924676410783727,1.0072997672116089,0.8943943455054054
grok_oggi,Industrial Revolution,per,appaiata,42,1.0008217750235837,1.0259142590320438,0.9880771706195365,0.9202695220786883
grok_oggi,Industrial Revolution,which,appaiata,38,0.9592887949656643,0.9727137913393159,0.9673863350800108,0.8223583169459056
grok_oggi,Industrial Revolution,these,appaiata,36,0.9134145654877446,0.9319515439868247,0.9095681602037903,0.8556646232559163
grok_oggi,Industrial Revolution,factory,appaiata,36,1.1069534987816492,0.9401206547491449,1.10316123523503,1.2873516869260488
grok_oggi,Protestantism,vocali,vocali,24622,1.059089943440392,0.9129119871982492,1.0864570456036124,0.5612505780059093
grok_oggi,Protestantism,spazio,spazio,10899,1.1696490254603533,0.9620914085164758,0.9598736574928277,0.48862126951351487
grok_oggi,Protestantism,e,lettera,6996,1.0113791824220437,0.9893545364031334,1.019488601363813,0.856923416369477
grok_oggi,Protestantism,i,lettera,6310,1.0737169608362243,0.967117633180044,0.9785827160788424,0.8512709005087596
grok_oggi,Protestantism,t,lettera,5697,1.146862559818534,0.9803754973337916,1.033404767240629,0.8612075016205796
grok_oggi,Protestantism,n,lettera,5279,1.149822553510214,1.0005298136860785,1.0261929183857716,0.8434190185269427
grok_oggi,Protestantism,a,lettera,5209,0.9946994333838663,0.9095246358661954,0.9050862286287081,0.8473480370427813
grok_oggi,Protestantism,s,lettera,4637,1.1628179145847104,0.9844640506277947,0.9600765925959021,0.914211719534845
grok_oggi,Protestantism,r,lettera,4517,1.0505915152535883,1.0131141306946008,0.9703703522847453,0.8291493993464685
grok_oggi,Protestantism,o,lettera,4426,1.0605805187995525,0.9984402121671726,0.9254289493731509,0.8932021803065576
grok_oggi,Protestantism,l,lettera,2850,1.0323532088268954,0.9605961749748934,0.949781602765928,0.9568440518578298
grok_oggi,Protestantism,c,lettera,2753,1.0543506193337038,1.011869324471234,0.932778471034632,0.9106947318905384
grok_oggi,Protestantism,h,lettera,2532,1.0168371845948374,1.021578941507653,1.042489184496825,0.9492014158683834
grok_oggi,Protestantism,d,lettera,2418,0.895257663770444,0.9987317534101409,1.005146898394694,0.8873651574666968
grok_oggi,Protestantism,m,lettera,1749,1.1714685470258959,0.9444828187362271,0.9967125197731229,0.9863931638297015
grok_oggi,Protestantism,u,lettera,1681,1.0505189454419843,0.9856689943393263,1.000875440765691,0.9374159827855749
grok_oggi,Protestantism,p,lettera,1539,1.090432045410997,0.9516520415111046,0.9905117518635596,1.003400583790651
grok_oggi,Protestantism,g,lettera,1486,1.0916582858410389,0.9712883488288254,1.0047173573466632,0.9038479124950773
grok_oggi,Protestantism,f,lettera,1297,0.9709871240675794,0.9149483502525299,0.9914211278433012,1.0159260670327315
grok_oggi,Protestantism,y,lettera,939,1.1030350165559004,1.044745171288015,0.9886369897574987,0.9453359798265607
grok_oggi,Protestantism,b,lettera,867,1.129767650124358,0.9518881527972374,0.9640670003792188,1.0097211759937625
grok_oggi,Protestantism,the,funzione,503,1.1164138445517076,1.0075204328720677,0.9471248098298314,0.9982826775451715
grok_oggi,Protestantism,and,funzione,402,1.0648553966297907,0.9891770574484621,1.027743299278631,0.744360159183875
grok_oggi,Protestantism,in,funzione,298,1.1557181798715885,1.0130570292132477,0.9553071713468567,0.9430630606219422
grok_oggi,Protestantism,of,funzione,292,1.0142896481508898,1.0089207044099673,1.0503062226144662,0.9418807259162376
grok_oggi,Protestantism,to,funzione,207,1.0341366886899577,0.9885332990161766,1.0007512727361705,0.9242894496608354
grok_oggi,Protestantism,by,funzione,161,0.9367682394477863,0.9893632561276262,0.979763304553487,0.948138824609007
grok_oggi,Protestantism,church,keyword,77,1.0883153302262214,1.050985821163814,1.094333920611902,1.265209406725943
grok_oggi,Protestantism,protestant,keyword,66,0.9973400995014304,1.0404721814060551,0.9505840661389571,0.9962637510094889
grok_oggi,Protestantism,faith,keyword,57,1.1625396395985608,0.9369298339101063,1.0642153680060131,1.158462799954015
grok_oggi,Protestantism,like,keyword,53,0.8941855016462251,0.9481625214799004,0.9105174148038664,0.8711419603767023
grok_oggi,Protestantism,catholic,keyword,38,1.1277572972663417,1.0181904363391545,1.0988242530633683,1.1462229045706605
grok_oggi,Protestantism,alone,keyword,37,1.3434958265614492,0.9922367798469908,1.2080056900547136,1.7112666944832635
grok_oggi,Protestantism,authority,keyword,33,0.9344012327598606,1.032923596984499,0.9566751079901215,0.8246836526087528
grok_oggi,Protestantism,for,appaiata,65,1.1164806285830726,0.9618533572130236,1.057895278949371,1.0921681111252164
grok_oggi,Protestantism,on,appaiata,64,0.9865487143678797,0.9505405309142555,0.9779849581912435,0.9452423891348604
grok_oggi,Protestantism,over,appaiata,57,1.0051904383711547,0.9081793737937565,0.9754888250584274,0.8855634815222113
grok_oggi,Protestantism,or,appaiata,55,1.155741380076197,0.9415496715314111,1.1434592606757772,1.1923141563560415
grok_oggi,Protestantism,his,appaiata,37,1.112084176207622,0.9981232178786641,1.0845689869813786,1.1722320637569317
grok_oggi,Protestantism,while,appaiata,33,0.9275752419484294,0.9726421277713202,0.910563599747645,0.7615644561553258
grok_oggi,Protestantism,sola,appaiata,29,1.3836323802723576,1.0078891766668459,1.1862114584576908,1.7033143424220634
grok_oggi,Sigmund Freud,vocali,vocali,25515,1.3729155194074785,0.9685126876789455,0.9341167152348996,0.5453633638351328
grok_oggi,Sigmund Freud,spazio,spazio,10682,1.3682464652626412,0.9959775256658717,1.0147737717032108,0.4914330792289755
grok_oggi,Sigmund Freud,e,lettera,7676,1.0645320620293919,1.0153379217259875,0.9936133105014423,0.8481665915440363
grok_oggi,Sigmund Freud,i,lettera,6094,1.0397090818498718,0.9730548161668953,0.9489387173517262,0.8322366867076492
grok_oggi,Sigmund Freud,t,lettera,5321,1.1533246314952348,0.9699087111672892,1.0518028113393714,0.8576398106062165
grok_oggi,Sigmund Freud,s,lettera,5072,1.3113031476379593,0.9691221661883899,1.0465907658192064,0.930037960106539
grok_oggi,Sigmund Freud,a,lettera,5046,1.0820956272743003,0.940228906324189,0.965840313177427,0.8874554901290347
grok_oggi,Sigmund Freud,n,lettera,5033,1.0776074081544373,0.999776914354851,0.9699601868828789,0.8379336927304256
grok_oggi,Sigmund Freud,o,lettera,4568,1.1440344950598487,0.9946047637257949,1.0224517093283538,0.8773366751522002
grok_oggi,Sigmund Freud,r,lettera,4540,0.9482275844320527,0.9739818934567124,0.97794196123633,0.8530092281756274
grok_oggi,Sigmund Freud,c,lettera,2834,1.1339640731438367,0.9498188426015144,0.9657402895667521,0.963355370008294
grok_oggi,Sigmund Freud,l,lettera,2745,1.1475442088888963,1.0057706149543348,0.9624000056567595,0.9295665462743431
grok_oggi,Sigmund Freud,d,lettera,2651,1.231400173803464,0.9954229866915698,0.943459303597087,0.9223318250214408
grok_oggi,Sigmund Freud,h,lettera,2357,1.0798572701555498,0.9532553382949994,1.0041795682846357,0.9723404809148021
grok_oggi,Sigmund Freud,u,lettera,2131,0.8031990011137685,0.9801509376219751,1.0115102277999173,0.8885487164503453
grok_oggi,Sigmund Freud,p,lettera,1713,1.0604207576910907,0.9504200917252908,0.9738711590579299,0.9454133848785907
grok_oggi,Sigmund Freud,m,lettera,1591,1.1029497828365342,0.9902850310290908,0.9993788392281634,1.0073828080203475
grok_oggi,Sigmund Freud,f,lettera,1578,1.0303603476196628,1.0039920464956804,1.007974184178291,0.9435359762448613
grok_oggi,Sigmund Freud,g,lettera,1370,1.060887992983572,1.016750854671192,1.0139883729476658,0.9489798162445923
grok_oggi,Sigmund Freud,y,lettera,1175,1.106844774366293,1.0139838868258402,0.9458839598121066,0.9571430937199484
grok_oggi,Sigmund Freud,v,lettera,786,1.1156905488586006,0.9974857072882645,0.9917260770012096,0.9443763867561785
grok_oggi,Sigmund Freud,the,funzione,372,1.3005196483537522,0.8831114196576776,1.1055999095087758,1.1521732244367635
grok_oggi,Sigmund Freud,and,funzione,301,1.1571607769091565,0.9913469615482274,1.0097298310090037,0.8789063847188342
grok_oggi,Sigmund Freud,to,funzione,263,0.9408586039989315,0.9621334806742269,0.9285998206909404,0.9323609079943411
grok_oggi,Sigmund Freud,in,funzione,253,1.2417411070322886,1.0004903724425736,1.060023744269599,1.0387713911422116
grok_oggi,Sigmund Freud,of,funzione,238,1.0871536868586638,0.97107829944157,1.1807097824138904,1.1591531850380623
grok_oggi,Sigmund Freud,as,funzione,165,0.8897306243728912,1.0198785701512596,0.906585984627993,0.8436330833222172
grok_oggi,Sigmund Freud,freud,keyword,229,1.0580738852875529,1.0369020828163362,0.782654915583386,0.6934307654333196
grok_oggi,Sigmund Freud,freud's,keyword,97,1.028961585464906,0.9485338063112542,0.9585001179863722,0.92756382444999
grok_oggi,Sigmund Freud,like,keyword,49,1.0428480505084365,1.0394930750425326,1.0212945346415094,1.130423155559169
grok_oggi,Sigmund Freud,unconscious,keyword,49,1.2264382674859542,1.0416380309786206,1.1354689663707445,1.7150995552717252
grok_oggi,Sigmund Freud,rather,keyword,33,1.0252111407444706,1.084885389955986,1.0280723136634895,0.8980783401171866
grok_oggi,Sigmund Freud,sexual,keyword,29,1.0025820728149228,1.0285413956161504,0.9950825246487085,0.8113097081954085
grok_oggi,Sigmund Freud,symptoms,keyword,29,1.1936864627783301,1.0761710892864407,1.165407088719057,1.466499311103286
grok_oggi,Sigmund Freud,from,appaiata,114,1.0827585356825506,0.9645012954376718,0.9980094809329211,1.0086899643776661
grok_oggi,Sigmund Freud,his,appaiata,94,1.3564729539267093,0.9637557163218582,1.2026829769950702,1.3616681637069048
grok_oggi,Sigmund Freud,this,appaiata,50,0.9015278490075728,1.0031313107242896,0.8923039717464856,0.7895149093795192
grok_oggi,Sigmund Freud,he,appaiata,52,1.1497425954526175,0.9882120013182915,1.094191268236264,1.4405437419074976
grok_oggi,Sigmund Freud,but,appaiata,35,1.0765340312032423,1.0188359936303668,1.062741139476471,0.8666440167767745
grok_oggi,Sigmund Freud,psychoanalytic,appaiata,29,1.1319899599776027,0.9676095100127187,1.0050265903655244,0.8393110568893984
grok_oggi,Sigmund Freud,over,appaiata,29,1.0086622848972673,1.0234242785451662,1.002688471570578,0.9681646810197811
grok_oggi,Christianity,vocali,vocali,23991,1.4508303582902486,1.0203336968950156,1.1148923654984773,1.0332995151453555
grok_oggi,Christianity,spazio,spazio,11120,1.2159452244735771,1.05952631472021,0.9619476263854878,0.4874968563771245
grok_oggi,Christianity,e,lettera,7358,1.1893306204412906,0.983930486027417,1.0146808084267094,1.0108841612049695
grok_oggi,Christianity,i,lettera,5744,1.2817012784968458,1.0039384653587877,0.9730021332978839,1.0035485126364272
grok_oggi,Christianity,t,lettera,5229,1.4103898073155166,1.0070935916200692,0.982006291566239,1.0727616088925502
grok_oggi,Christianity,a,lettera,5101,1.1904917474640382,0.9260615122627218,1.0036199200628613,0.9411556668739205
grok_oggi,Christianity,n,lettera,4622,1.1058339872793184,0.9900967340855605,0.9931482494239724,0.9329056101213035
grok_oggi,Christianity,s,lettera,4278,1.2860519447546206,1.0259583384709563,1.0840118674791865,1.016613599223171
grok_oggi,Christianity,o,lettera,4123,1.2028745822324858,0.9450192906471941,1.0341106131075726,0.9970845731387057
grok_oggi,Christianity,r,lettera,4111,1.2535476923538154,0.9676506220930433,1.008239597825112,0.9450857528676988
grok_oggi,Christianity,h,lettera,2943,1.1580738354815896,0.9951743961939843,1.102987459230082,0.9628923774023229
grok_oggi,Christianity,l,lettera,2625,1.1600572587520726,0.9795243867736937,0.9705854832705878,1.0396403044148508
grok_oggi,Christianity,d,lettera,2506,1.2113847347058895,1.0199964985446037,1.008885228332656,0.9785891132541981
grok_oggi,Christianity,c,lettera,2500,1.195014257650114,0.9760960003465721,0.9686703041172725,1.019602237793822
grok_oggi,Christianity,u,lettera,1665,1.1326155750589546,0.996947277051652,0.9687320865483708,1.0155156586145768
grok_oggi,Christianity,m,lettera,1494,1.088449301436479,1.0021784517069148,0.9659935597291379,0.9891884422514194
grok_oggi,Christianity,g,lettera,1438,1.0970358068799153,1.017888472291601,0.9956686906202027,0.9880726017036213
grok_oggi,Christianity,p,lettera,1351,1.192815455877632,0.9911656983063338,0.9945572235379722,1.1557912658386063
grok_oggi,Christianity,f,lettera,1154,1.1706183276762938,0.9625887003736144,1.0083441495926075,0.9573666889437579
grok_oggi,Christianity,y,lettera,934,1.1249118131307345,1.0272231118333313,1.0133800496083707,1.0690328663923674
grok_oggi,Christianity,w,lettera,790,1.1560638275751558,1.0080485263881795,1.0114751938855882,0.982256658239691
grok_oggi,Christianity,the,funzione,644,1.1969160249591377,1.0251546227572026,1.0238412786028472,1.0231813792573596
grok_oggi,Christianity,of,funzione,408,1.1185901090672385,1.0018023107274143,1.074340883594762,1.018896120499935
grok_oggi,Christianity,and,funzione,394,1.0378506988835519,0.9762980158457303,1.032933240360627,0.8831404730481692
grok_oggi,Christianity,in,funzione,264,1.0241582736080839,0.9813099543253069,1.013220528703904,0.9937591933081156
grok_oggi,Christianity,to,funzione,184,1.1241256414737133,0.9980900395247834,1.0610635336602254,1.0663563766300899
grok_oggi,Christianity,as,funzione,153,1.0633384615151722,1.016771053880148,1.0059896271967619,1.0491397284707575
grok_oggi,Christianity,jewish,keyword,93,1.357720216324719,1.0120452287962178,1.2878453716830356,1.6056748434559294
grok_oggi,Christianity,ad,keyword,83,1.388011153544605,0.9419833614973304,1.3400832549459356,4.2635545303640425
grok_oggi,Christianity,hebrew,keyword,82,1.246366533576201,0.9370090803823127,1.1624127615202167,1.5566859626091563
grok_oggi,Christianity,greek,keyword,74,1.3546287667640473,1.0493383818993562,1.278633060141867,1.4528180802064172
grok_oggi,Christianity,jesus,keyword,57,1.3128273066489624,0.971540814323275,1.2886409472796583,1.6675508991183976
grok_oggi,Christianity,temple,keyword,46,1.2806110294086959,1.0011780629308196,1.2358238240146044,1.453310406557991
grok_oggi,Christianity,christianity,keyword,51,1.166759209651543,1.0213796082861701,1.1503179802784247,1.2509272785512906
grok_oggi,Christianity,by,appaiata,90,1.160648820884696,0.96835433580702,1.090895939861307,1.1430111553132363
grok_oggi,Christianity,with,appaiata,91,1.0184770027037875,0.9869211672098008,0.9918862623404215,0.9517945866984235
grok_oggi,Christianity,this,appaiata,66,1.06209287986914,0.9968569112474297,1.0400799199258752,0.9533793261710677
grok_oggi,Christianity,from,appaiata,61,1.1160575194802236,1.0441551194242322,1.0660337014102381,1.0560870217158977
grok_oggi,Christianity,his,appaiata,59,1.04560008280179,0.9915945940821768,1.0138778852333705,1.1707287286528318
grok_oggi,Christianity,was,appaiata,44,1.207886702001263,1.0394058052325466,1.1082198502000442,1.2258517684881538
grok_oggi,Christianity,he,appaiata,42,1.2868728717675004,0.9695856275696872,1.2637893160826243,1.4574212651570164
grok_oggi,Judaism,vocali,vocali,24857,1.2238973753463478,1.006491618385158,1.0324503927079791,0.7173431782599958
grok_oggi,Judaism,spazio,spazio,11058,1.2453326737548807,0.9351860683551387,0.9625113073650541,0.4835272949454451
grok_oggi,Judaism,e,lettera,7211,1.0189500557791042,1.0484039190073695,1.0003615902392617,0.8747468707693107
grok_oggi,Judaism,i,lettera,5970,1.1458428667633918,0.9965216014146886,0.9770176425588804,0.9442815140043692
grok_oggi,Judaism,a,lettera,5617,1.215651335519605,0.9722485972769525,0.9284188493158964,0.899055896772385
grok_oggi,Judaism,t,lettera,5393,1.0625604607528738,1.002601626953916,0.933778115686037,0.9220682428573076
grok_oggi,Judaism,n,lettera,4785,1.0443060608515968,1.001971724906255,0.9964851737180593,0.8901333155153162
grok_oggi,Judaism,o,lettera,4391,1.096076627631555,0.935804839327671,1.0226683200609703,0.916387123007603
grok_oggi,Judaism,r,lettera,4226,1.0660402779874962,0.9805258066084098,0.9938741575442244,0.8888667673494389
grok_oggi,Judaism,s,lettera,4104,1.1361562300967392,0.9774331272077807,0.9865595922421707,0.9776336052502611
grok_oggi,Judaism,l,lettera,2917,1.0265185829824177,1.0046831077482696,1.0157466759770335,1.0035841437907131
grok_oggi,Judaism,h,lettera,2812,1.0501090745870858,1.0126220192208117,1.0410371554220876,0.9342539018989414
grok_oggi,Judaism,c,lettera,2569,1.2018557822356681,0.9406550698184984,1.0586182425962074,0.9886502106398082
grok_oggi,Judaism,d,lettera,2397,1.221716628999146,0.9268009204144633,1.0327485750796839,0.9456482154492837
grok_oggi,Judaism,u,lettera,1668,1.031905272979282,0.9254451458614112,0.9807360926440888,0.9677748479386575
grok_oggi,Judaism,m,lettera,1667,1.1278718112723494,1.0084595086928625,0.9534066026807925,1.0162934749716315
grok_oggi,Judaism,g,lettera,1386,0.9647146659317264,1.0150812100071624,0.9725434788935177,0.9375166010045615
grok_oggi,Judaism,p,lettera,1378,1.1695057963913533,0.9803874587243574,1.0485039630165212,1.0811765422335724
grok_oggi,Judaism,f,lettera,1087,1.0445365376791633,1.0275080328057893,1.0057544646429974,0.9232625550599032
grok_oggi,Judaism,b,lettera,1014,1.0556355324303064,0.8961773990344506,1.0031492408768494,1.1284241891494708
grok_oggi,Judaism,y,lettera,922,1.1750719204721443,0.9376881661583947,0.9721900518185974,1.0113583249408165
grok_oggi,Judaism,the,funzione,679,1.126970758415225,1.03854916172553,1.0771959843696561,1.1066657437526843
grok_oggi,Judaism,of,funzione,377,1.1172295272452188,1.0149523124878472,1.1177116379378733,1.0916166284941644
grok_oggi,Judaism,and,funzione,376,1.1935449995525718,0.9783094314515192,1.0085426070412102,0.983226911807742
grok_oggi,Judaism,in,funzione,238,1.0548119729868755,0.9398000630049701,1.0878599046503947,1.0561225264129843
grok_oggi,Judaism,to,funzione,204,1.0849570994454738,0.9500486932983684,0.9435034245620565,0.919724789311659
grok_oggi,Judaism,as,funzione,176,1.0457207320708635,1.0245124340195597,0.9815572790044146,0.9432129542653126
grok_oggi,Judaism,bce,keyword,92,1.274063051505265,0.9755719739312646,1.255536306888376,1.9791263589727364
grok_oggi,Judaism,jewish,keyword,52,1.3325519707001652,1.0627925168856964,1.276779938413209,1.7749451713846467
grok_oggi,Judaism,covenant,keyword,51,1.3708669400214823,0.9361785816939877,1.2101004522080452,1.58692430061348
grok_oggi,Judaism,israel,keyword,44,1.106828061791377,1.002896114960808,1.1187204686527037,1.1330666624132362
grok_oggi,Judaism,traditions,keyword,34,1.1900856115731424,0.9798223432553096,1.0528466707214976,1.2051722389520305
grok_oggi,Judaism,divine,keyword,33,1.0273605055469988,0.9766360482857758,0.990098737860926,0.9911353829873634
grok_oggi,Judaism,like,keyword,34,1.1067649475176113,0.9837909713187104,1.1026323426750608,1.0800793842031216
grok_oggi,Judaism,from,appaiata,86,1.1186895070359308,1.0497315272565981,1.0919063944076752,1.1735975805836505
grok_oggi,Judaism,for,appaiata,50,1.0043657655947125,1.0028256425355029,0.9875978169783588,0.8698328105484243
grok_oggi,Judaism,by,appaiata,61,0.8346756082244632,0.9954837960117752,0.8639267130077407,0.7900972939652411
grok_oggi,Judaism,into,appaiata,34,1.0153076501640024,0.9467412637960392,0.9727151390242875,0.8085741013419656
grok_oggi,Judaism,is,appaiata,33,1.121216287609945,1.018287876779339,1.130819221901243,1.1229229221512949
grok_oggi,Judaism,these,appaiata,31,1.0222795871552204,0.9641304121888933,1.0292300517537465,1.1804560638428003
grok_oggi,Judaism,while,appaiata,31,0.9134163518844912,0.9838225567301668,0.9096264053436202,0.8442863541480762
grok_oggi,Roman Empire,vocali,vocali,25383,1.1560510522982386,1.0166686094702375,1.0218098521702315,0.5335725649020089
grok_oggi,Roman Empire,spazio,spazio,11385,1.182587252756522,0.9813829495085654,0.9644664011763692,0.4792416488849802
grok_oggi,Roman Empire,e,lettera,7418,1.127495312474027,0.9494271183197286,0.9820590874952329,0.8631515738229933
grok_oggi,Roman Empire,i,lettera,6113,1.170168200243499,0.990040642639483,0.9784373323284558,0.8748941681232991
grok_oggi,Roman Empire,a,lettera,5588,1.036137180906848,0.970940993722793,0.9928183281021102,0.8519400008891426
grok_oggi,Roman Empire,t,lettera,5250,1.0374842571077487,0.975110337788431,1.0137275947176454,0.8465125459904632
grok_oggi,Roman Empire,n,lettera,5131,1.0907286944803505,0.9534318952177873,1.0541684041905504,0.8373006129769407
grok_oggi,Roman Empire,r,lettera,4974,1.199800056883429,0.9313630309544467,0.9979305899387806,0.8764028181113838
grok_oggi,Roman Empire,s,lettera,4410,1.1168405971553705,0.9965034709121522,0.9363454338941576,0.9341306156640581
grok_oggi,Roman Empire,o,lettera,4142,1.133569748220206,0.9988894516546235,0.9492023031837286,0.910895826737789
grok_oggi,Roman Empire,d,lettera,2915,1.208861782622831,1.0226942358531665,1.0091044383645278,0.860584305205888
grok_oggi,Roman Empire,l,lettera,2802,1.205781388616954,0.9725534363119234,1.0063708401774496,0.9247166579251214
grok_oggi,Roman Empire,c,lettera,2344,1.2048207415627703,0.9758149246314817,1.0179887875001097,0.9431306453823343
grok_oggi,Roman Empire,u,lettera,2122,1.182467939003395,0.9507752321310582,0.9991978698225606,1.010700558788378
grok_oggi,Roman Empire,h,lettera,1886,1.1828497565033413,0.9792740185507097,0.9633679561808512,0.9632380011998812
grok_oggi,Roman Empire,m,lettera,1788,1.011971029877828,0.9303330097981625,1.0120179193978003,0.9366780301504308
grok_oggi,Roman Empire,p,lettera,1564,1.143834786096263,1.0084734165192915,0.8905775789248663,1.01371005090947
grok_oggi,Roman Empire,g,lettera,1412,1.0323555009604615,0.9839830992697348,0.9268346095302862,0.8839199873401415
grok_oggi,Roman Empire,f,lettera,1210,1.043215300335461,0.9414018954537897,0.9785420884081845,1.0063644606136097
grok_oggi,Roman Empire,y,lettera,907,1.0640030334642736,0.9399307061989354,0.9630333135649402,0.9928985546091945
grok_oggi,Roman Empire,b,lettera,860,1.0096203038706466,0.9892688760739734,0.9685093947459062,0.9230073940591584
grok_oggi,Roman Empire,the,funzione,537,1.2938244946559119,0.9868212152645484,1.0915489348458036,1.0937313696637743
grok_oggi,Roman Empire,and,funzione,465,1.1749410124690345,0.9737854824171724,0.9975493018602005,0.8367650124627857
grok_oggi,Roman Empire,in,funzione,273,1.005262975216957,1.003417334473457,0.9945878901629476,0.9860446601267376
grok_oggi,Roman Empire,to,funzione,246,0.9945079409273968,1.0031745226935593,0.9346000973449264,0.9098018674366078
grok_oggi,Roman Empire,of,funzione,217,1.1295018871430038,0.9857936227216522,1.0998214962086634,1.1153464110823244
grok_oggi,Roman Empire,by,funzione,138,0.9728987461333932,0.972103280350062,0.8759251012680025,0.800570987650153
grok_oggi,Roman Empire,ad,keyword,159,1.4922899203165925,1.0033299099356123,1.300720721645974,1.9481432597013173
grok_oggi,Roman Empire,like,keyword,77,0.8977307915055702,1.0016006273139206,0.8941206099243555,0.7978921607291635
grok_oggi,Roman Empire,roman,keyword,61,1.0801922270745485,0.989978279625154,1.0687932881237285,1.0226326826662593
grok_oggi,Roman Empire,military,keyword,49,1.1398475312518515,0.9806321093017955,1.0751448064772415,1.0880926845677827
grok_oggi,Roman Empire,imperial,keyword,40,1.0972462922871742,0.9845535979986666,1.0931677874111516,1.0669896902414864
grok_oggi,Roman Empire,empire,keyword,70,1.007732527825163,0.9857182258136966,1.0487337220217265,1.0892918710124755
grok_oggi,Roman Empire,bc,keyword,33,1.234195323010379,0.9697663678222672,1.1535688529980654,2.131852005112728
grok_oggi,Roman Empire,with,appaiata,123,0.9151959524742522,1.0269037975630066,0.8872936270634159,0.7990932097500478
grok_oggi,Roman Empire,on,appaiata,80,1.105111273651869,0.9819819759071166,1.0750745273640747,1.2525969413925715
grok_oggi,Roman Empire,under,appaiata,59,1.0220503702926924,0.9649647291572131,0.9901801703295451,1.084295841783941
grok_oggi,Roman Empire,at,appaiata,46,0.9446219961308411,0.999301204644986,0.9347000586015111,1.0063563402725342
grok_oggi,Roman Empire,over,appaiata,41,0.963685577914429,0.9240448092561483,0.9672458746310637,0.8025875382638166
grok_oggi,Roman Empire,this,appaiata,36,0.9148537734500035,0.976122743851,0.9122019413370132,0.9267707601944951
grok_oggi,Roman Empire,his,appaiata,33,1.2519031661569762,1.0077582106830287,1.2755939351866232,2.7757355887912887
grok_oggi,Cold War,vocali,vocali,25024,1.1407171549378168,1.0040810389243073,0.9889303554778658,0.5623722149124435
grok_oggi,Cold War,spazio,spazio,11313,1.0672605667520985,1.0339877442719907,1.0455104198964271,0.4667149606041351
grok_oggi,Cold War,e,lettera,7460,1.0991491822287718,0.9504059550786268,1.01182029549352,0.8621766547541404
grok_oggi,Cold War,i,lettera,5908,1.1514778905356156,0.9928075106436037,1.0307736787245352,0.9100649473359916
grok_oggi,Cold War,t,lettera,5490,1.0849481603857367,0.9778165388668744,1.039565465396498,0.8382082090428719
grok_oggi,Cold War,n,lettera,5348,1.075774378371351,0.9463092406847956,0.9503806974199481,0.8680682473280381
grok_oggi,Cold War,a,lettera,5059,0.9484899021906448,1.0884490968504987,0.9697823503156714,0.8771249869170228
grok_oggi,Cold War,o,lettera,4653,1.0853735290154658,0.9282707203614459,0.9744003993487155,0.8967422403934131
grok_oggi,Cold War,s,lettera,4458,1.0467087092990954,0.9934180334189296,0.9909351086271273,0.9371333731584532
grok_oggi,Cold War,r,lettera,4341,1.1691037678701588,1.013070230794425,0.9573430494861213,0.8531203546386774
grok_oggi,Cold War,l,lettera,2682,1.0498577857901268,1.0070666527589551,1.0166166453772991,0.9573590812267925
grok_oggi,Cold War,d,lettera,2617,0.9326415479731813,0.9377484807743376,0.9973891280899494,0.8768851165462732
grok_oggi,Cold War,c,lettera,2513,1.0330598709507084,1.0718524163095051,0.98107344265682,0.952559178315864
grok_oggi,Cold War,h,lettera,2001,1.1415546502057061,1.0722771079376658,1.0132585688030333,0.9663629987160911
grok_oggi,Cold War,u,lettera,1944,1.0690936172907817,0.9836035913510669,0.9458638623019852,0.9496087306458623
grok_oggi,Cold War,m,lettera,1777,1.0244379699500303,1.02322059334566,0.9104661363396865,0.9850995181219004
grok_oggi,Cold War,g,lettera,1509,0.8869964499124294,1.0589783182268722,0.9920836354668081,0.9010114537240101
grok_oggi,Cold War,p,lettera,1503,1.0282620775917628,1.0487409026885113,0.9950369764745924,0.9884528652033595
grok_oggi,Cold War,f,lettera,1150,1.0141421155625905,0.9928132063240261,1.0594593502984433,0.9647527339900139
grok_oggi,Cold War,v,lettera,927,1.0568568825533493,1.0426653722018473,1.022048080527866,1.0034157886216022
grok_oggi,Cold War,b,lettera,831,1.097406325664169,1.050050289672314,1.0251155725371872,0.949046493043986
grok_oggi,Cold War,the,funzione,594,1.1109758906125389,0.987791854561824,0.9968967336452329,0.9092326767703097
grok_oggi,Cold War,and,funzione,353,1.037886815399972,0.9844825395467329,0.9367771613802384,0.8825226172614548
grok_oggi,Cold War,to,funzione,258,0.9988428944739379,0.9609605479808486,0.9929580307880391,0.9483886164075193
grok_oggi,Cold War,in,funzione,251,0.9009265668440493,0.9715431274188053,1.0094873926274675,0.941474465940543
grok_oggi,Cold War,of,funzione,227,1.0439777406240291,1.0109228617278723,1.0477838373490256,1.0686287813272857
grok_oggi,Cold War,on,funzione,159,0.9346609102631043,0.9683552676145587,0.9891626144379572,0.8578203112763938
grok_oggi,Cold War,soviet,keyword,184,0.9713745662806611,0.9698898342100827,0.9926282797705706,0.9028244294756108
grok_oggi,Cold War,war,keyword,72,1.1456962279019123,0.9565693991994692,1.0477999148547787,1.298258978403928
grok_oggi,Cold War,communist,keyword,54,1.0635392528743393,0.9735408009253663,1.0584890219802523,1.23353931325164
grok_oggi,Cold War,military,keyword,38,0.9577771032563686,0.9828265660082257,0.9254917972092898,0.7649908853818865
grok_oggi,Cold War,states,keyword,35,1.17873787427577,0.9739887732701128,1.0932612703550069,1.0792101736661226
grok_oggi,Cold War,united,keyword,34,1.1533918412922803,1.0545442407602306,1.0544737694726374,1.2477863402731206
grok_oggi,Cold War,amid,keyword,33,0.8577289160120386,0.9776891248224802,0.8535652075978734,0.7673883327229643
grok_oggi,Cold War,by,appaiata,112,1.0410353610062113,1.0315413353818748,1.0373467886880003,0.9863604289448032
grok_oggi,Cold War,for,appaiata,75,0.9906432410103291,0.9851307381007235,0.9834522953412949,0.9748172250866393
grok_oggi,Cold War,over,appaiata,45,0.9387894502919614,0.9539910976172757,0.9552243092853199,0.8292739754336143
grok_oggi,Cold War,while,appaiata,37,0.836841320550725,0.9622064201621786,0.8318260566588599,0.810430696165876
grok_oggi,Cold War,but,appaiata,36,1.0176416093297944,0.9926182563871536,1.043357287599142,1.1625477976466663
grok_oggi,Cold War,against,appaiata,34,1.0190811653539138,0.9647641985840356,1.0531526992716027,0.9456318396706624
grok_oggi,Cold War,which,appaiata,33,0.944286881618582,0.9650897353008735,0.9844466353052034,1.0205999840558984
grok_oggi,Moscow,vocali,vocali,24186,1.1973977857741196,0.9987947894105238,0.9633710261051345,0.5997147012352111
grok_oggi,Moscow,spazio,spazio,11191,1.0995537421601838,1.029765591194365,0.9901206552217255,0.47835319577343616
grok_oggi,Moscow,e,lettera,6877,1.1410584139389357,0.9998938828579235,1.007961207339666,0.8730341517998085
grok_oggi,Moscow,i,lettera,5756,1.0871635593458189,0.9689612378645432,0.9061033567465308,0.8810073375244688
grok_oggi,Moscow,t,lettera,5469,0.9917867618337013,0.9369099899562964,1.0179960734617064,0.8667405977806827
grok_oggi,Moscow,a,lettera,5002,1.177911046539819,0.9930831401802275,0.933097838738909,0.8810655877379472
grok_oggi,Moscow,n,lettera,4973,1.0842946619502707,0.9712407271068305,1.0495232783878476,0.8356481392313619
grok_oggi,Moscow,o,lettera,4719,1.0725428671845219,1.0598973653495316,0.941688743183771,0.9090980115331102
grok_oggi,Moscow,s,lettera,4623,1.2811515394630253,1.022653032887456,0.9877536399542529,0.956630909352991
grok_oggi,Moscow,r,lettera,4491,1.1196133484892132,0.9597715706811831,1.0347967418016846,0.8410589715023878
grok_oggi,Moscow,c,lettera,2735,1.2596828115825138,1.0187915302740864,0.961432076841716,0.9280424727974349
grok_oggi,Moscow,l,lettera,2664,0.9520976388376814,1.021808641162935,0.9477965027361446,0.9688931670948006
grok_oggi,Moscow,d,lettera,2380,1.0894548059135274,1.069799375169495,0.9502500442061234,0.8621915020349646
grok_oggi,Moscow,h,lettera,2028,1.0573172812658806,0.9729524719991948,0.9794935923181395,0.9668431545286559
grok_oggi,Moscow,u,lettera,1832,1.0420758809375297,1.0814928653159477,0.9543078061699112,0.9250523923226617
grok_oggi,Moscow,m,lettera,1729,1.0710588305642967,1.0266945315816358,0.9824583877301388,0.9414042267515458
grok_oggi,Moscow,p,lettera,1437,0.9639285643499231,1.0551992345225265,0.9873701180859838,1.0203560846508897
grok_oggi,Moscow,g,lettera,1406,1.07781125680802,0.9681336203816454,0.9582905709474119,0.9594982681741565
grok_oggi,Moscow,f,lettera,1175,1.0625695507656,1.020012230903079,1.0354114414088802,1.0432758139863536
grok_oggi,Moscow,y,lettera,971,0.9235870215102001,0.9669452542992216,0.9682963643249208,0.8829815449812429
grok_oggi,Moscow,v,lettera,890,1.1888977372953942,1.0182296264966275,1.0047027640641095,1.0537137978266857
grok_oggi,Moscow,the,funzione,560,1.3288520002345947,0.9574205660996634,1.1126664094624514,1.1926264149955286
grok_oggi,Moscow,and,funzione,420,1.2191983330231773,0.9599358676373165,0.9586162621377775,0.8341245107000586
grok_oggi,Moscow,in,funzione,275,1.1558557168077144,0.9448471593036994,1.065084431620879,1.035276650487989
grok_oggi,Moscow,of,funzione,253,1.1178370550063417,1.0087430644028768,0.9989019959874937,1.1079840188590093
grok_oggi,Moscow,to,funzione,206,1.1097332828882156,0.9891901972295084,0.9770292548598425,0.9984682859678088
grok_oggi,Moscow,with,funzione,147,0.981449936736655,0.9673576357267796,0.8917187826307708,0.7552915472254554
grok_oggi,Moscow,moscow,keyword,216,1.0417712712815272,0.8810897127935919,0.9664717348794696,0.8633299541237823
grok_oggi,Moscow,moscow's,keyword,57,1.0415108071990904,1.0385733666762402,1.0282870305536151,0.972699297032973
grok_oggi,Moscow,city,keyword,73,1.0849329263162109,0.9995960961022785,1.0992399916451998,1.1640548156987571
grok_oggi,Moscow,like,keyword,46,0.9318549990040501,1.006483456036329,0.9069734012126683,0.7866214695500717
grok_oggi,Moscow,russian,keyword,37,1.051676458226824,0.9578958251177768,1.1216075410831408,1.1482185936547746
grok_oggi,Moscow,including,keyword,35,0.9719093954486545,0.9824812472387774,0.930503149467111,0.7397412588190058
grok_oggi,Moscow,amid,keyword,34,0.8708923728698497,0.94108868595852,0.8627588869920603,0.7504549964370884
grok_oggi,Moscow,by,appaiata,145,1.122587312422138,0.9791054873131467,1.114691801794937,1.1408619398998623
grok_oggi,Moscow,on,appaiata,70,0.9952057773707974,1.0034186700344245,0.9545705559556059,1.0555839191857057
grok_oggi,Moscow,at,appaiata,47,1.1342359434514482,0.8997236488896202,1.0846494940005258,1.7311637061977967
grok_oggi,Moscow,over,appaiata,49,1.053757020708195,0.9768205863718901,1.0504405705479944,1.056371927824251
grok_oggi,Moscow,under,appaiata,38,1.0101063671826167,0.9730993205188883,0.9956755054710138,0.967457574523693
grok_oggi,Moscow,central,appaiata,33,0.9995293567046686,0.994464277743985,0.9678068821820186,1.1872243463591305
grok_oggi,Moscow,million,appaiata,30,1.1434354037391938,1.0019724587373788,1.1724841622258637,1.9637068805488032
grok_oggi,Nelson Mandela,vocali,vocali,25168,1.008112931546825,0.9605621979380777,0.9874470226561027,0.5345089783726201
grok_oggi,Nelson Mandela,spazio,spazio,11249,1.2030620591247414,0.9889283142879576,0.9878078215007458,0.48070598822321553
grok_oggi,Nelson Mandela,e,lettera,7313,1.0542066253400586,0.9748494165443312,1.0096066367552243,0.8385539725140292
grok_oggi,Nelson Mandela,i,lettera,5949,1.0917652221128191,0.9736849295194371,0.9777300847575633,0.893337235806886
grok_oggi,Nelson Mandela,a,lettera,5867,1.1354883765278998,0.9768608932924846,1.0385561027261263,0.8973445123349856
grok_oggi,Nelson Mandela,n,lettera,5509,1.0807747318679999,1.011303363601066,0.9403407620897114,0.8494053153503767
grok_oggi,Nelson Mandela,t,lettera,5329,1.2151311794012192,0.860483611722534,1.0260813493928473,0.8663570489935609
grok_oggi,Nelson Mandela,r,lettera,4334,1.078036864438435,0.9694201163819486,1.0111061159413748,0.8497540526823308
grok_oggi,Nelson Mandela,o,lettera,4307,1.068897037997162,1.0483561656475728,0.9875889133735999,0.885712857562441
grok_oggi,Nelson Mandela,s,lettera,4151,1.0205428831597154,1.0352890622047388,1.034860920425822,0.9450954168720674
grok_oggi,Nelson Mandela,d,lettera,2954,1.0702379550123848,0.9573771626077718,0.9178261850994766,0.8859929821224335
grok_oggi,Nelson Mandela,l,lettera,2918,1.1468991320306285,0.9834113588773098,0.9864077512421693,0.9734913428623453
grok_oggi,Nelson Mandela,c,lettera,2545,1.1489899033487605,0.9750460493708567,0.9740908000200035,0.9777281756073014
grok_oggi,Nelson Mandela,h,lettera,2186,1.1972640046508192,0.9623863638092445,0.9259017024074502,0.958458621215687
grok_oggi,Nelson Mandela,m,lettera,1957,1.1399349843689979,1.0384501848686487,1.0764294951208395,0.9935216819242876
grok_oggi,Nelson Mandela,u,lettera,1732,0.8909335493535351,0.9844452963234117,0.9361001244332222,0.975231744108679
grok_oggi,Nelson Mandela,g,lettera,1568,1.027354104514223,0.9877601813350322,1.0532919199667186,0.9334231380596182
grok_oggi,Nelson Mandela,p,lettera,1513,1.0467485080878975,1.0072942575515416,0.9559847059927092,0.9770787091247235
grok_oggi,Nelson Mandela,f,lettera,1215,0.9674082248273267,0.9626670096711939,1.0300676146386223,0.9532827827855355
grok_oggi,Nelson Mandela,y,lettera,799,1.0592234924374815,0.9792033083395877,1.0058673594922618,0.9520525372590729
grok_oggi,Nelson Mandela,b,lettera,741,1.0303449924629782,1.025846684624563,1.0261141404806944,1.0081768150353267
grok_oggi,Nelson Mandela,the,funzione,484,1.239832192431193,0.9514185918363198,1.0753014001312502,1.0913408782200618
grok_oggi,Nelson Mandela,and,funzione,373,0.9646792484426762,0.9494726044686753,1.008368256220421,0.8401766231232962
grok_oggi,Nelson Mandela,to,funzione,295,1.065119828678754,1.0450921327006597,0.9591246173675164,0.8749024272077551
grok_oggi,Nelson Mandela,in,funzione,266,1.0508183974987402,1.0763712503741345,0.9828662494089574,0.9447116827438172
grok_oggi,Nelson Mandela,of,funzione,200,0.9478291970786185,0.9925307594279236,0.9211613516070528,0.9034385588247595
grok_oggi,Nelson Mandela,on,funzione,140,1.1014445786484488,0.935322010939724,0.9922834438234668,0.9943922648640606
grok_oggi,Nelson Mandela,mandela,keyword,207,1.0313675292511697,0.9644510083750749,0.8985850505581371,0.7720634487898891
grok_oggi,Nelson Mandela,anc,keyword,111,1.2744681821376358,0.9537046252327825,1.283196801759357,2.1453355114755035
grok_oggi,Nelson Mandela,south,keyword,58,1.0779450369853687,1.001050905633152,1.0137491670160552,0.9897915581608345
grok_oggi,Nelson Mandela,mandela's,keyword,54,0.9926785788294438,1.0166077402128466,1.0144129812772473,1.2329647377881996
grok_oggi,Nelson Mandela,african,keyword,55,1.0965276759435523,0.9642744218389675,1.0872527098925866,1.1397502867530098
grok_oggi,Nelson Mandela,including,keyword,44,0.8444898180800451,0.9872950437583413,0.8317840148405032,0.739188354295063
grok_oggi,Nelson Mandela,national,keyword,42,1.1905282114062163,0.9981252494477632,1.1960255573290413,1.4972142895211922
grok_oggi,Nelson Mandela,as,appaiata,126,0.9193799628147769,0.9659773455232203,0.9504856503735332,0.9393084499658692
grok_oggi,Nelson Mandela,from,appaiata,87,1.008709145699199,0.958134228390427,0.9312345061118625,0.9242553754109326
grok_oggi,Nelson Mandela,at,appaiata,59,1.0910281128779578,0.9997550528440858,1.0121168528617572,0.9360697409048496
grok_oggi,Nelson Mandela,that,appaiata,56,1.1456589408042837,0.9380120609626993,1.0539972044577306,1.061057943022806
grok_oggi,Nelson Mandela,over,appaiata,51,1.0143408314671982,0.9773652561559235,0.9808656924127116,0.8863646938711517
grok_oggi,Nelson Mandela,was,appaiata,48,1.152038748712219,0.9329523725905767,1.099384606545633,1.283522531182064
grok_oggi,Nelson Mandela,apartheid,appaiata,59,0.9851742762555824,0.9968126393032334,0.9979125675675607,1.0135835813244354
grok_oggi,Ancient Rome,vocali,vocali,25232,1.2189197424049973,1.0217479028718666,0.9812296536793478,0.5699776810316554
grok_oggi,Ancient Rome,spazio,spazio,11247,1.2557149131543222,1.0443524460878926,0.9918840028537118,0.4706286067544616
grok_oggi,Ancient Rome,e,lettera,7193,1.0012397445099845,0.9737525886355165,0.9838620499212446,0.8913103881521943
grok_oggi,Ancient Rome,i,lettera,6285,1.061608144435326,0.9837687286099891,0.9576831266149379,0.8694890456706407
grok_oggi,Ancient Rome,a,lettera,5691,1.2537933813889348,0.9955950819599853,0.9882678610224408,0.8675448804772935
grok_oggi,Ancient Rome,n,lettera,5213,1.0881859071973792,0.9394080111063335,1.0224738827607298,0.8333309676343318
grok_oggi,Ancient Rome,t,lettera,5195,1.2386155197419662,1.0829597289162347,1.0245268006969077,0.8588559223618486
grok_oggi,Ancient Rome,r,lettera,4743,1.1144316625518058,0.9196606156756135,1.019303422236334,0.8428385385570325
grok_oggi,Ancient Rome,s,lettera,4361,0.9787327805937241,0.9749314228136355,0.9712241420576686,0.9485961316860473
grok_oggi,Ancient Rome,o,lettera,3902,1.0323829581752169,0.9928813078517305,1.0209230110447596,0.9091075900072111
grok_oggi,Ancient Rome,l,lettera,2881,1.1564642053756171,0.9584824467319532,0.972305378721752,0.9830659682679379
grok_oggi,Ancient Rome,d,lettera,2785,1.2022327659011616,0.9451980450549419,0.9682129536893997,0.8947270624120492
grok_oggi,Ancient Rome,c,lettera,2654,1.0859780980152838,0.9542880876419172,1.0893922578294635,0.9246170119084682
grok_oggi,Ancient Rome,u,lettera,2161,1.1534401453789713,1.0267367990966243,1.0348398019350484,1.0069227352696333
grok_oggi,Ancient Rome,h,lettera,1952,1.216066333320783,1.0030773148356555,0.951137605678349,0.9639957150544236
grok_oggi,Ancient Rome,m,lettera,1741,1.0288797705946993,0.9948988885508611,1.0090167866155584,0.9583860589048084
grok_oggi,Ancient Rome,p,lettera,1551,1.0170551258942204,0.9977126630370438,0.9641072408225811,0.9208559486088257
grok_oggi,Ancient Rome,g,lettera,1471,1.0101163887207059,1.0234370172597085,1.005779836139342,0.9114164789869501
grok_oggi,Ancient Rome,f,lettera,1142,0.9921035378668994,0.9931212328967188,0.9037774873517018,0.9543509096204069
grok_oggi,Ancient Rome,b,lettera,1020,1.148060819588208,1.0255066678915687,1.0076852258450077,0.9853729327596458
grok_oggi,Ancient Rome,y,lettera,972,1.0790291506815581,0.9831669637779018,0.9448056029347857,0.9297046717418792
grok_oggi,Ancient Rome,the,funzione,510,1.0995286074086748,0.9423781959903788,0.950407779291876,0.9101549465933682
grok_oggi,Ancient Rome,and,funzione,477,0.9968456852858993,1.0065783855919876,1.0047273044075962,0.79289601610825
grok_oggi,Ancient Rome,in,funzione,252,1.2807891722889713,0.9550013040944226,1.0869510246852148,1.134083244585446
grok_oggi,Ancient Rome,to,funzione,209,0.9701882889831667,0.9294473390468161,0.9866915912398347,0.9879932127068457
grok_oggi,Ancient Rome,of,funzione,200,1.0790295587549226,0.9674103336676753,1.0733917389535892,1.199972735707566
grok_oggi,Ancient Rome,by,funzione,148,1.0169329393538777,0.9802605753415952,1.0836295924102763,1.121053898600927
grok_oggi,Ancient Rome,bc,keyword,144,1.6113638331093119,0.9069796330224419,1.515104551513424,4.403236370776402
grok_oggi,Ancient Rome,ad,keyword,123,1.4818898707199664,0.9669282414608175,1.4186180142352975,4.363370676752969
grok_oggi,Ancient Rome,roman,keyword,66,1.228807581864556,0.9325908676374493,1.0670125993340274,1.2365677245959266
grok_oggi,Ancient Rome,military,keyword,54,0.9656384117149278,0.9317983853976927,0.965140638575316,0.8502912210905001
grok_oggi,Ancient Rome,like,keyword,49,0.9610321996623766,0.9788600035426734,0.9772831256344735,0.9566181186406195
grok_oggi,Ancient Rome,rome,keyword,53,1.0869503057755554,1.0117613480844871,1.033598386910464,0.913341422480711
grok_oggi,Ancient Rome,century,keyword,33,1.08715880052904,0.997804051729115,1.0451853685242067,1.5691723506096102
grok_oggi,Ancient Rome,with,appaiata,99,0.9433566239975272,0.939468915294507,0.8965804664822903,0.8329833452602906
grok_oggi,Ancient Rome,from,appaiata,94,0.9893498894721403,1.0062548856880194,1.005045893171456,0.9625505086353869
grok_oggi,Ancient Rome,for,appaiata,71,1.0437270770774871,0.9797650074695469,1.0726616947378413,1.0706012411117491
grok_oggi,Ancient Rome,on,appaiata,57,0.9991019620070084,1.0176773454652788,0.976229091760369,1.0163874320899355
grok_oggi,Ancient Rome,his,appaiata,48,1.3002774762879643,1.0018742664473932,1.223101235323923,1.9060039135918312
grok_oggi,Ancient Rome,over,appaiata,37,0.9877548852846296,0.945035236429253,0.989267295891282,0.9117694001339414
grok_oggi,Ancient Rome,th,appaiata,31,1.288900439292706,1.0684573723245954,1.2260179051027607,3.649267320063449
grok_oggi,Ottoman Empire,vocali,vocali,25359,1.2302425360567397,0.9858465952361444,0.9554804025604654,0.5637177328900242
grok_oggi,Ottoman Empire,spazio,spazio,10633,1.1021381708115063,0.9826192804980872,1.0225194775128066,0.4536431740750959
grok_oggi,Ottoman Empire,e,lettera,7256,1.1361809198775137,1.051429386420898,0.9443352086413688,0.8687711385131467
grok_oggi,Ottoman Empire,i,lettera,6256,1.1923161943537703,0.9910330380648663,1.0139063622943016,0.8858034331285325
grok_oggi,Ottoman Empire,a,lettera,5721,1.1989132806284568,1.0131595088355205,0.9746750187347804,0.8647732036356183
grok_oggi,Ottoman Empire,t,lettera,5690,1.1800172804016191,1.0409306540026215,0.9895294942433134,0.8873853012545284
grok_oggi,Ottoman Empire,n,lettera,5229,0.9835832346621975,0.9780350770872799,0.9280558920443901,0.8576033085028398
grok_oggi,Ottoman Empire,r,lettera,4575,0.9825190682896424,0.9805114795987976,0.9904955857663449,0.8736389356551294
grok_oggi,Ottoman Empire,s,lettera,4424,0.9546402258589004,0.998625318637075,0.9259984959507318,0.914770886219856
grok_oggi,Ottoman Empire,o,lettera,4148,1.0642575868239739,0.9828414024572192,0.9981679405236034,0.9159283571254909
grok_oggi,Ottoman Empire,l,lettera,2959,1.0124667156711364,0.9949916556660763,0.964359041375853,0.9438773628901233
grok_oggi,Ottoman Empire,d,lettera,2649,1.063968951025871,0.9929331702104406,0.9224743299619472,0.8552605963925163
grok_oggi,Ottoman Empire,c,lettera,2330,1.034418523917135,0.9762398325104589,1.019265807981706,0.9135623093879375
grok_oggi,Ottoman Empire,h,lettera,2062,1.1120407852441716,0.9606469680515977,0.9822186840536036,0.9267794365723628
grok_oggi,Ottoman Empire,m,lettera,1986,1.1878351495885096,0.9447393993293282,0.922480802842394,0.9997431094679663
grok_oggi,Ottoman Empire,u,lettera,1978,1.0623454645247281,0.9753140911844076,0.9956721317358346,0.9041733944504038
grok_oggi,Ottoman Empire,p,lettera,1495,1.0400377664874587,0.9794586266226699,0.9991587870208374,0.9739766076294871
grok_oggi,Ottoman Empire,g,lettera,1450,1.0974833308449132,0.9365461479261189,1.0123631678439515,0.9150797357820012
grok_oggi,Ottoman Empire,f,lettera,1165,1.060481115426733,0.974213849226464,1.0236184319834238,1.0033721791178214
grok_oggi,Ottoman Empire,y,lettera,1029,1.1858180735265509,1.0233831655833985,1.0027091258442662,0.9709960787752949
grok_oggi,Ottoman Empire,v,lettera,835,1.085040225408819,1.0163308329561156,0.9760933376854344,1.0361594279498694
grok_oggi,Ottoman Empire,the,funzione,490,1.1568291274443598,0.9669951732346499,0.9740456612485251,1.0105749494913208
grok_oggi,Ottoman Empire,and,funzione,412,1.0548079448948884,0.9422660994597619,0.9562898578719277,0.7829154159373031
grok_oggi,Ottoman Empire,of,funzione,223,1.0416550734314178,1.021944929840666,1.0227617064167616,0.9983945825002243
grok_oggi,Ottoman Empire,in,funzione,220,1.0069896768831919,0.9206432529965335,0.9977303320413916,0.9383798482617133
grok_oggi,Ottoman Empire,to,funzione,217,1.0291131718409936,0.9489485670778229,0.9549483186912934,0.8607505008667998
grok_oggi,Ottoman Empire,as,funzione,131,1.0982816875157608,0.9451062200657557,0.9645211818574125,0.9029482986596992
grok_oggi,Ottoman Empire,ottoman,keyword,112,1.0346323198800498,0.9180896114729628,0.934600638930188,0.8554179723115373
grok_oggi,Ottoman Empire,century,keyword,66,1.097897224714568,1.0263104141822337,1.0378995284909027,1.230232800072438
grok_oggi,Ottoman Empire,like,keyword,49,0.910603083508351,0.9579822571078216,0.9605364582339316,1.053974069624032
grok_oggi,Ottoman Empire,military,keyword,39,0.9853297217189922,0.9727676183801219,0.9779405520046528,0.9433805198265546
grok_oggi,Ottoman Empire,fiscal,keyword,31,1.0168491691793933,0.9972558677461492,1.029381954866378,1.0129659229307812
grok_oggi,Ottoman Empire,amid,keyword,30,0.9098783534335928,0.947957311059207,0.9053387042743788,0.8401078393818711
grok_oggi,Ottoman Empire,imperial,keyword,30,0.9147494619321372,0.9567858708104714,0.9099226598312019,0.844674699699169
grok_oggi,Ottoman Empire,with,appaiata,108,0.9493501926043885,0.9161284266560304,0.9707431778815656,0.9018191195177765
grok_oggi,Ottoman Empire,for,appaiata,57,1.069124392062451,1.0706807799919087,1.0267863974993714,1.061677221783382
grok_oggi,Ottoman Empire,that,appaiata,45,0.9708606111567879,0.9859965981054039,1.0027713341602407,0.9906948520515634
grok_oggi,Ottoman Empire,through,appaiata,41,0.900533838902823,0.9798400357568936,0.9344769359781119,0.8152511310713559
grok_oggi,Ottoman Empire,such,appaiata,31,0.8182267346057707,1.0135035618340968,0.8150557558618824,0.8183509354944418
grok_oggi,Ottoman Empire,administrative,appaiata,28,0.9382569478636565,0.9971793213773806,0.922973554024079,1.1472315948094869
grok_oggi,Ottoman Empire,while,appaiata,28,0.8342057749562558,0.9764000546211958,0.8359666862506187,0.8619527953930745
grok_oggi,American Civil War,vocali,vocali,24614,1.3968815947345379,0.8632945712178319,0.9558520763047645,0.5907459853136042
grok_oggi,American Civil War,spazio,spazio,11306,1.0049225297999185,1.0017192132341686,0.9808976155964727,0.47328911490208053
grok_oggi,American Civil War,e,lettera,7613,0.9901013601333907,0.9952765406705996,1.006984854797146,0.898662212847554
grok_oggi,American Civil War,n,lettera,5440,1.0333286316519479,1.013791878202659,0.9382371737495481,0.8680106163615986
grok_oggi,American Civil War,t,lettera,5374,1.2103992301648268,1.0134021581001322,0.9681678709009797,0.906139106110524
grok_oggi,American Civil War,i,lettera,5294,1.2574922917886153,1.0022234956954161,1.0403247761910905,0.9611149441394299
grok_oggi,American Civil War,a,lettera,5156,1.0026063422503189,0.9615249221421194,0.9974731798848131,0.8605066984699083
grok_oggi,American Civil War,o,lettera,4758,1.0917628089920073,1.031848196313273,0.9596984021001508,0.8543092261241304
grok_oggi,American Civil War,r,lettera,4649,1.283952723294705,1.0412516369747975,1.0380752240702977,0.8382598629681949
grok_oggi,American Civil War,s,lettera,4290,1.153900481580835,0.9913515600743413,0.9335709105412727,0.9590800507215714
grok_oggi,American Civil War,l,lettera,2762,1.0320297173160407,0.9282348348451305,1.0105654543775733,0.9796899414962349
grok_oggi,American Civil War,d,lettera,2740,1.098963712553005,0.9616338551604192,0.9664391869786387,0.8684512753972604
grok_oggi,American Civil War,c,lettera,2340,0.845187702057999,0.9835057190134157,1.010726280822688,0.9028142909794087
grok_oggi,American Civil War,h,lettera,1958,1.1433455841622977,0.9932890345543827,1.0048159572124675,0.9884256870766069
grok_oggi,American Civil War,u,lettera,1793,1.1383450854149262,0.9714205703801548,0.9669674520634254,0.9186929033248528
grok_oggi,American Civil War,m,lettera,1543,1.1190176480221936,0.9645735137784092,1.0147682085830902,0.9673143958229317
grok_oggi,American Civil War,p,lettera,1457,1.0676488791681427,1.0286044248997301,0.9887373176532126,1.0664752369144161
grok_oggi,American Civil War,f,lettera,1429,1.059148774471656,0.9859460383237817,0.9640451549787188,0.9568719925223802
grok_oggi,American Civil War,g,lettera,1325,1.110320677504457,1.029570474036929,0.918472979479148,0.9234059457433491
grok_oggi,American Civil War,y,lettera,926,1.0792009041689128,0.9479210076431864,1.0450566025026349,0.9620842015955227
grok_oggi,American Civil War,v,lettera,879,1.1332811540559218,0.9438143661717194,1.011982234595658,0.9616281709623026
grok_oggi,American Civil War,the,funzione,552,1.0593617056279194,1.0144933813496189,1.0808862494101164,1.0289763208532015
grok_oggi,American Civil War,and,funzione,361,1.0155825758799606,0.9956570808345111,0.981512103462803,0.8290284735999753
grok_oggi,American Civil War,of,funzione,273,1.0255972646775664,0.9416641190262435,1.033342024677898,0.9799504464076828
grok_oggi,American Civil War,to,funzione,273,0.9225230502958593,0.9855496298467061,1.0550968629005,0.9234616207843107
grok_oggi,American Civil War,in,funzione,241,1.0974743271652094,0.9586476959060862,0.9570302036754489,0.9207443587423266
grok_oggi,American Civil War,on,funzione,151,1.1992838748388572,0.9758539968230678,1.0442903507562515,1.0939362621570596
grok_oggi,American Civil War,union,keyword,166,1.3380209293564926,0.9586023104881786,1.1984872147270476,1.476019855158177
grok_oggi,American Civil War,confederate,keyword,117,1.2656398226294643,0.9266506669675415,1.218294316131676,1.564123769162739
grok_oggi,American Civil War,states,keyword,73,1.2389414054257104,0.958242155071254,1.2752991329671701,2.36805244608083
grok_oggi,American Civil War,northern,keyword,44,1.07438224897444,1.049324757291527,1.0530226695814113,0.9653485669250935
grok_oggi,American Civil War,southern,keyword,42,1.1101948281645846,1.0246500409285746,1.056302120527061,1.4465935767384435
grok_oggi,American Civil War,slavery,keyword,67,1.4647475609502536,0.9942490839512685,1.3905643816143727,2.8923502163784693
grok_oggi,American Civil War,april,keyword,41,1.2042937898420938,1.0008983956733164,1.202545947289919,1.9642171357590885
grok_oggi,American Civil War,by,appaiata,116,1.0486444753978885,1.0129166086523718,1.0385885904098793,1.1447248366937528
grok_oggi,American Civil War,as,appaiata,112,1.0564727344911429,0.9855070837616591,1.044789664335579,1.142088764907744
grok_oggi,American Civil War,from,appaiata,65,0.963924343411807,1.0022626620924024,0.9622778231738774,0.919133857618031
grok_oggi,American Civil War,over,appaiata,45,0.9383208033556543,0.9697400077687114,0.8873050848689815,1.1476408488049612
grok_oggi,American Civil War,but,appaiata,43,0.9678098587510723,0.9907117218514717,0.9508120971964749,0.8044597865053061
grok_oggi,American Civil War,war,appaiata,60,1.121183767364863,0.9898391119284814,1.0720002939568536,1.3513458928910038
grok_oggi,American Civil War,under,appaiata,38,0.9762242512361728,0.9845720047910866,0.9843747541725687,0.9932788231998555
grok_oggi,Joseph Stalin,vocali,vocali,24955,1.0025365343001944,0.9992705862775462,0.9651597014723817,0.5786073466725062
grok_oggi,Joseph Stalin,spazio,spazio,11224,1.2121532300408628,0.9878941391927157,0.8562594597257359,0.4769511410334167
grok_oggi,Joseph Stalin,e,lettera,7011,1.069826502397698,0.9915461460922809,0.9457800330326989,0.8834430747890897
grok_oggi,Joseph Stalin,i,lettera,6144,1.0804185167436229,0.9887647137030028,0.9895010044111272,0.8821897547330528
grok_oggi,Joseph Stalin,a,lettera,5366,0.9870014558319039,0.998823405165834,0.9416680698746256,0.8674552570629253
grok_oggi,Joseph Stalin,t,lettera,5280,1.0676734177194354,0.9944648059014827,0.9854756940951063,0.850346771486874
grok_oggi,Joseph Stalin,n,lettera,5148,1.1817413682549656,1.0081925985253262,1.057743028325446,0.8283328854796586
grok_oggi,Joseph Stalin,o,lettera,4648,1.0346883916907799,0.9660395073390711,0.9580331258182778,0.8821408672793067
grok_oggi,Joseph Stalin,r,lettera,4491,1.0373421913427638,0.9988215039383128,1.0068594795720018,0.8505434861006969
grok_oggi,Joseph Stalin,s,lettera,4427,1.1154035182655289,0.9217990792847583,1.004124767541369,0.9393439890052157
grok_oggi,Joseph Stalin,l,lettera,2958,0.985444001125238,0.9674565904219671,0.9824300368612188,0.9603040640030992
grok_oggi,Joseph Stalin,d,lettera,2745,1.0596511022643174,0.981156552559387,0.9325120827326124,0.8650318230054623
grok_oggi,Joseph Stalin,c,lettera,2301,1.006904980229153,0.9422658167918211,0.9724383762071005,0.9655807540725645
grok_oggi,Joseph Stalin,h,lettera,2048,1.3037826090568485,0.9790495030767244,0.963569450621709,0.9901913192301627
grok_oggi,Joseph Stalin,u,lettera,1786,1.1253275082066403,0.951953280422905,0.913895966732067,0.9356548659988614
grok_oggi,Joseph Stalin,m,lettera,1666,1.1301107935776677,0.9592570718589314,0.9545447440730283,0.9549821035281646
grok_oggi,Joseph Stalin,p,lettera,1546,0.9707106427300263,0.9327259675576222,0.9638102377856096,0.9977180665590952
grok_oggi,Joseph Stalin,g,lettera,1528,1.0321348422088998,1.0201145637944542,0.9758168152416267,0.9593345866438204
grok_oggi,Joseph Stalin,f,lettera,1295,0.9545687971989817,0.9863361161690998,1.0568224642679687,0.9679676251307252
grok_oggi,Joseph Stalin,v,lettera,949,1.1158477473972799,1.0255467064124069,1.0235782832119897,0.9584311455638432
grok_oggi,Joseph Stalin,y,lettera,946,0.9852544118179772,1.0233477043143717,1.0313108376787448,0.980866438396952
grok_oggi,Joseph Stalin,the,funzione,480,1.2869488848033663,0.9969479902254396,1.1031675999941777,1.048075609178262
grok_oggi,Joseph Stalin,and,funzione,436,0.9628243808407315,0.947451697579619,0.9747963051424589,0.7564558407885233
grok_oggi,Joseph Stalin,of,funzione,289,1.089169184233833,0.9836185570341917,1.0528172082014347,1.0234678875754224
grok_oggi,Joseph Stalin,in,funzione,266,1.1756383230295369,0.9634150837070097,1.0250962008770832,1.094973672783644
grok_oggi,Joseph Stalin,to,funzione,259,0.7874301526787928,0.9838759188621279,0.8311412681739418,0.7653140323802019
grok_oggi,Joseph Stalin,by,funzione,130,0.9185131582839318,0.9671261466088111,0.97914638596161,0.9659858501629228
grok_oggi,Joseph Stalin,stalin,keyword,164,1.212153643199415,1.0249197151791407,1.0623980513724176,0.9788185512419163
grok_oggi,Joseph Stalin,soviet,keyword,88,1.3013568015847516,0.9666134169448247,1.2288169668744577,1.7376483962532512
grok_oggi,Joseph Stalin,stalin's,keyword,58,0.96696557525936,0.9511450114694888,0.9566943033290491,0.9271917293274543
grok_oggi,Joseph Stalin,million,keyword,52,1.2522064682045537,1.0115942697902403,1.220021474267711,1.769382662958596
grok_oggi,Joseph Stalin,including,keyword,43,0.839858643787824,1.0012556666177608,0.8345986845045251,0.7563434342095618
grok_oggi,Joseph Stalin,like,keyword,41,0.9288950256126404,1.0449679329678354,0.9254278111248301,0.8030356785691726
grok_oggi,Joseph Stalin,party,keyword,44,1.4043879557057535,1.0090755801979103,1.279675180984795,2.280551850634116
grok_oggi,Joseph Stalin,as,appaiata,103,1.0475501847550888,0.9433915565917529,1.0616412454806927,1.1479390979814905
grok_oggi,Joseph Stalin,his,appaiata,79,1.363488557856057,1.022926746251695,1.3036288621894279,2.301919280966454
grok_oggi,Joseph Stalin,at,appaiata,45,1.0483282095917215,0.930198377708018,1.0413835522095756,1.171047828530437
grok_oggi,Joseph Stalin,over,appaiata,45,1.0521761112733399,0.9691570875674883,1.0527166218144055,1.0014529959874818
grok_oggi,Joseph Stalin,but,appaiata,41,0.9178182855454694,0.9692676805501086,0.9076578189498394,0.7827622562102673
grok_oggi,Joseph Stalin,this,appaiata,39,0.9427729685007986,1.0220628099265714,0.9293421763802723,0.7270511687317855
grok_oggi,Joseph Stalin,he,appaiata,36,1.3058430362718625,0.972949277467451,1.2557789288407355,1.9716677352185739
grok_oggi,Italy,vocali,vocali,24976,1.146671750237811,1.0505439085329142,1.03092597845273,0.5727999926751123
grok_oggi,Italy,spazio,spazio,11073,1.1688617775367411,0.9993461678243053,0.9345961608077941,0.4822796195435931
grok_oggi,Italy,e,lettera,6965,1.046048572481148,0.9901516269824079,0.9740909165326608,0.9082208586993081
grok_oggi,Italy,i,lettera,6254,1.0478218597561053,1.0251120187581864,1.0340912363766075,0.8674113061925378
grok_oggi,Italy,t,lettera,5456,1.0906136662308574,0.9308745753049986,1.0061426717877449,0.8324986469179017
grok_oggi,Italy,n,lettera,5432,1.1184129773125449,1.0134321904226649,0.9768900389597164,0.8608285708076102
grok_oggi,Italy,a,lettera,5425,1.2086433939850034,1.0175448650260093,0.9933460247596461,0.8719400940280423
grok_oggi,Italy,r,lettera,4647,0.9898323032222137,0.9857550189778334,0.9361208856110687,0.8151034827823371
grok_oggi,Italy,o,lettera,4442,1.0668189502280776,1.0443561905463343,1.007365294147258,0.8586330371502896
grok_oggi,Italy,s,lettera,3946,1.0731921161989666,0.9902803612683359,0.9867846610636647,0.9364411313864323
grok_oggi,Italy,l,lettera,2945,1.0907107944979832,0.9968097616056338,0.9633154546558557,0.9183800536893669
grok_oggi,Italy,d,lettera,2537,1.1519174201655313,1.0304685905125517,0.9696302609873171,0.8972231651675253
grok_oggi,Italy,c,lettera,2458,1.233082808683835,1.0359138022385885,0.9796136921032327,0.9589684311859115
grok_oggi,Italy,u,lettera,1890,1.0977759582943378,0.9967523724360472,0.9358652074553214,0.950348899418079
grok_oggi,Italy,h,lettera,1877,1.1557201467485552,0.9648070515144674,0.9137531702365553,1.0143551876571155
grok_oggi,Italy,m,lettera,1727,1.1023132359461272,1.072669559616473,0.887482744051761,0.9637542732067689
grok_oggi,Italy,p,lettera,1618,0.8838705457647167,0.985022033476732,0.9581612398632849,1.0028044195460957
grok_oggi,Italy,g,lettera,1573,1.0318036925153105,1.0274623043826554,0.9695602022756136,0.8836804621845308
grok_oggi,Italy,f,lettera,1216,0.996941992030998,0.9953579417404631,0.9918371741402572,0.9806360171456704
grok_oggi,Italy,y,lettera,941,1.0861091750088598,0.9932428468025587,1.0089081436075826,0.9521935872316307
grok_oggi,Italy,b,lettera,886,1.0904621823433442,0.9907559142865884,1.0041002709200395,1.0160517364157067
grok_oggi,Italy,the,funzione,489,1.3025368589724278,0.987116010889638,1.038692060340493,1.1013935386772489
grok_oggi,Italy,and,funzione,450,1.1280635431935788,1.020605987992886,0.9360154943367581,0.8089518508756954
grok_oggi,Italy,in,funzione,278,1.1176696634923449,0.9693346894104177,1.0430010322668897,0.9958118347673834
grok_oggi,Italy,of,funzione,257,0.9910039486891269,0.9892700207357997,0.9221060858751849,0.9686400673917477
grok_oggi,Italy,to,funzione,233,1.1512216126906614,0.9536580444571131,1.0821014878486752,1.0823139866478289
grok_oggi,Italy,by,funzione,133,1.0106309870586332,0.9920164585090001,0.9794697350575602,0.9808014564171371
grok_oggi,Italy,italy,keyword,95,0.9672251423112654,0.9965643134666401,0.965906541730567,0.8849867208804191
grok_oggi,Italy,like,keyword,52,0.9541903606400595,1.0058148512069567,0.9424663222212217,0.7903377931744856
grok_oggi,Italy,italy's,keyword,38,1.0620457645355925,0.9679326688180515,1.0880532609683098,1.1713511670267243
grok_oggi,Italy,including,keyword,34,0.8723106812032284,0.9680644899277798,0.8648987757098735,0.7208815868093266
grok_oggi,Italy,amid,keyword,33,0.9823657660598749,1.034013211432293,0.974197013789693,0.7949475437676364
grok_oggi,Italy,italian,keyword,32,1.0860063627246799,1.0609576805836531,1.0660447502864285,1.3169043650262053
grok_oggi,Italy,around,keyword,28,0.9550930649178908,0.9087917253934837,0.9656501690410472,1.3154924679670437
grok_oggi,Italy,over,appaiata,54,0.9435950138036573,0.9618499794836121,0.9557355157122952,0.8808811264608937
grok_oggi,Italy,at,appaiata,44,1.0733486593779213,0.9717770550155423,1.0642978510288232,1.1417508772390947
grok_oggi,Italy,which,appaiata,37,0.9380796862318631,1.006853914741976,0.9634639539594393,0.8253251419626283
grok_oggi,Italy,but,appaiata,33,1.0592017520217825,0.9883672134811782,1.0572337961636114,1.014326731709778
grok_oggi,Italy,that,appaiata,32,1.0985289118425172,0.9993321370744476,1.0986129743321946,1.221973402844854
grok_oggi,Italy,these,appaiata,30,0.9647445619071495,0.9661559858028425,0.976676118904142,1.4275879563909157
grok_oggi,Italy,this,appaiata,29,1.0092376844802482,0.9414157020405436,1.0016608004610073,1.182610113206911
grok_oggi,New York City,vocali,vocali,23808,1.1507138642890917,1.000228698652202,1.010664347874292,0.5798887687297014
grok_oggi,New York City,spazio,spazio,11318,1.2180785203296944,1.0176351404451205,1.033291692945811,0.48129783473394794
grok_oggi,New York City,e,lettera,7057,1.1276587574076595,0.9634139637488696,1.0326733818460145,0.8860922108694128
grok_oggi,New York City,i,lettera,5489,1.232568523890359,1.071803053662344,1.0219494100015842,0.8728711391580688
grok_oggi,New York City,t,lettera,5292,1.0571685202434564,0.9553030677679168,1.015865076473432,0.8388485547762033
grok_oggi,New York City,n,lettera,5203,1.0613643929387124,0.9416387042665558,0.9500769381504316,0.8273434929095709
grok_oggi,New York City,a,lettera,5037,1.176491848640339,0.9419067152798736,0.9872220107525997,0.8756347409035012
grok_oggi,New York City,r,lettera,4503,1.16550210152206,1.0300496108969286,0.9091140537812669,0.8496966218627678
grok_oggi,New York City,s,lettera,4439,1.2018696436367253,0.9649291930102001,0.9664533873096465,0.9213270940071234
grok_oggi,New York City,o,lettera,4412,1.0902280363276105,1.0073077599936957,1.0142817582250352,0.8847100439792112
grok_oggi,New York City,l,lettera,2710,1.004314394038011,0.9749299635491043,0.9451517679893472,0.975274089264627
grok_oggi,New York City,d,lettera,2653,1.2120904528981373,1.018253132377764,0.9970207826040185,0.8827983159768173
grok_oggi,New York City,c,lettera,2448,1.20064214785345,0.969391874892576,1.0271561532554048,0.943939943452023
grok_oggi,New York City,h,lettera,2049,1.1455049329990814,0.9648956749379969,1.00495842485224,1.012598356886612
grok_oggi,New York City,u,lettera,1813,1.0705378113004596,1.007964523017489,0.98184072314737,0.9321531574557701
grok_oggi,New York City,m,lettera,1645,1.0606817473138597,0.9477109011216373,0.9876072290477328,0.9550524322282438
grok_oggi,New York City,p,lettera,1467,1.139280468066989,1.0094509892948083,1.0174608030375605,1.0752671944619443
grok_oggi,New York City,g,lettera,1445,0.9213821915382266,0.9792261960079461,0.9968774858746124,0.9393461936599021
grok_oggi,New York City,y,lettera,1164,1.108136388039903,0.9765812350518178,0.9700847964957062,1.003212441463878
grok_oggi,New York City,f,lettera,1155,1.0444640801721894,0.9703329009678363,0.9917848387477672,0.999335106071828
grok_oggi,New York City,b,lettera,901,1.1291369693923365,1.0330801421396394,1.0034784193454953,0.9641332862344457
grok_oggi,New York City,the,funzione,468,1.3642810402178527,0.9577565048328589,1.089720518177289,1.317964736401874
grok_oggi,New York City,and,funzione,443,1.0844753270777392,1.0120258348583981,1.0011439929891006,0.8254320786032721
grok_oggi,New York City,in,funzione,271,1.1318191551731436,1.061368746737925,0.9971126281064885,1.0092250757038579
grok_oggi,New York City,of,funzione,216,1.1892135188611168,0.9729237688421214,1.0123502329707101,1.0863224897068469
grok_oggi,New York City,to,funzione,209,0.9826736716939681,0.9940713917954337,0.9633750122413239,0.8799539689093342
grok_oggi,New York City,with,funzione,136,1.0019966529344972,1.0622059053006057,0.9395789073508807,0.9213793589732786
grok_oggi,New York City,new,keyword,134,1.1537305743611106,0.9938723135067645,1.0064792496078756,1.0167032869432795
grok_oggi,New York City,york,keyword,119,1.1918574281295702,0.9634685110856896,1.0585544958698596,1.0265066017825957
grok_oggi,New York City,city,keyword,121,1.1050863880904476,0.9617387629079795,1.0394281414349604,1.0294786085601384
grok_oggi,New York City,million,keyword,57,1.1958770353774941,1.0455409762180203,1.1301737832774137,1.3380874935477718
grok_oggi,New York City,like,keyword,50,1.087071394140409,0.9856289432066762,1.0645001266078509,0.9286358070071558
grok_oggi,New York City,amid,keyword,44,0.8359954788963534,1.0010056177021143,0.8554215273427911,0.7180570380849753
grok_oggi,New York City,manhattan,keyword,47,1.2193318902675878,0.9771347653407574,1.1920748369513507,1.3982138168635905
grok_oggi,New York City,by,appaiata,117,1.06036764608581,0.961245342581086,1.0232584561314406,0.9550309716382152
grok_oggi,New York City,from,appaiata,109,1.0174393806551647,0.9758870146101725,0.9893733662018119,0.9161004473425319
grok_oggi,New York City,over,appaiata,85,0.9649743291977416,0.9584262132447261,0.9266994523099689,0.938087310580064
grok_oggi,New York City,at,appaiata,52,1.1131867527125485,0.9956622227034018,1.0462025735766172,0.9757150616274742
grok_oggi,New York City,city's,appaiata,38,0.990177238854427,0.9807640445937204,0.9300693242172592,0.746615078416479
grok_oggi,New York City,including,appaiata,36,0.880924308343776,1.015195365821194,0.9023178099910941,0.7298119982489335
grok_oggi,New York City,population,appaiata,36,1.2779837418898128,0.9498496087959207,1.1307654244963474,1.2717328795224427
grok_oggi,Middle Ages,vocali,vocali,24901,0.9920585913906691,1.0221744912524893,1.018941387431396,0.5822520304366321
grok_oggi,Middle Ages,spazio,spazio,10969,1.2206745335002982,0.9214087216062209,0.9487428138808611,0.48176147390600105
grok_oggi,Middle Ages,e,lettera,7163,1.1553402274312465,0.9454449637432877,1.074340058429977,0.8710571018325884
grok_oggi,Middle Ages,i,lettera,6012,1.010667281598846,0.9523062910129044,0.954837943199673,0.8971593955600277
grok_oggi,Middle Ages,a,lettera,5577,0.9464481388074292,0.9955311614143644,0.9919260031408067,0.8607479544377103
grok_oggi,Middle Ages,n,lettera,5296,1.0254097130009725,0.9580315744507826,0.9811536518934241,0.869655769801544
grok_oggi,Middle Ages,t,lettera,5180,1.080245345409954,0.9643438771929697,0.9448099998993489,0.8683172945292581
grok_oggi,Middle Ages,r,lettera,4709,1.030672960727089,0.9866913141163356,0.9892434813740234,0.8528069339557416
grok_oggi,Middle Ages,s,lettera,4237,1.1034956820146944,0.9130400179323824,1.0011904627580366,0.938918304220971
grok_oggi,Middle Ages,o,lettera,4181,1.0998128756766237,0.9638349790029457,1.0556130591876614,0.9173716071934689
grok_oggi,Middle Ages,l,lettera,2967,1.100825727394727,0.9809457344186251,0.9641736290872176,0.9517472624553077
grok_oggi,Middle Ages,d,lettera,2832,1.1851767703622642,1.0011390518783163,1.0376589647992749,0.8770639265206766
grok_oggi,Middle Ages,c,lettera,2635,1.2331357566004164,0.9830816751171643,0.990328487735403,0.9333567871427934
grok_oggi,Middle Ages,h,lettera,2146,1.0744597713306494,1.0396339963283499,0.9846551094045587,0.9475780350764257
grok_oggi,Middle Ages,u,lettera,1968,1.0000055067149398,1.0432830920129534,1.0388722359566902,0.9526762240537913
grok_oggi,Middle Ages,m,lettera,1640,1.0431359047100712,1.0469777947570458,0.964083805771058,0.9846426232520779
grok_oggi,Middle Ages,g,lettera,1631,1.0238204670170021,1.0036918523514646,1.001535051807685,0.897667262387373
grok_oggi,Middle Ages,p,lettera,1474,1.0958635370826353,0.9963016686765293,0.9821164552135189,1.0232528026850716
grok_oggi,Middle Ages,f,lettera,1228,0.9656763813646269,1.0038123672796366,0.9698779132127413,0.9544396051150551
grok_oggi,Middle Ages,y,lettera,1006,1.1613073827598486,0.9928686457916527,0.9903029866183412,0.9494775069967729
grok_oggi,Middle Ages,b,lettera,789,1.1070718177188505,1.0050703883036813,0.9770994917462268,0.9862378653811896
grok_oggi,Middle Ages,the,funzione,508,1.2534864804562587,0.9927379978764627,1.0664405648711812,0.9702705022946264
grok_oggi,Middle Ages,and,funzione,448,1.117336826650606,1.0415709734199623,1.033127730865635,0.8266864332270745
grok_oggi,Middle Ages,in,funzione,270,0.9829824636644671,0.9912386356207339,1.0210967088132563,0.9505109340762097
grok_oggi,Middle Ages,of,funzione,264,0.931600358432075,0.991688264991263,0.9299433554300339,0.922173021370238
grok_oggi,Middle Ages,to,funzione,201,1.1073651417025676,1.0036007723777323,0.9934483841542491,0.9627167922344827
grok_oggi,Middle Ages,by,funzione,156,1.1068506029793026,0.9842900021916984,1.0909553147693105,1.0710447448889373
grok_oggi,Middle Ages,like,keyword,86,0.9594750573441545,0.9001884827423853,0.9150199105221498,0.9953589853200371
grok_oggi,Middle Ages,century,keyword,62,1.0761251718499916,1.0223211955303582,1.0625589730383485,1.29989876182604
grok_oggi,Middle Ages,ce,keyword,47,1.5883961752005138,1.0563463300626894,1.4640430019144783,2.13753155690928
grok_oggi,Middle Ages,roman,keyword,50,1.3306734326971852,0.9635028383569725,1.2525557820338349,1.9016782114405397
grok_oggi,Middle Ages,europe,keyword,39,1.0042739508891827,0.9056931240656644,1.0047846903365172,0.972345611113764
grok_oggi,Middle Ages,middle,keyword,25,1.1894399410380572,0.9822094148786693,1.1523817250967254,1.156693210620984
grok_oggi,Middle Ages,ages,keyword,25,1.1923562829289853,0.9602346546274007,1.191573904330381,1.4400535666676413
grok_oggi,Middle Ages,with,appaiata,92,0.8304860334159777,1.013163495816131,0.8396278309216898,0.8500790467865046
grok_oggi,Middle Ages,on,appaiata,47,0.9681926569078004,1.0030603254607724,0.991098783616175,0.92265635156337
grok_oggi,Middle Ages,that,appaiata,46,1.0208616570403755,0.993675531609027,0.996161772547438,1.0534898329615319
grok_oggi,Middle Ages,these,appaiata,43,0.8283010973061756,0.9423383017254313,0.8487226472187147,0.6508547221794815
grok_oggi,Middle Ages,his,appaiata,27,1.1385094825947557,0.9809162066657068,1.180857852810977,1.4335763173795117
grok_oggi,Middle Ages,amid,appaiata,25,0.9094830207701777,1.0111188513733742,0.918596305656684,0.7488777666021627
grok_oggi,Middle Ages,while,appaiata,27,0.9234921294999596,1.0134181371052546,0.9292478903618454,0.9910598569875676
grok_oggi,Russia,vocali,vocali,24118,1.2291570898160409,0.9580079567870089,0.9787859457360545,0.6210514487248605
grok_oggi,Russia,spazio,spazio,11273,1.179423803251551,0.9582779729128541,1.0095144289712168,0.4637907796196867
grok_oggi,Russia,e,lettera,6954,1.2265858599694535,1.0149181878830966,1.0377693379427628,0.9043881441608158
grok_oggi,Russia,i,lettera,5634,1.0799434688925562,0.9364726558995237,0.9969579832173369,0.8854285051447818
grok_oggi,Russia,a,lettera,5206,1.292330533706049,0.9691585608408735,1.0082858818252771,0.8759279146656573
grok_oggi,Russia,t,lettera,5118,1.0627186226388858,1.0212929074836767,0.969575648131409,0.8556216536941061
grok_oggi,Russia,n,lettera,4977,1.1084901554948547,1.014267288610509,0.9851808274772403,0.8605876094376832
grok_oggi,Russia,r,lettera,4683,1.1425081094103346,1.0213654798180711,1.0140674483644085,0.820577266794505
grok_oggi,Russia,s,lettera,4600,1.2140581890562057,0.9408904991896357,1.0163180063972894,0.9699012489935629
grok_oggi,Russia,o,lettera,4317,1.1512767070998073,0.9384423408729177,0.9305915687834173,0.8916006922642021
grok_oggi,Russia,l,lettera,2601,1.016578130407811,0.9527840036001304,1.0271899054824347,1.0095369226906559
grok_oggi,Russia,d,lettera,2563,1.1649443700444078,0.9616325641239446,0.9832642612108439,0.9084913240599138
grok_oggi,Russia,c,lettera,2203,1.03672995014041,1.0420579199394095,1.0180068653244165,0.961835311253838
grok_oggi,Russia,u,lettera,2007,1.1963636092777858,1.0207743056184102,0.9601379951638703,0.9525693286551643
grok_oggi,Russia,h,lettera,1918,1.1709251962083587,0.9846389188334714,0.9739535490492889,1.0191676789911879
grok_oggi,Russia,m,lettera,1634,1.0178252345375218,0.9367032693384784,1.0205957483116395,1.0256375538219775
grok_oggi,Russia,p,lettera,1511,1.1065965484517253,1.0323155461025335,0.9799001952898759,1.0303045686068462
grok_oggi,Russia,g,lettera,1374,1.0379369188100966,1.0002181257732754,1.0001688819171666,0.9160361693958292
grok_oggi,Russia,f,lettera,1163,1.161180639549457,0.9913855377138286,0.9841777395037626,0.9486324598258719
grok_oggi,Russia,b,lettera,911,1.1366331608185507,0.961856549370869,0.9702617461373134,0.9451485338925749
grok_oggi,Russia,v,lettera,889,1.1182901519585196,1.022608170281315,0.9680738314396299,0.9987578590931767
grok_oggi,Russia,the,funzione,546,1.2185075189486245,0.9947459214783233,1.0216389235342511,1.083688512650069
grok_oggi,Russia,and,funzione,476,0.9183360644760296,1.0083528193830533,0.8932740402561535,0.7402102611505961
grok_oggi,Russia,in,funzione,239,1.0376379506264601,0.9697823660781172,1.0302099185147184,0.9413418829823954
grok_oggi,Russia,to,funzione,205,1.1069038103197908,0.9720885930654578,1.0536019983662348,1.0058538011556526
grok_oggi,Russia,of,funzione,199,1.0060208894839593,0.9608209720903944,1.0483143738790364,1.0415716519324714
grok_oggi,Russia,with,funzione,156,1.017518763235478,0.9715387820117468,0.9433545218618119,0.8969871982286827
grok_oggi,Russia,russia,keyword,85,1.2712672950075643,1.031732891559901,1.2452055550167334,1.8026443935555403
grok_oggi,Russia,soviet,keyword,48,1.4790371795334247,0.9970935387085634,1.373098456972033,2.4717283688226144
grok_oggi,Russia,russian,keyword,44,1.2090035200694689,0.9533107342694339,1.2035815706552704,1.7326853940342528
grok_oggi,Russia,federal,keyword,40,1.4675219541274422,1.0377406136501879,1.4680890690488884,3.4720143543963466
grok_oggi,Russia,million,keyword,38,1.1686374541791604,0.998500401489889,1.1671181510437838,1.832740800066373
grok_oggi,Russia,including,keyword,35,1.012865136146225,0.9614421262691177,1.0405291696589078,1.2025682041313879
grok_oggi,Russia,like,keyword,34,1.1179377311684338,1.0206993268720403,1.1267421399509965,0.9752128675224009
grok_oggi,Russia,as,appaiata,67,1.0634588741944526,0.9721154212785902,1.0371436453464111,1.0707449574728756
grok_oggi,Russia,at,appaiata,41,1.0781063543929894,1.0042473685245046,1.0734238265585658,1.3634415783352307
grok_oggi,Russia,via,appaiata,36,0.9076253843857764,1.0161202749592864,0.915304462530211,0.7454833178621078
grok_oggi,Russia,but,appaiata,43,0.9884054222770923,0.9709103006753295,0.9866764003725145,0.8984666049047786
grok_oggi,Russia,this,appaiata,34,1.0203217213065754,0.9808093819177875,1.0010915326825407,0.9515875986293867
grok_oggi,Russia,under,appaiata,32,0.9709963929883042,0.9931453267973224,0.9329044847329042,1.0045593739776824
grok_oggi,Russia,after,appaiata,29,1.004704460415183,0.9900997118581678,1.0124149220513483,1.1113375385011863
grok_oggi,Winston Churchill,vocali,vocali,24610,1.0744130780090377,1.0196645285108532,1.0157199994650752,0.5372808757009602
grok_oggi,Winston Churchill,spazio,spazio,11493,1.100249801289788,1.0785051680181212,0.9706820341404662,0.4745299095958705
grok_oggi,Winston Churchill,e,lettera,7256,1.0286284370428136,0.9677167332145137,0.9769872871289179,0.8909288856710866
grok_oggi,Winston Churchill,i,lettera,5881,1.1003676008924475,0.9903833240834282,1.0013269152404802,0.895110377177768
grok_oggi,Winston Churchill,a,lettera,5151,1.1362481195424579,0.954565040159567,0.9887532955669948,0.8991833597356785
grok_oggi,Winston Churchill,t,lettera,5126,1.019504263146734,0.9622602530579328,0.9880428099617218,0.8522323638092983
grok_oggi,Winston Churchill,n,lettera,5040,1.0247317903956341,0.9322732456995904,0.9898844287149773,0.8361851917696399
grok_oggi,Winston Churchill,r,lettera,4904,1.0055523393626131,1.0080071359218434,1.0077268690365033,0.8263938287581697
grok_oggi,Winston Churchill,o,lettera,4509,1.0732560977137398,1.0255186719126652,0.9689001408658723,0.8874276234602846
grok_oggi,Winston Churchill,s,lettera,4005,1.0489699775374124,1.0108496750604405,1.0052285470269755,0.9242298318312128
grok_oggi,Winston Churchill,l,lettera,3021,0.9939477822531914,0.9638759541663945,0.9963604854706833,0.9908464828492611
grok_oggi,Winston Churchill,d,lettera,2696,1.0111513735862658,0.9475464375643257,0.985641450776923,0.8633354274575419
grok_oggi,Winston Churchill,h,lettera,2578,1.2429612675037363,0.9637034892462898,0.9631398632598209,1.0000618574211424
grok_oggi,Winston Churchill,c,lettera,2542,1.0551995267381238,0.937303747907294,0.9626906231094176,0.9708885805796771
grok_oggi,Winston Churchill,u,lettera,1813,0.9886699884462081,0.956197993360691,0.9954952891895549,0.9143681638725314
grok_oggi,Winston Churchill,m,lettera,1733,1.1170291392344756,0.9972677200638395,0.9830200805638937,1.0056802218647274
grok_oggi,Winston Churchill,g,lettera,1547,1.0283017889164199,1.0104741940032624,0.9368276061670882,0.9293278413142338
grok_oggi,Winston Churchill,p,lettera,1442,0.9516118608922158,0.9616558509355717,1.019261057393933,0.9746810712601445
grok_oggi,Winston Churchill,f,lettera,1359,1.0607737617939221,0.9807952778389232,0.931926823494947,0.9393168370298383
grok_oggi,Winston Churchill,b,lettera,990,1.1216956664480748,0.9446895601729283,1.0398788837816235,0.9400938116556645
grok_oggi,Winston Churchill,y,lettera,899,1.1335146967750709,1.0131973538467902,0.9490637068192257,1.010607112350373
grok_oggi,Winston Churchill,the,funzione,537,1.1363187496757594,0.9733949313874565,1.0057725694213169,0.955062806800859
grok_oggi,Winston Churchill,and,funzione,317,0.9679120201569248,0.9569283414051118,1.0076936332156754,0.8454181434099485
grok_oggi,Winston Churchill,to,funzione,304,0.9502803253869524,1.0055746170734778,0.9548388914869328,0.9124924791893224
grok_oggi,Winston Churchill,of,funzione,239,1.0779868520077516,1.0068822818596888,1.0621139845129492,1.0910355147148167
grok_oggi,Winston Churchill,in,funzione,236,1.0459191916688917,0.9962611572638295,0.9772753588313247,0.9546515769057016
grok_oggi,Winston Churchill,on,funzione,183,1.0761985321767247,0.95845685860176,1.020634537907797,0.9680556431438401
grok_oggi,Winston Churchill,churchill,keyword,185,0.655918675506979,0.9316615370175495,0.6030883099532662,0.5423690362917828
grok_oggi,Winston Churchill,british,keyword,61,1.2083596102466785,0.9835478484205272,1.1019661454911263,1.3443668837307345
grok_oggi,Winston Churchill,amid,keyword,44,0.8688798777767737,0.9930758061726825,0.8735613276120263,0.8332502941842744
grok_oggi,Winston Churchill,churchill's,keyword,36,0.8384666892047298,0.9646859231863436,0.846213367970733,0.6779777150595548
grok_oggi,Winston Churchill,including,keyword,34,0.889803423044977,0.9866944129344911,0.8953695064447511,0.9622849866286084
grok_oggi,Winston Churchill,german,keyword,34,1.2365872386336252,0.973576688111179,1.2565427080461629,2.3954500485216985
grok_oggi,Winston Churchill,like,keyword,28,0.9655741917545085,1.0005471462648152,0.9587534255108002,0.9148689001553691
grok_oggi,Winston Churchill,his,appaiata,124,1.3565610272288835,0.9624335285345786,1.199009335220578,1.461593760512791
grok_oggi,Winston Churchill,over,appaiata,61,0.8815728836505405,0.9849466772819998,0.8897878686735631,0.761347301593381
grok_oggi,Winston Churchill,at,appaiata,40,1.0259251567208973,0.9262991000664259,1.0317057353271473,1.0403826096416013
grok_oggi,Winston Churchill,but,appaiata,36,0.956069901096565,0.96237854492009,0.940698545740232,0.8109551580836969
grok_oggi,Winston Churchill,against,appaiata,34,1.0241320918512598,0.9651503714721196,1.0344702350052923,1.2035728822349299
grok_oggi,Winston Churchill,though,appaiata,27,0.8717998072857385,0.9639954771197217,0.8636529479341476,0.7590182722261635
grok_oggi,Winston Churchill,it,appaiata,25,0.9431122241048294,0.9820406626188593,0.9422309295876602,0.8146340233388002
grok_oggi,France,vocali,vocali,24304,1.1495031542770973,0.9787301834975938,0.9694288398292432,0.6091172600701332
grok_oggi,France,spazio,spazio,11244,1.059815890018184,0.9256781805967399,1.0252565606410675,0.5122954382781095
grok_oggi,France,e,lettera,7208,1.1515359274321044,1.0073959169280542,0.9831367140197972,0.8612001842461294
grok_oggi,France,i,lettera,5758,1.1230388001510798,0.9541532217742151,0.9949239232802719,0.9002330396424685
grok_oggi,France,n,lettera,5372,1.0505319414210421,1.0012241228266145,0.9564832865120675,0.8588539661026244
grok_oggi,France,a,lettera,5255,1.0794204471305344,1.0039048531208048,0.9751702385663954,0.8669928992149812
grok_oggi,France,t,lettera,5134,1.1828679521106475,0.931195534432517,1.004665957556442,0.8653273153410384
grok_oggi,France,r,lettera,4512,0.9927640477765212,1.0014358303889568,0.9588580494215316,0.8353185795667335
grok_oggi,France,o,lettera,4236,0.9328856226808367,1.0546910862177592,1.0319138427958372,0.8962469284449203
grok_oggi,France,s,lettera,4013,1.3120984130597098,0.894521165423222,0.9925199424809513,0.9635397588691647
grok_oggi,France,l,lettera,2958,1.0083656377146308,1.070311577400756,1.0011846001009643,0.9612322858827502
grok_oggi,France,d,lettera,2570,1.1322871936683092,1.0063480615312597,0.9728767787220555,0.862287849707972
grok_oggi,France,c,lettera,2536,1.1061816626407257,0.9967878274001967,1.0133658345525918,0.9441441311326961
grok_oggi,France,h,lettera,2018,1.329861531379381,0.9637873626570478,1.018318956662762,0.9676960499255199
grok_oggi,France,u,lettera,1847,1.1062890771394382,1.015616716681067,0.9816510600585023,0.9907900597367971
grok_oggi,France,m,lettera,1604,1.09493667016286,1.0168633436387884,0.8902073139729557,0.9703178575814724
grok_oggi,France,g,lettera,1584,1.1420935219714756,0.9632916683564523,1.0198467885814269,0.9193520041164469
grok_oggi,France,p,lettera,1466,1.0953435228572896,1.0156944074768115,1.022663666797212,1.01921057879334
grok_oggi,France,f,lettera,1305,0.9787578751167038,0.9741753338162149,0.971205982847747,0.9534126062645756
grok_oggi,France,b,lettera,950,1.2328916564702228,0.9514257699862824,0.9626317772033022,0.9874150817442247
grok_oggi,France,y,lettera,941,1.0657871807529546,0.9982896615677904,1.013731061197943,0.9623095941855541
grok_oggi,France,the,funzione,613,1.3990691317595407,1.0377534477377264,1.0894165837803234,1.1432088535515392
grok_oggi,France,and,funzione,449,1.083752640726373,0.89670086048808,1.0245882595636933,0.8114637623432063
grok_oggi,France,in,funzione,258,0.8771322672452774,1.0381605326544971,0.9537579715949386,0.8851908798288864
grok_oggi,France,of,funzione,253,1.0779937914255153,0.9557707397734378,1.0399431340330958,1.0727197715635448
grok_oggi,France,to,funzione,211,1.0758133375959822,0.9910649321951928,1.0220822316785105,0.9853029918584965
grok_oggi,France,with,funzione,157,0.9147532895258137,0.9202676170474859,0.90715190876181,0.8214556496720711
grok_oggi,France,france,keyword,93,1.1281716183288717,0.9884464936343628,1.0530898181431423,1.2097561545700533
grok_oggi,France,like,keyword,48,1.0839567485789157,1.0006713077561789,1.1001692184544212,1.3821518484018334
grok_oggi,France,french,keyword,47,1.3183786718087052,0.9999809158582661,1.3100272206062307,1.7410929170194884
grok_oggi,France,amid,keyword,33,0.9251808447505919,0.9732886869292842,0.919998373426902,1.0291004328945184
grok_oggi,France,million,keyword,33,1.1221003743133178,1.02440037194517,1.1137128018518412,1.3174325596739505
grok_oggi,France,national,keyword,30,1.1661794332786148,1.001527469859148,1.0943727297627912,1.17498663192139
grok_oggi,France,paris,keyword,29,1.0354768550022866,1.0067771059251711,1.0286699228928726,0.8852673047456925
grok_oggi,France,as,appaiata,69,1.0292243094534204,1.011418674434306,0.9817724079492155,0.9043212519592836
grok_oggi,France,under,appaiata,48,0.9523763389859536,1.0045043712122297,0.9685460460341119,1.1105125254043693
grok_oggi,France,but,appaiata,44,1.0381910889215538,0.9300638946900223,1.0321051129463779,1.6597851648694844
grok_oggi,France,while,appaiata,32,0.826386561801158,0.9484675856621747,0.8358369655598744,0.6690150259971654
grok_oggi,France,this,appaiata,29,0.8753845129848665,0.9728296863887284,0.8785586846398462,0.7687517657015899
grok_oggi,France,including,appaiata,28,0.9224566071372485,0.8914869074316449,0.9305313846554039,0.8355196712692884
grok_oggi,France,economic,appaiata,27,1.0277968996203974,0.9870082522417757,1.0182372729855589,1.2950177525880924
grok_oggi,United States,vocali,vocali,24289,1.375892825658114,0.9316906917796045,1.0053246568173462,0.6104649748103413
grok_oggi,United States,spazio,spazio,11161,1.215157399950249,1.0139368780747244,0.9067219361635978,0.46509650253558765
grok_oggi,United States,e,lettera,7252,1.2520207707483175,0.9630926434282671,1.0111585153512623,0.9199120798099079
grok_oggi,United States,i,lettera,5699,1.2303584463112016,1.0031948558133028,0.9917684381404138,0.9104468336099201
grok_oggi,United States,t,lettera,5515,1.152514162687811,0.9667639151378951,0.9272217648226394,0.8837963233460856
grok_oggi,United States,a,lettera,5191,1.16275236954951,0.9326515741537146,1.0116614134543853,0.8836656899275447
grok_oggi,United States,n,lettera,5152,1.2233921909536956,1.0318324543420472,0.9625398007897039,0.8983548768159417
grok_oggi,United States,r,lettera,4524,1.1744069065855516,0.9363096407456192,0.9927212565657032,0.8324342756256798
grok_oggi,United States,o,lettera,4292,1.1451022650737257,0.9597143300980381,0.968657725424455,0.8866171759598263
grok_oggi,United States,s,lettera,4264,1.2366008165325486,0.9259167256356605,0.9746432981960346,0.960242885567682
grok_oggi,United States,d,lettera,2679,1.1453094560275452,0.9843695767318638,1.0164226223281927,0.9273859778733198
grok_oggi,United States,l,lettera,2654,0.8075901418934104,0.9422411985285254,0.9560468914284027,0.9758820771711266
grok_oggi,United States,c,lettera,2449,1.1630604220539924,1.0030154774742588,1.0308541833157938,1.0290221952469174
grok_oggi,United States,h,lettera,1921,1.0203537927202937,0.9790600721735029,0.9972496340704676,0.9397428296625556
grok_oggi,United States,u,lettera,1855,1.0609951966476878,1.0092345490109935,1.0006910482114362,0.9013527108711629
grok_oggi,United States,m,lettera,1629,1.0323321212407943,1.0442916653604042,0.9994828891802919,0.9821050757783444
grok_oggi,United States,p,lettera,1513,1.093590920798681,0.9823770929120852,1.0633316765974175,1.0754334397478937
grok_oggi,United States,g,lettera,1446,1.0336566547410286,0.9596841325037051,0.9480512956532815,0.9473807239393511
grok_oggi,United States,f,lettera,1266,1.128405978815474,0.9613627966766499,0.9155240013811267,0.9510701332184863
grok_oggi,United States,b,lettera,907,1.2217553949290398,0.9797678272128176,1.0253552420970344,0.9751464189081693
grok_oggi,United States,y,lettera,794,1.0167970153865884,0.987192990656796,1.0315781364686625,0.9896807209964288
grok_oggi,United States,the,funzione,545,1.1276525944567417,0.9937781543211618,1.008544659620908,0.9498262363240126
grok_oggi,United States,and,funzione,415,1.0419604345083935,0.9128717112450161,0.8809277345682055,0.7466465485271503
grok_oggi,United States,of,funzione,273,1.2275128506510786,1.004477955293152,1.0216232310717455,1.044534624050237
grok_oggi,United States,in,funzione,249,1.0747305390754147,1.038143160459689,1.0116751483611297,1.0469837367858592
grok_oggi,United States,to,funzione,211,1.057417638025089,1.0132687488344343,1.0128591787164527,1.0264603116772288
grok_oggi,United States,by,funzione,121,1.1005436196916212,1.0429072059685105,1.0825185628579619,0.9773181750742683
grok_oggi,United States,states,keyword,59,1.1532175626851449,0.9806716278710109,1.2170420945858662,1.3670218631996587
grok_oggi,United States,like,keyword,40,0.9487848856160929,1.0252999266173772,0.9428730698830958,1.2343272339775102
grok_oggi,United States,united,keyword,33,1.0935560948777168,1.002045174417981,0.9816631938806589,1.0760323323564123
grok_oggi,United States,miles,keyword,33,1.793792248264117,1.0201374706929203,1.5662683626946416,2.885262617388028
grok_oggi,United States,federal,keyword,32,1.0537258566572558,0.962544412397051,1.045400204444391,1.5377310724650672
grok_oggi,United States,amid,keyword,30,1.1034407201606709,0.9396088423212081,1.072587189441478,1.3803194591012742
grok_oggi,United States,including,keyword,30,0.9951595534580799,0.9505240769243627,0.9856733838605881,0.9363492563877579
grok_oggi,United States,over,appaiata,68,0.9769470180575075,1.0727570950745426,0.9817276485321679,0.9504279608812501
grok_oggi,United States,this,appaiata,37,0.9348808823315163,0.9630776910682736,0.9434848320633189,1.1475494711521077
grok_oggi,United States,but,appaiata,33,1.0145011315151213,0.9527917788407722,1.0237147397818542,0.9893791174865245
grok_oggi,United States,it,appaiata,33,1.3371953805067243,1.0217550205242028,1.3060075471432706,1.8926209527506912
grok_oggi,United States,through,appaiata,34,0.8481252913399007,0.9414490815273543,0.8524515120750088,0.7319246441409075
grok_oggi,United States,economic,appaiata,29,0.9973978003450515,1.0253969036836392,1.0095545740257774,0.9320044648243301
grok_oggi,United States,which,appaiata,29,0.9472138739717367,1.0100054336929436,0.9465672652650516,0.9438646732028491
grok_oggi,Socialism,vocali,vocali,25616,1.247509270997397,0.9633420242535142,0.997987264024907,0.572322046248826
grok_oggi,Socialism,spazio,spazio,10593,1.1592758481342602,0.9536716194573737,0.913771799491948,0.4717752798398977
grok_oggi,Socialism,e,lettera,6920,1.1051634882235952,1.0444818220144538,1.0181502119142642,0.8687800085377718
grok_oggi,Socialism,i,lettera,6629,1.1582715122393352,1.0106458597456804,0.9928641144933761,0.8502349670441297
grok_oggi,Socialism,t,lettera,5567,1.1953269429601279,0.9539505285661343,1.0138138466268698,0.8094184605209711
grok_oggi,Socialism,a,lettera,5369,1.088687322440592,1.0342302207561185,0.9769853934734526,0.8490780215904823
grok_oggi,Socialism,n,lettera,4935,1.1489109008285845,0.9357101893366044,1.003172072993807,0.8666697004884562
grok_oggi,Socialism,o,lettera,4846,1.1011513467390595,0.9838274420420867,1.0093077483808155,0.8628945666953618
grok_oggi,Socialism,s,lettera,4643,1.1857287053092167,1.0052807108132507,1.0176606843826532,0.9697738643353833
grok_oggi,Socialism,r,lettera,4594,0.9861452347471308,0.9659523283717814,0.9259366399973068,0.8223466576401398
grok_oggi,Socialism,l,lettera,3029,1.0595813299334615,1.0278604137512757,0.983204766136231,0.8736567404291732
grok_oggi,Socialism,c,lettera,2862,1.1818890125370813,0.9823325363883552,1.0600626705886307,0.959015289284478
grok_oggi,Socialism,d,lettera,2407,1.0729624930809087,0.9824076473649966,1.0245514529729143,0.900671173729838
grok_oggi,Socialism,m,lettera,1885,0.9896035658493249,1.0053770047710073,1.0002604243388389,1.0216055965410251
grok_oggi,Socialism,h,lettera,1883,1.1457956574683466,1.0672573540137236,1.0089459448863118,0.9985194326014799
grok_oggi,Socialism,u,lettera,1852,1.0582652035632232,0.9863008239969204,0.979615952098765,0.9147245205507741
grok_oggi,Socialism,p,lettera,1679,1.0179980198358591,0.9430877971490353,1.0329176830937286,1.0006013975755224
grok_oggi,Socialism,g,lettera,1369,1.1316353060895334,1.0489599896862198,1.0192413818932542,0.9464648597214668
grok_oggi,Socialism,f,lettera,1104,1.0212958859204946,0.9716159099935786,0.9273053015659286,0.902088061398975
grok_oggi,Socialism,v,lettera,917,1.085490259343123,1.032519791717013,0.942171435902886,0.9470391271333134
grok_oggi,Socialism,y,lettera,858,0.9562704575451352,0.9357221817380119,0.9472913563400382,0.9253967043432476
grok_oggi,Socialism,and,funzione,367,1.1300314548882986,0.9726085072780178,1.0219392111955523,0.7966157997131088
grok_oggi,Socialism,the,funzione,359,1.2567511980700525,1.0023919041341378,1.0425629551765043,1.2064404339602746
grok_oggi,Socialism,in,funzione,292,1.1282001794482572,0.9849107757397114,0.9736537498512462,0.9261768378238201
grok_oggi,Socialism,to,funzione,272,1.0166889891513793,1.0212580850946915,0.956973441619009,0.8799495739087501
grok_oggi,Socialism,of,funzione,250,1.1640874587360592,0.9579699138647889,1.0385867151968566,1.119354233592795
grok_oggi,Socialism,by,funzione,139,1.0837497879766522,0.9690079790231705,0.9934297687526037,0.9581082426679545
grok_oggi,Socialism,socialism,keyword,85,1.2244515530353997,0.9918913044057494,1.1393138759159094,1.2547640838361052
grok_oggi,Socialism,state,keyword,64,1.233443743445018,0.9964780318729938,1.0895786266134364,1.0678091753746133
grok_oggi,Socialism,socialist,keyword,57,1.0486470628179438,0.9692396211856861,1.0520323794835686,1.2186374155738025
grok_oggi,Socialism,economic,keyword,47,0.9677244540571807,1.0260635372277953,1.0013352107400566,0.9467610230969874
grok_oggi,Socialism,like,keyword,45,0.9982698231573294,0.9992953179284054,0.9682117779502114,0.9821138462402742
grok_oggi,Socialism,private,keyword,43,1.0088279705268315,0.9691577754222506,0.9904939692545996,0.9874047819989176
grok_oggi,Socialism,market,keyword,45,1.1915814123174862,0.9948218423238928,1.1524683851365913,1.6382923124576187
grok_oggi,Socialism,with,appaiata,94,0.9752215944162083,1.026214714150137,0.9222614648570434,1.0285158595396386
grok_oggi,Socialism,this,appaiata,55,0.97948467107237,1.00658561700122,0.9511507662083151,0.8929237667375576
grok_oggi,Socialism,for,appaiata,56,1.0364830871980835,0.9739472421801398,1.044281102663214,1.1231196842343127
grok_oggi,Socialism,but,appaiata,47,0.9745045920882417,0.9774739087507558,0.979786702164937,1.0404460575489534
grok_oggi,Socialism,these,appaiata,44,0.8660945163629871,0.977056985584746,0.8574947474035414,0.7484419831128922
grok_oggi,Socialism,on,appaiata,43,0.8742677741813966,1.0031264797486648,0.8851286261837905,0.792375477963095
grok_oggi,Socialism,under,appaiata,39,1.0696088609979681,0.9887688115407002,1.0749939587816024,1.1285322486411848
grok_oggi,Wikipedia,vocali,vocali,25682,1.2080773960360833,0.9880111012181887,0.9633009993262389,0.5357638925285595
grok_oggi,Wikipedia,spazio,spazio,10690,1.1271005970937975,0.9933870567244044,1.0410305612834445,0.46725065054281767
grok_oggi,Wikipedia,e,lettera,7389,0.9767253068158338,1.0216073472263048,1.0254295308996813,0.8592404610873289
grok_oggi,Wikipedia,i,lettera,6716,1.0349216253226035,1.0909793999745194,0.976744224621087,0.8628042263385891
grok_oggi,Wikipedia,t,lettera,5248,1.0931084633194847,1.0322664004358988,0.9635002070638675,0.8614659239110519
grok_oggi,Wikipedia,a,lettera,5212,1.0284340513670929,0.9942859133673255,0.9244793558325831,0.8389179330448466
grok_oggi,Wikipedia,n,lettera,5139,1.0802212039304726,1.0050888434467058,0.98644921522776,0.8423286420059606
grok_oggi,Wikipedia,s,lettera,4823,1.216616998538134,0.9717967853892252,0.9655604782717128,0.9022744590925861
grok_oggi,Wikipedia,o,lettera,4511,1.042209197830285,0.9939722202292032,0.9322896868286307,0.8457796227551704
grok_oggi,Wikipedia,r,lettera,4395,1.1281988634634612,0.9834757627203251,0.9448073641954302,0.8543443718639543
grok_oggi,Wikipedia,d,lettera,2871,0.9927745313752268,1.0038416743758412,0.993934920275446,0.8856558202408461
grok_oggi,Wikipedia,c,lettera,2680,1.221699577204835,0.9620572316635115,0.9880151190463673,0.9516070053452901
grok_oggi,Wikipedia,l,lettera,2666,1.1225202790656794,0.9752869362133705,1.023156038056545,0.9764728907647359
grok_oggi,Wikipedia,u,lettera,1854,1.0982432077549718,1.0557353678154355,0.9687302317735407,0.9181028739202165
grok_oggi,Wikipedia,p,lettera,1626,1.0171776643755996,0.9600213447323429,1.0435929375979704,1.0016975743406271
grok_oggi,Wikipedia,h,lettera,1625,1.0688296024991955,1.0026742852012958,0.9931704175630814,1.0038679752239101
grok_oggi,Wikipedia,g,lettera,1610,1.1703560603138983,0.9971532694752807,1.0313505095417426,0.9671817686043536
grok_oggi,Wikipedia,m,lettera,1488,0.9999688736684188,0.9834252249599915,1.0385951348463947,1.011268842743634
grok_oggi,Wikipedia,f,lettera,1236,1.006259751396646,0.9803279748667579,0.9062855934662116,0.9775042258901824
grok_oggi,Wikipedia,v,lettera,900,1.0608522990994378,1.0187473626729304,0.973203188641384,0.9784374781817975
grok_oggi,Wikipedia,w,lettera,853,1.2511750648829238,0.9790153875795641,0.9288646303760517,0.9642486945208518
grok_oggi,Wikipedia,and,funzione,377,1.0670799746213455,1.0064064559943018,1.0549781924055848,0.9187439054483285
grok_oggi,Wikipedia,in,funzione,231,1.0070696562554486,1.0084391716416616,1.0255803319949388,0.9968758446754539
grok_oggi,Wikipedia,to,funzione,221,1.0912782036433493,1.038316759765235,1.1085090545355476,1.0283538660609568
grok_oggi,Wikipedia,the,funzione,208,1.1346432395159003,1.055775451044588,1.0839814834043393,1.1711406917666487
grok_oggi,Wikipedia,of,funzione,182,1.1643810357094402,0.9872161624565806,1.0718263926031468,1.0875690145140209
grok_oggi,Wikipedia,for,funzione,143,1.2257500517759752,0.9851095117382777,1.1428909964053846,1.2608634292814072
grok_oggi,Wikipedia,wikipedia,keyword,119,1.1006917520116268,1.0161047058857882,0.9834718597700336,0.9818268720048728
grok_oggi,Wikipedia,articles,keyword,61,1.1579372031445012,0.9944644815289726,1.0910424265787255,1.1633700514422394
grok_oggi,Wikipedia,like,keyword,60,0.9818463081300887,0.9563243566267396,0.9377636625866087,0.7923909757517831
grok_oggi,Wikipedia,content,keyword,55,0.9446761472183529,0.9261676923827785,0.8936660675705929,0.9222338092894526
grok_oggi,Wikipedia,editors,keyword,50,1.265911333934377,1.08968221254631,1.2064986212669744,1.2161340706042734
grok_oggi,Wikipedia,edits,keyword,48,1.2091519350159243,0.993708444602175,1.177365656067356,1.1854510181859634
grok_oggi,Wikipedia,including,keyword,40,0.8314592175494089,1.036089534441472,0.8284111715484941,0.7119922962458517
grok_oggi,Wikipedia,by,appaiata,86,1.1104613592382468,1.007504320637625,1.0604751367533205,1.0207853194216812
grok_oggi,Wikipedia,that,appaiata,63,1.1436707706922682,0.9229913677161878,1.0509788272739298,1.064097866345895
grok_oggi,Wikipedia,over,appaiata,56,1.1021724001497744,0.9508225730660196,0.9952432165196107,1.0580736424019068
grok_oggi,Wikipedia,these,appaiata,39,0.974009223236289,0.9817723942305498,0.9934934476471403,0.9236358366202295
grok_oggi,Wikipedia,editing,appaiata,40,0.9855147366621215,0.9556973032151882,0.9740333354241568,0.909933244155958
grok_oggi,Wikipedia,editor,appaiata,39,1.0227366592537726,0.9860386135546705,1.046278780374607,1.297934805325425
grok_oggi,Wikipedia,such,appaiata,36,0.9839998656983141,0.9970491047494562,1.006228592827033,0.9673400624455633
grok_oggi,Alexander the Great,vocali,vocali,25193,1.2074238502397177,1.038067982470077,0.9623921514460312,0.5513828619688439
grok_oggi,Alexander the Great,spazio,spazio,11243,1.0910707148112262,0.9775206909034511,0.9692074256422613,0.45857334949489353
grok_oggi,Alexander the Great,e,lettera,7672,1.0656667323336981,0.9329301024089638,0.9563119159632336,0.8703970794883764
grok_oggi,Alexander the Great,a,lettera,6061,1.059959354589409,1.0087800954489932,1.0229269838557844,0.8570156130518729
grok_oggi,Alexander the Great,i,lettera,5670,1.1605177750758588,1.0292094466891577,0.9499160913054784,0.8710241409601303
grok_oggi,Alexander the Great,n,lettera,5290,1.097002105280274,1.0066164226803191,1.0043619144705125,0.8171033551649293
grok_oggi,Alexander the Great,t,lettera,4949,1.02295672872039,0.9692096294022342,0.9025112573967734,0.8722616435099834
grok_oggi,Alexander the Great,r,lettera,4589,1.0832617266090585,1.0383583400068,1.0072219920810415,0.8385631532461795
grok_oggi,Alexander the Great,s,lettera,4479,1.0694409990411053,0.9627398838369426,0.9261293680931489,0.9479577859939555
grok_oggi,Alexander the Great,o,lettera,4053,1.191461479850326,1.0036652491258216,0.9991879429393368,0.9137409565733852
grok_oggi,Alexander the Great,d,lettera,2972,1.0439910705127886,0.9805167077933685,0.9345064033262677,0.8632891033645863
grok_oggi,Alexander the Great,l,lettera,2783,1.05645168082718,0.9915353424142199,0.9381850537994402,0.9507107701534777
grok_oggi,Alexander the Great,c,lettera,2408,1.1463978539032977,1.0263456458973153,0.9633890991202018,0.8704696607573509
grok_oggi,Alexander the Great,h,lettera,2395,1.1333242448822718,0.9830015621837281,0.9779555610581362,0.9781314330151892
grok_oggi,Alexander the Great,u,lettera,1737,1.0928125984713313,1.0072733170865271,1.0196216941227696,0.9244142471233175
grok_oggi,Alexander the Great,p,lettera,1693,1.0548662189681073,1.0393587310202772,1.0411269378192916,1.0341922628302402
grok_oggi,Alexander the Great,m,lettera,1636,0.9811643423070413,1.0288798809577222,0.9626847694115312,0.9549698602612611
grok_oggi,Alexander the Great,g,lettera,1581,1.0588715323742435,0.9720338902065203,1.0109522587347135,0.9498203667088294
grok_oggi,Alexander the Great,f,lettera,1182,1.037155307671721,0.9540314583730226,1.004815231294021,0.9142293486817284
grok_oggi,Alexander the Great,y,lettera,983,0.9684654027584674,1.0398452016432376,0.9697823548276984,0.9648857343981261
grok_oggi,Alexander the Great,b,lettera,909,1.2094788705503507,0.9826356959086322,0.9583227944410755,1.0445065593407603
grok_oggi,Alexander the Great,the,funzione,525,1.2506997883366304,1.0050415815643419,1.09013678172299,1.2263832552757685
grok_oggi,Alexander the Great,and,funzione,431,0.9322489625032968,0.9270681940856226,0.8910015087500808,0.7445309774253375
grok_oggi,Alexander the Great,to,funzione,273,1.0981354700479438,0.9853827751138606,1.0396512744150082,0.9586860759346347
grok_oggi,Alexander the Great,of,funzione,262,1.1711055829626238,0.954252102507648,1.0463775726593205,1.0118784131361922
grok_oggi,Alexander the Great,in,funzione,236,1.0039988624540532,1.0087054913493698,0.983475954765936,0.9796118459978832
grok_oggi,Alexander the Great,his,funzione,149,1.238309521406064,0.9757819600240625,1.0288982878122443,1.0129504449998934
grok_oggi,Alexander the Great,alexander,keyword,197,1.0617508419583404,0.9799130303971829,0.9943991222429958,0.8484339923373463
grok_oggi,Alexander the Great,bc,keyword,117,1.2567420372995253,1.0494671682715155,1.1247779514700522,1.5253185438345562
grok_oggi,Alexander the Great,persian,keyword,83,1.3725458656571037,0.9691053013107146,1.2843145587223808,1.5177834161202444
grok_oggi,Alexander the Great,macedonian,keyword,88,1.1989776116937205,0.9723755971005495,1.0879777853359978,1.0326987722580472
grok_oggi,Alexander the Great,alexander's,keyword,57,1.065306759463099,1.0026539189873018,1.0373325730193326,1.0813673288949084
grok_oggi,Alexander the Great,greek,keyword,57,1.2796111593874382,1.022951626970044,1.215937097805268,2.0594553766322545
grok_oggi,Alexander the Great,like,keyword,50,1.0543827051742702,1.0547353983464396,1.088122597612056,1.0625252095532862
grok_oggi,Alexander the Great,with,appaiata,114,0.9375892308391559,0.9785215331159881,0.8959304158464625,0.8928183701577446
grok_oggi,Alexander the Great,as,appaiata,111,1.0557577600165335,0.9370419898380312,1.0273354904233603,1.0061927967321107
grok_oggi,Alexander the Great,for,appaiata,76,1.0196583989436658,0.9931981920480171,1.0015509400833416,0.9341468316251343
grok_oggi,Alexander the Great,at,appaiata,72,0.9138510059976583,1.011068741093686,0.980375366619581,0.9503347337002306
grok_oggi,Alexander the Great,on,appaiata,59,1.0290408310833679,1.0659585530864462,1.0319730477009197,1.1468378453796606
grok_oggi,Alexander the Great,he,appaiata,54,1.0285626485646877,1.0084709837752408,0.9998465581832249,1.0499117207168847
grok_oggi,Alexander the Great,cavalry,appaiata,50,1.4108756998286442,0.992831003083711,1.381493588500874,1.9106071790103736
grok_oggi,Paris,vocali,vocali,24650,1.0391297751908337,1.0193927138479333,0.9017399833259527,0.5723913669851594
grok_oggi,Paris,spazio,spazio,11172,1.194432530138194,0.9928971578045914,0.9784626212152442,0.4755434053934011
grok_oggi,Paris,e,lettera,7219,1.1819202322549582,0.9889920013881611,0.9186974903870196,0.8811267141682088
grok_oggi,Paris,i,lettera,5994,1.0912227096620586,1.0146580846815991,0.9929680798211434,0.8568843646828495
grok_oggi,Paris,n,lettera,5288,1.0918569066178119,0.9833329231381261,1.0101431774547656,0.8388702945089866
grok_oggi,Paris,t,lettera,5263,1.0644508060387807,0.944113705736162,0.9866531725514364,0.8616562244498414
grok_oggi,Paris,a,lettera,5132,0.9569349556621104,1.0049905188993298,0.9788684621718957,0.8455957024023406
grok_oggi,Paris,r,lettera,4763,0.9989942683418036,0.9900059886167126,1.0122240757934475,0.8208284324072844
grok_oggi,Paris,s,lettera,4502,1.1533756814324596,1.0101430021629179,1.0148993146812324,0.9237318389148936
grok_oggi,Paris,o,lettera,4316,1.0104755845328228,0.9340926041027844,0.9731621345656719,0.8971724633168875
grok_oggi,Paris,l,lettera,2776,1.0712037724424956,1.0308099259995342,1.060509398032707,0.919727797412077
grok_oggi,Paris,d,lettera,2487,1.1684907863375407,1.0197049646721894,0.9989101720756851,0.8723961108145759
grok_oggi,Paris,c,lettera,2431,1.1300450479132609,0.9958181262894574,1.0029249452451958,0.9688906709071359
grok_oggi,Paris,h,lettera,2046,1.121796824068919,1.010765048868072,1.019994152509352,0.997020051780156
grok_oggi,Paris,u,lettera,1989,0.9988869740435912,1.0008788319616437,0.9776126500760237,0.8927516111148999
grok_oggi,Paris,m,lettera,1694,0.9771737463828555,0.9910002563977942,0.9800738973347771,0.9682148591332174
grok_oggi,Paris,p,lettera,1586,1.0554359433411487,0.9419945586866566,1.002858334446718,1.0047649065451025
grok_oggi,Paris,g,lettera,1526,1.1038966395776428,0.9978776847416736,1.0236846145007912,0.8913204116178947
grok_oggi,Paris,f,lettera,1273,1.1155781017059911,1.0163299048425498,0.993253587950964,1.0096139681695635
grok_oggi,Paris,b,lettera,880,0.9097861708569862,1.0071271758052014,1.0467000239100488,0.9924073386541878
grok_oggi,Paris,y,lettera,845,1.061966895950598,0.9793485284674587,0.9496183165269702,0.9378692450343021
grok_oggi,Paris,the,funzione,530,1.4500269875937826,1.0159467746920463,1.061856982318367,1.065939231330814
grok_oggi,Paris,and,funzione,423,1.0403685502201947,0.9700235789339094,0.9195789762886989,0.7457594562938554
grok_oggi,Paris,in,funzione,283,1.1027678973039585,0.9815946012754934,0.9968518461119809,0.9585335009723871
grok_oggi,Paris,of,funzione,244,1.0126106764174945,0.9896225170122102,0.994388638352095,1.0752556345370112
grok_oggi,Paris,to,funzione,200,0.9814827703894681,0.9348621180178656,0.9978410718165192,0.9832205417127067
grok_oggi,Paris,with,funzione,155,0.977209679940996,1.0006893623837623,0.920243583433586,0.7994085489223156
grok_oggi,Paris,paris,keyword,157,0.8575539029669076,0.9503314658440553,0.7868988847433598,0.691550439551879
grok_oggi,Paris,like,keyword,64,1.003711121642827,0.9982438296707078,0.9644971124126179,1.076446794854944
grok_oggi,Paris,urban,keyword,49,0.9643906425390604,1.0518451277309822,0.966656065419841,0.804023868139824
grok_oggi,Paris,including,keyword,38,0.9240413195778013,0.9652246264381238,0.9401312007916021,1.1189775426629358
grok_oggi,Paris,city,keyword,45,1.024389965566777,1.0568057329868124,1.0831622718415912,1.0994185586061729
grok_oggi,Paris,population,keyword,31,1.0934740629915929,1.033035133111903,1.0546179474690043,1.3517581666241902
grok_oggi,Paris,french,keyword,31,1.168760773989603,1.0294359971034974,1.0959411090079778,1.0951233884185871
grok_oggi,Paris,by,appaiata,129,1.0185689624616812,1.0240306468187474,1.0197588661159083,0.9218884311462603
grok_oggi,Paris,on,appaiata,67,1.1982944943988676,0.9929391377131479,1.12812156474429,1.1015641950127284
grok_oggi,Paris,at,appaiata,42,1.0633540523503713,1.014556543536495,1.0757270171616657,1.0992886691734884
grok_oggi,Paris,these,appaiata,36,0.8641129198323823,0.9766519447221861,0.8544367797218912,0.6347688951593919
grok_oggi,Paris,national,appaiata,31,1.2046998492233947,0.9420153598750188,1.1306535708747345,1.2042383264455565
grok_oggi,Paris,such,appaiata,31,0.9377460210063021,0.9564368962244303,0.9331045898369249,0.9978094853714102
grok_oggi,Paris,th,appaiata,41,1.1143875590239938,1.0019531485696083,1.1237951247653724,1.6600787061416882
grok_oggi,Beijing,vocali,vocali,24581,1.2046031929267966,0.9472334633633509,0.954813206644939,0.5676785669025348
grok_oggi,Beijing,spazio,spazio,10926,1.259797149016166,0.9810994374473663,0.9991744468124503,0.46766112548167693
grok_oggi,Beijing,e,lettera,7080,1.1201264399441646,1.0192721571597125,1.0039692248438679,0.9132881817240259
grok_oggi,Beijing,i,lettera,6370,1.0830527211282814,1.0405968786273656,0.9620262734036832,0.8675439431624369
grok_oggi,Beijing,t,lettera,5493,1.1444627735624675,0.9927501980744471,0.9737500447098973,0.846993018434163
grok_oggi,Beijing,n,lettera,5490,1.150635314926547,0.9437111554123327,0.9624478165772933,0.8522469736588271
grok_oggi,Beijing,a,lettera,5038,1.201908820484049,1.0001493662263743,0.9497366669513504,0.8799033408514081
grok_oggi,Beijing,r,lettera,4445,1.052253537040776,0.9555164908417911,0.9625154563026516,0.8571905461221828
grok_oggi,Beijing,s,lettera,4314,1.1421843860056138,0.9810005293686187,0.9117122186937445,0.9517527815783706
grok_oggi,Beijing,o,lettera,4241,1.022933548367956,1.0028509734768345,0.9325003746425234,0.8800865871573486
grok_oggi,Beijing,l,lettera,2689,1.0657601995525703,0.9526370843507386,0.9831435030856982,1.0165270122442622
grok_oggi,Beijing,c,lettera,2679,1.402737142019451,0.9581223239349838,1.0134230282228518,1.004462815522671
grok_oggi,Beijing,d,lettera,2397,1.0612080173562017,0.9756324092491638,1.0362331431781007,0.9482537733047474
grok_oggi,Beijing,h,lettera,2096,1.1862571711641745,0.932940686773927,1.003395478656122,1.0083477961579097
grok_oggi,Beijing,u,lettera,1852,1.1154437509353123,1.007567079190799,0.9598165730704423,0.9947516650750916
grok_oggi,Beijing,g,lettera,1774,1.0379407830008336,0.9883687065729108,0.9397813730696103,0.8916533178661199
grok_oggi,Beijing,p,lettera,1730,1.257041704121744,0.999618340159898,1.0017812001090058,1.0089698296980256
grok_oggi,Beijing,m,lettera,1700,1.109696694657771,0.9762847147082407,0.9680037325187643,0.941275358422843
grok_oggi,Beijing,f,lettera,1112,1.03362248599359,1.0014817840898333,1.0345910368845506,0.9845379174512899
grok_oggi,Beijing,y,lettera,990,1.0397091574293809,0.9720796553004889,0.9384445535239979,0.9639827465747678
grok_oggi,Beijing,b,lettera,880,1.0253444523147826,0.9391705798492255,0.996468955101571,0.9278217537894002
grok_oggi,Beijing,the,funzione,493,1.4266390690101862,1.0183439731380606,1.169975299148166,1.325585852599912
grok_oggi,Beijing,and,funzione,388,1.1242605402022112,1.0899276742774966,1.0049224362718536,0.9040308158881522
grok_oggi,Beijing,in,funzione,271,1.0848290803213199,0.9677445151063836,0.949593894620024,0.9282884924461748
grok_oggi,Beijing,to,funzione,240,1.1249751862652888,1.0326523131715666,1.0608132019346175,1.020368768378853
grok_oggi,Beijing,of,funzione,227,1.000998417552422,1.0535738320364447,1.009923000457503,1.0104396275052934
grok_oggi,Beijing,with,funzione,160,0.9235133497152507,1.0454279089996295,0.8599075678016636,0.7301150784974576
grok_oggi,Beijing,beijing,keyword,164,1.055791677137053,0.9549153890900599,0.9550731325323388,0.8881438556484512
grok_oggi,Beijing,beijing's,keyword,58,1.01375150946972,1.0119931151565762,1.0225857845503257,0.9153247021037292
grok_oggi,Beijing,national,keyword,51,1.0876872062928598,0.9814605529922344,1.1023017568575393,1.1615521595210176
grok_oggi,Beijing,like,keyword,50,1.005338006241322,0.9229040831219274,0.972403036186066,0.8620234131097958
grok_oggi,Beijing,including,keyword,41,0.9919284340515383,1.0050105793484165,0.9806585237354667,0.9435454289827889
grok_oggi,Beijing,capital,keyword,34,1.376071386569885,0.9491072530383806,1.1580222219793725,1.4158871372507709
grok_oggi,Beijing,million,keyword,32,1.3379616633756417,0.9141081975547195,1.189174584464597,1.7852134164484543
grok_oggi,Beijing,by,appaiata,101,1.0793103541354814,0.9750160890004889,0.9751505520534133,0.9564769681578386
grok_oggi,Beijing,on,appaiata,54,1.0750928044125851,0.9590626303631034,0.9920791102472827,0.9899875771188591
grok_oggi,Beijing,under,appaiata,43,1.0070377180199994,0.9804403401871492,0.9594276997066685,0.8414479032972699
grok_oggi,Beijing,but,appaiata,38,1.0522253788472888,0.9901832319761131,1.0438851123816215,1.2849672856350658
grok_oggi,Beijing,its,appaiata,37,1.0488197884276402,0.9661426351402073,1.0126690742847797,1.055147420353352
grok_oggi,Beijing,at,appaiata,33,1.0662545831527042,1.0509349775677554,1.0601340446632748,1.1645839499233281
grok_oggi,Beijing,central,appaiata,32,1.0989446749365737,1.0289756361646618,1.0941855145923662,1.2831700603037128
grok_oggi,Isaac Newton,vocali,vocali,25200,1.1935739700408239,0.9950306695758125,0.9152213498141538,0.5245083537732141
grok_oggi,Isaac Newton,spazio,spazio,11158,1.2590793878830742,1.0582436759138822,0.9657594931573795,0.4888881522075055
grok_oggi,Isaac Newton,e,lettera,7362,1.0842913797323759,0.9842181276653273,0.9778629211005926,0.864112952769578
grok_oggi,Isaac Newton,i,lettera,6228,1.2083865407258523,0.9908058810891621,1.012892415377138,0.8764002246529977
grok_oggi,Isaac Newton,t,lettera,5705,1.0519578666240559,0.9645275680400465,0.9687713249011866,0.8212719507756248
grok_oggi,Isaac Newton,n,lettera,5321,1.0945898353799588,0.9812078347037104,1.01157325445183,0.8538469952351856
grok_oggi,Isaac Newton,a,lettera,4971,1.168293553039056,0.9582730764709063,0.9931403824853927,0.9045065184430724
grok_oggi,Isaac Newton,o,lettera,4828,1.085852010558738,1.003047852148998,0.9568502305433088,0.8774271554801687
grok_oggi,Isaac Newton,s,lettera,4330,1.0995862517399149,0.9805116431010447,0.9798682716778587,0.9069370367795802
grok_oggi,Isaac Newton,r,lettera,4315,1.0924258475329032,1.0360590299268984,0.9541651723996933,0.8383040172137057
grok_oggi,Isaac Newton,l,lettera,2962,1.0487106655497098,1.007417753967595,0.9811399615902395,0.9481598657954348
grok_oggi,Isaac Newton,c,lettera,2612,1.2000844212640966,0.9794399859250311,0.9579109091655708,0.9395666505679894
grok_oggi,Isaac Newton,h,lettera,2597,1.1849915412947363,0.9806482946208037,0.984868051688835,0.9609399092181891
grok_oggi,Isaac Newton,d,lettera,2451,1.0331399678644975,0.9725959293780219,1.015842892388213,0.8872468579184626
grok_oggi,Isaac Newton,u,lettera,1811,0.9864081856381939,1.0264490329680596,1.0511822232339878,0.9899532927025503
grok_oggi,Isaac Newton,m,lettera,1744,1.1194734769852002,1.0389971480235063,1.0003890392763062,0.9309922031669963
grok_oggi,Isaac Newton,p,lettera,1689,0.9928704056663734,1.0217870294544913,0.963532278295493,0.9954164985812592
grok_oggi,Isaac Newton,g,lettera,1364,1.0672998367821513,0.9229214846220968,0.9481743893534555,0.9483023443724587
grok_oggi,Isaac Newton,f,lettera,1248,0.9052855416915058,0.8780009763811938,1.0134263264610848,0.9410456323034276
grok_oggi,Isaac Newton,y,lettera,966,1.1257398846491442,1.0158198332805466,0.9290545377762971,0.9292843406832396
grok_oggi,Isaac Newton,w,lettera,868,1.0660228568976209,0.9639844043386255,0.9920752392042642,0.8909632804844642
grok_oggi,Isaac Newton,the,funzione,443,1.365463694663419,0.9519828575095074,1.0806503936745662,1.1575417181487568
grok_oggi,Isaac Newton,and,funzione,347,1.0306702704352593,0.9772724731057129,1.0160594415817774,0.9087961725886744
grok_oggi,Isaac Newton,of,funzione,342,1.1921975224745875,1.0048764451605683,1.1081334574084112,1.035280256673653
grok_oggi,Isaac Newton,in,funzione,266,0.9237277323339181,0.9614273557332943,0.9272451406120438,0.8894227258891486
grok_oggi,Isaac Newton,to,funzione,239,0.993734603432238,1.0293671688697632,0.9968505715708202,0.9303977038904163
grok_oggi,Isaac Newton,his,funzione,193,1.237079882857493,0.974598450854343,1.0864176636797858,1.2153063281231078
grok_oggi,Isaac Newton,newton,keyword,215,1.0475162234690538,0.9808246404175041,0.8321911995311965,0.668159742085275
grok_oggi,Isaac Newton,newton's,keyword,72,1.0042511094773656,0.9703156138890611,0.9687892087902857,0.9954934902472469
grok_oggi,Isaac Newton,like,keyword,40,1.0047922733797305,1.0227572086048526,0.969568942553706,0.8518393194913596
grok_oggi,Isaac Newton,motion,keyword,30,1.3625591526685648,0.964497737294513,1.3847767761460161,2.830551214557103
grok_oggi,Isaac Newton,royal,keyword,29,1.2159813093230893,0.9709199451574873,1.1874741111341598,1.4169119687640834
grok_oggi,Isaac Newton,though,keyword,29,0.8044618736565469,0.9918367875818467,0.8042582942079312,0.7474931654620558
grok_oggi,Isaac Newton,principia,keyword,25,0.9187327029101879,1.0284266046939503,0.9229674973246956,1.1296147258933797
grok_oggi,Isaac Newton,as,appaiata,151,1.035455889136652,0.975934329519592,0.9440622136107001,0.9412644316182741
grok_oggi,Isaac Newton,that,appaiata,73,1.0794353175628872,1.0161463164085514,1.0685250768387335,1.0758496999634695
grok_oggi,Isaac Newton,these,appaiata,36,0.9388101271555513,1.0142086792992566,0.9313731180517483,0.7411550680017972
grok_oggi,Isaac Newton,an,appaiata,29,1.05729754205225,0.9439776517589872,1.0795486060746795,1.0323979379243424
grok_oggi,Isaac Newton,but,appaiata,30,0.9832357427179356,0.9673719868243887,0.9829117720517418,0.8496714269607311
grok_oggi,Isaac Newton,than,appaiata,31,0.8799741301988624,1.018824700017486,0.8947557785285891,0.8597246129072935
grok_oggi,Isaac Newton,rather,appaiata,25,0.8512964377742483,0.9914405994654376,0.852515283353918,0.7273928209977865
grok_oggi,Napoleon,vocali,vocali,25025,1.2489467109930208,0.9842041527371569,0.9432788785503378,0.5503703034846054
grok_oggi,Napoleon,spazio,spazio,11636,1.0533204474467588,1.0061971757087438,1.0122375763052702,0.486377171516467
grok_oggi,Napoleon,e,lettera,7425,1.0272351761125167,1.0121918189846684,1.035545255779371,0.8463587172755674
grok_oggi,Napoleon,a,lettera,5566,1.1936749019651252,1.0334043645975683,1.0220638062919336,0.8733458134735719
grok_oggi,Napoleon,i,lettera,5552,1.232206603842657,1.0107020792727115,0.9540760134615732,0.9076284662374137
grok_oggi,Napoleon,t,lettera,5405,1.0979025040193893,0.9732601961620269,0.9686828364007218,0.8590989455752742
grok_oggi,Napoleon,n,lettera,5248,1.0974958446066103,0.9527445753479372,0.936187021165531,0.8330423703619967
grok_oggi,Napoleon,o,lettera,4726,1.1694622711301115,0.9884322553188282,1.0186605065299332,0.8987451636438746
grok_oggi,Napoleon,r,lettera,4693,1.0427987879111706,0.9791424294771359,0.9969116679682234,0.8273916883279149
grok_oggi,Napoleon,s,lettera,3889,1.068077386140833,0.9813735414023896,0.9697837430109685,0.9929151124960948
grok_oggi,Napoleon,l,lettera,2728,1.1216172621376808,1.0147721707105088,0.9931486814367573,0.9576060850471975
grok_oggi,Napoleon,d,lettera,2597,1.062208686818972,0.9748142539507292,0.9649717488312545,0.9066830311004707
grok_oggi,Napoleon,c,lettera,2392,1.1853192667602879,1.038365167284862,0.9928326647412266,0.9076506545510328
grok_oggi,Napoleon,h,lettera,2345,1.1207640114252677,0.9940041587100067,1.0158097248972349,0.9345427466620322
grok_oggi,Napoleon,u,lettera,1756,1.125897118867654,0.9884113405021168,0.9710806498106394,0.8892594476827966
grok_oggi,Napoleon,p,lettera,1710,1.0458198668658831,1.0190970116854707,0.9954544197471124,0.9946032401757683
grok_oggi,Napoleon,m,lettera,1496,0.9852917799006108,1.0719616719543013,0.9732496203681529,0.9968388648733347
grok_oggi,Napoleon,f,lettera,1443,0.9496414573341984,0.9801400615109032,0.9596480265462896,0.9760177878774129
grok_oggi,Napoleon,g,lettera,1322,0.9939288153491153,0.9902333498184551,0.9453720178360122,0.8837399657428426
grok_oggi,Napoleon,b,lettera,1021,1.1706948655775946,0.9840898596821445,0.9721336582629823,0.9288351788143988
grok_oggi,Napoleon,y,lettera,988,1.1753890334712649,0.9660687115723979,0.930762113872181,0.9139797921648112
grok_oggi,Napoleon,the,funzione,738,1.114046886209216,0.9900211542125475,0.9870443111620335,0.9624205749388809
grok_oggi,Napoleon,and,funzione,379,0.8727057250066397,0.9729800068417102,0.9728032816721611,0.8477709262392548
grok_oggi,Napoleon,of,funzione,372,1.0382749632163513,0.9577314233170745,1.016645887614378,0.9349444435909063
grok_oggi,Napoleon,to,funzione,306,1.0004272955151694,0.982946105087572,0.9831130144106268,0.9416323658046442
grok_oggi,Napoleon,in,funzione,278,1.2392700890213897,1.069036292444649,1.1014151789182498,1.0615699607248947
grok_oggi,Napoleon,on,funzione,142,1.0104650800406103,0.950602886787137,1.0171053081405705,0.9158175295979022
grok_oggi,Napoleon,french,keyword,115,1.1383936135354957,1.0115680734924608,1.1070591561959893,1.121343928418582
grok_oggi,Napoleon,bonaparte,keyword,127,1.271986776174426,1.0464370856407081,1.2223695051387082,1.1290054910957437
grok_oggi,Napoleon,napoleon,keyword,98,1.261169371941705,0.9759980190731324,1.139551473999189,1.3546422427266196
grok_oggi,Napoleon,france,keyword,46,1.0842018406290463,0.9966138397834386,1.078688402280973,1.257781156338726
grok_oggi,Napoleon,army,keyword,38,1.1030246128602448,0.9839689258561556,1.0690802209388508,1.4623241649280536
grok_oggi,Napoleon,bonaparte's,keyword,31,1.0483286036207564,1.0341291480218624,1.062275990987571,1.048345320992438
grok_oggi,Napoleon,battle,keyword,32,1.269788849053489,0.9853045245433969,1.2200069499467014,2.123816630239393
grok_oggi,Napoleon,with,appaiata,115,0.9442878993795173,0.9287338060206024,0.8617605019066544,0.8613381410934746
grok_oggi,Napoleon,his,appaiata,98,1.2256055446681224,0.984216251437917,1.1353309965399718,1.2884128276579179
grok_oggi,Napoleon,at,appaiata,70,1.084846103406159,1.0637855480424674,1.05067005763121,1.1621331720244366
grok_oggi,Napoleon,while,appaiata,37,0.96476148175549,0.9563406207948021,0.9509806613232441,0.8616768715046283
grok_oggi,Napoleon,that,appaiata,33,0.9615571099908582,0.9646048266528068,0.9980497196246629,1.00312098073006
grok_oggi,Napoleon,after,appaiata,32,0.9040217349328409,0.9457706888256207,0.9054368859785384,0.6994890437816439
grok_oggi,Napoleon,military,appaiata,30,1.0417820565150282,0.9931930546481009,0.9999574123304207,1.165170476817297
grok_oggi,Brazil,vocali,vocali,24950,1.2886409847278184,0.9858717165625341,1.0059800415940001,0.5841901977111634
grok_oggi,Brazil,spazio,spazio,10895,1.0392600666930234,0.9654597035140652,0.9989229703642074,0.4713295900536702
grok_oggi,Brazil,e,lettera,7206,1.2050001734778109,0.9732247101245987,0.9721200306488976,0.9059920124402218
grok_oggi,Brazil,i,lettera,5966,1.1343791545777016,0.9020284256207752,0.9867540399091324,0.8894054807413526
grok_oggi,Brazil,a,lettera,5332,1.2444196142277446,0.9720406351964882,0.870357585247251,0.8730459236712066
grok_oggi,Brazil,t,lettera,5325,1.115738072988517,1.0164507274171828,1.047760849419032,0.8717114556510471
grok_oggi,Brazil,n,lettera,5171,1.0028888618916705,1.0141687119599487,1.061150068059544,0.8534796555378179
grok_oggi,Brazil,o,lettera,4597,1.1951299939252484,0.962947757951874,0.9759913314498583,0.8758779411032283
grok_oggi,Brazil,r,lettera,4591,1.0297084926427296,0.9602498053470928,1.0116425155301345,0.8324707578268677
grok_oggi,Brazil,s,lettera,4294,1.2249613936375778,1.0012774400923798,1.0145622185161736,0.9393943961545485
grok_oggi,Brazil,l,lettera,3043,1.1122705576638037,0.979779027563865,0.9760571480242263,0.950970896374391
grok_oggi,Brazil,d,lettera,2625,1.2030754686875493,0.942801524659299,0.9477485873052348,0.8812973697408821
grok_oggi,Brazil,c,lettera,2515,1.1417919885210221,1.05155423755645,0.9882486660677458,0.9269757726710482
grok_oggi,Brazil,u,lettera,1849,1.0732994600528645,0.8975068982050626,1.0018778177942245,0.9554299834290457
grok_oggi,Brazil,h,lettera,1741,1.0849550638369523,1.0291570333408602,0.9836777588404839,0.9829782159543321
grok_oggi,Brazil,p,lettera,1712,1.0510967862629488,1.0316776124062799,1.0133363805264228,1.013815397267014
grok_oggi,Brazil,m,lettera,1604,0.9794006979068027,1.0506836148838092,1.0225374011399953,0.9315484365586161
grok_oggi,Brazil,g,lettera,1521,1.0424906002971062,0.9493956128704437,0.9542951866632,0.951697062379596
grok_oggi,Brazil,f,lettera,1234,1.163592872058399,0.9814001620201029,0.9660784895588036,0.9910859211838422
grok_oggi,Brazil,b,lettera,1000,1.026305244287345,1.005511856867283,0.9913049139123308,0.9470062355009978
grok_oggi,Brazil,v,lettera,862,1.0922249653847276,0.8880124573185976,1.0265969681659863,0.9587643337845363
grok_oggi,Brazil,the,funzione,464,1.1612712704697767,0.9742200353051915,1.0802556699545312,1.0793136402385284
grok_oggi,Brazil,and,funzione,397,1.0705971906461111,1.0155148051235905,0.9507306311466898,0.8080549066115772
grok_oggi,Brazil,in,funzione,279,1.1566813265121585,1.0094552576484064,1.1040609688798113,1.1131113199681903
grok_oggi,Brazil,of,funzione,250,0.9952905812619285,0.8935691660520236,1.0125480844424433,0.9603771603590272
grok_oggi,Brazil,to,funzione,230,1.0224369590289044,0.997741775142423,0.9546096591552318,0.9393408073117199
grok_oggi,Brazil,by,funzione,157,0.9162563252352981,1.0201443079957946,0.8593298546605025,0.8155193797726746
grok_oggi,Brazil,like,keyword,43,0.9868829248676069,1.0340698813207452,0.9663642357322537,1.0004413298973456
grok_oggi,Brazil,brazil,keyword,75,1.125920279837801,0.9163523917639198,1.083663840723352,1.199146156328998
grok_oggi,Brazil,including,keyword,34,0.9529591337844698,1.0174655174982838,0.9761976602249988,0.9065528308631394
grok_oggi,Brazil,brazil's,keyword,34,0.9625212686981991,1.0493577614312606,0.9711597181113566,0.9450786951334246
grok_oggi,Brazil,federal,keyword,32,1.3126230996267354,0.9435312214923653,1.209398857563154,1.735445200453393
grok_oggi,Brazil,amid,keyword,28,0.8939292144039964,0.9591780269528188,0.8920021729435899,0.852775840725947
grok_oggi,Brazil,economic,keyword,27,0.9658471663732435,1.0314950553061104,0.9847076170915191,1.0422044445586085
grok_oggi,Brazil,but,appaiata,36,0.914957452473164,1.0596731650259719,0.9288001003686901,0.8030565098756515
grok_oggi,Brazil,which,appaiata,35,0.983024321771848,1.0229334094314269,0.9857148501022869,1.0465868463252048
grok_oggi,Brazil,these,appaiata,34,0.8408212483481641,1.0184746383848955,0.8509188983372947,0.609630150956856
grok_oggi,Brazil,this,appaiata,34,0.9294864203233894,0.9874872240836176,0.9292941292095492,0.8786041111288034
grok_oggi,Brazil,under,appaiata,33,1.0450426580141672,0.9363449690530187,1.0356143147929686,1.1155702411672481
grok_oggi,Brazil,through,appaiata,26,0.9168450503716922,1.0546495604691746,0.9100019216704854,0.8082152461500847
grok_oggi,Brazil,fiscal,appaiata,25,1.1240041738141415,0.9477065226057805,1.1322998522739791,1.6920783685355563
grok_oggi,Artificial intelligence,vocali,vocali,25322,1.2406565892619932,1.0553510483479733,0.9730468718703676,0.5610797917298989
grok_oggi,Artificial intelligence,spazio,spazio,10450,1.0933351367356252,0.9846104743500667,1.00555517652148,0.5034626743981102
grok_oggi,Artificial intelligence,e,lettera,7211,1.23242241061372,1.014578323662447,0.9802631261999829,0.8744575851264588
grok_oggi,Artificial intelligence,i,lettera,6289,1.2294139900552137,0.9250949819732829,0.959053656585725,0.9023732485752198
grok_oggi,Artificial intelligence,a,lettera,5729,1.1038240449428023,0.9850677800297155,1.034521043839259,0.8421743619901868
grok_oggi,Artificial intelligence,n,lettera,5301,1.0380116467945903,0.9748062712028226,1.0581431646727781,0.8673235906786347
grok_oggi,Artificial intelligence,t,lettera,5173,1.0195843739421957,0.9753551956288374,0.9638229466570972,0.8724020801034179
grok_oggi,Artificial intelligence,s,lettera,4681,1.104895957705561,0.9671456578879006,1.045297455833466,0.9456036990908189
grok_oggi,Artificial intelligence,r,lettera,4468,1.097382968692269,0.8823952625558368,0.9947770862215117,0.8619001673879766
grok_oggi,Artificial intelligence,o,lettera,4250,1.0899188371769544,1.0104522505643292,0.9604371784667185,0.8490569255283963
grok_oggi,Artificial intelligence,l,lettera,3043,1.0295542964286188,0.9888794743689145,1.0436584154024864,0.9492281962940466
grok_oggi,Artificial intelligence,c,lettera,2677,1.1411775587478536,0.9624119651707715,1.0093861813788179,0.9349754484478197
grok_oggi,Artificial intelligence,d,lettera,2523,1.1587409868221963,1.045933951268677,0.9719423383231297,0.9338871976659713
grok_oggi,Artificial intelligence,m,lettera,1925,1.1332658773383302,0.9663575230277681,1.024417560028912,0.9379289691539605
grok_oggi,Artificial intelligence,u,lettera,1843,1.024246902118978,0.9556884971183566,0.9160604019190273,0.9858404556157963
grok_oggi,Artificial intelligence,g,lettera,1839,1.0828791210647268,0.9611709012341123,1.0060583856457403,0.9326560380970995
grok_oggi,Artificial intelligence,p,lettera,1808,1.0610386801975276,0.9145824517706617,0.9713502688677526,0.9408849402561033
grok_oggi,Artificial intelligence,h,lettera,1714,1.06699978926699,1.0586183811229768,0.9199894208066505,0.9806751428523955
grok_oggi,Artificial intelligence,f,lettera,1161,0.9886697477714522,0.9620432930926205,0.9522008231226877,0.9556765161142026
grok_oggi,Artificial intelligence,y,lettera,877,1.1261180692670036,0.9168746304238048,0.9894440211812604,1.0000616193687994
grok_oggi,Artificial intelligence,b,lettera,849,1.1797948388011672,0.9734856352224112,0.9534327505686798,0.9816869366362091
grok_oggi,Artificial intelligence,and,funzione,360,1.1779940878747261,0.9710432025426345,1.0235749865831352,0.9276523722764703
grok_oggi,Artificial intelligence,in,funzione,288,1.058535823443565,0.9436550068301234,1.053043971047863,0.9345739213978554
grok_oggi,Artificial intelligence,to,funzione,217,0.9815654933029934,1.003659679186584,0.9455001221219584,0.8625153238163767
grok_oggi,Artificial intelligence,for,funzione,147,1.0386497389294471,1.0363186664190704,0.9814364158023329,0.9621919416569429
grok_oggi,Artificial intelligence,the,funzione,142,1.2610586005931208,1.0041373549823769,1.1665165098306305,1.4316533396249627
grok_oggi,Artificial intelligence,of,funzione,118,1.1116869800097873,0.9973500851318559,1.0381755641928443,1.1305508255647456
grok_oggi,Artificial intelligence,ai,keyword,199,1.3790860278453894,1.000892029842016,1.2289763302592274,1.4552045190036902
grok_oggi,Artificial intelligence,like,keyword,85,1.0339403725069551,0.9121489965258772,1.013957063750089,1.012109805673676
grok_oggi,Artificial intelligence,data,keyword,79,0.9686658912919784,1.0395967463071576,0.9569357069691068,0.9601379176728135
grok_oggi,Artificial intelligence,systems,keyword,65,1.047282331759872,0.9779805099554294,1.0658098394315387,1.1708250458553728
grok_oggi,Artificial intelligence,learning,keyword,65,1.2016059481420929,1.009540862966852,1.1282256470041574,1.5344681122542112
grok_oggi,Artificial intelligence,models,keyword,57,0.9867190418546893,0.9626600975356139,0.989852047384829,0.928044598234757
grok_oggi,Artificial intelligence,human,keyword,61,1.0514164141169446,0.9891071537249047,1.0277759487624196,1.0804233245659078
grok_oggi,Artificial intelligence,by,appaiata,112,0.996486525576742,0.9188249033145491,0.999979515878798,0.9576961684144734
grok_oggi,Artificial intelligence,on,appaiata,81,1.1140352690681172,0.9996404537785782,1.0755234097116408,1.3560497078435043
grok_oggi,Artificial intelligence,or,appaiata,75,1.2600508924689635,1.0097990378811637,1.1316817107631842,1.1922523031532737
grok_oggi,Artificial intelligence,such,appaiata,53,0.8790248803562257,1.0366284965864048,0.8777372898430551,0.7552324059897894
grok_oggi,Artificial intelligence,intelligence,appaiata,45,1.344842363605282,0.9530830902342529,1.2001290737690349,1.4917622785735116
grok_oggi,Artificial intelligence,these,appaiata,39,0.9231514177556621,0.9814265900033287,0.9051830225518481,0.7481798683622732
grok_oggi,Artificial intelligence,that,appaiata,37,1.0276864309971256,0.9564639719023207,1.0126615147678362,1.0759337903645614
grok_oggi,Olympic Games,vocali,vocali,24723,1.302215601926049,1.0233175150041711,0.9436325303139309,0.5422207752110192
grok_oggi,Olympic Games,spazio,spazio,11190,1.2699624313243092,1.0005648054290865,1.0086706108698558,0.4731584597851082
grok_oggi,Olympic Games,e,lettera,7322,1.1456144492118203,1.014362057038665,0.9893449867236458,0.8741992501122543
grok_oggi,Olympic Games,i,lettera,6124,1.121300327562085,1.012100456295564,1.0528111455302798,0.8723738150007058
grok_oggi,Olympic Games,t,lettera,5624,1.026774365175598,0.9247193865077136,0.9925352110012446,0.8257831954711036
grok_oggi,Olympic Games,n,lettera,5174,1.1129445741613317,0.9891362651758664,0.9889302582485907,0.841446044904113
grok_oggi,Olympic Games,a,lettera,4983,1.1918577439704414,1.0116671093766976,1.0770542101510836,0.8652100313228136
grok_oggi,Olympic Games,o,lettera,4626,1.1159032146290206,0.9551320269699192,0.9765833480452284,0.8735629484703737
grok_oggi,Olympic Games,s,lettera,4418,1.120208707605764,0.9906311835379426,1.0148060897333218,0.930213963679769
grok_oggi,Olympic Games,r,lettera,4179,0.9930677765755144,0.9888045715869559,1.0254439142087428,0.861582071545131
grok_oggi,Olympic Games,l,lettera,2878,1.1534344797278204,1.0338755350425448,1.0115259677123918,0.9560612454512102
grok_oggi,Olympic Games,c,lettera,2714,1.1076880037251977,0.9480177586718467,1.04389729276693,0.8948751412366767
grok_oggi,Olympic Games,d,lettera,2529,1.1021445361585358,0.9566369688630597,0.9863169881955972,0.9137212513408572
grok_oggi,Olympic Games,h,lettera,2038,1.331961329234941,0.9672511657110007,0.9637953277539806,0.9680479260741334
grok_oggi,Olympic Games,m,lettera,1949,1.1022105706438474,1.0304205431216893,1.0338554213447593,0.9765284776615942
grok_oggi,Olympic Games,p,lettera,1714,0.8937088943333795,1.0504579741778877,1.0009777472088066,0.9393796733962632
grok_oggi,Olympic Games,g,lettera,1675,1.0448794876570724,0.9451180897498496,0.9724996462262433,0.9593646015330844
grok_oggi,Olympic Games,u,lettera,1668,1.141536094241884,1.0185708680726646,0.9863356330134186,0.9571720789187622
grok_oggi,Olympic Games,f,lettera,1171,1.0823268075321077,1.0249048107302992,0.9843330971536591,0.9278226072722182
grok_oggi,Olympic Games,y,lettera,984,0.9779113429921039,0.9805539416499935,0.9535509748785934,0.9884273862640797
grok_oggi,Olympic Games,b,lettera,812,1.1180277925332054,0.9827339180014562,1.0141091072930977,1.0623874980993948
grok_oggi,Olympic Games,the,funzione,589,1.448220191686361,0.9740066214565033,1.143580178763374,1.1626357344328995
grok_oggi,Olympic Games,and,funzione,408,1.0431120972518448,0.9821236578315947,0.8142933732996509,0.7213520627847865
grok_oggi,Olympic Games,in,funzione,258,1.1381728878694728,1.0324413411345643,0.9958907316565163,0.9823940449098639
grok_oggi,Olympic Games,to,funzione,227,0.9050314007171094,0.9189686079432063,0.933811779727638,0.8359672840070524
grok_oggi,Olympic Games,of,funzione,172,1.129226122909873,0.9759482192270413,1.0495783410035786,1.0958177410337386
grok_oggi,Olympic Games,with,funzione,134,0.9367735168818997,0.9967925677046754,0.9239880233821912,0.7734050444442264
grok_oggi,Olympic Games,olympic,keyword,121,1.1803283132883176,1.050228633017192,1.1374754021188858,1.151066393210745
grok_oggi,Olympic Games,games,keyword,120,1.0228527100323772,1.002766280591928,1.0394266030024275,1.0109160319398502
grok_oggi,Olympic Games,ioc,keyword,105,1.2578934970653013,0.9901159586302581,1.2352607025989146,2.2502343777815517
grok_oggi,Olympic Games,like,keyword,64,0.9467052148741074,1.0238898906990128,0.9293945648356255,0.8904431499645246
grok_oggi,Olympic Games,events,keyword,50,1.218341465591137,0.9493645842231678,1.0720634704259089,1.2285369170790406
grok_oggi,Olympic Games,international,keyword,49,1.0992140563863078,1.0053090285163868,1.116451979153034,1.466376620357327
grok_oggi,Olympic Games,sports,keyword,48,1.2074351266952184,1.0628128807250743,1.1485303326588505,1.6035201829343104
grok_oggi,Olympic Games,as,appaiata,122,1.076157286394102,0.9568712082876164,1.0089279156791762,0.93484915697384
grok_oggi,Olympic Games,from,appaiata,115,1.0640239370309574,0.9287369547062628,1.0443458290084882,1.0255864021543255
grok_oggi,Olympic Games,by,appaiata,103,1.1851286774241652,1.0570565898687982,1.0385375407656783,1.0395695571981263
grok_oggi,Olympic Games,on,appaiata,65,0.9691069814323304,0.9518695180349784,1.0584310888954285,0.9299360869591597
grok_oggi,Olympic Games,at,appaiata,54,0.9239461818747614,0.9953173052972141,0.9482563584927947,0.9526939086277012
grok_oggi,Olympic Games,or,appaiata,56,1.3071365516490865,0.9926752038050428,1.2221580548221211,1.6662608065423934
grok_oggi,Olympic Games,athletes,appaiata,40,1.0591418183421537,0.9916618952978328,1.0652055607563715,1.1411647184775895
grok_oggi,World War II,vocali,vocali,24396,1.2642874960484132,0.9688774668854173,0.9819066365542487,0.6042204836117495
grok_oggi,World War II,spazio,spazio,11149,1.177934108336023,0.9953749787980429,1.0201100291645708,0.44935958069316073
grok_oggi,World War II,e,lettera,7100,1.1163026215755858,0.9981724010753409,1.0266758451997438,0.8763658288442165
grok_oggi,World War II,a,lettera,5711,1.173748668404802,0.9936638911200836,1.0499918592414983,0.8879798940538635
grok_oggi,World War II,i,lettera,5648,1.2991907049938691,0.9914461618364437,0.9406313048244987,0.9105488429039639
grok_oggi,World War II,n,lettera,5085,1.1216166288064828,1.040458212751645,0.991303862714996,0.867458252840441
grok_oggi,World War II,t,lettera,4808,1.2094304473011388,0.9695932545572049,0.988314315705544,0.875041179426495
grok_oggi,World War II,r,lettera,4577,1.1251326680334817,1.0364206455303446,0.9637461330229536,0.8897393886056186
grok_oggi,World War II,s,lettera,4347,1.0833075143798274,0.9740436800001623,1.0207368653726046,0.9021936900998875
grok_oggi,World War II,o,lettera,4160,1.212552094116591,0.937178709380965,0.9624471617692788,0.922140094581011
grok_oggi,World War II,l,lettera,2882,1.0514076955569456,0.9758070765508355,0.9452962559691248,0.9774956565132741
grok_oggi,World War II,d,lettera,2866,1.1434431646555845,1.001480204923994,0.9619128355593579,0.8873889655282781
grok_oggi,World War II,c,lettera,2090,1.0899714387532684,0.9586645999840208,1.0397974248680002,0.9570287369061357
grok_oggi,World War II,h,lettera,1787,1.105524273457956,1.007004051648209,0.9936403279502212,0.9825989247270054
grok_oggi,World War II,u,lettera,1777,1.0401723051642355,0.9612420670714333,1.032359707412942,0.9529215054209533
grok_oggi,World War II,m,lettera,1642,1.0906245387726212,0.96869314907589,1.0373020023812949,0.985458069631832
grok_oggi,World War II,p,lettera,1639,1.1569866483897542,1.0275652342681674,1.0442415711875794,0.9896475446036337
grok_oggi,World War II,g,lettera,1516,1.0126973070113368,0.9948811013401778,1.0443577522303624,0.9282007926944309
grok_oggi,World War II,f,lettera,1363,1.1380982023366022,1.00312350628955,0.9814626079193906,0.9783007807018416
grok_oggi,World War II,b,lettera,931,0.9846754766784453,0.9981950594149703,1.0081776177808908,1.016744072195464
grok_oggi,World War II,y,lettera,884,1.1319767116614488,0.99719442555522,0.9973510165247325,1.0342920839270622
grok_oggi,World War II,the,funzione,480,1.2119478516438065,0.9830797785707986,1.100370690903825,1.007056452550289
grok_oggi,World War II,and,funzione,472,0.9097536434404185,1.0109861248415764,0.9579059580980722,0.7293437140570709
grok_oggi,World War II,in,funzione,209,1.2410813659798379,0.9732548783061398,1.0930740902874847,1.1420195224722858
grok_oggi,World War II,to,funzione,198,1.0069927039328939,0.9652473880306243,0.9877848715481328,1.0099005113914663
grok_oggi,World War II,of,funzione,190,1.0610359273584695,1.017383007145046,1.0604921591401621,1.0451935527430267
grok_oggi,World War II,on,funzione,133,1.0669825733976996,0.9987092719075609,1.0235085462855074,0.9682068005285515
grok_oggi,World War II,allied,keyword,76,1.2515775106108937,0.9974218605766256,1.1759752413636104,1.8434415951660519
grok_oggi,World War II,german,keyword,74,1.2036706820731005,0.957630441480357,1.1864265278407238,1.466629393391536
grok_oggi,World War II,soviet,keyword,71,1.3705594641360743,0.9923584348967074,1.2380937650876829,1.529749334142058
grok_oggi,World War II,forces,keyword,51,1.1447766997875821,0.9894052554496632,1.1416846936673222,1.2998321891453395
grok_oggi,World War II,axis,keyword,42,1.2272232921392048,1.0060012275013372,1.2304057231934575,1.915879288695921
grok_oggi,World War II,germany,keyword,60,1.167357813562069,1.013614194813904,1.1740414159024126,1.6996558226789409
grok_oggi,World War II,million,keyword,40,1.0237075724076106,0.969816836965902,1.0279500030497737,1.200568755222643
grok_oggi,World War II,for,appaiata,77,0.91488587494223,0.9997814515004116,0.9590460759922864,0.8845530744745423
grok_oggi,World War II,as,appaiata,57,1.0964255931130311,1.0404395822232426,1.077413118504779,1.0674653716112827
grok_oggi,World War II,over,appaiata,57,1.118311785164282,0.9999008223837373,1.0945591538245651,1.0382018299419273
grok_oggi,World War II,war,appaiata,64,1.1673285875903294,0.9604540937286575,1.1306795833467953,1.5770055469299524
grok_oggi,World War II,but,appaiata,37,0.941831749401197,0.9404655611262377,0.919527749538995,0.8255092669633244
grok_oggi,World War II,troops,appaiata,37,1.0218425988241344,0.9529051479541307,1.0247773663982558,1.1134093739048174
grok_oggi,World War II,like,appaiata,36,1.0452912455023293,0.9956403719258259,1.0258533587641019,0.9074257699058241
grok_oggi,World War I,vocali,vocali,24687,1.197713434578563,0.9758919276345535,1.005095847564171,0.5692399999227242
grok_oggi,World War I,spazio,spazio,11359,1.228123166034144,0.9968804275343442,0.9854173152291623,0.4659002550946987
grok_oggi,World War I,e,lettera,7256,1.234385432123906,0.9479942115116432,1.0050320523106797,0.8742434259768866
grok_oggi,World War I,a,lettera,5749,1.2959331549544684,0.9983593946847519,0.9507247612211639,0.8698412705878958
grok_oggi,World War I,i,lettera,5611,1.2718719289379647,0.9126201716832251,0.9770498924004117,0.9178937673274915
grok_oggi,World War I,n,lettera,5231,1.1198854431418843,1.00409937929784,1.0523358482372616,0.8117609515811177
grok_oggi,World War I,t,lettera,5224,1.0726505050755322,0.9860074287308951,0.9913869645712499,0.8712744831731692
grok_oggi,World War I,r,lettera,4832,0.9995621768225054,0.9700662113915102,0.985258410937868,0.8246176706734599
grok_oggi,World War I,s,lettera,4257,1.093267973946785,0.924021062725508,0.9945442224257383,0.9426955500739896
grok_oggi,World War I,o,lettera,4116,1.079045371647217,1.0216555940029395,0.9892991749658947,0.9118432510372134
grok_oggi,World War I,l,lettera,2851,1.0012319214162082,0.961726165829889,0.9869028819287667,0.9829004228141188
grok_oggi,World War I,d,lettera,2728,1.0330368526084985,0.9556736806559291,1.0335318666003463,0.8992730727983382
grok_oggi,World War I,c,lettera,1991,0.9282260716692474,0.9123231252215755,0.9585594797007349,0.9366736660163039
grok_oggi,World War I,h,lettera,1965,1.1767834345300314,1.0105061919461478,1.0009680515817345,0.9380265623981672
grok_oggi,World War I,u,lettera,1955,1.1750917418529072,0.9999823749276935,0.9542866457132653,0.9416768892841259
grok_oggi,World War I,m,lettera,1720,1.0026856659328256,1.0132870446866449,1.0436961801913132,1.0041259445557535
grok_oggi,World War I,g,lettera,1673,1.011416448937922,1.0048598513966613,1.0445427534949103,0.9078246493273128
grok_oggi,World War I,p,lettera,1412,0.8766866456317816,0.9604580098039609,0.949855087449801,1.0265314999279522
grok_oggi,World War I,f,lettera,1359,1.1639118207114247,0.9757497194171222,1.0218773972211157,1.0148719824746857
grok_oggi,World War I,b,lettera,1022,1.1020996275480432,0.9868694701127652,0.9884318498843143,0.9942632435269612
grok_oggi,World War I,y,lettera,819,1.0263838296434824,0.9671383297393786,0.9937167327330046,0.9604276651809155
grok_oggi,World War I,the,funzione,579,1.236470287498504,0.9702697994202746,1.1081580488627472,1.0800247148240552
grok_oggi,World War I,and,funzione,411,1.2366002816504214,1.016960703901473,1.0051175008176871,0.9701074808663668
grok_oggi,World War I,to,funzione,259,0.9891039629769335,0.9517273281273254,0.9672023266183807,0.8939106695342824
grok_oggi,World War I,of,funzione,234,1.178699824649377,1.0356268901119245,1.122219368320329,1.1531680428406985
grok_oggi,World War I,in,funzione,189,1.0242273494256298,0.9813317617478172,1.0154857616258048,1.030697338410574
grok_oggi,World War I,on,funzione,169,1.1885031122497371,1.0624665911357845,1.0878441795496487,1.2245838271668832
grok_oggi,World War I,german,keyword,110,1.2660655506294172,1.0558933499937482,1.193011659769972,1.5280014985344983
grok_oggi,World War I,allied,keyword,53,1.3175006867851313,1.0010222177503694,1.2832920857811796,1.7379602510215388
grok_oggi,World War I,forces,keyword,50,0.9936836282462855,0.9840633523324761,0.9909388098995283,1.2521213416783343
grok_oggi,World War I,million,keyword,45,1.0775216417471987,0.9241212234039456,1.0177478837893577,1.537593534962259
grok_oggi,World War I,british,keyword,46,1.2112113029224085,1.0164313924315709,1.1801992841976203,1.6891530894097389
grok_oggi,World War I,including,keyword,42,0.8705548966601677,0.9936653904035567,0.8639206349387024,0.8813887476240908
grok_oggi,World War I,august,keyword,39,1.3139820904647066,1.0165552513736031,1.3132651067875785,1.9894324662823588
grok_oggi,World War I,with,appaiata,97,0.8415276422373973,0.9668255454560503,0.9009905263451984,0.8044444154179448
grok_oggi,World War I,against,appaiata,53,0.9516206959808728,0.9790441322377593,0.9522240840800378,0.7950130208885651
grok_oggi,World War I,for,appaiata,52,1.1451846138204662,1.0564181886633361,1.105550903345476,1.0720908091560883
grok_oggi,World War I,but,appaiata,41,1.0242365106590416,0.9278934246325782,1.012274435059777,0.8786192379827601
grok_oggi,World War I,at,appaiata,40,1.059435821210906,0.9636751498795296,1.0481265604511434,0.858631390067945
grok_oggi,World War I,which,appaiata,40,1.0205616215393716,0.97089550739469,1.026689740010773,1.0603094065947856
grok_oggi,World War I,casualties,appaiata,38,0.9417083277765184,0.9977261011501838,0.9469360350981582,1.3710794245963067
grok_oggi,Hinduism,vocali,vocali,25044,1.0668109129981695,0.9589219376656669,1.006591259455597,0.5273433656315151
grok_oggi,Hinduism,spazio,spazio,10821,1.073210024237057,0.9648875053069329,0.980065817258688,0.4649417604190871
grok_oggi,Hinduism,a,lettera,6508,1.2675493828077276,1.058123999922019,0.9557177966200543,0.9313859771021894
grok_oggi,Hinduism,i,lettera,6409,1.1448021919283646,0.9861811089427404,1.0499185426559172,0.861024717361113
grok_oggi,Hinduism,e,lettera,6326,1.0617214699422177,0.9833947840943011,1.0171698802046147,0.9219526794874432
grok_oggi,Hinduism,t,lettera,5263,1.1262081073214867,0.920415217898643,0.9783160662053983,0.8729717505367907
grok_oggi,Hinduism,n,lettera,4933,1.1785276819538955,0.9228280714082823,0.9318723488011647,0.8428139127793932
grok_oggi,Hinduism,s,lettera,4681,1.0502363666972152,1.0361823314216314,0.9522146342539198,0.9011671071497832
grok_oggi,Hinduism,r,lettera,4449,1.1334836366683287,0.9782746659708227,1.0131326433938808,0.8445983417082068
grok_oggi,Hinduism,o,lettera,3948,1.1813145652888934,1.011654156805838,0.9412545767142766,0.976811386655586
grok_oggi,Hinduism,d,lettera,2816,1.0498768109392107,0.9676748776903815,1.0487782903893719,0.8869517704026139
grok_oggi,Hinduism,h,lettera,2648,0.9933716730840016,1.0183949212136854,0.9941611925570616,1.0077557034807172
grok_oggi,Hinduism,c,lettera,2531,1.0883558824315496,0.9438350903716443,1.008935375187096,0.973439285393714
grok_oggi,Hinduism,l,lettera,2517,1.013231943501938,0.9556292797619207,0.9694841569260143,0.9852950967598391
grok_oggi,Hinduism,u,lettera,1853,1.012130946375625,1.0219503490962174,0.962321322204823,0.9383350049915113
grok_oggi,Hinduism,m,lettera,1852,1.0078073801711787,1.0592055017239292,0.9629506759991003,0.9756175420899517
grok_oggi,Hinduism,p,lettera,1491,1.058269725684235,0.982086810561856,0.9704446549148775,0.9957358590470871
grok_oggi,Hinduism,g,lettera,1394,0.9674148196847985,0.9349467531994852,1.017506470181251,0.9529020671850975
grok_oggi,Hinduism,y,lettera,1083,1.1432730563843636,1.04526112496739,0.9774145764510015,0.9436271599353487
grok_oggi,Hinduism,v,lettera,1045,1.0474334740825084,1.048189540912104,0.9854424462111572,1.0038520292095132
grok_oggi,Hinduism,f,lettera,1041,1.1637328494124406,0.8799569183897297,0.9585805476026269,0.9472561404227097
grok_oggi,Hinduism,and,funzione,444,1.0293958111111423,0.9511866236329573,0.9727480705635551,0.8050616159073456
grok_oggi,Hinduism,the,funzione,418,1.1501609257237868,1.0223978080869838,0.9954861044233728,1.0486743819831683
grok_oggi,Hinduism,to,funzione,239,0.952860874518599,0.9737213195268909,0.976719518617748,0.8709465540152572
grok_oggi,Hinduism,in,funzione,216,1.1559029139060089,1.0116450280562026,1.0475534968608577,1.0255255421712497
grok_oggi,Hinduism,of,funzione,180,1.0865815943699524,0.9259151753864171,1.0225789400752092,1.0876002673276735
grok_oggi,Hinduism,as,funzione,172,1.1362326374543366,0.9905716103546469,0.9323888906867038,0.9269697667101634
grok_oggi,Hinduism,like,keyword,99,0.8617850759765665,0.9934376328490604,0.9179944122634635,0.8092190666150362
grok_oggi,Hinduism,vedic,keyword,98,1.2295827735528888,0.986394546600366,1.161421718883903,1.3224430227926844
grok_oggi,Hinduism,bce,keyword,75,1.1815481307000564,1.0282171377766745,1.1790980666479023,1.748796493417683
grok_oggi,Hinduism,hindu,keyword,59,1.2506195707963468,0.963845102127915,1.1173724319158505,1.1998034318587663
grok_oggi,Hinduism,texts,keyword,49,1.028290273391815,0.9736870061190454,0.9547660810586166,1.0355036563026634
grok_oggi,Hinduism,ce,keyword,46,1.236687655386806,1.0230096814347371,1.1599536276109992,1.489857336114028
grok_oggi,Hinduism,ritual,keyword,36,0.9506227740597364,0.9303571220624951,0.9617242860158163,0.832423999214545
grok_oggi,Hinduism,from,appaiata,94,0.9823385983933617,1.010123892027303,1.0108008975896314,0.8953974922850612
grok_oggi,Hinduism,by,appaiata,92,1.0630270756359788,0.9603352654637534,1.0711719402232838,1.0337104486691557
grok_oggi,Hinduism,or,appaiata,73,1.166166538364026,1.0607740547089233,1.1028138594279777,2.0620956282050225
grok_oggi,Hinduism,on,appaiata,63,0.9699388837554769,1.031829037177582,0.9496495430154583,0.8487394360705115
grok_oggi,Hinduism,over,appaiata,45,0.9298052816018167,0.9593511862607924,0.9151415130431274,0.9354855632169924
grok_oggi,Hinduism,th,appaiata,43,1.1594943336040315,0.9502270909716509,1.1202570428310554,1.4821923725047437
grok_oggi,Hinduism,such,appaiata,38,0.9837325864025264,1.038256567039875,0.9909420047692987,0.9497468639977729
grok_oggi,Adolf Hitler,vocali,vocali,24364,0.9990739183034283,0.969497536254763,1.0314873226562407,0.5671690003461752
grok_oggi,Adolf Hitler,spazio,spazio,11325,1.2172842322091162,0.9805645473019652,0.9478102864082163,0.47621691316416925
grok_oggi,Adolf Hitler,e,lettera,7459,1.0542339669708358,0.9576843780727287,0.9994433789732513,0.8540718380507023
grok_oggi,Adolf Hitler,i,lettera,5779,1.0347501826982495,1.0365833498186197,0.9465698460076061,0.8918128083461595
grok_oggi,Adolf Hitler,a,lettera,5232,0.950606920515618,0.9327084761020488,1.01914444239498,0.8481369706629297
grok_oggi,Adolf Hitler,n,lettera,5109,1.0043857126801723,0.963552452647006,1.0154200845303796,0.8568460519655869
grok_oggi,Adolf Hitler,t,lettera,5032,1.0015121675174237,1.0449656309366409,0.9889872380398889,0.8667817949764867
grok_oggi,Adolf Hitler,r,lettera,4724,1.1466704756205839,1.014477779781383,0.9374609857744644,0.8603647502376303
grok_oggi,Adolf Hitler,s,lettera,4237,1.124981053335221,0.958481416479212,1.0154394083019078,0.9542796139159011
grok_oggi,Adolf Hitler,o,lettera,4205,1.114542659842627,1.0314241346224489,0.9795334551669695,0.9222778617860764
grok_oggi,Adolf Hitler,l,lettera,2873,1.040123094038443,0.9342689678203504,1.0138811767338742,0.9380437022142173
grok_oggi,Adolf Hitler,d,lettera,2768,1.0473796783397225,0.957977908957275,0.9766042473563203,0.8904215675838113
grok_oggi,Adolf Hitler,h,lettera,2339,1.2856273711841217,1.0143842270682246,0.9990209495148865,1.0155621683176301
grok_oggi,Adolf Hitler,c,lettera,2214,1.0862788641714634,0.9721696465211763,1.0116017024030668,0.9483389097494759
grok_oggi,Adolf Hitler,m,lettera,1851,0.9643874002911516,0.9822997663026358,0.9670611012788415,0.962686063675272
grok_oggi,Adolf Hitler,u,lettera,1689,1.1198406036378095,0.9578083335573311,0.9649694917819773,0.9731648836932334
grok_oggi,Adolf Hitler,p,lettera,1582,1.071979287813894,0.9619899594898434,1.0111426795239298,1.0137476789468716
grok_oggi,Adolf Hitler,g,lettera,1467,1.0309218468166221,0.9912294655086621,0.9584847929418587,0.9392055853030581
grok_oggi,Adolf Hitler,f,lettera,1242,1.0099808456235093,0.9327219047739668,0.9619492890885083,0.9526189863700896
grok_oggi,Adolf Hitler,b,lettera,961,1.206432545494043,0.9594719972969546,0.9648985129080273,1.013354113429561
grok_oggi,Adolf Hitler,y,lettera,908,1.094734349508652,1.0284559381659768,1.0131428882304585,0.928120800706927
grok_oggi,Adolf Hitler,the,funzione,502,1.0795080012730882,1.048478609261405,1.0248262553706946,1.069696319689931
grok_oggi,Adolf Hitler,and,funzione,442,1.0899212917545436,0.9701988665512656,0.9784101959083472,0.8251590596918349
grok_oggi,Adolf Hitler,to,funzione,261,0.9860106281735036,1.014381665837796,1.0610691622910202,0.9631413915666597
grok_oggi,Adolf Hitler,in,funzione,222,1.1924829179729648,0.9422973869855897,1.1109201393027315,1.2602578372749034
grok_oggi,Adolf Hitler,of,funzione,218,1.088991283120139,1.0340737980334336,1.0456733241561116,1.1118403210586698
grok_oggi,Adolf Hitler,on,funzione,147,1.088059389761553,0.9568403361029811,1.054650661962912,1.0825942786426979
grok_oggi,Adolf Hitler,hitler,keyword,131,1.24655231599687,0.9541529245541734,1.1364106506941365,1.3104078161369423
grok_oggi,Adolf Hitler,german,keyword,60,1.070782866048026,0.9445182276875522,1.0395568401280293,1.360950470565016
grok_oggi,Adolf Hitler,jews,keyword,54,1.4984722574832707,0.9903971808644139,1.3666823504951227,2.0007866095683884
grok_oggi,Adolf Hitler,like,keyword,45,1.0450094614270742,0.9190059756456156,1.0278402297239326,1.3642283937653292
grok_oggi,Adolf Hitler,nazi,keyword,42,1.0874557870773496,1.0049450133191948,1.0678151790179873,1.3491402580326002
grok_oggi,Adolf Hitler,million,keyword,38,1.1522222611496016,1.033728923300396,1.1421630332130257,1.6303382641860131
grok_oggi,Adolf Hitler,jewish,keyword,40,1.3276657043224327,0.9477910369464807,1.268947570003223,2.0526958825486594
grok_oggi,Adolf Hitler,for,appaiata,103,1.013539328969248,1.048433152521358,0.9892916695115129,0.9781626490849111
grok_oggi,Adolf Hitler,his,appaiata,62,1.4975543449564277,1.01424533668538,1.3975151862191622,3.6966299206451643
grok_oggi,Adolf Hitler,over,appaiata,43,0.9429587087273078,1.0708283764015183,0.9385411882369353,0.8210306235902469
grok_oggi,Adolf Hitler,or,appaiata,42,1.0184605182985733,1.0239315146000874,0.9905565234384858,1.0477763223703367
grok_oggi,Adolf Hitler,he,appaiata,39,1.446674434253556,1.0078566280356436,1.3982736575707893,3.654254802495464
grok_oggi,Adolf Hitler,at,appaiata,37,0.9732585266710698,1.0113219263479338,0.9707415758152177,1.0292071280918635
grok_oggi,Adolf Hitler,including,appaiata,33,0.8769043847944525,0.9971997423994754,0.8698138759682715,0.7936651389660883
grok_oggi,Rome,vocali,vocali,24815,1.18882945279002,0.9960570587162905,0.8829042973246132,0.5811287850924671
grok_oggi,Rome,spazio,spazio,11338,1.1248214480630512,1.0437526459594122,0.9957016452855334,0.4743986699797696
grok_oggi,Rome,e,lettera,6944,1.1580982978606824,0.9463887677657041,1.0468390854853658,0.8789426179742418
grok_oggi,Rome,i,lettera,6094,1.16489589896387,1.0100964116443705,1.0072884833764506,0.8718575719013124
grok_oggi,Rome,t,lettera,5448,1.1708906964178518,0.9807338332867106,0.983899193294698,0.8485445269462552
grok_oggi,Rome,a,lettera,5412,1.174158413742404,0.9982993139447079,0.9855646465951272,0.8870331995695447
grok_oggi,Rome,n,lettera,5204,1.040120933168743,1.0210918286008805,1.0174507100036385,0.8304884627342183
grok_oggi,Rome,r,lettera,4568,1.026567729297341,1.025169403309028,1.0071708395342218,0.8529836157531523
grok_oggi,Rome,o,lettera,4344,1.1780440610543874,0.9952848122550836,0.9755003759076274,0.8998784997199897
grok_oggi,Rome,s,lettera,4096,1.1164927916171505,0.9726074748551605,0.9618409998578449,0.9396362848573973
grok_oggi,Rome,l,lettera,2985,0.9841568945793394,0.9476247925610952,0.936445532106037,0.9604004943605641
grok_oggi,Rome,c,lettera,2671,1.18239721532044,0.9843626277818928,0.9626544404801844,0.956908286783196
grok_oggi,Rome,d,lettera,2422,1.110857260498404,1.0074172890508624,1.0070145959403725,0.9069350427229
grok_oggi,Rome,u,lettera,2021,1.1029200835188484,0.9578787509536967,0.9655720100353644,0.939190274303451
grok_oggi,Rome,h,lettera,1972,1.118724165424587,1.0217364423761648,0.9381827923898526,0.9736213611967601
grok_oggi,Rome,m,lettera,1802,0.9807180409937604,1.0074402943016871,1.0085272203171212,0.9746008946276301
grok_oggi,Rome,p,lettera,1635,1.1182107368762868,1.0077478066153767,0.9445297065132409,1.0083648698265455
grok_oggi,Rome,g,lettera,1477,1.1209675304240032,0.9652660483056866,0.9158103075966566,0.9598204966658131
grok_oggi,Rome,f,lettera,1172,0.8828834329258163,1.025018192469106,1.0393845751687019,0.9630631581490907
grok_oggi,Rome,y,lettera,954,1.0428785351602343,1.017532155484614,1.0122579984883509,0.9407882283011457
grok_oggi,Rome,b,lettera,918,1.0941432621980047,0.9608434271836295,1.0427165854440583,0.9935125763675471
grok_oggi,Rome,the,funzione,574,1.3461358868930207,1.0003978230349189,1.105402562485327,1.0947728854650634
grok_oggi,Rome,and,funzione,460,0.9550795078193439,1.0509373763526495,0.914198503023041,0.7358461409364263
grok_oggi,Rome,in,funzione,267,1.0933648836552345,0.9163633175887665,0.9904159248558667,1.04841515978945
grok_oggi,Rome,of,funzione,208,1.138159579229124,1.0203111540310252,1.1044299997811955,1.1036407200779688
grok_oggi,Rome,to,funzione,203,1.0424533695004587,1.0568735690041748,0.9899136105600879,0.9496938908494568
grok_oggi,Rome,with,funzione,144,0.827241199723666,1.0042454684600466,0.8346007767498215,0.6640519639232192
grok_oggi,Rome,rome,keyword,145,1.0241477821282834,0.9253340165495968,0.9946471043880951,0.9196443874653215
grok_oggi,Rome,bc,keyword,62,1.6683353173300834,0.9651095268709361,1.6187129814468901,5.3824947277143504
grok_oggi,Rome,like,keyword,64,1.0362434236967484,1.0739205665378135,1.0308464956745393,1.05216651309614
grok_oggi,Rome,rome's,keyword,58,0.8860115069179927,1.0091907927676254,0.942110859805284,0.8060305589395186
grok_oggi,Rome,century,keyword,50,1.1383566081310539,0.9110845193656263,1.0969023020840523,1.6801168447519683
grok_oggi,Rome,urban,keyword,46,0.9650973967279152,1.0428274046582446,0.9508904112700671,0.8453077254655168
grok_oggi,Rome,including,keyword,40,0.9291156152602081,1.0402271696195307,0.9237265970077019,0.8259590287546198
grok_oggi,Rome,on,appaiata,78,1.0654003105320409,1.016792587734627,1.0761403476165905,1.1904843730981949
grok_oggi,Rome,for,appaiata,73,0.997729492159149,0.9919535314094658,0.985353040034206,0.8862897817492463
grok_oggi,Rome,over,appaiata,44,0.9726444672400367,0.9371387291509358,1.0040173890310082,0.9068444097158692
grok_oggi,Rome,th,appaiata,45,1.087672467974055,0.9473575044259608,1.1050303161919588,1.6632676172177225
grok_oggi,Rome,under,appaiata,39,1.0793465740259414,1.0021374231783737,1.0671801210758938,1.3160583591547883
grok_oggi,Rome,city,appaiata,72,1.0078072968466627,0.9955906139095817,0.9641504918530076,0.916100367271644
grok_oggi,Rome,city's,appaiata,35,1.0224839074970602,1.0369101128437368,0.9664085709144573,0.8428518495196917
letterario,wrnpc_0,vocali,vocali,23641,1.295553755218703,0.9046437840476743,1.0041074363611553,0.4696650381272533
letterario,wrnpc_0,spazio,spazio,12705,1.0921861134147413,0.9330825222304172,0.95536829348741,0.5553709181318339
letterario,wrnpc_0,e,lettera,7652,1.1063834838595772,0.9549238642351576,0.9418597207423639,0.8350673456740278
letterario,wrnpc_0,t,lettera,5255,1.1587004953266198,0.9421896423518944,0.9700613180073066,0.915015675337743
letterario,wrnpc_0,a,lettera,5070,1.1578932764862386,1.0147420808378032,1.0294001633016865,0.8838101011431969
letterario,wrnpc_0,o,lettera,4686,1.1690653837294134,0.9830629121151627,1.0115827139343334,0.9174051695423463
letterario,wrnpc_0,i,lettera,4600,1.1163344213302362,0.9933414822574859,0.9748176899187778,0.8954854540056572
letterario,wrnpc_0,n,lettera,4563,1.0896968096200084,0.9750143568373444,1.0422843612635564,0.8703293475145963
letterario,wrnpc_0,s,lettera,3944,1.1499505072215903,0.9660242622959815,1.0091955665514616,0.97090665018607
letterario,wrnpc_0,h,lettera,3908,1.1654996216335187,0.9500281225417438,1.004168973147175,0.8634533621531612
letterario,wrnpc_0,r,lettera,3582,1.1266573819893375,0.9780411726299777,0.9589220074148256,0.9211254057885675
letterario,wrnpc_0,d,lettera,2800,1.0698359442315837,1.0142907410417967,0.9455973907264843,0.9128729894720327
letterario,wrnpc_0,l,lettera,2604,1.236820400056694,1.0006909290702761,0.9790024636607743,1.061705249218299
letterario,wrnpc_0,u,lettera,1633,1.035328859819362,0.9978255074450239,1.0063264989900838,0.9348644336964497
letterario,wrnpc_0,m,lettera,1529,1.0673004725007766,0.9358339502695324,0.9234143379770456,1.0056168854470766
letterario,wrnpc_0,w,lettera,1478,1.1135815081749796,0.9831603211479804,1.03770916326809,0.9575350412020482
letterario,wrnpc_0,c,lettera,1448,1.1855816253530953,0.9861831406284688,0.9315657753292834,0.9559699011187784
letterario,wrnpc_0,g,lettera,1325,1.1593829062578136,0.9413280768640995,1.0633531434278762,0.9951582702609053
letterario,wrnpc_0,p,lettera,1270,1.2710179395497925,0.934199138555195,0.9914061915713387,1.0264734068408283
letterario,wrnpc_0,y,lettera,1212,1.2346688529074474,0.973493047669517,1.0214182371294307,1.0453180253886387
letterario,wrnpc_0,f,lettera,1156,1.0614573077795304,1.089172976710061,1.0364237441024162,1.141419662681407
letterario,wrnpc_0,the,funzione,748,1.2684472178045771,1.0012597013434565,1.059296247963701,1.0259187665965452
letterario,wrnpc_0,and,funzione,491,1.0817648834802434,0.9578154797099346,0.9791401594505788,0.8799855208228603
letterario,wrnpc_0,to,funzione,438,1.1519746048846973,0.9656856196692966,1.050733603618381,1.0402892779220954
letterario,wrnpc_0,of,funzione,311,1.0976295168139212,0.9303738209180564,1.037821177945825,1.036552810712359
letterario,wrnpc_0,he,funzione,255,1.1317455160470027,0.934563972852818,1.1039685209541379,1.2659062784550081
letterario,wrnpc_0,his,funzione,230,1.2703937540070247,0.9766210272919458,1.1091717837686146,1.193665725954374
letterario,wrnpc_0,prince,keyword,108,1.3193474011294268,0.9974159282252919,1.2683736538051573,1.813736556675805
letterario,wrnpc_0,pierre,keyword,106,1.278113075225584,0.9855855357716606,1.249441382846214,1.727826986215457
letterario,wrnpc_0,anna,keyword,72,1.2270434301290323,1.0279176209312775,1.1905795447838485,1.9537790524752756
letterario,wrnpc_0,princess,keyword,55,1.240557475165541,0.999330366038418,1.1514525442114207,1.9161101283165853
letterario,wrnpc_0,pávlovna,keyword,64,1.2823307761281175,1.0231921555866013,1.2602080676246825,1.942884917276385
letterario,wrnpc_0,andrew,keyword,56,1.4072433196835836,1.0093409904393162,1.3755079064382338,1.3444173053768036
letterario,wrnpc_0,will,keyword,42,1.143433244207258,0.9952980436622084,1.1047028472892138,1.3719996373910623
letterario,wrnpc_0,she,appaiata,107,1.3812582077357558,1.024221739016185,1.251895311301521,2.5036452354289658
letterario,wrnpc_0,at,appaiata,95,0.944373714372962,1.0334933403792192,0.98778734947529,0.9798259084019274
letterario,wrnpc_0,for,appaiata,70,1.0908821922354752,0.9617273216423188,1.0509180380280096,1.3193398850003397
letterario,wrnpc_0,so,appaiata,56,1.097277392219676,0.986728924104692,1.1145208622927216,1.2942301740905138
letterario,wrnpc_0,me,appaiata,51,1.1197771574738702,1.0120459909282564,1.0549509404220805,1.3618554184819793
letterario,wrnpc_0,from,appaiata,50,1.0671563828833601,1.0884990309857427,1.0597231795472628,1.1316881215605261
letterario,wrnpc_0,by,appaiata,44,1.003904971050566,1.0750018253962599,0.9365008846117227,0.9353581862667403
letterario,wrnpc_1,vocali,vocali,23428,1.2241548089318155,0.9911810071656485,0.9130377541682885,0.45782599331790463
letterario,wrnpc_1,spazio,spazio,12929,1.17050303795989,0.9974093980862119,1.0363792215212955,0.549048308627434
letterario,wrnpc_1,e,lettera,7716,1.1197068167406858,1.0287003038032716,0.9473204807725621,0.8434965740443486
letterario,wrnpc_1,t,lettera,5533,1.1397190903568652,1.0422750018250417,0.9675650322413291,0.902655080122099
letterario,wrnpc_1,a,lettera,4963,1.066817522831746,0.9988987930855885,0.977751773063214,0.8488404323372083
letterario,wrnpc_1,i,lettera,4603,1.1531985795001878,0.9514148581513872,0.9627991177165341,0.841618883381386
letterario,wrnpc_1,n,lettera,4597,1.150010014599791,0.9063975248320345,0.9625094855018026,0.8520473879295798
letterario,wrnpc_1,o,lettera,4557,1.1443789570143161,0.9403705695267425,1.0304006461860407,0.9475528707918691
letterario,wrnpc_1,h,lettera,4234,1.0714323192607385,0.9931317322309462,0.9822843004218917,0.8404673510040305
letterario,wrnpc_1,s,lettera,4046,1.0314966808968655,0.9607483826356084,0.9525115398800947,0.9709113640263329
letterario,wrnpc_1,r,lettera,3695,1.0704387848204961,0.9488388900030943,1.0577482885958571,0.9051198473106101
letterario,wrnpc_1,d,lettera,2796,1.240842685734454,1.0169498976563591,0.9708799785801782,0.9157190234947399
letterario,wrnpc_1,l,lettera,2513,1.0076204528947696,1.0235272911366904,1.0512592296555359,1.0579688932735702
letterario,wrnpc_1,u,lettera,1589,1.1901275303585355,1.0178409209436767,0.9817459928590632,0.982113404654952
letterario,wrnpc_1,c,lettera,1581,1.0945677260958402,0.9856092826901999,0.9240539477232849,1.001730736846069
letterario,wrnpc_1,m,lettera,1524,1.089432294669477,0.9972839501031235,1.038415318893326,1.0306753853126276
letterario,wrnpc_1,w,lettera,1505,0.9705503991268152,0.9478132108093617,0.9246458182922216,0.9406373909100253
letterario,wrnpc_1,g,lettera,1274,0.9590238334670884,1.0215323655273219,0.9719321151752979,0.9674485008390015
letterario,wrnpc_1,p,lettera,1271,0.9918706297064535,1.0020519089020457,1.0393749939479127,1.0145566554506624
letterario,wrnpc_1,y,lettera,1203,1.1592380409753298,1.0206439029876293,1.0501280534057016,0.9872093249144502
letterario,wrnpc_1,f,lettera,1146,1.2292345131215996,0.9403002234956374,1.0012344224744851,1.1088020193084922
letterario,wrnpc_1,the,funzione,837,1.2651232316632597,0.9589821431989257,1.045680993033346,1.0064225168579366
letterario,wrnpc_1,and,funzione,521,1.0701246782755571,0.9892869656668065,1.0396029589276077,0.8344279688037378
letterario,wrnpc_1,to,funzione,387,1.1774658010271584,0.9806800272929422,1.0928874135229467,1.0561487947128054
letterario,wrnpc_1,of,funzione,320,1.1303202185983834,0.9704329380118574,1.102249710882318,1.1564593253260638
letterario,wrnpc_1,his,funzione,213,1.241975753771958,0.9822171930319357,1.113903396874999,1.2934346921025814
letterario,wrnpc_1,in,funzione,211,1.1505349742001967,0.9249787481019083,1.1111552956140096,1.121062468234497
letterario,wrnpc_1,prince,keyword,117,1.2362176059496477,1.0422557945030304,1.2107184815089793,1.3828343243579835
letterario,wrnpc_1,princess,keyword,93,1.204423404028881,0.984556541846672,1.225717045098848,1.4114148293251305
letterario,wrnpc_1,pierre,keyword,95,1.4898908697138502,1.0135208166530416,1.4309103746652798,2.535521656810419
letterario,wrnpc_1,will,keyword,56,1.2500854708049214,0.9619645929134238,1.1020062347136514,1.2701665147480838
letterario,wrnpc_1,anna,keyword,52,1.3751033514742887,0.9907977479337641,1.3388406579318464,2.257131320533029
letterario,wrnpc_1,know,keyword,50,1.3220319558422142,0.9897445792037528,1.2478003217140805,2.1062215792898464
letterario,wrnpc_1,room,keyword,49,1.172948802821095,0.9835607015557999,1.079055621180993,1.5467684434599038
letterario,wrnpc_1,at,appaiata,113,1.1246051625831914,0.969366173887869,1.0983491669157122,1.2493619766856259
letterario,wrnpc_1,him,appaiata,92,1.1902307462373494,0.8991346286307761,1.1267680008997873,1.3236259970984554
letterario,wrnpc_1,had,appaiata,89,1.082775308793767,0.9968827225252542,1.08865885115326,1.110856973898804
letterario,wrnpc_1,be,appaiata,56,1.0241307749834712,0.9960706634688252,0.9545193204347884,1.0704385825439084
letterario,wrnpc_1,from,appaiata,52,1.0865568028172803,0.9511621366831906,1.049440589290745,0.9361130135499749
letterario,wrnpc_1,has,appaiata,50,1.2245543815009214,1.0153844814450916,1.1559561330438342,1.5190704753182152
letterario,wrnpc_1,an,appaiata,49,1.0570075853478391,0.9066478559537354,0.9980523945972991,0.9715003225032274
letterario,wrnpc_2,vocali,vocali,23266,1.2553658762755702,1.06505022718877,1.0176186817173318,0.4721804065641962
letterario,wrnpc_2,spazio,spazio,12743,1.0972804824208227,0.9660906318961526,1.00599002244904,0.5530118741603758
letterario,wrnpc_2,e,lettera,7716,1.1038479230158271,0.9853772686327543,0.9690231116600921,0.8328572831864678
letterario,wrnpc_2,t,lettera,5547,1.1606933423457666,0.9714441413746083,0.9434676713030572,0.886206834053039
letterario,wrnpc_2,a,lettera,4942,1.0463473284159401,0.9544162861468175,0.9241744209757323,0.8815075240086924
letterario,wrnpc_2,o,lettera,4499,1.2038048264297092,0.9965930186367106,0.9010129460362145,0.8901784006658272
letterario,wrnpc_2,n,lettera,4479,1.0844642598760503,0.9397932969538414,0.9507635613659433,0.90496889958834
letterario,wrnpc_2,i,lettera,4440,1.3204853999901327,1.0248396913998177,0.9451219050096983,0.8854031478329568
letterario,wrnpc_2,h,lettera,4007,1.2997809823569746,0.9895386389420978,0.9748585767912976,0.8530857933112937
letterario,wrnpc_2,s,lettera,3985,1.1547355010442784,0.9639716514988605,0.9740156382596364,0.9604482239622696
letterario,wrnpc_2,r,lettera,3669,1.1419452832392496,0.9539919157926741,1.0152822430498323,0.8952574362482385
letterario,wrnpc_2,d,lettera,2922,1.1174814264184776,1.000718257665289,0.9500512704767088,0.9313697574845992
letterario,wrnpc_2,l,lettera,2369,1.133999120637785,0.987589905717383,0.9657064830437903,1.110666528339562
letterario,wrnpc_2,u,lettera,1669,1.226297948131662,1.0237066890619746,1.025110657467584,0.977752885734967
letterario,wrnpc_2,c,lettera,1524,1.147210548231124,0.9328222406731802,0.9977612079091186,0.9718880815690824
letterario,wrnpc_2,w,lettera,1468,1.0792621715107726,1.0133141076166527,0.9562808854707985,0.9633779532060279
letterario,wrnpc_2,f,lettera,1464,1.0211926490060486,1.015192635682161,0.9497222939702864,1.1052217609068191
letterario,wrnpc_2,g,lettera,1409,1.1914482307335024,1.0138876165500865,0.9791571083213516,0.9862068837029722
letterario,wrnpc_2,m,lettera,1400,1.084348937786715,1.0228526725676093,1.0352792240796875,1.020229189200159
letterario,wrnpc_2,y,lettera,1095,1.2487883448047996,0.9581928042236938,1.0073038665837286,1.046059325001981
letterario,wrnpc_2,p,lettera,1016,1.1945473010251804,0.9614901253676518,1.049252421967622,1.1310115016108013
letterario,wrnpc_2,the,funzione,1041,1.2772080266431105,0.9903987934656108,1.0355440630425177,0.958226714601029
letterario,wrnpc_2,and,funzione,487,1.172387671772495,0.9530724848412828,1.0353483635459495,0.8652964675505204
letterario,wrnpc_2,of,funzione,385,1.1127657065339827,0.9701374688153263,1.0682913174887498,1.0633902760618716
letterario,wrnpc_2,to,funzione,373,1.1920111977190069,0.9749161617631189,1.0832328702207554,1.0871174124500893
letterario,wrnpc_2,he,funzione,250,1.2713603347073152,0.9676745144418796,1.1795239740417733,1.509452960085847
letterario,wrnpc_2,his,funzione,220,1.2455909236656788,1.0361684765594008,1.1180126363790606,1.3507299152612318
letterario,wrnpc_2,prince,keyword,91,1.268552647159805,0.9521879949126558,1.2842878291787125,2.3472233006391963
letterario,wrnpc_2,bridge,keyword,69,1.427663385398935,0.9736850265746595,1.4098787641516812,2.853934334843507
letterario,wrnpc_2,andrew,keyword,65,1.2761549666653378,0.9602657225096726,1.2788539866961628,1.0400447263519335
letterario,wrnpc_2,nesvítski,keyword,43,1.402916065199859,1.0069923137314836,1.391363342981225,3.7719691355642797
letterario,wrnpc_2,army,keyword,38,1.2841147549276446,0.930760010792611,1.2330712639207813,1.3528075664133703
letterario,wrnpc_2,officer,keyword,35,1.3090645295037449,0.9814977529225004,1.2364896566173151,2.2563337398223604
letterario,wrnpc_2,will,keyword,36,1.2274583497360194,0.9438712514464381,1.1881713992027034,1.4111793181685248
letterario,wrnpc_2,not,appaiata,89,1.1411025306218376,0.9480359857677522,1.0921504279433671,1.1503903307375447
letterario,wrnpc_2,for,appaiata,61,0.986614934911162,0.9784634774073157,1.0309038965744344,1.1326821041650716
letterario,wrnpc_2,all,appaiata,59,0.9192135223112934,0.9690583923315562,0.9905674736122497,0.982070095907828
letterario,wrnpc_2,if,appaiata,42,1.0033159422462377,0.9623804557567047,1.0531755557414593,0.9454106153209116
letterario,wrnpc_2,now,appaiata,35,1.0260038915170668,0.9776969365300293,0.9906105328280844,0.9275123991398276
letterario,wrnpc_2,their,appaiata,35,1.0452128375922112,1.015074014872818,0.9921308094689083,1.3282906692320648
letterario,wrnpc_2,have,appaiata,34,1.0540697814503455,1.0603408190883694,1.1061054077271735,1.4225159964591065
letterario,wrnpc_3,vocali,vocali,23507,1.1942371230559543,0.9462676540364258,0.9243169342043732,0.4621590242394156
letterario,wrnpc_3,spazio,spazio,12909,1.2196998004956332,0.8874764222264488,0.9487148219129223,0.5460726424269811
letterario,wrnpc_3,e,lettera,7941,1.1445292107587435,1.0321102612296815,0.9932100088514962,0.8276869772775056
letterario,wrnpc_3,t,lettera,5336,1.0787462446810174,0.9958249378274573,0.9515552003735457,0.9456831933712778
letterario,wrnpc_3,a,lettera,4995,1.0414993864249635,1.0534605933671652,0.9841204346497747,0.8544954846551921
letterario,wrnpc_3,n,lettera,4572,1.223072516130903,0.9636876793809583,0.9887582458953151,0.8508632443711044
letterario,wrnpc_3,i,lettera,4527,1.1937294353629544,0.9450676380477204,0.9613479996807994,0.8760540939122649
letterario,wrnpc_3,o,lettera,4445,1.0305861051872325,0.9254691004192908,0.9273444971950239,0.9019525087221719
letterario,wrnpc_3,h,lettera,4215,1.2554452821238982,0.9630098662591872,1.0043007993849618,0.8771436558527466
letterario,wrnpc_3,s,lettera,4071,1.1077853567287312,1.0007884737244213,0.984763401716965,0.9727830853385481
letterario,wrnpc_3,r,lettera,3563,1.154386948592379,0.9438990932674732,0.997433297154717,0.9433765439438324
letterario,wrnpc_3,d,lettera,2829,1.0206759182650378,0.9989876184282357,0.970971770839837,0.9168741430988269
letterario,wrnpc_3,l,lettera,2704,1.0647244899528976,0.9980821706316864,0.9498664209958504,1.0367511826834714
letterario,wrnpc_3,u,lettera,1599,1.0797281606849571,1.017674951706709,1.024610233423411,0.933104509853547
letterario,wrnpc_3,m,lettera,1545,1.0875143346240865,0.9658062920009037,0.967420974810257,0.9888629949396136
letterario,wrnpc_3,w,lettera,1447,1.1006714013639958,0.9539365654710118,0.9590221075973248,0.9746301165051996
letterario,wrnpc_3,c,lettera,1429,1.2007397337394063,0.9826402755569713,1.053934554277558,0.965587988522577
letterario,wrnpc_3,f,lettera,1293,1.2192702352047644,0.9624846423952181,1.0325134956473685,1.0398206480926173
letterario,wrnpc_3,p,lettera,1220,1.1659903140470633,0.9386874136739335,0.9435198219360483,1.0234061858974473
letterario,wrnpc_3,g,lettera,1216,1.0606764157489963,0.9825861270161838,0.9811828743732721,0.9672250386336605
letterario,wrnpc_3,y,lettera,1167,1.0393193840102524,0.9191866303339444,1.0072003078564842,1.0542846732810043
letterario,wrnpc_3,the,funzione,626,1.3809594172240343,0.9830504019323122,1.1220911902004633,1.1791782762996246
letterario,wrnpc_3,and,funzione,572,1.124462160796619,1.008828228244528,1.075482854878884,0.9287866010456128
letterario,wrnpc_3,to,funzione,405,1.1042491281875324,0.9828444275468083,1.0248733997919306,1.023948746116591
letterario,wrnpc_3,of,funzione,314,1.235988796788094,0.9650511770254594,1.0871770777683585,1.2327984000613832
letterario,wrnpc_3,he,funzione,303,1.3340810426694487,1.0018327104372842,1.2786716691551379,2.441034239639405
letterario,wrnpc_3,her,funzione,255,1.3676436692717253,1.0247949229406754,1.2876305073958718,2.2312236008782054
letterario,wrnpc_3,prince,keyword,148,1.3907112170194267,1.0085461922885828,1.2657132123323565,1.7286941761816235
letterario,wrnpc_3,princess,keyword,99,1.3857361321730897,0.9680952941820687,1.324323242829968,1.885464575656089
letterario,wrnpc_3,pierre,keyword,93,1.4743375814077055,1.0040105894360092,1.4419042046516584,0.9950869921703133
letterario,wrnpc_3,vasíli,keyword,78,1.2208323407156645,1.0220347632260616,1.2161230185738952,1.5315525875105849
letterario,wrnpc_3,little,keyword,51,1.2702155239635278,0.9842649314098004,1.2478998690000127,1.783932385251585
letterario,wrnpc_3,thought,keyword,49,1.0936820227024875,1.0008655865899676,1.0236838457695614,1.0384078700935804
letterario,wrnpc_3,anatole,keyword,43,1.3502312359343203,0.9451639581140436,1.3503465464589304,2.2862943869838404
letterario,wrnpc_3,with,appaiata,146,0.9100456399407424,0.9286635606248872,0.9344115912545735,0.9223246487276171
letterario,wrnpc_3,as,appaiata,97,0.9336643501961578,1.018907940749764,0.9940338584691936,0.9482645585600203
letterario,wrnpc_3,be,appaiata,83,1.1874023766107311,0.9765764183482136,1.1638458552296644,1.3285266055583416
letterario,wrnpc_3,all,appaiata,66,1.1836381900544366,1.0045949183927956,1.070655517037297,1.3482727914061812
letterario,wrnpc_3,did,appaiata,53,1.117712385200632,0.986413265343276,1.113602513590392,1.3759408340889503
letterario,wrnpc_3,would,appaiata,48,1.133394351776111,1.059641799912262,1.1500040301658305,1.3619047467125043
letterario,wrnpc_3,been,appaiata,39,1.0478154520146816,1.03649076030592,1.0405755841946955,1.1475714398312489
letterario,wrnpc_4,vocali,vocali,23234,1.1839937454143648,0.9050344920549119,1.0015574355023384,0.4652957711504973
letterario,wrnpc_4,spazio,spazio,12789,1.263158974773472,1.0105606281896222,0.9635208041517634,0.5360565063136743
letterario,wrnpc_4,e,lettera,7676,0.9520820600046838,0.9586812994921216,1.0131841933103327,0.8577451153741076
letterario,wrnpc_4,t,lettera,5698,1.1221819955402512,1.0288900239495948,0.965343848989242,0.863459312442899
letterario,wrnpc_4,o,lettera,4914,1.0727622493516087,0.9900540426177468,0.991127866183786,0.8471903807376318
letterario,wrnpc_4,a,lettera,4890,0.9956346262053279,0.9537817146432408,0.9553620084860629,0.8926459581516197
letterario,wrnpc_4,n,lettera,4591,1.2189597677401458,1.0523110321316962,1.0142150269076575,0.885665588919356
letterario,wrnpc_4,h,lettera,4188,1.2872649186191087,0.963960769437005,1.0087403329545936,0.8505871877901028
letterario,wrnpc_4,i,lettera,4154,1.1719574057547362,0.9347026074586021,0.9251780726689137,0.8886088351763226
letterario,wrnpc_4,s,lettera,3970,1.1627232178918179,1.0525570838070857,0.8838205643421597,0.9673361314440028
letterario,wrnpc_4,r,lettera,3782,1.2166824457825605,1.0047130421511656,0.9877454966878098,0.8928948045751949
letterario,wrnpc_4,d,lettera,2958,1.1829811024108876,0.9808246192511086,1.0328706568592736,0.954865919845678
letterario,wrnpc_4,l,lettera,2447,1.0684428195118323,1.0212779155626963,0.9653850148268118,1.1130406868478988
letterario,wrnpc_4,u,lettera,1600,1.016141140314869,0.9159367569823078,1.070144309140411,0.923534174430559
letterario,wrnpc_4,m,lettera,1565,1.088492039705255,0.9747717993881871,0.9468901996514679,0.9819432161998611
letterario,wrnpc_4,w,lettera,1483,1.1258505743213891,0.9973066462146045,0.9904861166401727,0.9821400870394342
letterario,wrnpc_4,g,lettera,1471,1.1791457313232505,0.9564352295262196,1.0443329162554342,0.9947898372048246
letterario,wrnpc_4,f,lettera,1445,1.0926365507706515,0.9545253850395334,1.0069044221592005,1.0808106539579512
letterario,wrnpc_4,c,lettera,1380,1.150185900735712,0.9412464662773798,0.9718765344806651,1.0004337375411645
letterario,wrnpc_4,y,lettera,1070,1.2057574387588412,1.0823481604346075,1.0261174204145453,1.0533589341551493
letterario,wrnpc_4,p,lettera,987,1.0870708411323895,0.9903287685995948,0.9335454057430074,1.039749235708942
letterario,wrnpc_4,the,funzione,994,1.234893998026376,0.9855575973373193,1.028659989684911,0.9194692349143672
letterario,wrnpc_4,and,funzione,537,1.0701136905609694,0.94814742618576,1.0000241027912995,0.8977659870214694
letterario,wrnpc_4,to,funzione,394,1.1128650015073338,1.0031696487915462,1.0109963013995402,1.078697560662845
letterario,wrnpc_4,of,funzione,375,1.1517621312634958,0.9454954794515725,1.016656571574574,1.0944013131267931
letterario,wrnpc_4,he,funzione,301,1.2575316563976566,1.0223704472260762,1.2086857579977286,1.5397398049208115
letterario,wrnpc_4,in,funzione,232,1.1758733885930588,0.9805941276529032,1.0700826335629428,1.0371500793047856
letterario,wrnpc_4,rostóv,keyword,89,1.5097375999861824,0.9938723027796154,1.4898638537798163,4.986960263070845
letterario,wrnpc_4,kutúzov,keyword,66,1.387468746819026,1.0135096838579356,1.3107897857779687,2.361234380256288
letterario,wrnpc_4,horse,keyword,57,1.2702228269222597,0.9745401945219262,1.1792327746080622,1.8337431350213242
letterario,wrnpc_4,emperor,keyword,52,1.3490689027342775,0.9742486099083978,1.3162251464055479,2.326364752274281
letterario,wrnpc_4,prince,keyword,42,1.2577158737124952,0.9843604048011606,1.2499337397876145,1.844409145758915
letterario,wrnpc_4,front,keyword,38,1.1673133444041008,0.9855694075019602,1.151064447203372,1.4440496864020456
letterario,wrnpc_4,thought,keyword,36,1.101148771267786,0.9848357348850163,1.0505537534648255,1.2364462764380895
letterario,wrnpc_4,as,appaiata,84,1.0543668077707709,0.9711962075653529,1.0214622749038027,1.1583503430269086
letterario,wrnpc_4,them,appaiata,54,1.1070312194512009,0.99997154874492,1.0665972892851594,1.2328529114412377
letterario,wrnpc_4,one,appaiata,52,1.0280013184710004,0.978991742338136,1.01787909829659,1.0372581725108574
letterario,wrnpc_4,who,appaiata,47,0.9518452539807658,0.9588664094622161,0.9958933070946793,0.9800806424204328
letterario,wrnpc_4,now,appaiata,43,1.1850736135624855,0.9922117020249687,1.119093013490138,1.310085103883766
letterario,wrnpc_4,you,appaiata,41,1.1818626898556615,0.9654911291785289,1.1878135456421224,1.3053424154492912
letterario,wrnpc_4,if,appaiata,36,1.1592439151635934,0.9731516057814052,1.1383363995562146,1.0686084879389561
letterario,wrnpc_5,vocali,vocali,23041,1.4125003159891711,1.0029681858337078,1.0343180721173697,0.46325717229515323
letterario,wrnpc_5,spazio,spazio,13075,1.1571191063384678,0.9747391806513681,1.0603769650982378,0.5445552983054069
letterario,wrnpc_5,e,lettera,7316,1.316069150273203,0.9833700254285641,1.0123663089809491,0.8658337691738386
letterario,wrnpc_5,t,lettera,5348,1.1687603968132347,0.9757744744366498,0.9567531999352,0.8833937534349975
letterario,wrnpc_5,a,lettera,4963,1.1641969973638273,0.9340061536824251,0.9948848767053438,0.8495224405884731
letterario,wrnpc_5,o,lettera,4885,1.1353338883710247,0.97624521182937,0.998983272930371,0.9324755407287341
letterario,wrnpc_5,n,lettera,4550,1.1311152508822144,1.0031712167314202,0.9898388207765657,0.8822740558358607
letterario,wrnpc_5,i,lettera,4271,1.2201597620286955,0.9572211687026507,0.9786897383441095,0.8663463568228992
letterario,wrnpc_5,h,lettera,4219,1.2419036670082768,0.9848168223387948,0.9896774929638174,0.8589487350538804
letterario,wrnpc_5,s,lettera,4176,1.2015126903179418,1.0393059463437044,1.0164748480046524,0.9700654523824758
letterario,wrnpc_5,r,lettera,3288,1.2543431612129845,0.9520847335776482,0.9615030718148638,0.9637799230309058
letterario,wrnpc_5,d,lettera,3063,1.2142690477828628,1.0084314659665796,1.0345264676374621,0.934416427320657
letterario,wrnpc_5,l,lettera,2463,1.062689316650675,0.9589984342201348,1.0544779773826414,1.050659488214613
letterario,wrnpc_5,u,lettera,1606,1.2097908686155665,0.9713919227604649,0.9336028715278575,1.045710457807334
letterario,wrnpc_5,w,lettera,1515,1.0711716958287454,0.9667520790913379,0.9677576487191096,0.9997707935682996
letterario,wrnpc_5,m,lettera,1513,1.0854045937004888,1.0170428391967146,1.019620497292743,1.0230038782131294
letterario,wrnpc_5,c,lettera,1372,1.1495725066480904,1.0145905665585548,0.9660847878635215,1.0096720307994225
letterario,wrnpc_5,f,lettera,1248,1.046319735941713,0.9475291232479949,1.0560237965836718,1.1181113886199496
letterario,wrnpc_5,g,lettera,1246,1.1517780103568953,0.9749656930678151,1.0191825385919815,0.9990945105134612
letterario,wrnpc_5,y,lettera,1230,1.3385175133579312,0.9156176939183928,0.9907872831380263,1.0729513432531241
letterario,wrnpc_5,p,lettera,986,1.1090402354629714,1.0349678567673823,0.9967083765996861,1.1328999141491052
letterario,wrnpc_5,the,funzione,716,1.3518087479811804,0.9865585315481291,1.0770668119270714,1.1591581943125862
letterario,wrnpc_5,and,funzione,571,1.0328491881982746,0.9706812523569286,1.0092678669986548,0.8344749953813417
letterario,wrnpc_5,to,funzione,396,0.9819732359028457,0.9453154006162556,0.9843973040258084,0.9458099752311145
letterario,wrnpc_5,he,funzione,301,1.3205721503709806,0.9576619860440666,1.2374529098351392,1.6385615301694736
letterario,wrnpc_5,of,funzione,291,1.1533715047816764,0.9935065580305906,1.078330342414706,1.1035188880773503
letterario,wrnpc_5,his,funzione,213,1.2386043112594551,0.9989646362631222,1.182786707539414,1.4698954346475999
letterario,wrnpc_5,nicholas,keyword,54,1.3662150508287862,0.9895343962844793,1.3070768608552374,1.2400473819485611
letterario,wrnpc_5,dólokhov,keyword,63,1.468871953997565,1.0448257831123458,1.4109992083955467,1.7183488598411103
letterario,wrnpc_5,pierre,keyword,53,1.5343295684366294,1.0308741473183114,1.5172700348478159,4.333337494247608
letterario,wrnpc_5,natásha,keyword,52,1.3344909115544514,0.9295252304364081,1.3284507669410723,1.6154723864983764
letterario,wrnpc_5,rostóv,keyword,51,1.4979084649297962,0.9599743401768751,1.4239007801801467,1.725883548173149
letterario,wrnpc_5,room,keyword,41,1.2094540422018487,0.9747764773456956,1.150070518179131,1.8113168780989573
letterario,wrnpc_5,denísov,keyword,47,1.4634472953225985,0.9505318485091334,1.4334715559157898,1.8569861533537444
letterario,wrnpc_5,be,appaiata,54,0.9511254528235062,1.031168941433345,1.0475354320827117,1.1512290170922344
letterario,wrnpc_5,which,appaiata,49,1.0513583040367527,0.9954644276734017,1.0653065144063811,1.2048111306688039
letterario,wrnpc_5,one,appaiata,59,1.0553972238034584,0.9606788538414507,1.037363511238221,1.0635925142034561
letterario,wrnpc_5,or,appaiata,48,1.2277263577260602,1.0297467024830658,1.2389051685813148,1.5326525578719683
letterario,wrnpc_5,old,appaiata,42,1.194590140115767,0.9715833674987883,1.2266226392017758,1.3636023879353552
letterario,wrnpc_5,now,appaiata,40,1.022002678058804,0.9751457828336743,1.0580472988060154,1.3494710165137391
letterario,wrnpc_5,by,appaiata,40,1.014553068440164,0.9390998254325419,0.9803661646979881,0.9795507032855183
letterario,wrnpc_6,vocali,vocali,23269,1.1698130230954635,0.9506221052333377,1.025917236918611,0.4718187021999349
letterario,wrnpc_6,spazio,spazio,12957,1.1384785957213428,0.9595473416762714,1.0001063663835355,0.5433430580485747
letterario,wrnpc_6,e,lettera,7680,1.1126690624014022,0.9599042709765978,1.0344381959825015,0.847645620137512
letterario,wrnpc_6,t,lettera,5578,1.335673270800391,0.9980708652953153,1.0004546789464244,0.8996730636317032
letterario,wrnpc_6,a,lettera,4919,1.1472591558396161,1.0262685140154668,0.9879061081841288,0.8741529761325161
letterario,wrnpc_6,o,lettera,4896,1.2306603324923455,0.9458068998746203,0.9917999334288227,0.8851847321459714
letterario,wrnpc_6,n,lettera,4542,1.1310336087546062,0.9258487120331115,0.9860828337926145,0.8412300036572198
letterario,wrnpc_6,i,lettera,4294,1.1194511908247913,1.0176037826031663,0.9670475662563544,0.8787700598763719
letterario,wrnpc_6,s,lettera,4083,1.150034951895185,1.0039618507962569,1.0539553811627365,0.948852277431161
letterario,wrnpc_6,h,lettera,3926,1.119671791572305,0.9159293708367086,0.9951167322005213,0.8647226812471333
letterario,wrnpc_6,r,lettera,3717,1.1488162617516424,0.9793552112298652,1.0102686755524786,0.9291958166712518
letterario,wrnpc_6,d,lettera,2990,1.1178279075906095,1.006515699345466,0.9381276038496139,0.8877297702011012
letterario,wrnpc_6,l,lettera,2250,1.0642475899745352,0.9903445349793342,0.9911044397168384,1.0367086293564163
letterario,wrnpc_6,w,lettera,1534,1.145684211082278,0.9678179160484951,0.9894074017800327,0.9420802670665814
letterario,wrnpc_6,u,lettera,1480,1.151059027484558,0.9891413213097673,1.0098282949421995,0.9929705579743462
letterario,wrnpc_6,m,lettera,1469,1.148582986181256,1.0341251203751833,1.009417221921641,1.0158766198532125
letterario,wrnpc_6,f,lettera,1346,1.2652766894545897,0.9269292932008654,1.036647249595026,1.0805356777374575
letterario,wrnpc_6,c,lettera,1317,1.18055629618784,1.0084637247366819,0.9782646972007791,0.9797601366257213
letterario,wrnpc_6,g,lettera,1270,1.0889093884357781,0.9801448241306555,1.0334756441645456,1.021364385685015
letterario,wrnpc_6,p,lettera,1069,1.2454397313905112,0.9877074876402405,1.0222699581945065,1.0919322398718123
letterario,wrnpc_6,y,lettera,1042,1.2900849500549152,1.0424599088646558,1.0551101865974803,1.0396198461982338
letterario,wrnpc_6,the,funzione,868,1.3121972007665117,0.9412203002855168,1.0600384565347574,1.1362487827613355
letterario,wrnpc_6,and,funzione,577,1.0640208291120605,0.9739350987268623,0.9311346035408882,0.8136139902147597
letterario,wrnpc_6,to,funzione,423,1.011086120045226,0.949101287417434,1.0136374306918468,0.9666245169694515
letterario,wrnpc_6,of,funzione,308,1.203096210576042,0.9932926790231167,1.1473290864319663,1.34970200163507
letterario,wrnpc_6,he,funzione,271,1.1968722444188096,1.0421713373529675,1.2037860220642695,1.4717851362976275
letterario,wrnpc_6,in,funzione,253,1.0784037136120421,1.0421338950035584,1.0869511760607096,1.1214908108996904
letterario,wrnpc_6,rostóv,keyword,142,1.453994058802036,0.9813359267498947,1.3913166976522227,1.3942744333596586
letterario,wrnpc_6,denísov,keyword,78,1.514373291840031,0.9441182616091259,1.461271581661207,1.9286974289138392
letterario,wrnpc_6,prince,keyword,57,1.4806018439962547,1.0030464404735648,1.4288189029919376,3.7870740881114964
letterario,wrnpc_6,pierre,keyword,58,1.5167557164659857,0.9858024458328308,1.520092206792798,1.038749942603812
letterario,wrnpc_6,andrew,keyword,54,1.4570435570190523,1.0186174418119025,1.4283155503428875,4.31572058973963
letterario,wrnpc_6,went,keyword,33,1.0489793559890417,1.010311404463178,1.0418676208672093,0.9403374052764341
letterario,wrnpc_6,eyes,keyword,31,1.218242008818436,0.9696068703575781,1.1311345086742692,1.5000970085625704
letterario,wrnpc_6,with,appaiata,134,1.065930942675105,1.000260183661841,1.0150440848098994,1.0398602987916055
letterario,wrnpc_6,were,appaiata,59,1.1715365323000624,0.9805627130799947,1.1766698728301634,1.1862910707929875
letterario,wrnpc_6,be,appaiata,56,0.917147561094182,0.9712184649686696,0.9289833285890187,0.8652148153674188
letterario,wrnpc_6,all,appaiata,53,1.0927102051900497,0.9249686696187371,1.043958816400977,0.9626851651182207
letterario,wrnpc_6,so,appaiata,50,1.07596731402758,0.9339312826595384,1.0978030172979196,1.1081716369860954
letterario,wrnpc_6,if,appaiata,33,1.019989311790278,1.0273677113078679,1.046200107473571,1.1285753227655186
letterario,wrnpc_6,old,appaiata,32,1.4492547924521613,0.9811671324732639,1.2830557137724699,1.7927716023983127
letterario,wrnpc_7,vocali,vocali,23337,1.341168147182366,0.959032727826794,0.9849700933097548,0.46039027702235047
letterario,wrnpc_7,spazio,spazio,12770,1.2924270824526212,0.9733541847759183,1.00574332916278,0.5425540425094786
letterario,wrnpc_7,e,lettera,7843,1.2722496283739189,1.013417285457607,0.9140423768371355,0.8464847387137122
letterario,wrnpc_7,t,lettera,5531,1.1878999261735739,0.961852790293083,0.9877232116858549,0.9086579631654178
letterario,wrnpc_7,a,lettera,5267,1.1672695136075752,0.9920932319790609,0.9730614978778456,0.8673659441898708
letterario,wrnpc_7,n,lettera,4685,1.1524830299965854,0.9425324285201745,0.9616595225021521,0.8425095685790509
letterario,wrnpc_7,o,lettera,4330,1.2157696859204739,0.9907566176739043,0.9680410404322921,0.9435648671226228
letterario,wrnpc_7,i,lettera,4311,1.1985462653773964,0.9758462782431749,1.01399880867665,0.8679922932740869
letterario,wrnpc_7,s,lettera,4218,1.073267505630034,0.9836520201680967,1.0169953496566948,0.9341046218940862
letterario,wrnpc_7,h,lettera,4158,1.2630890247472955,0.9531128839231661,1.01467335882041,0.8417451999182386
letterario,wrnpc_7,r,lettera,3665,1.2179857345020282,1.0247347112018077,0.9662712616522858,0.9766270475087384
letterario,wrnpc_7,d,lettera,2993,1.0679499407151947,0.9523625172564931,1.0123548669732896,0.9127374655552186
letterario,wrnpc_7,l,lettera,2331,1.1209742595897758,0.9704398014574221,1.0284174455626467,1.090825434734646
letterario,wrnpc_7,u,lettera,1586,1.3368193156976305,0.9434598802890873,0.9464713233545027,0.9997896841258589
letterario,wrnpc_7,m,lettera,1476,1.148374387065578,0.9300461589005898,0.9889915202029559,0.9867707440624882
letterario,wrnpc_7,c,lettera,1464,1.2646646582894885,0.9600826307453811,1.0243528281067997,0.9886325448958373
letterario,wrnpc_7,w,lettera,1443,0.9837232809785543,1.0281576184772356,0.9650546620802816,1.0053351535586643
letterario,wrnpc_7,g,lettera,1346,1.1604902780295574,0.9622003812226434,1.019576007096172,0.9984759484414855
letterario,wrnpc_7,p,lettera,1158,1.2362205783673779,0.9086566355481591,1.051356314190996,1.1545923267376004
letterario,wrnpc_7,f,lettera,1154,1.0322313615561785,0.9827054888228077,1.1181256081969526,1.084337647473365
letterario,wrnpc_7,y,lettera,1126,1.1781710754267265,0.9957520723214492,0.9726821598933073,1.0513942490119097
letterario,wrnpc_7,the,funzione,701,1.34441242984367,1.0096361280067019,1.0989466150152,1.116094306611049
letterario,wrnpc_7,and,funzione,593,1.1305417694256028,0.9863146210233377,0.93767778104987,0.9111311193488442
letterario,wrnpc_7,to,funzione,421,1.0307701334026649,0.9919463829098257,1.0298389107738277,1.0395340039700767
letterario,wrnpc_7,of,funzione,294,1.1346156935646672,0.9464710688243767,1.031225471005803,1.1137031364552108
letterario,wrnpc_7,her,funzione,283,1.4375830396403368,1.016980022734426,1.3308648958042606,1.8379462646131357
letterario,wrnpc_7,he,funzione,266,1.3720573568683752,0.9720994750315302,1.2391609076877128,1.7418592283997272
letterario,wrnpc_7,natásha,keyword,120,1.3689282199444448,0.9670291934191072,1.2991993153876493,2.022614885834059
letterario,wrnpc_7,prince,keyword,96,1.3714288324024455,1.0035540045171736,1.3576397149729595,2.150213063066717
letterario,wrnpc_7,andrew,keyword,84,1.3290614835565064,0.9670466109543967,1.3261241723589376,1.7329623089482118
letterario,wrnpc_7,pierre,keyword,48,1.381667383991143,0.9694795858716226,1.3857137169127824,2.102757499437796
letterario,wrnpc_7,countess,keyword,41,1.2075438369517169,0.9515885575223546,1.2357087287327964,2.125059370610423
letterario,wrnpc_7,berg,keyword,32,1.446010014565324,1.0340225099297002,1.4129780077184275,2.7852536690717207
letterario,wrnpc_7,room,keyword,31,0.9686465169809793,0.9935760918710166,1.0193306706789453,1.0437257948321919
letterario,wrnpc_7,him,appaiata,98,1.2042988601885691,0.9314987067318402,1.1296404456087679,1.7738076283374817
letterario,wrnpc_7,as,appaiata,97,1.0592941342420394,1.0244846581801974,1.020413493004785,1.1626346665453253
letterario,wrnpc_7,for,appaiata,81,1.0463921646972905,0.9997925616245232,1.0314596910646971,1.2401847241410495
letterario,wrnpc_7,who,appaiata,47,1.0842281580258997,0.9460920390534033,1.125303896910626,1.2590430070927834
letterario,wrnpc_7,from,appaiata,41,0.9372985752932211,1.0592654709906453,0.9415300720993685,0.9018535226620297
letterario,wrnpc_7,could,appaiata,30,1.0537944097966838,0.9777391035874764,1.0265957734964535,1.0087293452117532
letterario,wrnpc_7,now,appaiata,30,1.1036856595316942,1.0281870734326366,1.056459782560883,1.334775365477369
letterario,wrnpc_8,vocali,vocali,22847,1.3273757815983092,0.9787983667495089,0.9822490892693528,0.4642627755225934
letterario,wrnpc_8,spazio,spazio,12815,1.1241552832108312,0.928199262753381,0.9824947921922528,0.5457989774543228
letterario,wrnpc_8,e,lettera,7421,1.1979865929891353,1.0181637761077311,0.9713266645127901,0.8809114178097048
letterario,wrnpc_8,t,lettera,5352,1.200073831046123,0.9133918890934983,1.0228341604450149,0.9155626334135639
letterario,wrnpc_8,a,lettera,5248,1.1433566419109982,0.9453961890752528,0.9835059917179407,0.8838153689080525
letterario,wrnpc_8,n,lettera,4538,1.0649040651777382,0.9879698799480562,1.040645311707211,0.8470580756446568
letterario,wrnpc_8,o,lettera,4535,1.178936263191635,0.9537473214241556,0.9810600449226691,0.9131267737084919
letterario,wrnpc_8,h,lettera,4455,1.195974224042947,0.9460265059287556,0.9954036536418996,0.8329012544066281
letterario,wrnpc_8,s,lettera,4401,1.232851502444045,0.9266961622760544,1.0215590474540612,0.9154734565866071
letterario,wrnpc_8,i,lettera,4026,1.1626751223868932,0.9744878165037311,0.92715760940874,0.8986508488432252
letterario,wrnpc_8,r,lettera,3436,1.2005592606940128,1.0436819925570524,1.0266221735227428,0.9512176843622685
letterario,wrnpc_8,d,lettera,2928,1.0295423271008046,1.048812913724425,0.9985089463021667,0.8484972569089012
letterario,wrnpc_8,l,lettera,2522,0.9464925023619436,0.9310959146170069,0.9571696127361378,1.021209389708911
letterario,wrnpc_8,u,lettera,1617,1.1647927325975191,0.9242427178720888,0.9811623354581934,0.955183442282011
letterario,wrnpc_8,m,lettera,1557,1.2464960569080537,0.9378053940357572,0.9213326735569094,1.0228586987825283
letterario,wrnpc_8,w,lettera,1522,1.1509761132506082,1.008837765276453,0.973203633071158,0.9475223740094886
letterario,wrnpc_8,g,lettera,1457,1.1486629641573594,0.922489120948689,1.0195308234825118,0.9930426669581796
letterario,wrnpc_8,c,lettera,1391,1.1640448984612797,0.9760380665813216,1.0230730276016473,1.0433946558340252
letterario,wrnpc_8,f,lettera,1228,1.19932591432988,0.9868509001367508,1.0343433116649647,1.0676470074849143
letterario,wrnpc_8,y,lettera,1205,1.1416990121970105,1.0077167722042064,0.977388069344513,1.0061746955438264
letterario,wrnpc_8,p,lettera,862,1.139609692209337,1.0689501689130985,1.0229046267764452,1.1408148237544924
letterario,wrnpc_8,the,funzione,793,1.3376500797404502,0.9659212057149477,1.0542004744378575,1.1744136727007772
letterario,wrnpc_8,and,funzione,647,1.0444655901816817,1.0250626884942962,1.0069840436838648,0.888367822795855
letterario,wrnpc_8,to,funzione,356,1.1685406445694342,0.9974426014278007,1.0448382102566842,1.0577147558761377
letterario,wrnpc_8,of,funzione,275,1.1261157587176813,1.0133529051707673,1.0887736979364495,1.0600037390690895
letterario,wrnpc_8,in,funzione,227,1.0351086288016458,0.9894509623157389,1.0746893917048082,1.1324721578854036
letterario,wrnpc_8,her,funzione,225,1.280894340261631,0.9985794944891917,1.25523098313274,1.6785220567155115
letterario,wrnpc_8,natásha,keyword,123,1.2761803381158119,0.9636747241944318,1.2389270119714901,1.4194730495632344
letterario,wrnpc_8,nicholas,keyword,106,1.1502560005564735,1.0284447832899788,1.1165168352595363,1.246476926378941
letterario,wrnpc_8,sónya,keyword,79,1.415132103141965,0.9534759299597262,1.3698248129993071,1.4476471571916874
letterario,wrnpc_8,uncle,keyword,57,1.4900934874746008,1.0496931902227356,1.43360901501143,2.99260731541109
letterario,wrnpc_8,countess,keyword,40,1.2217991918403628,0.9351748394244863,1.2133500694757418,2.095890126428928
letterario,wrnpc_8,thought,keyword,35,1.1649908420923907,1.0395663722936284,1.1508594785592667,1.2368716436243958
letterario,wrnpc_8,room,keyword,35,1.2033604125446702,0.9805097434934712,1.1305909824977338,1.425897889111606
letterario,wrnpc_8,had,appaiata,118,1.0862630062215077,0.9927224992186453,1.0588657206549787,1.4231558061023553
letterario,wrnpc_8,as,appaiata,109,1.1297853929404045,0.9897415819424756,1.0868891765835238,1.4317890162513593
letterario,wrnpc_8,all,appaiata,70,1.0945665160819484,1.0039477097654583,1.034604524087672,1.040664216181227
letterario,wrnpc_8,how,appaiata,45,1.120706864771859,0.9267772977639493,1.0826510246641796,1.2490617592893907
letterario,wrnpc_8,no,appaiata,39,1.038650857606925,1.011000231366459,1.0927535330574774,1.2134533589643508
letterario,wrnpc_8,did,appaiata,35,1.1180302301558493,1.0350989346622261,1.0886570621233034,1.1256203729056053
letterario,wrnpc_8,now,appaiata,34,1.0102941853659249,0.9701672103908324,1.0098133551225776,0.8400808264202881
letterario,wrnpc_9,vocali,vocali,23235,1.3847111647547212,1.0615843523984339,1.0104526040362698,0.472385322871437
letterario,wrnpc_9,spazio,spazio,12784,1.0451303910451932,0.988253033573456,0.9768412059843247,0.5470298727456363
letterario,wrnpc_9,e,lettera,7542,1.2338800549345765,0.9466792939218841,1.0069338737261508,0.8383951069159045
letterario,wrnpc_9,a,lettera,5426,1.1392000137618354,1.044631142593077,0.8794427512059845,0.8874952534853627
letterario,wrnpc_9,t,lettera,5378,1.16074083150709,0.9951513861851519,0.9405875590508467,0.9036870964040763
letterario,wrnpc_9,o,lettera,4640,1.1043737119269603,0.9122594837118045,1.062753900085615,0.9325062760832279
letterario,wrnpc_9,n,lettera,4533,1.140121538011235,0.9446535251241883,0.968927025784795,0.8516529700678702
letterario,wrnpc_9,h,lettera,4263,1.2073870140960883,1.0315790879457156,0.9741729642041376,0.8698257779073117
letterario,wrnpc_9,i,lettera,4082,1.2185328291710074,0.9836068761175504,0.9633841288209176,0.8987518216567841
letterario,wrnpc_9,s,lettera,3858,1.2123881404119778,1.0186894886860602,0.9612410361204208,0.9565653119955604
letterario,wrnpc_9,r,lettera,3615,1.2143195084777405,0.9266049083337631,0.9988834045910274,0.9499552536678426
letterario,wrnpc_9,d,lettera,3106,0.9308403441190286,1.018464512046199,1.0400920788653762,0.8707677947207779
letterario,wrnpc_9,l,lettera,2379,1.251294202980336,1.0269227385642539,1.0239411413754809,1.116648264309113
letterario,wrnpc_9,m,lettera,1556,1.0780256584551469,0.9998800065251326,0.9441499985184075,1.0138787234193105
letterario,wrnpc_9,u,lettera,1545,1.15749384721247,0.9834074303055438,0.9665499804296379,0.9649183568565473
letterario,wrnpc_9,w,lettera,1508,1.0317319957178572,1.034900081581216,1.001084408659882,0.9402054201528541
letterario,wrnpc_9,y,lettera,1284,1.330303676887473,0.8975324516222233,0.9994833064555871,1.0279490903959378
letterario,wrnpc_9,g,lettera,1247,1.1661919362127013,0.9965817086004738,0.9604386740255167,0.9960549242890212
letterario,wrnpc_9,c,lettera,1218,1.1438382124425939,0.9162673400007155,1.0575539417730482,1.032088834659141
letterario,wrnpc_9,f,lettera,1098,1.1449257254897172,1.0569894613227293,0.9445127149689568,0.9840315505966195
letterario,wrnpc_9,p,lettera,928,1.3167404128571918,0.9784632315697062,0.9813383069594176,1.0672115674496985
letterario,wrnpc_9,and,funzione,566,1.001237949319332,0.998928470846533,1.029630191507115,0.8786540048501592
letterario,wrnpc_9,the,funzione,520,1.352794398565381,1.030136376584696,1.0709124074037022,1.1805685116011027
letterario,wrnpc_9,to,funzione,451,1.1770282029757844,1.0183217588156064,1.019805475985427,1.0274517076401801
letterario,wrnpc_9,her,funzione,250,1.4395963489813928,0.9665954771394568,1.3116534251839334,2.2896619157378124
letterario,wrnpc_9,she,funzione,254,1.4769076527921825,1.014054109311471,1.4187267182585008,2.997710133860888
letterario,wrnpc_9,of,funzione,236,1.262171880849488,0.9313430951421342,1.1038657213652003,1.2633868193361972
letterario,wrnpc_9,natásha,keyword,160,1.4399895931246336,0.8888287565915677,1.3685203096756282,2.7789536921514495
letterario,wrnpc_9,anatole,keyword,114,1.3537489359305679,1.0140281826565343,1.322835796514961,1.7954255644589838
letterario,wrnpc_9,pierre,keyword,87,1.589326002463442,1.0119108565179202,1.5889056858797275,4.076939814808169
letterario,wrnpc_9,sónya,keyword,66,1.668782353257352,0.9540043928331992,1.5269062241903455,2.910642171404779
letterario,wrnpc_9,room,keyword,59,1.1116778765065927,0.9826408694533995,1.1234467230037402,1.0760357407813028
letterario,wrnpc_9,márya,keyword,52,1.381270472957031,0.9526666694392939,1.3682176157974943,2.0126966891200824
letterario,wrnpc_9,prince,keyword,53,1.3615065067304581,1.020450477079217,1.2708503618083256,1.6654449831292846
letterario,wrnpc_9,it,appaiata,150,1.2205533186701898,0.9183046389952562,1.1151530386625084,1.3458681838853293
letterario,wrnpc_9,for,appaiata,105,1.087550946247384,0.9778482902551371,1.0774416297792417,1.1755542344935945
letterario,wrnpc_9,on,appaiata,82,0.9542858858209649,1.0030475828804617,0.9558679725552839,0.9632782833067406
letterario,wrnpc_9,have,appaiata,64,1.073901786924935,0.9986584222010767,1.0809204471522487,1.1030678405462269
letterario,wrnpc_9,be,appaiata,60,1.086124761695277,0.9383233764267542,1.0381102151622306,1.3279926413847694
letterario,wrnpc_9,if,appaiata,52,1.1951785311832954,0.9610570992772415,1.1312211244063108,1.189044012941708
letterario,wrnpc_9,don’t,appaiata,50,1.2605887906008144,0.9949228756283102,1.245115689646332,2.1972104318602774
letterario,wrnpc_10,vocali,vocali,23478,1.339162935153045,0.9929037587269285,1.0184131500896243,0.4539631824259012
letterario,wrnpc_10,spazio,spazio,12693,1.2605725961955228,0.985618781719983,0.9859198528133722,0.5371899099918127
letterario,wrnpc_10,e,lettera,7902,1.1890731969747834,0.9896664803519123,0.9338406737732065,0.8416514523952338
letterario,wrnpc_10,t,lettera,5698,1.1400497454469671,1.006920807039158,1.002246580534494,0.9038829159104046
letterario,wrnpc_10,a,lettera,5108,1.0727480949868053,0.9499881677828012,0.9886563049848983,0.8574931191865824
letterario,wrnpc_10,n,lettera,4726,1.072946441613513,0.9430965936282321,0.9988688203343398,0.8631213899451041
letterario,wrnpc_10,o,lettera,4706,1.0715189414279425,0.9874544914616168,0.9841587277323359,0.8733527995280532
letterario,wrnpc_10,h,lettera,4184,1.2155400376643506,0.9970244394222556,0.9851685911017124,0.870201616594164
letterario,wrnpc_10,i,lettera,4148,1.145989867323415,1.0011279060829215,0.9743155137424959,0.8989210048991888
letterario,wrnpc_10,s,lettera,4029,1.1867194249452966,1.0357138480191665,1.0196157306353293,0.9567311945928759
letterario,wrnpc_10,r,lettera,3873,1.1927843894508972,0.9291751103590205,0.987418317816171,0.8915206460748488
letterario,wrnpc_10,d,lettera,2971,1.0540414697517613,1.000136874228047,0.986818367045565,0.8827915449606065
letterario,wrnpc_10,l,lettera,2434,1.1659862436210109,1.0176520970592116,0.946570280032255,1.0590918644327099
letterario,wrnpc_10,c,lettera,1672,1.1171077706231503,1.016807406909473,1.0204685756932994,1.0152009477181576
letterario,wrnpc_10,u,lettera,1614,1.1102570611394615,1.0366931482194248,1.0148332970172527,0.976525054030402
letterario,wrnpc_10,m,lettera,1599,1.0995807770826043,1.0079642128475477,0.9680239032219511,0.9919617037460959
letterario,wrnpc_10,f,lettera,1515,1.0624548565610248,1.0222712285268587,1.027311454929579,1.0035443839605906
letterario,wrnpc_10,w,lettera,1492,1.0567926790486717,1.0158732309954746,0.8999888297192692,0.9523973064816965
letterario,wrnpc_10,g,lettera,1239,1.2369706257756805,0.9941753080516514,1.0060237450200307,1.002674731030193
letterario,wrnpc_10,p,lettera,1149,1.3598851449418548,1.0112913888190598,0.9906729560927791,1.1173166916394093
letterario,wrnpc_10,y,lettera,1118,1.183400992410827,1.0333336049061714,1.0098319041559547,1.0059317711547007
letterario,wrnpc_10,the,funzione,916,1.351862798941709,0.9797436711535198,1.0464492162771928,1.0165276390686924
letterario,wrnpc_10,and,funzione,543,1.0170009127156723,1.0074263875701865,0.8724729722758876,0.7632493308536091
letterario,wrnpc_10,to,funzione,440,1.0805088661582958,0.9071228887930581,0.9995681671218873,1.063485585782865
letterario,wrnpc_10,of,funzione,411,1.195417292358844,0.9742013030705342,1.049659033726539,1.0826529963958536
letterario,wrnpc_10,in,funzione,261,1.027087425811481,1.0281820929052679,1.0475733737343447,0.9840075628346723
letterario,wrnpc_10,was,funzione,243,1.1640503742179753,0.9527475980894528,1.0521909337443265,0.9915258734144273
letterario,wrnpc_10,rostóv,keyword,62,1.440799876516214,0.9782196057435847,1.397770551088187,3.080540253450106
letterario,wrnpc_10,emperor,keyword,56,1.468610131432089,1.0252224420412839,1.3843389435989792,2.8625002087848492
letterario,wrnpc_10,army,keyword,41,1.3666423765268954,0.9786213722183708,1.337145325831506,1.769370865132055
letterario,wrnpc_10,prince,keyword,41,1.2917900973650012,0.9708627222171224,1.284780409605748,1.5607334262682167
letterario,wrnpc_10,andrew,keyword,39,1.2741493288320618,0.9487248819481698,1.3429817912558477,2.4868983128007636
letterario,wrnpc_10,pfuel,keyword,42,1.4137063644902663,0.9731087738896589,1.4225427541139817,1.4132141558620652
letterario,wrnpc_10,general,keyword,26,1.1752632057056334,1.0223531838893385,1.1094864947589853,1.3367870100835635
letterario,wrnpc_10,an,appaiata,53,0.9857274806742284,1.0086647618272535,0.9207216164115982,0.9327963919402065
letterario,wrnpc_10,what,appaiata,45,1.045105977804733,0.9618573015818432,1.050570583468273,0.9561704940978348
letterario,wrnpc_10,only,appaiata,41,1.1478671160847531,0.9801800447882254,1.1395185435753017,1.0877316705501696
letterario,wrnpc_10,their,appaiata,41,1.0013262758912764,0.9823204942800273,1.0191415779994617,1.2594408058842463
letterario,wrnpc_10,did,appaiata,37,1.1251359389201454,0.9754255845564153,1.0840290578568224,1.1092956455882568
letterario,wrnpc_10,been,appaiata,38,1.1752612858168372,1.0026701121717403,1.164870433908417,1.6207255367053566
letterario,wrnpc_10,man,appaiata,25,1.1369242829186827,1.0563316363328694,1.1109301272196386,1.5632519143411823
letterario,wrnpc_11,vocali,vocali,23092,1.3325714540488245,0.9418994981743483,1.0015127831677801,0.46814079517595275
letterario,wrnpc_11,spazio,spazio,12862,1.1919925018845672,0.9764945181898748,0.9698323852106729,0.5358256022708318
letterario,wrnpc_11,e,lettera,7785,1.1589488484623818,0.9551312530606468,0.9541013219646114,0.8245660649422188
letterario,wrnpc_11,t,lettera,5636,1.228728480591619,1.033933994539991,0.9494547970867798,0.9078302216473866
letterario,wrnpc_11,a,lettera,4983,1.1479735549341619,1.080501614179046,1.0417767070705417,0.8498570318791682
letterario,wrnpc_11,o,lettera,4754,1.0746022002236668,0.9740917136579497,1.0201339956985296,0.8979851095305466
letterario,wrnpc_11,n,lettera,4563,1.1205133060147845,0.9008689402290533,0.9674020902811509,0.867831628586228
letterario,wrnpc_11,h,lettera,4298,1.2458689892425223,0.9964639491447151,0.9728801317957213,0.848405297085737
letterario,wrnpc_11,i,lettera,4103,1.1190364721235042,1.0132963504767316,0.9736537435804129,0.9201006796164296
letterario,wrnpc_11,s,lettera,4073,1.1499677587722252,1.0150650675506734,0.948764111824575,0.9672440196813163
letterario,wrnpc_11,r,lettera,3732,1.0724578156959266,0.970323664780155,0.9696563548080958,0.9111716524103247
letterario,wrnpc_11,d,lettera,3043,1.3318998006715648,1.0020602858241008,0.9895337311114267,0.9327912242251768
letterario,wrnpc_11,l,lettera,2413,1.193822036510666,0.9720191688031695,1.0461176349573371,1.0464132076097357
letterario,wrnpc_11,c,lettera,1638,1.2847707837975126,0.9610589479691409,0.9993260608455854,0.9779966521469987
letterario,wrnpc_11,w,lettera,1470,1.1548136316202418,0.9628692092045229,0.9475614849861778,0.9725935838332994
letterario,wrnpc_11,u,lettera,1467,1.1338337026762269,0.9799748597162941,0.9142214663259999,0.9530708832362659
letterario,wrnpc_11,m,lettera,1465,1.2313749047632248,0.9868404206776193,1.0700962125369191,0.9709800533341658
letterario,wrnpc_11,f,lettera,1357,1.0833133841105929,0.9964128504947783,0.9835518198894803,1.0467864928885255
letterario,wrnpc_11,g,lettera,1334,1.120441308807882,0.9868970338426616,0.9717829039829206,0.9901375943721774
letterario,wrnpc_11,p,lettera,1273,1.1162449830725132,0.9945967089430773,1.0200164158609148,0.9727500062382906
letterario,wrnpc_11,y,lettera,1071,1.1779301684468158,1.0045766794740072,1.0211526172251297,1.086252136131082
letterario,wrnpc_11,the,funzione,946,1.3719758616371227,1.0252933192922573,1.0279102067630028,1.1498481252891666
letterario,wrnpc_11,and,funzione,566,1.19694566197026,0.9642275600839637,0.9987469329384724,0.8331714625014859
letterario,wrnpc_11,to,funzione,451,1.1815406091608656,1.0004991576142976,1.113044685251764,1.127054607544937
letterario,wrnpc_11,of,funzione,374,1.1615055561741117,1.0112810680956448,1.0264953683643887,1.0968192584033745
letterario,wrnpc_11,he,funzione,273,1.3789019925546808,1.0021316109008709,1.223781069196258,1.5171213223545075
letterario,wrnpc_11,his,funzione,241,1.3137564333276135,1.02657316774562,1.1706359831879176,1.3704503618422241
letterario,wrnpc_11,prince,keyword,117,1.3245686989886296,0.9785938771299453,1.3112135356075127,2.121984762556927
letterario,wrnpc_11,alpátych,keyword,81,1.5162181138310147,0.9242968373907857,1.4773205804420784,3.716567462516611
letterario,wrnpc_11,princess,keyword,43,1.4084828532465619,1.0027056557388156,1.3705534197716485,3.141061485373381
letterario,wrnpc_11,andrew,keyword,43,1.465029155425479,1.001976734227523,1.3775157967668943,2.4731558260338127
letterario,wrnpc_11,went,keyword,34,1.148985508741943,1.022795235468104,1.1386182669724463,1.621800011619884
letterario,wrnpc_11,mary,keyword,34,1.4075093028165333,1.026154711130407,1.3688956644653911,4.16577333412195
letterario,wrnpc_11,away,keyword,28,1.1292349649100866,0.9478073927351872,1.1648298617942727,1.586517074487451
letterario,wrnpc_11,it,appaiata,127,1.043048819615537,0.9702290669895369,1.0496501465250037,1.15712009888502
letterario,wrnpc_11,but,appaiata,80,1.154110073262703,0.9661994673436397,1.0651392136309028,1.1306478269213789
letterario,wrnpc_11,who,appaiata,44,1.1080934600575503,0.9855996632008873,1.0754619712119495,1.4016922906097786
letterario,wrnpc_11,there,appaiata,40,1.0609217229891141,0.9506641642571871,1.0604042811588539,1.3685717600031404
letterario,wrnpc_11,about,appaiata,34,1.0217374074173704,1.0272088904439822,0.9915818584676536,1.1534611035465212
letterario,wrnpc_11,so,appaiata,33,1.0503042376711775,0.9778573527101276,1.0123221159957352,0.9098753949824767
letterario,wrnpc_11,their,appaiata,28,1.217053714831019,1.0072924494845628,1.043234769264435,1.3908556918106652
letterario,wrnpc_12,vocali,vocali,23456,1.1723845500315104,0.9049529265509952,0.9299475957883439,0.4631579670219576
letterario,wrnpc_12,spazio,spazio,12781,1.1391183228397128,0.9625399349641994,1.044143881661349,0.5443517611855169
letterario,wrnpc_12,e,lettera,7950,1.0616873467257886,0.9726206597802324,0.9501654455471747,0.8479280996188089
letterario,wrnpc_12,t,lettera,5959,1.4294776117499495,0.9383982620699219,1.0205114411783562,0.899962860098601
letterario,wrnpc_12,o,lettera,4942,1.2066731752832236,0.9096852089580717,0.9881598144381186,0.9167729625408328
letterario,wrnpc_12,a,lettera,4757,1.1403141246932933,0.9454835256223283,1.0116095529459697,0.8586654707833492
letterario,wrnpc_12,n,lettera,4552,1.2527587940904807,0.9562800193912744,1.0307907065061723,0.8726607059047998
letterario,wrnpc_12,i,lettera,4248,1.0923228795222693,0.9708607425236783,1.0131716051020172,0.9051874050444898
letterario,wrnpc_12,h,lettera,4169,1.1178548398626837,0.9815203631637613,0.9194267069951828,0.8555563536142966
letterario,wrnpc_12,s,lettera,3810,1.0807898495154966,0.9324563452725082,0.9925192760678699,0.9374878180860126
letterario,wrnpc_12,r,lettera,3697,1.116956768339627,0.9631383623922508,1.0398565613811728,0.9141738325889395
letterario,wrnpc_12,d,lettera,2986,1.2388041498037603,1.0243789270830768,0.9600277175105402,0.9130437750172576
letterario,wrnpc_12,l,lettera,2343,1.20580852170662,0.9960786952584916,0.9285815753532208,1.0676302085064406
letterario,wrnpc_12,u,lettera,1559,1.2356046500841549,1.001449403409553,1.0203961309594625,0.9461179491805253
letterario,wrnpc_12,w,lettera,1533,1.1132373199634693,0.9528673141672385,0.9367003188546263,1.0006878080165922
letterario,wrnpc_12,c,lettera,1469,1.0701049048190436,0.9395813017539383,0.9983942617056467,0.9821995985542702
letterario,wrnpc_12,m,lettera,1394,1.1578761151629304,0.9968283767376075,1.0458429332204353,1.0436415251558058
letterario,wrnpc_12,f,lettera,1381,1.3186278554336077,0.9899681598432695,0.9344456130883171,1.1058826854125843
letterario,wrnpc_12,g,lettera,1238,1.2083264191776217,0.9674035143564573,1.0182238500758158,1.096815597341457
letterario,wrnpc_12,p,lettera,1196,1.1632200340928935,0.9320497812045038,1.0590184128522544,1.0963737248625343
letterario,wrnpc_12,y,lettera,1126,1.242900425716941,0.9907901365457782,1.0579915266157278,1.055456560041575
letterario,wrnpc_12,the,funzione,973,1.4976723872808377,0.9808135403723046,1.1233308464546132,1.1102697636900958
letterario,wrnpc_12,and,funzione,537,1.1069588580353684,1.0363836896675211,0.9853926206715018,0.8703225243028139
letterario,wrnpc_12,to,funzione,429,1.0745395072505994,1.012950438276027,1.016486020982297,1.0168823776614955
letterario,wrnpc_12,of,funzione,408,1.1345696557751177,0.9484023822800935,1.008558044961221,1.0810453400014362
letterario,wrnpc_12,he,funzione,242,1.2823575624096086,1.0451793469552912,1.1776166592271144,1.5399195549737157
letterario,wrnpc_12,that,funzione,220,1.2332705772559485,0.9902035065341109,1.1215834092933366,1.2882663547569024
letterario,wrnpc_12,pierre,keyword,115,1.376556105521608,0.9871495155868847,1.3331430413527037,2.1163188797636594
letterario,wrnpc_12,battle,keyword,63,1.3333054442616976,0.9843805987386718,1.2610137277168467,1.4746334565590422
letterario,wrnpc_12,position,keyword,58,1.5011675815752106,0.9465743587195768,1.3980147801743217,1.7148394055216132
letterario,wrnpc_12,left,keyword,53,1.327723688914662,1.020277140092799,1.285206656518006,1.6505475451843705
letterario,wrnpc_12,prince,keyword,46,1.4469172063345053,0.9326469374667253,1.3715883108263895,3.1320467386250677
letterario,wrnpc_12,andrew,keyword,42,1.4614740993916293,1.028628115901343,1.4239193050452184,1.52534450868902
letterario,wrnpc_12,napoleon,keyword,41,1.3638235113513986,0.9866305972592558,1.3767258896703372,2.206510609447931
letterario,wrnpc_12,him,appaiata,106,1.117480913914395,1.0211555298625479,1.1457415257341788,1.4759784685357562
letterario,wrnpc_12,all,appaiata,64,1.2268602995584397,0.999419566581841,1.1270068119476326,1.1237244925056664
letterario,wrnpc_12,who,appaiata,60,0.8820874019106836,1.0346864684909969,0.9101196335977176,0.8150634242323564
letterario,wrnpc_12,so,appaiata,54,1.0941673252865343,0.991005485317182,1.0828584827632142,1.0717862378089573
letterario,wrnpc_12,an,appaiata,47,1.1113320153584363,0.9199514585144062,1.0757154412807226,0.9042605910193314
letterario,wrnpc_12,or,appaiata,39,1.0371042635107708,1.0031537920103915,1.093516082835107,1.488407948492092
letterario,wrnpc_12,did,appaiata,37,1.0946185339466832,0.9918843318548051,1.0167984096046385,1.2992989981862135
letterario,wrnpc_13,vocali,vocali,23714,1.2899279543398945,1.0533588917996781,0.9817131443712787,0.459181666152671
letterario,wrnpc_13,spazio,spazio,12815,1.2378782288877428,0.9605089011395506,0.9657890984679707,0.5398139753686984
letterario,wrnpc_13,e,lettera,7880,1.1437726290072974,1.022544723345921,1.01278252621243,0.8356408946423107
letterario,wrnpc_13,t,lettera,5781,1.290483176552004,1.0181910119002697,1.0049099307325584,0.8895287679013931
letterario,wrnpc_13,o,lettera,5011,1.144127196650815,1.0524079595598386,1.0178049890927994,0.8862710924128199
letterario,wrnpc_13,a,lettera,4932,1.0965111077561296,0.899100946374744,0.9579178931249439,0.8562420295059903
letterario,wrnpc_13,n,lettera,4726,1.1078234621019427,0.9977729845469794,0.9465437481644798,0.8534779475628415
letterario,wrnpc_13,i,lettera,4268,1.2695728136543931,0.9692293204691081,0.9397962380484031,0.9026760197050403
letterario,wrnpc_13,h,lettera,4099,1.316374398427893,0.9783118019304977,0.8960420745030696,0.8572060361548789
letterario,wrnpc_13,s,lettera,4018,1.2097226183611107,0.9518684572580706,1.0532351855476971,0.937365906181288
letterario,wrnpc_13,r,lettera,3592,1.1041845886762944,1.0098326809944707,1.0399780058343298,0.9210362304816423
letterario,wrnpc_13,d,lettera,2995,1.2823406611184536,1.0076001404230313,1.059713397556907,0.9265036961768583
letterario,wrnpc_13,l,lettera,2483,1.0118865874528586,0.9501104053836805,0.9832350908604225,1.0463015915196738
letterario,wrnpc_13,m,lettera,1635,1.2376566113276037,0.9019426867623692,1.0180266938017197,1.0525155774600872
letterario,wrnpc_13,u,lettera,1623,1.1598186416137977,1.0051319832919756,1.0083160529650126,0.970349570506193
letterario,wrnpc_13,c,lettera,1573,1.2401097658750544,1.0086074429905614,1.0251846571890597,1.0468359431051024
letterario,wrnpc_13,f,lettera,1509,1.2720289336464805,0.9667899615092086,0.9695681637701119,0.9864745736257187
letterario,wrnpc_13,w,lettera,1452,1.2865927550777336,1.0158836628170864,1.0099574223638117,0.9494727813679308
letterario,wrnpc_13,g,lettera,1217,1.214298278433174,0.9602561534296451,1.0145746227059291,1.0159364901455417
letterario,wrnpc_13,y,lettera,1124,1.1355701485813459,0.9533120533042155,0.9846361343674542,1.0019752507465958
letterario,wrnpc_13,p,lettera,1038,1.1263613897454794,0.9251181401884131,1.0324877020896597,1.1227826478353577
letterario,wrnpc_13,the,funzione,951,1.339064110427006,0.9527154479538941,1.0513271331385294,1.0141668341957493
letterario,wrnpc_13,and,funzione,552,1.1755937872451188,0.9647891533499368,1.0135861577875092,0.9716082313282612
letterario,wrnpc_13,of,funzione,507,1.3665502315496254,1.00878438963863,1.07700082770835,1.1672951404642944
letterario,wrnpc_13,to,funzione,436,1.2283865457833594,0.9869180923887465,1.0475102723742085,1.1460771341604319
letterario,wrnpc_13,that,funzione,244,1.1242646000239067,0.9610488073681193,1.1588682025431494,1.2505107706022442
letterario,wrnpc_13,in,funzione,209,1.0839808496602756,0.9767811957003442,0.9849647717206352,1.003037022379754
letterario,wrnpc_13,moscow,keyword,57,1.394281643686333,0.945928514474837,1.3828932927588795,1.7501273444096195
letterario,wrnpc_13,army,keyword,42,1.3764910098364733,0.9675860884289543,1.341559682957236,1.5213628531405339
letterario,wrnpc_13,battle,keyword,35,1.2948405021784481,0.9291421274155032,1.2783928663776305,1.9630261497882275
letterario,wrnpc_13,french,keyword,33,1.442685583950343,1.0132494465433137,1.390429050633907,1.9666115986507784
letterario,wrnpc_13,hélène,keyword,35,1.4236675384540352,0.9711336124324291,1.427953234749414,0.5350663114023795
letterario,wrnpc_13,russian,keyword,28,1.181539627344946,0.9866820662573783,1.1599557538973684,1.481161745866434
letterario,wrnpc_13,time,keyword,27,1.048236004306134,1.0190773487523572,1.0461903923696658,1.0300305166504762
letterario,wrnpc_13,would,appaiata,56,1.2389894703595223,0.9480590442583834,1.275315956835999,1.8944587116830918
letterario,wrnpc_13,now,appaiata,42,1.585068937543568,1.0077226637286805,1.2099024062064732,1.53639274111749
letterario,wrnpc_13,an,appaiata,35,0.9592523821714551,0.9792543807090173,0.9914519211446718,1.0024579428542248
letterario,wrnpc_13,up,appaiata,33,1.0731377606042554,1.0357697255605605,1.0911113529418186,1.2134428594473485
letterario,wrnpc_13,men,appaiata,31,1.1947927204480988,1.0014756236792757,1.0916182080154375,1.4753061169423185
letterario,wrnpc_13,himself,appaiata,28,1.11965488589596,0.9676872611896555,1.1324122681287159,1.7205762758780045
letterario,wrnpc_13,no,appaiata,28,0.9329483172561158,1.0433291088531522,0.9347061166690797,0.8428494770016873
letterario,wrnpc_14,vocali,vocali,23305,1.2125998767992667,1.0092234758423375,0.983041332009518,0.46786156585127775
letterario,wrnpc_14,spazio,spazio,12631,1.0694932438013163,0.9613283051507467,1.009022820693434,0.5459663909935146
letterario,wrnpc_14,e,lettera,7723,1.1632515993588652,0.9794176301636952,1.0379248450223992,0.8450263833622963
letterario,wrnpc_14,t,lettera,5772,1.154966430606108,0.998555003353537,0.9168655167359336,0.8437885452827123
letterario,wrnpc_14,o,lettera,4832,1.1476332929330166,0.9311391203508999,0.908692536018862,0.8908703222295906
letterario,wrnpc_14,a,lettera,4819,1.0866635408310872,0.9746978459863547,0.9215825848880139,0.8733358576773683
letterario,wrnpc_14,n,lettera,4614,1.119261111183794,0.9855356072000356,1.0161777444675424,0.8805249895887552
letterario,wrnpc_14,i,lettera,4313,1.2170474668109836,1.0370257463192842,0.9289131058361549,0.9196000004934335
letterario,wrnpc_14,h,lettera,4266,1.1864180593948341,1.0097770776736137,0.9702197357546257,0.8182013178991958
letterario,wrnpc_14,s,lettera,3871,1.1466681459392043,0.9847693114857629,0.9804288479868042,0.9330978893549459
letterario,wrnpc_14,r,lettera,3674,1.318142960630695,0.9480270109442243,1.0504251168989829,0.925556780464998
letterario,wrnpc_14,d,lettera,3050,1.1413779700741278,1.0116714832303866,1.002116364603452,0.9025166279889528
letterario,wrnpc_14,l,lettera,2348,1.122751442987058,0.9628059316519558,0.9947970291347907,1.0388783852471566
letterario,wrnpc_14,c,lettera,1762,1.1062166830762066,0.9752131561776948,1.044443843941891,0.939806290947042
letterario,wrnpc_14,u,lettera,1618,1.0477206509681394,0.9842831059145717,1.00280667370805,0.9018368209660812
letterario,wrnpc_14,m,lettera,1538,1.0300684500852941,0.952935213063371,1.0102549766889206,1.0123503425034717
letterario,wrnpc_14,w,lettera,1451,1.0722992729323686,0.9523047793493356,0.978128622712811,0.9957407493139382
letterario,wrnpc_14,f,lettera,1445,1.2352425185026206,0.965682460686717,0.9862521073160538,1.0724965651837859
letterario,wrnpc_14,g,lettera,1351,1.175060179478104,1.0009598040388206,1.014968258483563,0.9990901848645847
letterario,wrnpc_14,p,lettera,1128,1.1306587484431028,0.9773652690831961,0.9992912478434786,1.0985616231915925
letterario,wrnpc_14,y,lettera,1091,1.1840991291418437,0.938514240737225,0.9826293000601778,0.9352036183654404
letterario,wrnpc_14,the,funzione,1103,1.1981088572181327,1.0115386904312624,1.0379626449102082,0.9770989981918597
letterario,wrnpc_14,and,funzione,561,1.0789209243501203,0.9554655860837241,0.9889973074982162,0.8337647765691085
letterario,wrnpc_14,to,funzione,394,1.1012882453513997,1.014156419111462,1.0241900400294206,1.0279152617811715
letterario,wrnpc_14,of,funzione,350,1.2217720594255637,0.9784059870477716,1.1011349738924692,1.083045455827231
letterario,wrnpc_14,in,funzione,250,1.0105850030111354,1.0153504656358407,1.024218758074903,0.9847412223978468
letterario,wrnpc_14,he,funzione,242,1.253557024762803,1.0444995026696524,1.1934765220685069,1.7036514989861147
letterario,wrnpc_14,moscow,keyword,63,1.3827626592762796,0.9752813061354274,1.3527988152729957,1.9603226621497467
letterario,wrnpc_14,officer,keyword,55,1.4601997663896433,1.0194308496879911,1.4457502622296465,2.686435840477204
letterario,wrnpc_14,rostopchín,keyword,56,1.396632943720164,1.00441053897185,1.3819530301126406,2.0658617499089162
letterario,wrnpc_14,crowd,keyword,46,1.3698374132066782,1.0122564251148767,1.3411499732893875,1.6905754775017503
letterario,wrnpc_14,french,keyword,46,1.2800067621936881,0.9652025350054121,1.2720429054780917,1.5392887967224593
letterario,wrnpc_14,count,keyword,44,1.2572595964821196,1.019940477289113,1.2989220092223446,1.476542703581045
letterario,wrnpc_14,pierre,keyword,44,1.4795570564653793,0.9824793939350916,1.4577885001415833,1.0862997536526333
letterario,wrnpc_14,by,appaiata,62,1.1555296339682235,0.9052798912667132,1.0060826057702414,1.0174318519554821
letterario,wrnpc_14,this,appaiata,52,1.0862720023266315,0.9015470756345273,1.0204234230448554,1.202960899495703
letterario,wrnpc_14,when,appaiata,46,1.1196021543339785,0.9546986350516075,1.0773229139286433,1.2448320126325476
letterario,wrnpc_14,there,appaiata,48,1.0664866907009714,0.9354332596153941,1.0565879587029505,1.1891582382668549
letterario,wrnpc_14,which,appaiata,45,1.0771896419801779,1.0154330216697756,1.0747799192033918,1.1164438775883403
letterario,wrnpc_14,their,appaiata,41,1.1671921695237044,0.982159061794044,1.1568206494982904,1.5833500772995375
letterario,wrnpc_14,up,appaiata,41,1.153802928353261,1.0188615283604607,1.1485119755241857,1.508062126189253
letterario,wrnpc_15,vocali,vocali,23568,1.3182873617663542,0.931804699830011,0.9620629851167894,0.4526418048386354
letterario,wrnpc_15,spazio,spazio,12889,1.1378649018860454,1.048954739729654,1.0016251749180265,0.5352304516429403
letterario,wrnpc_15,e,lettera,8057,1.2753893946426254,0.9124746905560746,0.973836818075335,0.8209957458292276
letterario,wrnpc_15,t,lettera,5547,1.1877994394860654,0.9807775482490345,0.9870928696051041,0.9169204402049252
letterario,wrnpc_15,a,lettera,5150,1.1653690639147845,0.9742844413003716,0.9779788340113598,0.8272482273784854
letterario,wrnpc_15,n,lettera,4588,1.146783229413904,1.011748789493089,0.9884474534583184,0.8529204865577628
letterario,wrnpc_15,o,lettera,4477,1.0506787455656101,1.0047409998334913,0.9743057671096403,0.8842153964817402
letterario,wrnpc_15,h,lettera,4392,1.2224317065157897,1.021549742734962,0.9772376106194639,0.836908236439391
letterario,wrnpc_15,i,lettera,4293,1.0759993494969284,0.9916635458674804,1.0263238874927956,0.871449311463147
letterario,wrnpc_15,s,lettera,4156,1.1178959410735125,0.9869165007328516,0.9740218028481505,0.9372864745344296
letterario,wrnpc_15,r,lettera,3827,1.177441915736235,0.9709002917026696,0.8881815987831665,0.9096105141395565
letterario,wrnpc_15,d,lettera,3001,1.2189174960628233,0.9914910626365708,0.9157589247364778,0.9177763052225659
letterario,wrnpc_15,l,lettera,2321,1.2205965542065373,0.890987266277532,0.9620548712769882,1.047287791641918
letterario,wrnpc_15,m,lettera,1635,1.2392156761510518,0.9938904297983565,0.9923632005218307,1.008419570657849
letterario,wrnpc_15,u,lettera,1591,1.150418047173855,1.0715387431300982,1.004194220357974,0.9543131086075088
letterario,wrnpc_15,w,lettera,1534,1.1134824456941583,0.9583627203067916,0.9671597085271523,0.9720488764240794
letterario,wrnpc_15,c,lettera,1506,1.1862002847801287,0.9610732148102663,1.0225434329213356,1.045746711225178
letterario,wrnpc_15,f,lettera,1403,1.1558217601933298,1.0059404311403737,1.0342837063531949,1.0556957398681643
letterario,wrnpc_15,g,lettera,1195,1.0770932641306352,1.011482243406938,0.94521087985217,0.9267573871319288
letterario,wrnpc_15,y,lettera,1159,1.1892742365033324,1.0294135492584402,0.94525457971001,0.989392613738046
letterario,wrnpc_15,p,lettera,1128,1.1379775546068729,0.993869865392398,1.0400304330766779,1.066775096297528
letterario,wrnpc_15,the,funzione,773,1.345150272540919,0.9381395227913746,1.0316765330144793,1.0598193755756347
letterario,wrnpc_15,and,funzione,568,1.1152667044919884,0.9909226954443394,0.9932874962722168,0.8671303963989686
letterario,wrnpc_15,to,funzione,399,1.2044918714382074,1.0196197766579014,1.054141420200337,1.1222150688769656
letterario,wrnpc_15,of,funzione,359,1.1974366588581944,0.9818140953487303,1.0625831619934492,1.068271858969325
letterario,wrnpc_15,he,funzione,294,1.3586222641669123,1.0095703355543635,1.233093276244317,1.6560585941797845
letterario,wrnpc_15,in,funzione,255,1.0513407821004743,1.0504852342690338,0.9642119444498523,0.9791367628524398
letterario,wrnpc_15,nicholas,keyword,81,1.4648784691920924,1.0445906847579323,1.4333237939188628,1.3703591624827198
letterario,wrnpc_15,pierre,keyword,85,1.5059280085405582,0.9458221665392746,1.497166306764405,5.638446741275659
letterario,wrnpc_15,princess,keyword,47,1.3604210676606914,1.0056114527811668,1.331400476759941,1.2254441014625128
letterario,wrnpc_15,sónya,keyword,50,1.5573785818060495,1.0101185277176716,1.483124298543739,2.2957525578834086
letterario,wrnpc_15,felt,keyword,42,1.1335095745123713,0.8973167450473811,1.0817888611828677,1.1427905506866587
letterario,wrnpc_15,eyes,keyword,39,1.1988670719236485,1.0162590786362244,1.200835825729856,1.4553122466706838
letterario,wrnpc_15,time,keyword,31,1.1079095151941962,0.9657627419279771,1.1016377691079209,1.213777788666818
letterario,wrnpc_15,were,appaiata,82,1.2149963624166928,0.9408042490250438,1.1988851612405995,1.3929059450468644
letterario,wrnpc_15,for,appaiata,84,1.1121062878789785,0.9867998451928176,1.0257480903527296,1.1558237565230014
letterario,wrnpc_15,an,appaiata,46,1.0665430491788976,1.0402217873792894,1.0470638837311057,1.022699932325095
letterario,wrnpc_15,be,appaiata,49,1.0398083038149455,0.9383790130850106,1.0419764139944476,1.0599940603172355
letterario,wrnpc_15,their,appaiata,42,1.1407157034186481,0.9938782563647613,1.135537076908347,1.3538752975149964
letterario,wrnpc_15,been,appaiata,40,1.0358324652915056,0.9847078674576911,1.008634961882538,0.9995696106490984
letterario,wrnpc_15,very,appaiata,31,1.09481127504456,1.0089984802725767,1.0362700536382796,1.0461180182711582
letterario,wrnpc_16,vocali,vocali,23561,1.3794104296444702,0.9953692436954759,0.969975998414517,0.4593606290445903
letterario,wrnpc_16,spazio,spazio,12604,1.1001689413121976,0.9449433740217638,0.973459267889995,0.5378589002289429
letterario,wrnpc_16,e,lettera,7708,1.160688387451968,0.9651174364835923,0.9686122651402882,0.8440892980629943
letterario,wrnpc_16,t,lettera,5996,1.1903288783855073,1.0033638253862536,0.9771769887569972,0.8596559583699276
letterario,wrnpc_16,a,lettera,5029,1.2141664904609701,0.9389489784273461,0.9737560293745942,0.8616649678976369
letterario,wrnpc_16,o,lettera,4965,1.1880534422412092,1.028377129928473,0.9885292190197049,0.9069090434367137
letterario,wrnpc_16,n,lettera,4567,1.044004666469335,1.0433308269222168,1.0224160774585822,0.8727741799740539
letterario,wrnpc_16,i,lettera,4274,1.2083248237451765,1.0252696363060438,0.9674854071111864,0.9009355528068898
letterario,wrnpc_16,h,lettera,4204,1.3156594336095304,0.9084676707234189,0.93373900228887,0.8618144879228115
letterario,wrnpc_16,s,lettera,4134,1.0354259331741227,1.0014583437595717,0.9734802994215755,0.9570082866033808
letterario,wrnpc_16,r,lettera,3910,1.2762250857162971,0.9858629502224984,1.0218878588835187,0.946251161086467
letterario,wrnpc_16,d,lettera,2941,1.203621591563692,1.007074417482815,0.986881533342386,0.923579986525982
letterario,wrnpc_16,l,lettera,2326,1.0934611034117885,1.0666166689270833,0.9262229697905046,1.084551536372548
letterario,wrnpc_16,u,lettera,1585,1.2547497140206683,0.9953322752585662,0.9259385607657826,0.9322473918913669
letterario,wrnpc_16,c,lettera,1567,1.1319125267400911,1.0170170533155372,1.0672915455281236,1.0005492529635818
letterario,wrnpc_16,m,lettera,1542,1.140584395671736,0.9930446418355613,0.9957133491189328,0.982745206813037
letterario,wrnpc_16,f,lettera,1502,1.2253914723767931,0.9816483328331506,1.0025135772253484,1.098221424558437
letterario,wrnpc_16,w,lettera,1426,1.1532241241907943,1.0012989687140867,0.99123839390903,1.00647968528029
letterario,wrnpc_16,g,lettera,1269,1.1951077697555144,1.0150046236017767,0.9752466668734141,1.0000103080589224
letterario,wrnpc_16,p,lettera,1152,1.210891120075012,0.9208311560961833,1.0105241198925594,1.0827531002248358
letterario,wrnpc_16,y,lettera,1070,1.1594299919167572,0.9079195338090053,0.99037463005439,1.0054844678580261
letterario,wrnpc_16,the,funzione,1005,1.2043666425788937,0.9522669797459532,0.9747034819623784,1.0073340538869888
letterario,wrnpc_16,and,funzione,564,1.1358939485757331,0.9581625655166089,1.0009347133081317,0.9369642631330609
letterario,wrnpc_16,of,funzione,458,1.2833033077769442,0.98189349388529,1.106028865564334,1.286980090818658
letterario,wrnpc_16,to,funzione,435,1.126085987017559,0.9282489737038434,1.0453795861013433,1.1615091274166527
letterario,wrnpc_16,that,funzione,235,1.1324950860839234,0.937208209081365,0.9903132234777154,1.0270740658140294
letterario,wrnpc_16,he,funzione,222,1.3503147086707625,0.995991632178529,1.3064611419981242,1.7847836532246202
letterario,wrnpc_16,army,keyword,68,1.39427035410679,0.9607500273056218,1.3562279987455435,2.3397101883594105
letterario,wrnpc_16,pierre,keyword,65,1.4897897373616165,1.0321438696709822,1.4445089333880665,1.1453971870662882
letterario,wrnpc_16,french,keyword,56,1.2094382689858183,1.0013214890446225,1.198390519657281,1.489062916494946
letterario,wrnpc_16,moscow,keyword,52,1.1610375910436799,0.9181091680085031,1.1591020131712295,1.2255689003573573
letterario,wrnpc_16,napoleon,keyword,50,1.2843673370563107,0.9698279376178669,1.2492512103997886,1.754410482276453
letterario,wrnpc_16,kutúzov,keyword,34,1.3397553574617616,0.9855494683966851,1.3564259952815625,3.5670275487991705
letterario,wrnpc_16,road,keyword,28,1.2304181417178488,0.9914878217788464,1.2399086950356362,2.0085747608399647
letterario,wrnpc_16,which,appaiata,67,1.0782908925293129,0.8939260451475769,1.1237143236628329,1.0775327681347446
letterario,wrnpc_16,be,appaiata,62,1.2240779511691742,1.026678897279502,1.2139142280396216,1.2427761470716752
letterario,wrnpc_16,who,appaiata,57,1.1059926627369654,0.9852107520725509,1.1582850861476273,1.2999937773061812
letterario,wrnpc_16,their,appaiata,53,1.3106455107429924,1.0015987971514504,1.2233757074895777,1.5814008893838032
letterario,wrnpc_16,so,appaiata,37,0.9965609279240097,0.9680163207910247,1.0187732793861934,0.953478015342505
letterario,wrnpc_16,are,appaiata,31,1.1384786307093155,1.0627077980317958,1.153211129702597,1.1382165595064881
letterario,wrnpc_16,could,appaiata,28,1.1504176191935032,0.9858015442959805,1.072525942412759,1.1411634549032166
letterario,wrnpc_17,vocali,vocali,23321,1.2585951715593913,0.9824247368012173,0.9445325034745263,0.4637628649019149
letterario,wrnpc_17,spazio,spazio,12675,1.0413309861362923,1.0283826921073929,0.9570781423037861,0.5400548933134194
letterario,wrnpc_17,e,lettera,7922,1.1637436765283697,1.0936621691705333,0.9925639394672094,0.8459793230030961
letterario,wrnpc_17,t,lettera,5806,1.2558201132555444,1.0146173053790741,0.9369151801041862,0.8639656737212886
letterario,wrnpc_17,a,lettera,5069,1.0302724252980953,1.0329603619399992,1.0137158581945274,0.860250177931085
letterario,wrnpc_17,o,lettera,4655,1.1653348675470918,0.9778290634324991,0.9818785850607167,0.9097486476344603
letterario,wrnpc_17,n,lettera,4561,1.2492307699410736,0.9661474150350559,0.9929317142234284,0.8538668163955816
letterario,wrnpc_17,h,lettera,4236,1.1683048660147304,1.0014091164668788,1.0262808677777306,0.8680636815436175
letterario,wrnpc_17,s,lettera,4210,1.1480957896290052,1.0388171685995626,0.9915714326376448,0.944591229287249
letterario,wrnpc_17,i,lettera,4109,1.2843643316629347,1.0333982385427902,1.0388470111935926,0.8909788169712924
letterario,wrnpc_17,r,lettera,3887,1.138416892670928,0.8918268647663448,1.0637247753033934,0.9101163146225618
letterario,wrnpc_17,d,lettera,3043,1.217821894504573,0.9619135448929143,0.9991871026036497,0.9524755780299661
letterario,wrnpc_17,l,lettera,2337,1.0070053205397977,0.9976629734389597,0.9794743820538514,1.0102900254611322
letterario,wrnpc_17,f,lettera,1591,1.0589199977462014,0.9552276414711223,0.9206591319340652,1.0514940387254468
letterario,wrnpc_17,u,lettera,1566,1.1945334125017975,0.9998361720441767,0.9675889171738902,0.9555396218990199
letterario,wrnpc_17,m,lettera,1532,1.0095842996743198,0.9974953691551957,0.9714950067904699,0.9944019105703051
letterario,wrnpc_17,c,lettera,1510,1.213542893164805,0.9688838911956218,1.0784907161690491,1.004668027550548
letterario,wrnpc_17,w,lettera,1399,1.2017836081553883,0.9749218353936927,1.0419081498655116,0.9741925002750687
letterario,wrnpc_17,g,lettera,1332,1.2312767893575536,1.0243585751204487,1.0290831651266665,0.9570561951934955
letterario,wrnpc_17,y,lettera,1180,1.1465604072347686,1.0177449869506703,1.052297015714016,0.9460087127200165
letterario,wrnpc_17,p,lettera,1067,1.050880186452937,0.9513564256886271,0.9564581884436271,1.0235607700747025
letterario,wrnpc_17,the,funzione,916,1.4415672691719348,1.0092459549090436,1.1074463351935746,1.2253968178742463
letterario,wrnpc_17,and,funzione,600,1.1023176286153713,0.8840270906499779,0.9931736384741067,0.8807780669192781
letterario,wrnpc_17,of,funzione,465,1.1806540589630772,1.0670860191292875,1.0566303880477548,1.1160365080615662
letterario,wrnpc_17,to,funzione,377,1.210272019589619,1.0437410537009482,0.9979191239411399,1.0848031607090556
letterario,wrnpc_17,that,funzione,214,1.2061057550748522,0.9871292796022443,1.0944392936935758,1.074021755000129
letterario,wrnpc_17,in,funzione,200,0.979152706865315,0.9861591194991189,1.0080099429120029,0.9927736337889312
letterario,wrnpc_17,french,keyword,67,1.343778612849979,1.0530738556151802,1.2943035091089368,2.3182629091343063
letterario,wrnpc_17,army,keyword,62,1.4581141675012328,0.9597858169652653,1.3878489610099125,2.795866410457362
letterario,wrnpc_17,natásha,keyword,47,1.5595102859240186,1.0158632727044512,1.5102446873211244,1.1105735236536092
letterario,wrnpc_17,russian,keyword,40,1.392198766980541,0.9787622953109424,1.3263495790923336,2.027684794990564
letterario,wrnpc_17,kutúzov,keyword,42,1.3580116372700586,1.0035247761440924,1.3449847116228275,2.873691731877911
letterario,wrnpc_17,life,keyword,33,1.3498297400453696,1.0305435151344262,1.331762969951373,2.75592828472598
letterario,wrnpc_17,away,keyword,29,1.0645550245794142,0.9833538713073492,1.0354257722598728,1.0598744171258947
letterario,wrnpc_17,who,appaiata,66,1.1212549289815423,0.9980523186514473,1.0578222332708616,1.6673651298893937
letterario,wrnpc_17,him,appaiata,62,1.1940687509919419,0.9937696340327138,1.2131701578917375,1.8445556074148437
letterario,wrnpc_17,or,appaiata,41,1.0602403252437569,0.9857197737703486,1.0717097927323336,1.3052890463265725
letterario,wrnpc_17,up,appaiata,39,1.0453656265768418,0.9555236739165612,1.0268469538938276,1.1318457651570948
letterario,wrnpc_17,an,appaiata,38,1.0627684978524883,1.0622111613558076,1.0655558927732465,1.2059235035575417
letterario,wrnpc_17,there,appaiata,34,1.0498957138983684,0.9858638096286914,1.05012717520779,1.01498650001918
letterario,wrnpc_17,now,appaiata,28,1.2720080217797334,1.0262775124544212,1.1909005414365599,1.4231402573972116
letterario,wrnpc_18,vocali,vocali,23790,1.427098181772085,0.9474904690931192,1.0169566676842985,0.4543309594153845
letterario,wrnpc_18,spazio,spazio,12886,1.1262107454101005,0.9666925371377504,0.9480169688510719,0.5395724415745852
letterario,wrnpc_18,e,lettera,7938,1.2298864514532712,0.9867964170433935,0.9628338092943314,0.8476005404391223
letterario,wrnpc_18,t,lettera,5569,1.2995815414636922,0.9093078120117705,0.955450679367884,0.8855370885137794
letterario,wrnpc_18,a,lettera,5160,1.1248757973066354,0.9826064817583576,1.0134098192222913,0.8692702755434464
letterario,wrnpc_18,o,lettera,4714,1.0779438271847128,0.9827641307186692,1.0263107979490753,0.8882980327859711
letterario,wrnpc_18,n,lettera,4545,1.1175071030147683,1.0370762414100587,0.9591106656121124,0.8719471271440182
letterario,wrnpc_18,s,lettera,4490,1.1559463745686096,1.0349358717380204,0.9990047364136858,0.9358956034048737
letterario,wrnpc_18,h,lettera,4389,1.2643472494036645,0.9962721767091492,1.0266780041859949,0.8404243214656533
letterario,wrnpc_18,i,lettera,4372,1.2338133507049047,0.9840745268554304,0.9483594885682486,0.9328396953081921
letterario,wrnpc_18,r,lettera,3523,1.2138112929961156,0.9233753800749257,0.9546009981640884,0.9100717907842388
letterario,wrnpc_18,d,lettera,2922,1.2278627948357164,0.9441020711055309,0.9644741493847393,0.9788153022507986
letterario,wrnpc_18,l,lettera,2369,1.0376307663258566,0.9917286735099315,1.0438252988451244,1.0784938711797594
letterario,wrnpc_18,m,lettera,1636,1.0730698630071418,0.9613266979047438,0.9563629992357464,1.0081530110862447
letterario,wrnpc_18,u,lettera,1606,1.139092809651627,1.0268168399598003,0.9494080296094672,0.9442263140796647
letterario,wrnpc_18,c,lettera,1580,1.273866783533206,0.9942662932246548,1.0203681884715514,1.101153150907562
letterario,wrnpc_18,f,lettera,1460,1.110140505852363,0.9026665789574507,1.0007786669392529,1.015054683412581
letterario,wrnpc_18,w,lettera,1392,1.1751663696350627,0.9676796793999699,0.9589963720206036,0.9402446460038715
letterario,wrnpc_18,y,lettera,1155,1.2904926305514732,1.037485217727647,1.0006344650341592,1.001836864992774
letterario,wrnpc_18,p,lettera,1123,1.2582230399315169,0.981079957599865,1.0695833012326021,1.1367755108209465
letterario,wrnpc_18,g,lettera,1112,1.1781089417651156,0.9798937041295529,1.0172245482771725,1.043095890439313
letterario,wrnpc_18,the,funzione,761,1.4398015477578137,1.0232532508938337,0.9619267800161566,1.1223521817828446
letterario,wrnpc_18,and,funzione,583,0.950967811417042,0.9663447592451222,0.9766713540636648,0.9258202988408054
letterario,wrnpc_18,to,funzione,465,1.1326758809256112,0.9515410460542274,0.9758998163299477,0.9847178005199922
letterario,wrnpc_18,of,funzione,408,1.321248329003548,0.9904276995325825,1.008608241584307,1.2127208267934835
letterario,wrnpc_18,he,funzione,268,1.4575898251920263,1.0210126356563738,1.350549580493406,2.117973863885249
letterario,wrnpc_18,his,funzione,260,1.333926683652311,0.9590119450446403,1.310424350323421,2.1628970578611386
letterario,wrnpc_18,nicholas,keyword,65,1.2745621324413656,0.9716110678755188,1.2559209612994364,3.2228710969395737
letterario,wrnpc_18,mary,keyword,52,1.3584094610151751,0.9829854696152026,1.334216524278655,3.2589812824857445
letterario,wrnpc_18,countess,keyword,42,1.303650305222392,0.9794018733930067,1.2758192285307388,1.283480573625973
letterario,wrnpc_18,natásha,keyword,47,1.475764575041903,0.9462094116571279,1.34276930900422,3.0068707935568306
letterario,wrnpc_18,time,keyword,28,1.117775089125184,0.9681680245496661,1.1032547056017508,1.2186085435500407
letterario,wrnpc_18,princess,keyword,28,1.4523972154423237,0.9568746715549626,1.472007487674233,3.1515625815057677
letterario,wrnpc_18,without,keyword,26,1.13185179842902,0.9974636880857263,1.0267342506249286,1.310073007305847
letterario,wrnpc_18,which,appaiata,65,0.9918987638573529,1.006627165584998,1.0068585213090124,0.9889081043142046
letterario,wrnpc_18,their,appaiata,48,1.1040118281696094,0.9964646872023571,1.1165406290693614,1.1422148241805323
letterario,wrnpc_18,now,appaiata,42,1.1574160117620174,1.0641886648802743,1.1970345393884356,1.9046196602179393
letterario,wrnpc_18,one,appaiata,39,0.9806982627035825,0.8889099843918697,1.0149949298379617,1.0747908838771663
letterario,wrnpc_18,old,appaiata,29,1.113170625486279,1.0583459705398708,1.0935515563559803,1.5672264705282144
letterario,wrnpc_18,could,appaiata,27,1.1897842049752871,0.9834994760876627,1.2198717637706904,1.3545558273395164
letterario,wrnpc_18,been,appaiata,26,1.1548367215353796,1.010285709154302,1.056548090593102,1.4338246946489914
letterario,wrnpc_19,vocali,vocali,25056,1.2484055576706128,0.9912438392800942,0.9178505282068672,0.44962524593546177
letterario,wrnpc_19,spazio,spazio,12565,1.2380462733228141,1.031122048546652,0.9047447829596184,0.5732835093296272
letterario,wrnpc_19,e,lettera,8450,1.1822672986126184,0.9945167570599809,0.9641005273773846,0.8448596219064017
letterario,wrnpc_19,t,lettera,6221,1.2703543758622944,0.9573518809508426,1.01287645143632,0.8095310721002839
letterario,wrnpc_19,o,lettera,5524,1.0649498316128005,0.9824085111363233,1.0141921186381975,0.8169949212536418
letterario,wrnpc_19,i,lettera,5090,1.1464000533234973,1.000985346934227,1.032325405060588,0.9210344691994455
letterario,wrnpc_19,n,lettera,5018,1.163388873545429,0.9777888233194304,1.0493332242193887,0.8538910729756801
letterario,wrnpc_19,a,lettera,4561,1.0672141073668304,1.0036409701975226,0.9715204788849793,0.8558205661188288
letterario,wrnpc_19,s,lettera,4382,1.307984234354328,1.026953713456592,1.0613671155624222,0.9925761285567355
letterario,wrnpc_19,r,lettera,3465,1.360675767434659,0.9865921728623864,0.9449988144908216,0.9059507322898047
letterario,wrnpc_19,h,lettera,3399,1.344934774182556,1.0094285722974279,0.9554451305388004,0.8657147506781707
letterario,wrnpc_19,l,lettera,2434,1.2410475357194433,0.9743954790105974,1.046846955558451,1.0727649468110798
letterario,wrnpc_19,c,lettera,2244,1.2433777629947607,0.9846947019903762,0.9675723251403207,0.9943969223184708
letterario,wrnpc_19,d,lettera,2051,1.298296472840361,1.0438333620809919,1.0137024887309034,0.9765500235221638
letterario,wrnpc_19,f,lettera,1899,1.4430181552526067,0.9913345625661005,1.0050396834688933,0.9602601814561705
letterario,wrnpc_19,m,lettera,1680,1.4572738272822479,1.0206617548484749,1.0301259280436883,1.0703254066329642
letterario,wrnpc_19,u,lettera,1431,1.2197713197726534,0.9442893410639644,1.0106972508086727,0.9529888643422558
letterario,wrnpc_19,w,lettera,1302,1.1843570152559553,0.9206012687721618,0.9890957093318659,0.9823655236965619
letterario,wrnpc_19,p,lettera,1179,1.3749842861921868,1.0077691822167552,1.054743365817562,1.127119042447725
letterario,wrnpc_19,y,lettera,1058,1.1500611120875426,0.9312905549433687,0.9625846472327216,0.9908890611922184
letterario,wrnpc_19,b,lettera,826,1.2051220453768106,1.009632269207161,1.060267588023792,1.0645533611754072
letterario,wrnpc_19,the,funzione,1220,1.372737170658321,0.974782662770911,1.076026636416958,1.047115962362562
letterario,wrnpc_19,of,funzione,906,1.2083167064891627,0.9790103078233002,1.0211954662607177,0.973571789033895
letterario,wrnpc_19,and,funzione,438,1.190869685751578,0.9529472103256192,1.0305876866097048,1.0648102658022573
letterario,wrnpc_19,to,funzione,364,1.104023464931591,0.9999579893448874,1.0011069070681915,1.0396743684426588
letterario,wrnpc_19,is,funzione,286,1.2147600029829355,0.9481161713977898,1.0153613084050135,1.0795228126308378
letterario,wrnpc_19,that,funzione,284,1.1482168454232267,0.993361428417474,1.0203603609314658,1.0517700792467222
letterario,wrnpc_19,will,keyword,121,1.3161052136572933,1.0127189634551634,1.2584325765563396,1.482267881166647
letterario,wrnpc_19,history,keyword,79,1.4086747552755752,0.9793032413657099,1.3016171923962485,2.104417491231666
letterario,wrnpc_19,action,keyword,71,1.4509336064716083,0.9926293091869992,1.4045121035662511,1.7689093482114506
letterario,wrnpc_19,free,keyword,70,1.3626939290767706,0.9733407033732978,1.3435391949526094,2.8702780391524243
letterario,wrnpc_19,power,keyword,67,1.5616128870862411,0.9798328180405025,1.4391406726600744,2.11222702342672
letterario,wrnpc_19,freedom,keyword,65,1.4429858692160402,0.9792294987318203,1.352791815340184,3.219877253273937
letterario,wrnpc_19,time,keyword,56,1.2318822600968449,1.0333840640371863,1.2074767416975876,1.356593240520486
letterario,wrnpc_19,or,appaiata,117,1.1238481912408156,1.011124136654389,1.0742897102476938,1.1120832098170572
letterario,wrnpc_19,one,appaiata,75,0.9933352326275233,0.9948269074305879,1.0476981449768183,1.0433541460574711
letterario,wrnpc_19,this,appaiata,70,1.1401045988053955,0.9965180910346065,1.1833432809067752,1.2764158798114476
letterario,wrnpc_19,are,appaiata,73,1.0545137145441688,1.0304653672220339,1.050891889227258,1.0288033990931644
letterario,wrnpc_19,an,appaiata,63,1.1412261449530516,0.9931659017532372,1.1214379617324555,1.1987515665787785
letterario,wrnpc_19,all,appaiata,64,1.0877275840198473,1.0043340273244497,1.1046374518801674,1.055959814210214
letterario,wrnpc_19,with,appaiata,56,1.0925486642534614,0.9240900911715594,1.07644217120032,1.0433552009593268
