modello,temperatura,sample_id,n_continuations,n_token,n_tipi,n_char,n_parole,alpha,MAPE,alpha_rango,beta,R,TTR,TTR_parole,rip_8gram,dist_rip_media,dist_rip_sd,alpha_DFA,alpha_DFA_mescolato,R_gzip,compr_condizionata,prefix_media,prefix_trend,prefix_var,gap_shuffle,NCD_shuffle,H_char_norm,H_parola_norm,quota_non_ascii,H_bit_char,D_s_umano,LCS_umano,alpha_DFA_o2,scarto_ordine
Qwen2.5-1.5B,0.4,5,0,20000,110,69583,14015,0.2776660547423808,0.4370731741712618,-0.0,-1.6551805605341498e-16,0.0,0.0055,0.005779521940777738,0.9847944031981725,10.200875556193484,7.190066336257267,0.5148271405698447,0.5097142439727556,0.011266551377022945,0.004304567481183627,0.557478682290752,-0.027659021255160822,0.17608563933852658,0.1316346997640392,1.028088304368248,0.7748301845908752,0.516016138656325,0.05680985298133165,0.000991511658684707,2.0540807272720674,29,0.4060545772731712,-0.10877256329667351
Qwen2.5-1.5B,0.4,2,0,20000,97,58593,15992,0.27593250698134075,0.4706294905346063,,-2.5719552208543746e-16,0.0,0.00485,0.0043771885942971486,0.9891773537691586,5.150860444667756,2.550650493147374,0.9854535080989907,0.46833018252697467,0.011330746967177781,0.003906850832128465,0.07289200204600235,-9.644059041478014e-05,0.21662307574909206,0.06355699158839163,1.0343535290443473,0.6794191777390066,0.39543631376776034,0.05430682846073763,0.0010129648821242678,2.111883539273195,29,0.8863762757264807,-0.09907723237250998
Qwen2.5-1.5B,0.5,3,0,20000,134,71702,14931,0.34682885102040995,0.8202833992938167,-0.0,-1.592210817317125e-16,0.0,0.0067,0.005692853794119617,0.9826454033771107,27.06749292738785,19.038571942621058,0.31857240404586173,0.5279072372947357,0.013818486646495605,0.004843819548084728,0.09731964364042929,-0.0010558273613225427,0.23973678415320113,0.1854266544530195,1.0146285560199542,0.8051007714439079,0.7227111601504884,0.033708962093107586,0.000991511658684707,1.6938536028810405,31,0.251043014406223,-0.06752938963963873
Qwen2.5-1.5B,0.5,4,0,20000,175,82009,17622,0.37980279263825467,0.4088374681201868,-0.0,-1.6081631329646754e-16,0.0,0.00875,0.007093405969810464,0.9814362759012205,15.54569354746528,10.503720980061122,0.6722948047929501,0.48960584501895404,0.015586536352336153,0.004901841238873308,0.09625318302935666,-0.0004200417589799095,0.2539925586281456,0.1655122234315225,1.0219172470299058,0.7305883295481465,0.5630441658869554,0.0003170383738370179,0.000991511658684707,1.7155874601934646,24,0.5004323209774401,-0.17186248381551006
Qwen2.5-1.5B,0.6,2,0,20000,214,65838,14236,0.3842561670506906,0.31758870701529174,-0.0,-3.155853154155434e-16,0.0,0.0107,0.010817645406012925,0.9674608194532294,8.851867632438575,11.384504589297434,0.9378268193105359,0.46504261382704964,0.02141545373138859,0.004860414957927033,0.08724064587528424,-0.00011334313835050248,0.15236490474076156,0.11208945465061759,1.0252799261225902,0.7013187643827123,0.44104821644437253,0.00039490871533157145,0.000991511658684707,1.8076095368992595,22,0.6891535142465687,-0.24867330506396723
Qwen2.5-1.5B,0.5,5,0,20000,147,71055,12668,0.4041772511504023,0.689983147727753,-0.0,-1.6513763033548989e-16,0.0,0.00735,0.008051784022734449,0.9713292788879235,32.406732452650004,11.600175727491486,0.3417500960294309,0.49051088842663315,0.015268512903443164,0.004419532176350113,0.07283785938483885,-0.0002541443386684927,0.1574928760972403,0.16952459778758813,1.0143972114874593,0.8058161888533518,0.7548916543252994,0.024600661459432835,0.000991511658684707,1.5990569911991916,26,0.27194662700202055,-0.06980346902741036
Qwen2.5-1.5B,0.4,1,0,20000,81,65461,11690,0.28295202901135474,0.7049072241193963,,-1.241923991640288e-16,0.0,0.00405,0.004448246364414029,0.9862192929898143,13.038236810448531,7.249013921713866,0.23981965428026994,0.49420744011344087,0.009710076963394113,0.004025032393240151,0.6727489922175387,-0.12671629418480163,0.3265149072551886,0.1293615261187333,1.022972972972973,0.823354953417284,0.6303359369386113,0.0569499396587281,0.000991511658684707,1.9079552185332171,23,0.1969774332733159,-0.042842221006954034
Qwen2.5-1.5B,0.6,3,0,20000,101,74582,15479,0.2553470903537956,0.4453643556933708,,-2.5194289515363054e-16,0.0,0.00505,0.004134634020285548,0.9909513960703206,8.071942912747325,1.9548125085404247,0.2875841511523257,0.4974101969837649,0.010953357733714086,0.0046928213241800975,0.07064385509432318,-0.00015561494921235758,0.2157734825562939,0.11824346438088568,1.0281141413077814,0.7680440116140903,0.5127964152484302,5.36322437049154e-05,0.000991511658684707,2.0009021402310303,18,0.23547284217860326,-0.05211130897372246
Qwen2.5-1.5B,0.4,4,0,20000,94,78896,16134,0.27768836928634005,0.6501086713719376,,-3.3602673538837786e-17,0.0,0.0047,0.003718854592785422,0.9890246171017548,16.029861888764465,6.650707223703786,0.40468584508229055,0.5176907963618417,0.010151417172000634,0.0041475553820630425,0.07168921932900957,-0.00020241838759729006,0.22579177610252732,0.1389933212986779,1.0224066390041493,0.8191873502912868,0.6665814394212444,0.019430642871628472,0.000991511658684707,2.0970860194009058,24,0.32378551389876564,-0.08090033118352491
Qwen2.5-1.5B,0.4,3,0,20000,120,69641,14668,0.3806534634705197,0.3953254688640093,-0.0,-2.9095865679746793e-16,0.0,0.006,0.005317698391055358,0.9788554668849329,14.660246744345443,11.746531557880497,0.6227645729582143,0.4979257291897309,0.013065084963129208,0.004346782580868823,0.07924125455349655,-0.0004850295970327505,0.21655747692007468,0.166002431830677,1.021856620569067,0.8071834437241641,0.611918374230822,0.03746356313091426,0.000991511658684707,1.8071471144032507,25,0.4616271895244268,-0.16113738343378753
Qwen2.5-1.5B,0.5,1,0,20000,130,78898,16109,0.29292044371703824,0.6176921445907604,-0.0,-3.6803397441898655e-16,0.0,0.0065,0.005835247377242535,0.9862749968947957,19.083609116453324,10.358021403368321,0.26708520127627355,0.49592690435352715,0.011887110469021278,0.004360059824076656,0.06898736399398976,-0.00016761290408126963,0.18546003066035607,0.16016142922657725,1.021667662881052,0.787460912062285,0.6292697243802213,7.604755507110446e-05,0.000991511658684707,1.975468902950534,22,0.2312382316854412,-0.03584696959083236
Qwen2.5-1.5B,0.5,2,0,20000,94,78917,15834,0.2962339902486476,0.41797954532540915,,-3.3602673538837786e-17,0.0,0.0047,0.004041935076417835,0.9881215644152398,6.13715916296766,3.315920405805123,0.7903914572284894,0.5205372328914134,0.011477798188382847,0.004739096277148433,0.07117966601547297,-0.00020721796956551432,0.2101172385751359,0.11612024291754397,1.027198549410698,0.7020075754487811,0.4383516080457122,0.00011404386887489387,0.000991511658684707,2.026797800007535,23,0.662609012163196,-0.12778244506529335
Qwen2.5-1.5B,0.6,1,0,20000,184,76522,16232,0.38773324121897446,0.3506473275803544,-0.0,0.00017590116924614174,0.0,0.0092,0.007454411039921144,0.9699229583975346,12.928620197380672,16.049729359165248,0.7139643395488223,0.4893352667854074,0.020139224470071965,0.005514753926975249,0.050457493701830954,-4.852349582618481e-05,0.04507295639271451,0.1250150101893127,1.023744292237443,0.7518761174332146,0.5317588253639867,0.00031363529442513265,0.000991511658684707,1.748881879906114,22,0.46959001623631286,-0.24437432331250947
Qwen2.5-1.5B,0.7,1,2,20000,398,73049,12748,0.5204018083472086,0.31364658179914173,1.080812016110161,0.04928282772777303,0.0,0.0199,0.020866018198933165,0.9144494152735264,12.802034930299632,52.81195901125099,0.7985462048516452,0.5052622755490355,0.0315239195185703,0.004450860098640683,0.4246998191789515,-0.006844839174978387,0.21475061832453302,0.09493912733878512,1.023741989704801,0.7046492988453464,0.4168914018530197,0.06310832454927515,0.000991511658684707,1.3035690162494276,27,0.6786962274752854,-0.11984997737635983
Qwen2.5-1.5B,0.8,1,0,20000,1158,73384,16037,0.650500693872417,0.16812570630401671,1.0282759467259648,0.3484824752884095,0.0,0.0579,0.04907401633722018,0.73243917654398,72.60137704918033,390.26882519542244,0.9541154018717452,0.5161506620108978,0.11944317294488274,0.007249536683745775,0.24354922073893592,-0.0002343663130889252,0.16615906601112101,0.11936136025641561,1.0045499049703392,0.684432300059574,0.5456914500286497,0.006500054507794614,1.127348755924512,0.28392741254953824,28,0.7475651737105684,-0.20655022816117674
Qwen2.5-1.5B,0.6,4,0,20000,305,84091,17306,0.4293527097397771,0.37039354519411644,0.7503444292394448,0.01180152221993005,0.0,0.01525,0.01225008667514157,0.9488987802763166,11.99052299052299,19.32924666939087,0.708120982313212,0.5006858366809659,0.02735612812874589,0.0051610141273842934,0.11988014547084001,-0.000491188034749716,0.21088717484929415,0.13134474141549715,1.0233300402766168,0.7336569753492947,0.47084133466984,0.0011297285084016125,0.000991511658684707,1.4372091175960344,26,0.4916436632772538,-0.21647731903595818
Qwen2.5-1.5B,0.7,3,0,20000,357,88288,17773,0.3891992930595344,0.5202017594586451,0.26390741147716895,0.0045302914525858955,0.0,0.01785,0.014516401282844765,0.9465270741866486,18.41193262917499,20.749574499529697,0.6129192560774341,0.5092697436563391,0.03072549774626832,0.006365530989488945,0.13564678386767925,-0.0009608418003529851,0.2097942367223986,0.17060783558706502,1.0201530029687143,0.7110795634745186,0.5350707933182928,9.061254077564335e-05,0.002974534976054121,1.5500402066222354,21,0.37627927909976494,-0.2366399769776692
Qwen2.5-1.5B,0.7,5,0,20000,533,65239,13630,0.5469527591047311,0.18147764500480532,0.8229486972775529,0.07643779831754262,0.0,0.02665,0.026925898752751285,0.8853409674814652,19.559828093191587,62.0457594281674,0.6376994254404093,0.4874891754650885,0.053680308646644984,0.006578548475110653,0.13256076622840465,-6.295427834358172e-05,0.12804812237279295,0.0819419691774677,1.008996697414873,0.651326450163006,0.36232451558389905,0.006621805974953632,0.000991511658684707,1.7345467825298344,25,0.6127625758516774,-0.02493684958873188
Qwen2.5-1.5B,0.7,2,0,20000,181,75045,15426,0.502548477150153,0.7095838508944143,-0.0,0.010919506348190543,0.0,0.00905,0.007584597432905484,0.9845644983461963,38.114050558495,27.08822781589482,0.39449342649428143,0.4971854569770753,0.017155491622046406,0.005596567438637636,0.09052615608215353,-0.0003162292614553195,0.23643534137300798,0.19593710797793196,1.0124936580416033,0.7881595028994042,0.726386162758176,0.0002398560863481911,0.0014872674880270604,1.8126961843553586,25,0.3681646886071578,-0.026328737887123643
Qwen2.5-1.5B,0.8,5,0,20000,766,58490,15367,0.6020362724174649,0.30681856431630056,0.906712683497427,0.21696099250713932,0.0,0.0383,0.03540053361098458,0.8345052083333333,23.936922350401403,120.06048027892395,0.8664493102357298,0.471039947073028,0.09154989528884953,0.006496837066165157,0.20160636968365192,-0.00011363289201539238,0.15773557294954224,0.0839779690240615,1.0113389863932163,0.63575499069991,0.38079694952069404,0.0022226021542143958,0.001014594109668526,1.24114197928821,26,0.6868280788228361,-0.17962123141289366
Qwen2.5-1.5B,0.7,4,0,20000,505,73651,13647,0.49513759786867656,0.6805456201397889,1.1310628851503404,0.1435039978866146,0.0,0.02525,0.02432769106763391,0.8837976539589443,52.1532857679309,56.72790571491622,0.4113770674337179,0.505913185512164,0.04776964708684548,0.006417395916202598,0.16708890974744278,-0.0010856140231477445,0.2228135401925457,0.1932012135716631,1.011447169070198,0.7495392217317348,0.7025034589678482,0.018859214403063096,0.000991511658684707,1.4274982451798452,24,0.38422912614916144,-0.027147941284556443
Qwen2.5-1.5B,0.8,4,0,20000,940,69813,15708,0.6343924887807667,0.19437763039721814,0.9884821048745777,0.30439431546809953,0.0010649627263045794,0.047,0.0415711739241151,0.7595694541748933,42.879574892062436,175.9829583755495,0.7045081824317153,0.5235067500007033,0.10731863749808285,0.007634675098994388,0.42193489183753546,-0.0014696657097541081,0.12188324947886142,0.11893123811850351,1.0078537320934908,0.7048179541562993,0.5138884720379507,0.013951556300402504,0.43279483901587457,0.4221917388562354,30,0.5537752968499138,-0.15073288558180153
Qwen2.5-1.5B,0.8,3,0,20000,682,90653,15669,0.5264769458475818,0.2989916939136869,0.9030647570059281,0.15011472244044646,0.0,0.0341,0.029548790605654476,0.8654705657004214,22.44410101275812,68.18884751782805,0.6408480439470539,0.497372556683844,0.0551428099719333,0.006706819335054162,0.1842546405657466,-0.0003647120786399114,0.22027146036629766,0.12508635856336134,1.0182892690513219,0.710681044137695,0.5087331672111901,0.001246511422677683,0.0014872674880270604,1.3683081656906906,25,0.5197225185408831,-0.12112552540617072
Qwen2.5-1.5B,0.6,5,0,20000,164,82032,16876,0.35622389533441423,0.32194881179475454,-0.0,-3.3510588080444874e-16,0.0,0.0082,0.0070514339890969426,0.9816230956191832,7.3596705854269855,6.749586463660199,0.9346149041615416,0.49451763609742017,0.015204493122647142,0.004851765164813731,0.07680128861032835,-0.0001541188032546648,0.1725572819488988,0.10808622669140296,1.0322904131568391,0.6883682306852585,0.4190694175048772,0.00030475911839282233,0.000991511658684707,1.8228694792675573,19,0.7525954323273687,-0.18201947183417289
Qwen2.5-1.5B,0.9,2,2,20000,2898,65801,11292,0.8570546537311441,0.13577271894259518,1.0687188459707966,0.6903854123363443,0.12762645914396886,0.1449,0.1785334750265675,0.338325210456358,178.09918068132816,633.2846516849272,0.8582393228152946,0.5084873996574029,0.27286445542503773,0.12472986390981836,0.4427128963352951,-5.6242685248932116e-05,0.03698494695115004,0.04680519149116169,0.990376866556056,0.6883395119652412,0.6702491860851056,0.02088114162398748,2.0187177370820635,0.20716527821204078,27,0.7964202177008319,-0.06181910511446265
Qwen2.5-1.5B,0.9,3,0,20000,1293,102106,17553,0.6879462526594987,0.12197497461264029,0.873500753819579,0.3509064570754843,0.0,0.06465,0.05093146470688771,0.7629089251111365,37.22312263641275,187.69843446936008,0.8067600411719151,0.5144159567498723,0.09210191830110093,0.0075999451550349635,0.4196989161000653,-0.0013531117130143881,0.08372029999568813,0.035399023579884975,1.003421461897356,0.6263719315163148,0.3454613202354102,0.000940199400622882,0.03271988473659533,0.6737495766851423,24,0.659597978094577,-0.14716206307733815
Qwen2.5-1.5B,0.9,4,0,20000,1844,83403,15712,0.6725222772838437,0.16457630912151291,1.0601994143998938,0.47882227977662734,0.0016295491580662683,0.0922,0.08184826883910387,0.6850047755491881,71.54685983640648,316.07398164981964,0.7494083754443219,0.521616924383273,0.14122251255801743,0.008033187856697521,0.4429212188352632,-0.0009746436692008404,0.13006527665114093,0.1111027017502465,0.9740628458688225,0.6779066312251325,0.5496212593164472,0.0025778449216455044,0.20177262254233785,0.18496899840360803,24,0.6696128133606452,-0.07979556208367677
Qwen2.5-1.5B,0.9,5,1,20000,3312,72277,13058,0.8484714248878829,0.1203827095084275,0.9280037707945273,0.5846640330525217,0.5061391541609823,0.1656,0.1863225608822178,0.1309478200904145,439.58531764705884,1443.5958783019266,0.8012301766185121,0.47388656086719105,0.3209929175548374,0.2915463917525773,0.4374800347093801,-0.0008626699533898893,0.12095972732824539,0.04677394954152747,0.9710252891589884,0.669549174937402,0.6604858957900216,0.0033067227472086554,2.1451354735643635,0.21918826310827533,24,0.7344878886965326,-0.06674228792197956
Qwen2.5-1.5B,1.1,2,4,20000,8418,50163,5625,1.511652397284707,0.5693775490505875,0.7500193776112897,0.7768063793425516,0.6412556053811659,0.4209,0.8983111111111111,0.0,973.2167832167833,1203.5740083453438,0.7147381636657861,0.4862734624228894,0.6906725448183374,0.6718443081200326,0.6657734870371205,0.0015077334040310775,0.04186406721952144,-0.0022864821656350953,0.9775922867473106,0.5738451071242494,0.9868858003064221,0.17431174371548752,4.183507138861601,1.0090058862916815,21,0.6384562167051401,-0.07628194696064605
Qwen2.5-1.5B,1.0,1,7,20000,8100,49755,5197,1.5961759036381504,0.4328290839557044,0.7805117371090062,0.8703636295231875,0.6245487364620939,0.405,0.8620357898787763,0.0,451.22175732217573,718.126422653387,0.5923668541676114,0.4945999614463551,0.6907531259086944,0.6840558872253305,0.6271844859646819,-0.0009382134566387047,0.11978501140340922,0.000599423980440883,0.983138052807596,0.5629036374374883,0.9782712135784534,0.14736207416340066,4.250216366783264,0.7999909180956046,19,0.5740320971446391,-0.01833475702297227
Qwen2.5-1.5B,1.1,3,6,20000,8298,48155,4794,1.4889655687884862,0.584008667515864,0.7380716820775863,0.7601051713315474,0.6655961461260538,0.4149,0.9372131831455986,0.0,944.358803986711,958.661264176485,0.6788593741330833,0.499298418687298,0.7031391535217867,0.6784848389432917,0.7461534190474352,-0.003629146268925387,0.1194255999948069,0.004347220315981781,0.9778108480298521,0.5913373403392245,0.9938097335098712,0.19227494548852664,4.189851971314191,1.2822975814330129,21,0.6193040455590281,-0.05955532857405521
Qwen2.5-1.5B,1.1,1,6,20000,7662,46340,4796,1.4457113279687053,0.451645834046303,0.8510092060832136,0.745800158705757,0.6787905346187555,0.3831,0.9345287739783152,0.0,923.4904458598726,989.8078570398211,0.691285123093891,0.5030995335521082,0.6909244259138433,0.6638434579439252,0.683357265327504,0.002797391666436013,0.04648567980288141,-0.0016944512531805733,0.9748715940760532,0.5989002297419337,0.9938355294160408,0.20030211480362536,4.1528616198541,1.186113702263137,22,0.672864257260464,-0.018420865833427058
Qwen2.5-1.5B,1.1,5,0,20000,8195,50445,4679,1.544849218549934,0.41353557000099056,0.7258994367462918,0.7740605004499822,0.5959104186952289,0.40975,0.9245565291729002,0.0,759.2124645892351,864.0854981192148,0.6043420392202282,0.4855062065862138,0.6900821380409464,0.6725968957066352,0.6818611390868001,7.619068979149512e-05,0.07285521873862877,-0.003152754772826394,0.9766166281755196,0.5891566682965655,0.9918330541305503,0.17242541381702844,4.195467353030733,1.2466910492403183,17,0.5730409659142744,-0.031301073305953775
Qwen2.5-1.5B,1.0,4,8,20000,6388,59777,6964,1.2815496155639168,0.2306800581339198,0.8858522375669073,0.8492652102181532,0.586292525453191,0.3194,0.6698736358414704,0.0010061808250683146,670.2353197042193,1059.4141605162777,0.6243809247771593,0.49694413307635554,0.5431232991417208,0.5401841835988891,0.6229206762031185,-1.0223678442396118e-05,0.055807609757493305,0.10431724902434136,0.9930071855298296,0.49150164628516096,0.9426506400319865,0.06718303026247553,3.1784907874718034,0.7093561088778366,24,0.6334919280665151,0.009111003289355768
Qwen2.5-1.5B,1.0,5,17,20000,5896,37658,4631,1.3616847937085457,0.3681489372322515,0.873308811537778,0.7734802229122273,0.46776201145133184,0.2948,0.7892463830706111,0.0,334.2469262295082,651.0944502027446,0.9062871575270475,0.4854584027932474,0.6751742255628124,0.6554852900742371,0.6065176862042444,0.0011166057441595123,0.05566028414199813,0.016538931108503352,0.9916506795644303,0.6357679174941454,0.9525549773093586,0.2558022199798184,4.841154218199821,1.5481905166381993,25,0.7921687100610282,-0.11411844746601929
Qwen2.5-1.5B,1.0,3,19,20000,5786,42631,4823,1.3893695128297374,0.3418883677182031,1.0219734319602336,0.7684263461426778,0.4304079110012361,0.2893,0.7756583039601908,0.0,386.3927911275416,669.7822928662167,0.7689032053260945,0.48460815533519175,0.642090584954284,0.6273683533309744,0.6646401968467639,-0.00023122449151458872,0.1303473537121684,0.0556745144772427,0.9958215355856722,0.5931078005268823,0.9539684371128987,0.1721751776875982,4.306588847818103,1.0737450357329448,26,0.7079548268994207,-0.06094837842667378
Qwen2.5-1.5B,1.2,1,2,20000,8910,52956,5177,1.4940664074079795,0.6427160167871131,0.7331132099574923,0.7935001260544865,0.7217391304347827,0.4455,0.9358701950936836,0.0,1078.9096385542168,1048.1101513796966,0.6249400765816845,0.488558237591994,0.6939265411917175,0.6652969406118776,0.710917420027411,0.0011532696989411332,0.04021070159965602,-0.001757937919248942,0.9762303953819054,0.5774308306173008,0.9940509733474104,0.1704056197598006,4.0074507961001125,1.193050039703272,20,0.5701423975016428,-0.05479767908004174
Qwen2.5-1.5B,1.0,2,27,20000,5590,53970,6764,1.2574237003856583,0.21911712369220737,1.0399199996019848,0.8176345720114113,0.22560841920631441,0.2795,0.5666765227675932,0.0023679147550688118,352.5527123848516,615.6445625788767,0.7879778572720856,0.4903330492389883,0.510928186204939,0.3793867218962145,0.5831222634805162,-0.0008952197353487599,0.0776793629726917,0.1213698263787023,1.0051169590643274,0.5036303949450783,0.9121872113531125,0.12716323883639058,2.658686185135284,0.3283199721664041,23,0.7467803726763774,-0.041197484595708156
Qwen2.5-1.5B,1.2,2,4,20000,8858,53067,5442,1.4931618781928555,0.5099639372760654,0.7158172171371253,0.8020894636687071,0.6763815291445874,0.4429,0.9329290701947813,0.0,1264.6027397260275,1148.033846808164,0.5243614081380016,0.5064631201436132,0.6897752036622643,0.6672244238954939,0.7547043976040382,-0.013566751331171087,0.10753033251668312,-0.0046034054237679145,0.9734956108731606,0.5819122697911876,0.9945018145091661,0.1743833267378974,4.107252181097799,1.334551323482032,17,0.5314354360557657,0.007074027917764125
Qwen2.5-1.5B,1.2,3,2,20000,8550,50133,4600,1.489319684050752,0.5458344825744401,0.7163924533420492,0.7911139884070278,0.6553727008712488,0.4275,0.9584782608695652,0.0,1113.0628272251308,1021.9498641560414,0.6287751279138001,0.48300347068659855,0.6999575010624735,0.6722361119580462,0.7250838441012013,-0.001596105147444987,0.03565896439047472,-0.0031909756000043643,0.9751279382426924,0.5916519812580437,0.9968266037720012,0.18714220174336266,4.211414237401147,1.3706202781707362,15,0.5973777539201609,-0.03139737399363918
Qwen2.5-1.5B,1.2,4,1,20000,8983,53011,5507,1.5050389678376412,0.6825449655879242,0.7899058644607272,0.792647630128777,0.6410303251735476,0.44915,0.9313600871617941,0.0,1242.6825396825398,1208.7637874820464,0.6044626785051243,0.46058279400333857,0.685170012290045,0.6637150215585844,0.7056019821845043,-0.0029149639659209613,0.04368980381713405,-0.0014143971027238411,0.9764680760196456,0.5750094960001755,0.994124950503897,0.18000037728018714,4.051847781990887,1.1468077901023699,19,0.5595313071100788,-0.04493137139504544
Qwen2.5-1.5B,1.3,1,1,20000,8697,52574,4447,1.4716836484785103,0.6121871495240176,0.767476099808131,0.7716807747482395,0.6705724164425663,0.43485,0.951427928940859,0.0,1064.0555555555557,978.3057476078064,0.5083108589353976,0.5332733755608303,0.6925082666899737,0.6748417952232364,0.8207377972187434,-0.05147685818225239,0.1824160235808479,0.0012979565809303484,0.9714556163230963,0.5914596286538925,0.9963995104147809,0.1844828242096854,4.107983609900105,1.4635671998685484,16,0.5132154934287236,0.00490463449332601
Qwen2.5-1.5B,1.3,3,0,20000,9009,53941,5521,1.4213450938612129,0.4941130129158949,0.7535319061532455,0.8012017466993332,0.7059269077826169,0.45045,0.9489222966853831,0.0,1559.6312056737588,1305.1675874640127,0.4993490694182244,0.4763580690969153,0.6896241117513333,0.6636173324539015,0.7575305725762148,-0.024094784302183453,0.059568704568533276,-0.0011016519277775583,0.9731718947608484,0.5775858111560506,0.9965235891888937,0.1784727758106079,4.033540871943933,1.3511985333383567,17,0.502251103901311,0.002902034483086624
Qwen2.5-1.5B,1.3,2,1,20000,9076,54379,5658,1.4756697443365399,0.66765072432309,0.7918661002432444,0.8115020789000387,0.7076199435559737,0.4538,0.9418522446094026,0.0,1476.8784194528876,1213.1984619239026,0.5710820916154724,0.4995098388268182,0.6864860249331132,0.6574288359176117,0.7208410032745375,-0.0057287072196484665,0.02621012145330332,-0.0013643713050359718,0.9727807952236825,0.5734200459834402,0.9958373424460986,0.17633645341032383,3.9522146103307096,1.2568643441525165,15,0.5671089891930479,-0.003973102422424546
Qwen2.5-1.5B,1.2,5,2,20000,8614,51022,4268,1.4616153394312947,0.4604858048510415,0.713356167619303,0.7837289088017475,0.6574947084856648,0.4307,0.9566541705716963,0.0,1055.7351351351351,967.8921539812662,0.5655118936700753,0.47192628332626907,0.6986270537924826,0.6797395426993939,0.7437273550410632,-0.013001283868820677,0.05756579407135312,-0.00371103018830643,0.9740764604810996,0.5940185860215632,0.9961282545563044,0.18303868919289717,4.163669153275636,1.4034522753873762,17,0.5558962751111135,-0.009615618558961758
Qwen2.5-1.5B,1.3,4,1,20000,9402,55384,5725,1.52300020534483,0.7110437882669814,0.7593053124206154,0.7880397313070083,0.7017194570135746,0.4701,0.9414847161572052,0.0,1458.358208955224,1207.6132140182215,0.5787210545830582,0.49833392671148935,0.689569770733088,0.6655179345797076,0.7726815925857338,-0.023836185440022938,0.11596403066299113,-0.003130907943751815,0.9742842483324782,0.5744041651050378,0.9957992902450923,0.17116856853965043,4.001044334074386,1.3220659160897885,20,0.523021215381605,-0.05569983920145327
Qwen2.5-1.5B,1.3,5,0,20000,9069,53722,5126,1.490935747050792,0.6598109083501662,0.7720143912105681,0.795089202499258,0.7108092812676854,0.45345,0.962738977760437,0.0,1497.2931937172775,1198.719114776971,0.5356660160056953,0.48787555850522435,0.6916533529081567,0.6655300049546793,0.7371171488629275,-0.014894751613144611,0.05013517390477484,-0.0007819235090026355,0.9738835476755316,0.5773775167949808,0.9975366009733835,0.18225308067458396,4.019968027016169,1.2582516116405433,15,0.5358716246737332,0.00020560866803787103
Qwen2.5-1.5B,1.4,1,2,20000,9304,56201,5765,1.443132818088615,0.8157697056178037,0.8176812860892124,0.8056455902139998,0.7258393618994621,0.4652,0.9503902862098873,0.0,1471.0944055944055,1204.2481019655309,0.5004487346853705,0.5001390333943146,0.6842251332149201,0.664615728828728,0.7134013803591834,-0.012261970453270312,0.025013509983729657,-0.0012653594611738983,0.9749736351099213,0.5697019686320576,0.9967428378146358,0.17597551644988524,3.9894683862078577,1.3003320587773646,15,0.5111548362097891,0.010706101524418532
Qwen2.5-1.5B,1.4,3,1,20000,9184,54389,5175,1.4562236875549512,0.7606198036371199,0.824640427328736,0.8224478874997927,0.7420333839150227,0.4592,0.9584541062801932,0.0,1459.0046511627907,1115.97052764982,0.5413855748185049,0.5215428350280104,0.6940920468767778,0.667077717235446,0.7605062981272707,-0.018191818239248363,0.10024159481272175,-0.0010655195455880895,0.9740999528717497,0.5788135612632047,0.9972443794959667,0.17944805015720092,4.031186159735105,1.3433373509062034,15,0.5260588224957548,-0.015326752322750159
Qwen2.5-1.5B,1.4,2,2,20000,9232,56031,5527,1.4769328066897285,0.8543584227925678,0.8329478681984565,0.8066129106020252,0.7086803627614289,0.4616,0.9540437850551836,0.0,1574.9803149606298,1297.3328225125597,0.5188406361095893,0.5126133033918123,0.6861901978792686,0.6643106579131164,0.7352672795924107,-0.013833233401674016,0.041594885170772165,8.569433579364016e-05,0.9745898481069133,0.5730918981804296,0.9970390800379969,0.1772947118559369,4.01409969912046,1.3174416911296978,14,0.5065378583928511,-0.012302777716738156
Qwen2.5-1.5B,1.4,4,0,20000,9205,55546,5262,1.498801812354016,0.6655008374829199,0.7824434779947259,0.8140634692372044,0.7027376988531262,0.46025,0.9568605093120487,0.0,1510.035242290749,1178.137651019256,0.4824920941192488,0.4783950847702127,0.6868091893555699,0.6646628848813253,0.7339767458242397,-0.020331925204028854,0.05323197724323449,-0.0014250930784357463,0.9732119212043431,0.5762922019243641,0.9972247258965486,0.17351384438123357,4.014431983537927,1.2957078338172745,15,0.49595368104633225,0.013461586927083435
Qwen2.5-1.5B,1.4,5,1,20000,9328,55871,5896,1.47677517063695,0.7034062256374191,0.8116984415266072,0.8231401636127038,0.7056134576705065,0.4664,0.9450474898236092,0.0,1502.25,1238.8889072620825,0.5110598792852242,0.4934870902119651,0.687080911935628,0.670351505653196,0.7305153667116353,-0.021859699503770442,0.07996514302946232,0.0008098950145604134,0.9767607351984385,0.570375174856306,0.9962316035999503,0.17379320219792022,4.047204802397832,1.2059978695915248,15,0.5131676413813038,0.0021077620960795462
Qwen2.5-1.5B,1.5,1,1,20000,9412,57117,5469,1.4635581415628012,0.7555272887495275,0.8133820770692095,0.8184309311631359,0.7165785154112712,0.4706,0.9537392576339367,0.0,1622.300395256917,1322.6074276921347,0.47778691077803986,0.5067084421339769,0.6807123046928633,0.6601120509722069,0.7230388500750794,-0.010137767325955569,0.026446119053211644,0.0006331932134621132,0.973678371891325,0.5684199802472127,0.9970961856389662,0.1688113871526866,3.963818510159752,1.315129578649653,17,0.4924230092003765,0.014636098422336652
Qwen2.5-1.5B,1.5,2,1,20000,9459,57692,5892,1.460250774788575,0.683786679524848,0.8369816104965465,0.805016405129828,0.7226370424330723,0.47295,0.9421249151391717,0.0,1588.049853372434,1326.4445101738556,0.5546821728543079,0.4921940399403235,0.6803957693619925,0.6639055195604036,0.7016345861115295,-0.004578283357284056,0.017558085589213776,0.0013746753219751051,0.9743862323491655,0.5710956300435595,0.995970372773659,0.16884490050613604,3.9919088326343,1.3696954331787177,15,0.5284347804240895,-0.02624739243021834
Qwen2.5-1.5B,1.5,3,2,20000,9158,55306,5109,1.4531243628178463,0.6712188116644355,0.8566435049045793,0.8110484653772816,0.7272727272727273,0.4579,0.9540027402622823,0.0,1464.9404255319148,1218.0607628451044,0.5240532557232662,0.4660797660696019,0.6848247393829147,0.6604785012978219,0.6982482279970434,-0.005768595795129604,0.014937814458314646,-0.0005354132624891816,0.972844854007887,0.5812938080789322,0.9969740483966305,0.18077604599862582,3.9922619679169107,1.443220610044152,16,0.5246079659434558,0.0005547102201896026
Qwen2.5-1.5B,1.5,4,1,20000,9090,54956,5151,1.4587548452737293,0.7133038588504782,0.8588563847871993,0.786311276460456,0.7096106827158172,0.4545,0.9551543389633081,0.0,1366.8528138528138,1178.3724467917107,0.5332082071998383,0.4964614515530339,0.6837871982032566,0.660106981981982,0.7296513790319065,-0.02407629945145373,0.10003249126791637,0.00027311871615043337,0.9732925502432616,0.5791918019049701,0.9970855364963127,0.18249144770361744,3.999094288579505,1.4358218501080073,16,0.5156318884144804,-0.017576318785357925
Qwen2.5-1.5B,1.5,5,1,20000,9487,55978,5300,1.4798170575326148,0.7381805896522512,0.822800487477006,0.8058980106628387,0.7630551942018212,0.47435,0.9552830188679245,0.0,1471.0084388185653,1222.7165404644736,0.502106427917653,0.5157364533285753,0.6917012563723988,0.665838018023108,0.7415696226457661,-0.021066273649012916,0.03975338446961451,-0.0010254291149675021,0.9738018525976642,0.5755567649757444,0.9971148820006173,0.1764621815713316,3.9796061063348023,1.3410252384261583,16,0.5129869864093793,0.010880558491726311
Qwen2.5-3B,0.4,1,0,20000,97,78338,15504,0.3810790595380823,0.6732492416746196,,-2.5719552208543746e-16,0.0,0.00485,0.0042569659442724455,0.9897399496676776,32.15267521699702,11.409645907079433,0.13463713955387577,0.49727147768190183,0.009816786333250805,0.0042086500136162205,0.054450700051146085,-0.0005350868348642266,0.1466712778331578,0.20145350247266247,1.0131650135256989,0.8124761066106282,0.8162089183621316,0.015599070693660804,0.000991511658684707,2.1456403814818534,21,0.15544358072261472,0.02080644116873895
Qwen2.5-3B,0.4,2,0,20000,130,72698,16826,0.2457677209648066,0.5077637413261501,-0.0,0.0017577071199602497,0.007751937984496124,0.0065,0.005705455842149055,0.9864439027290565,8.098445905558876,2.4786338571039206,0.8015070565291375,0.5062295819418416,0.012158890845070422,0.0039340834685961095,0.5678693785648015,-0.07981117526726038,0.2357357797407909,0.14180752409651165,1.029283771532185,0.7015140990791165,0.471074285717049,5.502214641393161e-05,0.000991511658684707,1.5232197018537124,21,0.6605998778727769,-0.1409071786563606
Qwen2.5-3B,0.4,3,0,20000,152,84061,16981,0.29562418425926323,0.6307595789554254,-0.0,-6.327021731799151e-17,0.0,0.0076,0.00636004946705141,0.984034405561447,15.105849582172702,5.575582357936552,0.5789353949249896,0.5048893210708674,0.014035087719298246,0.004853560467274155,0.06808740059148045,-0.0002851308523242369,0.15466128622388245,0.16439919188404611,1.023428454675475,0.7517760980055774,0.580700044878605,0.0001070651074814718,0.000991511658684707,1.8122337618593498,24,0.4424566774519391,-0.13647871747305046
Qwen2.5-3B,0.4,4,0,20000,111,77478,18261,0.3139132431457359,0.5824844986289083,-0.0,-1.45951183525787e-16,0.0,0.00555,0.004326159575050654,0.9858113290237757,17.114563854361457,10.400838822784578,0.4767683567208246,0.5008045733359847,0.014518751774514106,0.005808100363974289,0.4302704706438943,-0.06242752501041385,0.1725848469457297,0.18855225042466905,1.0178559917488559,0.7380979976906029,0.6381631668903653,7.744133818632385e-05,0.000991511658684707,1.6018315261752458,27,0.3891420893089702,-0.08762626741185442
Qwen2.5-3B,0.4,5,0,20000,162,75807,15067,0.5035786159199311,0.745349503200091,0.4171229671941977,0.0014094282861033672,0.006211180124223602,0.0081,0.007898055352757682,0.9792164674634795,55.857974310944606,50.68656107760292,0.23872805615187725,0.48425863157202353,0.015483920544050409,0.005506325872048353,0.0749659387353191,-0.0002921832150901557,0.17173279623389112,0.2010734003528484,1.0034675751307944,0.8042195831958127,0.78997991018977,0.01579009853971269,0.000991511658684707,1.8732735313325406,21,0.306968569795534,0.06824051364365674
Qwen2.5-3B,0.5,1,0,20000,213,72936,16682,0.3793937585630037,0.36903202719047384,0.654079283696897,-3.0413054029502794e-16,0.0,0.01065,0.008692003356911641,0.9739130434782609,10.951381750015118,13.361259128751852,0.8454185019454284,0.49028645327725606,0.0203620219515203,0.005155204562904464,0.10691936670766342,-0.00034182483109310483,0.2487365203293211,0.16078379834848944,1.0241749808135072,0.70046970497805,0.48791453254905787,0.00039760886256444005,0.000991511658684707,1.7095759677453475,26,0.614691051649538,-0.23072745029589048
Qwen2.5-3B,0.5,2,0,20000,80,74433,15546,0.19433953477845245,0.4961476150071735,,0.00959927384514459,0.03896103896103896,0.004,0.003216261417728033,0.9937576420619088,7.015681466184822,0.6792327185430699,0.536525197216245,0.5112633450677384,0.008261132379609107,0.0038687837511082452,0.05774965409666561,-0.00011352690843862566,0.1863902588472826,0.10747910327389296,1.031224225285731,0.696149291012258,0.5058598503679048,0.00012091411067671598,0.0024787791467117677,1.8991691911090458,24,0.5038279442899583,-0.03269725292628678
Qwen2.5-3B,0.5,3,0,20000,107,74421,15706,0.3082321293644816,0.5069580563584227,-0.0,0.002137310923396885,0.009433962264150943,0.00535,0.004902584999363301,0.9860500668832409,11.084074476933905,5.961236815345403,0.5360571718196209,0.5155905230713149,0.01331595495955497,0.005482249872349574,0.07261592889415543,-0.0004994238872235204,0.19407494483639703,0.15435932581680528,1.0220289383840027,0.7700588980367439,0.544954149260637,1.3437067494390024e-05,0.0014872674880270604,1.8714238413485045,20,0.4316982549531881,-0.10435891686643278
Qwen2.5-3B,0.5,4,0,20000,176,68512,16339,0.409786391784245,0.4241161158687463,1.6197227530909966,0.018013219100486432,0.0,0.0088,0.006732358161454189,0.9785084496693608,23.104689136730546,51.96891453272878,0.39721132732716513,0.4801187529251106,0.019217590364959247,0.005137786081270434,0.07840860680628717,-0.00019332956473861617,0.1566136613719623,0.1823035472328863,1.017622439239298,0.7787398196440605,0.6211678340006425,0.000788183092013078,0.000991511658684707,1.6818306179848062,25,0.34205962519893435,-0.055151702128230784
Qwen2.5-3B,0.5,5,0,20000,176,73478,17185,0.31296652158833715,0.4658948808587657,-0.0,-6.516821640485059e-17,0.0,0.0088,0.006866453302298516,0.9817790196763302,10.329114665729184,6.598401128940637,0.9118992352876655,0.47702527902117753,0.016380729513884165,0.004491140205231498,0.5858223615862664,-0.03264197977268556,0.21248776548298023,0.15598213386021517,1.027068150876912,0.6714905444700328,0.5076968684462675,0.00020414273660143172,0.000991511658684707,1.4723532272927202,30,0.7398371676980333,-0.17206206758963216
Qwen2.5-3B,0.6,1,0,20000,158,83807,15556,0.3599757196114015,0.5711749831414118,-0.0,-2.3596486277776463e-16,0.0,0.0079,0.0066212393931601955,0.9840504212489549,21.009577428331067,15.908397471483337,0.45197625776111394,0.5210803316323367,0.015283842794759825,0.005297823596792669,0.0433444988626513,-0.00027244669952822476,0.051136305731150675,0.15419537179013715,1.0195,0.744318726839149,0.5772588727549053,4.772871001229014e-05,0.000991511658684707,1.9283018083576138,21,0.38918906003353276,-0.06278719772758118
Qwen2.5-3B,0.6,2,0,20000,174,73013,16042,0.36533235586790463,0.3235812214477809,-0.0,-2.062512726328951e-16,0.0,0.0087,0.0077297095125296094,0.9758029310882445,11.29984922728986,13.227497610249586,0.7414880137637777,0.49674964382229825,0.019047227813608292,0.005889281507656066,0.09219507055686217,-0.00011836082866971584,0.22360476474577623,0.11219096269433881,1.0228668219352106,0.7142853619949672,0.47002266150330957,0.0001232657198033227,0.000991511658684707,2.1299180166175464,19,0.5627370943817317,-0.17875091938204601
Qwen2.5-3B,0.6,3,0,20000,221,85303,16342,0.3329495309409688,0.415731485122637,0.48306134960205455,0.001857547403819053,0.0,0.01105,0.008995227022396279,0.9685338230792776,14.880086446434085,10.184628217177831,0.6529205236400367,0.5038644441195341,0.01954191318610509,0.004196755134577511,0.4852599764420805,-0.020708441821456036,0.23435122399949596,0.15314842043237223,1.025593395252838,0.7371505571638862,0.5585562202159386,0.0005040854366200485,0.000991511658684707,1.698015405345122,26,0.37446812816887387,-0.27845239547116285
Qwen2.5-3B,0.6,4,0,20000,191,81694,16254,0.44044511460477487,0.5256014324494503,-0.0,0.0196766516273749,0.0,0.00955,0.007198228128460687,0.980365605958023,23.959533990208836,35.09194058771597,0.4911990318512358,0.5296918693792466,0.01868895797126282,0.005973510906553725,0.0796207544326098,-0.00027997549872892466,0.16958765927172986,0.1648022934102614,1.0205062263129399,0.7562814067375283,0.6074794902180622,8.568560726613949e-05,0.3222412890725298,1.792812017026971,22,0.38905061298451094,-0.10214841886672488
Qwen2.5-3B,0.6,5,0,20000,195,69699,15243,0.3351634003089543,0.3880182457638735,-0.0,4.5406444839318534e-18,0.0,0.00975,0.009184543724988519,0.9751247046468889,5.524332913990598,8.001567447475976,1.0825371281326062,0.5089067153855806,0.01765330121034819,0.004045911047345767,0.5864900295702395,-0.022914352777147175,0.2034939241911975,0.10127866702792294,1.0364392271949132,0.6203225427715148,0.3476591032533145,0.00025825334653294883,0.000991511658684707,1.586109161310939,24,0.8657023455294455,-0.2168347826031607
Qwen2.5-3B,0.7,1,0,20000,482,65059,12096,0.6133519654867958,0.13169231447101631,0.8615798117992909,0.10124394419612445,0.0,0.0241,0.027529761904761904,0.879063611547688,13.19076766131089,73.9342251739736,0.8695692579241175,0.4761856405323442,0.0512588549173541,0.006055948355364279,0.47861391397298503,-0.018834600062788167,0.20979277920113676,0.07104307944203525,1.015523603511897,0.6131278082446961,0.3444544119551414,0.0017983676355308258,0.000991511658684707,1.6610216056644,28,0.760530082995741,-0.10903917492837656
Qwen2.5-3B,0.7,2,0,20000,337,78219,13825,0.40701506405469695,0.293617968021311,0.5678847861287332,0.027318705500801604,0.002976190476190476,0.01685,0.017721518987341773,0.9391373570704877,10.667304860088365,29.33064124275472,0.7762887418522848,0.49214991197476693,0.028318040646662178,0.005313146511190521,0.4469079038112252,-0.007804610602471375,0.15402154158421838,0.10651422715019149,1.0272598117563487,0.7164175943366069,0.4468403630957075,0.04144773009115432,0.001983023317369414,1.2998696362813553,23,0.5829535486896545,-0.19333519316263026
Qwen2.5-3B,0.7,3,0,20000,241,75348,16986,0.3965040911694238,0.36877623164547,-0.0,0.0015598935058988878,0.0,0.01205,0.010243730130695867,0.9618941044820072,14.853556983107305,17.54508392964501,0.7843153660299796,0.48444835659248964,0.025341984104870704,0.006662419705897967,0.533988790428402,-0.010249439168563924,0.1964924965645477,0.16165590315273584,1.0198618307426597,0.7149370743787483,0.5100406019944219,0.0001858045336306206,0.000991511658684707,1.656859803200319,25,0.5244671992605303,-0.25984816676944933
Qwen2.5-3B,0.7,4,0,20000,234,66363,14735,0.42123892378085187,0.4021411534447423,-0.0,0.0009748277895050086,0.004291845493562232,0.0117,0.010722768917543264,0.9664584464964693,17.633875282980036,21.311790771842947,0.71329398064436,0.5074896060163274,0.023863044287309267,0.006046705587989992,0.06237933729109139,-5.426234907216735e-05,0.058371824939930664,0.12638545640003307,1.019404785843555,0.7140110191231903,0.50482886498526,0.011904223739131746,0.000991511658684707,1.6471489307841296,23,0.607756567734877,-0.10553741290948304
Qwen2.5-3B,0.7,5,0,20000,260,68074,14931,0.3994309868903382,0.2332821634635403,0.12550491561729718,0.0008771569272702768,0.003861003861003861,0.013,0.012658227848101266,0.9515545430179576,7.342762176095509,15.031579435414336,0.9055614507039766,0.4934032876210105,0.02993642730249152,0.006963010841143462,0.5390803706973719,-0.03529900076789621,0.22892050033379185,0.10554725151571195,1.026819081116729,0.6502601308990823,0.3633116366629609,0.00032317771836530833,0.001983023317369414,1.612467243583453,27,0.6825002028699351,-0.22306124783404158
Qwen2.5-3B,0.8,1,3,20000,188,58246,8607,0.3313388964433218,0.5021697043215748,-0.0,-2.4252945521972973e-16,0.0,0.0094,0.014058324619495759,0.9763953488372094,9.147654961112421,3.1587353176086537,0.6430952537971331,0.4743662378163754,0.01699454114738902,0.003571060673694331,0.047764887809743556,-4.337801216849723e-05,0.047992373286252554,0.08862512331377612,1.027603305785124,0.7825424879411114,0.4903167337637108,8.584280465611372e-05,0.0010184301999606727,2.7911821859104453,20,0.5807768859105471,-0.06231836788658596
Qwen2.5-3B,0.8,2,7,20000,573,95867,15416,0.6104224242527044,0.3436889953192574,0.9546493818085826,0.08188566192191216,0.0,0.02865,0.02237934613388687,0.9083652410928678,11.20031849246898,84.42233981784227,0.8818420889187076,0.5127842465888933,0.0390513866824492,0.004318437852046564,0.09306083147083716,-5.387591736276286e-05,0.06614962212682368,0.056299143793939396,1.0225809970546527,0.5393957618993789,0.3470857451090534,0.003942962646166043,0.002974534976054121,2.04344500986386,20,0.9372373553029475,0.05539526638423986
Qwen2.5-3B,0.8,3,0,20000,511,82016,16552,0.5035987876957089,0.2885000750856506,0.8650939257421345,0.07541205187796612,0.05578512396694215,0.02555,0.02199130014499758,0.9049864007252947,34.58617494440326,426.590538248419,0.6106152029925134,0.5142694043472666,0.04733590827677799,0.015703104045256152,0.11289981461601917,-0.00029338654145356615,0.097546169522716,0.1464461548915266,1.0174151569277876,0.6927165312840565,0.5157272969220856,0.0003901677721420211,0.22507314652142849,1.3872674880270603,28,0.47253799624055465,-0.13807720675195873
Qwen2.5-3B,0.8,4,0,20000,642,74942,15457,0.5870075742117367,0.14483187162647393,0.7597769584257181,0.10079844887777073,0.0,0.0321,0.0300187617260788,0.8783171521035599,16.04642166344294,80.2188669232683,0.8455899065869465,0.47681547867069884,0.059727711901624944,0.006431640468629073,0.4609585651674333,-0.003766440109989675,0.1136287801418359,0.08854353774370764,1.0204118826316748,0.6326691669513174,0.3690500228884983,0.001507832723973206,0.000991511658684707,1.3456494633862486,25,0.7708916079350993,-0.0746982986518473
Qwen2.5-3B,0.8,5,0,20000,716,70284,14635,0.5883526678140569,0.1862042109254402,0.7665912399595747,0.15112266834915503,0.0,0.0358,0.0343696617697301,0.8643013398960897,22.263586187376166,67.11773283535094,0.676836742216503,0.5010747589177802,0.06469668987072028,0.006829434864264982,0.4762679075842781,-0.007329166832025978,0.13239950895828215,0.11956088719765356,1.0156506768917755,0.6839942622436315,0.4240247307149619,0.0010386432189402994,0.000991511658684707,1.475127762268774,24,0.5655289878240416,-0.11130775439246143
Qwen2.5-3B,0.9,3,1,20000,1228,81632,14589,0.6218338679269646,0.17471615903590637,0.8714951910893275,0.346192324031568,0.0008149959250203749,0.0614,0.058194530125436975,0.7558633932245233,38.89665211062591,164.98674315894243,0.6600912478576378,0.5061941475163148,0.09876304366226135,0.007573008153686095,0.4540347819261213,-0.0017944818973625917,0.09104835704140532,0.09303833917772783,1.0116741500962154,0.6595638772825073,0.4578960169086857,0.011919345354762838,0.002974534976054121,0.6483163394046463,27,0.6091270462951172,-0.05096420156252068
Qwen2.5-3B,0.9,4,0,20000,1184,70402,10997,0.5989009859990744,0.19476927488266452,0.8672038691105987,0.32871625814350425,0.0050933786078098476,0.0592,0.07702100572883513,0.6418562329390355,81.31724137931035,442.71941524931503,0.8799247205040374,0.4810935506923399,0.12851451176111953,0.04244197608022499,0.44123769501551224,-0.007325172332471377,0.12387389527301564,0.06662934707468149,0.9997030438010394,0.6819807543347345,0.5205400579476462,0.001093718928439533,0.9905201470260223,0.5840396124593925,27,0.6840723834759599,-0.19585233702807747
Qwen2.5-3B,0.9,5,1,20000,817,56160,8810,0.5745212150933782,0.2555496009489574,0.8100191959991228,0.1778526338924218,0.0036855036855036856,0.04085,0.06583427922814983,0.7239577416789731,31.6955042527339,131.39507404785383,0.8543450251505711,0.5179094176068537,0.09460177142759246,0.006417657045840407,0.47073702130177675,-0.0029372655747450407,0.09940738187564477,0.05583249347399752,1.0072168548480969,0.7123282267328541,0.43625056184614874,0.0386039886039886,0.0015787665935034106,1.509347026973442,24,0.7444405730363741,-0.10990445211419697
Qwen2.5-3B,1.0,4,3,20000,4869,34091,4716,1.4245272836038554,0.3927790307219556,1.034410676451862,0.7655247283956641,0.4551703526598924,0.24345,0.7548770144189991,0.025483117434699554,241.57958477508652,438.23435420171677,0.699422898440285,0.5047204180311213,0.6503438057972115,0.6932197232405297,0.5799584031108062,-0.0024439097022712743,0.09970118060430691,0.015489950498419613,0.989310123254863,0.6582487908750879,0.9525654197582436,0.28638056965181424,5.771756998252501,1.3969783604432504,28,0.7106883521597526,0.011265453719467522
Qwen2.5-3B,1.1,1,3,20000,7201,43427,2760,1.416864915960949,0.49627293216768353,0.8913302380855537,0.7530136024961324,0.5822896066798506,0.36005,0.9416666666666667,0.0,416.5031055900621,562.8172162740357,0.5839221084580053,0.4691893238294214,0.6995792707359423,0.6761155029272649,0.729396012552888,-0.004078485544177843,0.09019981886901259,0.00429215832190788,0.9802634719106487,0.6193844164673541,0.9941855026473528,0.20540216915743661,4.460410931363933,1.2587140341365526,25,0.5683407738374476,-0.015581334620557663
Qwen2.5-3B,1.1,3,2,20000,7358,45288,2744,1.3330424804851826,0.3231515621979639,0.8245813633964119,0.79259038177028,0.5133689839572193,0.3679,0.9143586005830904,0.0,225.42978723404255,383.67498208598136,0.6186697126306775,0.4811104440847045,0.6897133790216401,0.6751378720933983,0.6545094555616133,8.574022571276035e-06,0.05895750349099913,0.0003764029364616839,0.9831864904552129,0.5954069908175569,0.9865822297162289,0.16708620385090972,4.407007183139128,1.1676168024227758,23,0.5273930634839239,-0.0912766491467536
Qwen2.5-3B,1.1,4,4,20000,7192,41555,3690,1.2700648346032157,0.38463241662202335,0.8480594085912697,0.801842949788059,0.45587044534412957,0.3596,0.8823848238482385,0.0,361.1152073732719,525.5674884198443,0.6881072445058418,0.48505772813264325,0.7063151765390927,0.6971517651261733,0.6418639856539262,0.0033154935970510922,0.0662142763223827,-0.0002764511017251392,0.983811736491044,0.6183491990706256,0.9823178700572938,0.19720851883046564,4.783661044405765,1.0839183306451432,22,0.5642131875573559,-0.12389405694848588
Qwen2.5-3B,1.1,5,4,20000,7859,49410,4751,1.4484528393151983,0.47131946389021756,0.7960287390175756,0.7982646841755876,0.5996336250763281,0.39295,0.782361608082509,0.002107925801011823,344.6499032882012,585.5843312114309,0.7351900958903034,0.48621527524349756,0.6867822956981541,0.7041086812458582,0.6607518838339047,-9.184878352523375e-05,0.04798046876870901,0.009814792242084258,0.98318684631618,0.5891786034186002,0.961023164242819,0.1501517911353977,4.526898939340476,0.8434586327204523,20,0.6562544123200854,-0.07893568357021796
Qwen2.5-3B,1.2,1,2,20000,8328,49964,3584,1.4354388195776802,0.5643897358994968,0.8014049093737335,0.7715676039976488,0.6108317214700193,0.4164,0.9601004464285714,0.0,662.006993006993,662.9667216964755,0.5431877108446047,0.5147308312175705,0.7046426483709196,0.685784626607094,0.7460330677183197,-0.006537943251459049,0.0721958562281859,0.004731414775016596,0.97408636423176,0.601603502664564,0.9959465285307173,0.1674805860219358,4.20387619790994,1.466804157340612,17,0.49597361416629504,-0.04721409667830967
Qwen2.5-3B,1.2,2,2,20000,8067,49355,2994,1.4361117218646422,0.5586121358484146,0.7637283698944203,0.753306258317834,0.559443263096849,0.40335,0.9539078156312625,0.0,408.65942028985506,561.2574326853868,0.6618525013054196,0.488850631028399,0.7016604762945161,0.676104225265045,0.6877510650605686,0.0036355255143724584,0.05860939267083638,0.00430717568540584,0.9751117635283912,0.6041540489188162,0.9948122216538493,0.16312430351534798,4.181914659319159,1.511659139453487,18,0.588212913141301,-0.07363958816411864
Qwen2.5-3B,1.2,3,2,20000,8294,49228,4074,1.3959100700869764,0.6443735383995233,0.8197812979281783,0.7727803962756631,0.6607929515418502,0.4147,0.9506627393225331,0.0,877.9900497512438,840.4170901838752,0.5821609325305606,0.4618889357889847,0.6975800854450391,0.6826805385556916,0.7050834160108217,-0.0014960000334700134,0.034148910732105166,0.006536839691633878,0.9769837935837626,0.5797247108697179,0.9948940099205857,0.18034451937921508,4.164467161916476,1.1255363552859545,19,0.5795900056839851,-0.00257092684657545
Qwen2.5-3B,1.2,4,2,20000,8577,50054,4444,1.4111603327336304,0.6395194369955834,0.8091793180850572,0.7883351651132882,0.6278231163408616,0.42885,0.9178667866786678,0.0,862.1534246575343,964.7906116904745,0.6398274476457114,0.5126704216438233,0.7074824665975136,0.697974552852935,0.7146302042144225,-0.0012697713839602393,0.06479420110012409,0.001256943555999368,0.9774602271483905,0.5836316566807689,0.9905477905378296,0.16384304950653295,4.254277299027517,1.1320102702300814,18,0.5656368028503905,-0.07419064479532089
Qwen2.5-3B,1.2,5,0,20000,8333,48661,4225,1.4085822325949617,0.5619960338304618,0.847774655232719,0.7717391268366337,0.6374533307133032,0.41665,0.9384615384615385,0.0,797.0615384615385,919.4546356304093,0.688151818461059,0.48851569647733206,0.7046075509190264,0.6917306933098485,0.6950943332191942,-0.0022325646755389146,0.08210543307437626,-0.0034333055096166243,0.9789151317528862,0.5879576231305567,0.9933199067082608,0.18433653233595693,4.343408179681742,1.0214912936839258,21,0.5824792605992435,-0.10567255786181551
Qwen2.5-3B,1.3,1,1,20000,9118,53401,4595,1.403535825224996,0.66587744293951,0.8307635076210592,0.7960220126583438,0.6847745750184775,0.4559,0.9516866158868336,0.0,1029.472972972973,963.768441914291,0.5466810020301389,0.49790831887072673,0.7005722670579604,0.6870309260286774,0.7487908976241959,-0.0113565286304829,0.09918925598304641,0.003472868453330946,0.975640918230563,0.5736265549603465,0.9956162815743629,0.16243141514203854,4.111062566447545,1.125998777781964,15,0.5404845807261662,-0.006196421303972688
Qwen2.5-3B,1.3,2,1,20000,8658,49853,3908,1.3874068508883781,0.601745177330034,0.8145947128383664,0.7830968389676569,0.6573506891271057,0.4329,0.9600818833162743,0.0,959.0448717948718,890.3869177897535,0.5695695044579775,0.4872438469273795,0.7128531941031941,0.6949563828480158,0.7286576757919945,-0.0024489588129289344,0.023476410338859836,0.0024004081572925884,0.9759806983908145,0.592863535935667,0.9962870204169478,0.17344994283192586,4.2479595335306755,1.3239156060738249,14,0.5571294476816337,-0.012440056776343744
Qwen2.5-3B,1.3,3,0,20000,8689,51746,3606,1.3803449175203961,0.6024099644012373,0.793245462039137,0.787614254098018,0.6572572954415411,0.43445,0.9631170271769274,0.0,897.0827067669173,852.5017852834505,0.5718247010101463,0.5190931875638456,0.7044061731156341,0.6841510219868495,0.7810628772136728,-0.02166499697419656,0.11236101574325531,0.003853449894187122,0.9739421265426219,0.5998383287664302,0.9963686210874718,0.1652494878831214,4.19383528334041,1.4931622396131259,15,0.5179178302438998,-0.05390687076624645
Qwen2.5-3B,1.3,4,2,20000,8928,50752,4184,1.4304331027290031,0.6754312935899234,0.8192426093186027,0.7998453757701068,0.6585547092699239,0.4464,0.9567399617590823,0.0,1055.7182320441989,908.8687055464811,0.4636184827754067,0.5103381461039341,0.7107082873095372,0.6954276621934011,0.7253741613620212,-0.0016096989357052614,0.013519163040347741,0.002008172911082795,0.9767724079199489,0.58665138621709,0.9963899590598129,0.17341188524590165,4.231486775370882,1.2568643441525162,18,0.4963974262165927,0.03277894344118604
Qwen2.5-3B,1.3,5,0,20000,8729,50128,3812,1.3978545211912128,0.6696704766397081,0.8138175469826023,0.7721142754866446,0.6325042079670844,0.43645,0.9559286463798531,0.0,952.4166666666666,863.8637211793543,0.5840885784978964,0.4800323599625488,0.7162942043222004,0.6971465232799706,0.7604543546272544,-0.009349689082217782,0.11407021996108445,-3.784750037805207e-05,0.9772220793691608,0.5977287954167935,0.9960037807967288,0.1726180976699649,4.2381219636220555,1.3216034935937795,17,0.5419684856543822,-0.042120092843514256
Qwen2.5-3B,1.4,1,2,20000,8943,52656,3983,1.3842026677238684,0.7087618387581991,0.8276681878943032,0.808508584745966,0.6870401810979061,0.44715,0.968365553602812,0.0,1018.3174603174604,845.34780717286,0.5238419235959708,0.5181471332389569,0.7004310344827587,0.6850226750692031,0.7698519091284766,-0.02055840227795282,0.14584225942485765,0.0020786757054696015,0.9747148090005233,0.5863704086817558,0.9972745491533526,0.1699521422060164,4.111138381316377,1.3313143660099687,14,0.5418154528000816,0.017973529204110772
Qwen2.5-3B,1.4,2,1,20000,9048,51834,4067,1.3307030326126936,0.7861160532859278,0.856181467306329,0.795833854298341,0.6556267154620311,0.4524,0.9599213179247603,0.0,852.398773006135,802.560614761647,0.4997491224248485,0.502128602423969,0.7121054043580648,0.69863903403891,0.7474010531201047,-0.0037677968281482964,0.041420706969141165,0.003558605152825467,0.9757629034283561,0.5931212008339561,0.9965059847787203,0.17021646023845352,4.1817582791811585,1.4228740202197547,14,0.49329301747076393,-0.006456104954084552
Qwen2.5-3B,1.4,3,1,20000,9291,54073,4128,1.4580825393835188,0.7207144192598496,0.7939435965591566,0.8117847863868365,0.6644571838050878,0.46455,0.9556686046511628,0.0,972.3005464480874,810.6111182815522,0.49739259442329337,0.46076029674102514,0.7044367116137451,0.6835584616708251,0.7610065016407228,-0.007799806860119053,0.10432381861017939,0.002329096417885701,0.9738808274158691,0.5892146484769741,0.9960782172041652,0.15680653930797256,4.108516938884766,1.469116269820657,15,0.48955171139677556,-0.007840883026517809
Qwen2.5-3B,1.4,4,3,20000,9197,52569,4925,1.321081097039344,0.6336893761133717,0.8378175688767323,0.8285649211738754,0.7053587984424253,0.45985,0.9461928934010152,0.0,1087.233962264151,940.3122795101145,0.5129363254233454,0.5078542712289271,0.7106359874387345,0.6965309465309465,0.7310214445240467,-0.0019841609106275165,0.022650331921112682,0.003378739749806403,0.9756540772709439,0.586726311572691,0.9958719370380841,0.17253514428655672,4.191476385383448,1.2577891891445345,15,0.5315403128482331,0.01860398742488767
Qwen2.5-3B,1.4,5,1,20000,9308,53015,4534,1.401463955222227,0.6782598014897305,0.8366877289467012,0.8193940878606571,0.7291473156232584,0.4654,0.9486104984561093,0.0,1084.1030042918455,1062.1581147055042,0.5159194308057623,0.4982415017626937,0.7111407311928756,0.6975048321911791,0.7503466179880007,-0.00358319092786317,0.07617689007838765,0.0037762138215785557,0.9757986447241046,0.5949839903406908,0.9954978443067416,0.1671791002546449,4.162991707935878,1.313742311161626,15,0.5052986599566556,-0.010620770849106731
Qwen2.5-3B,1.5,1,2,20000,9469,55756,4466,1.3457426450293861,0.6380405913897552,0.8817398866374877,0.8074754861044171,0.6969534050179211,0.47345,0.9592476489028213,0.0,1154.0274725274726,980.347081570686,0.519075854941278,0.46863355095707027,0.6969124222463574,0.6822437742810028,0.7146527060373866,-0.0037802214462372952,0.015894980476070054,0.0035760133232446423,0.9731020664251452,0.5853729075508111,0.9966783314103304,0.15896047062199584,4.087127238280689,1.5463408266541634,15,0.5072456615054182,-0.011830193435859782
Qwen2.5-3B,1.5,2,1,20000,9509,55203,4601,1.4112251168056376,0.7183884058915884,0.8882417449782462,0.7970115031323124,0.6889875666074601,0.47545,0.9550097804825038,0.0,1033.2222222222222,968.2569322494769,0.5415371449968462,0.5012614857909411,0.7008554307755811,0.6886684043835309,0.7195195222481111,-0.002024674752345601,0.020124123983862013,0.0029949638390892597,0.97410641754671,0.5852974534765176,0.9960423918707687,0.16053475354600294,4.158708808364036,1.423798865211773,14,0.530078899292909,-0.011458245703937275
Qwen2.5-3B,1.5,3,2,20000,9491,54181,4297,1.3589264982086857,0.6816970665563307,0.8537953011409568,0.8280314756542686,0.6911974340698503,0.47455,0.9492669304165697,0.0,1010.105504587156,945.6478983133089,0.5136824395383371,0.5118641201499288,0.7111372617387262,0.6897625984365535,0.7521713493047285,-0.007235189740699262,0.12703916341066762,0.0012042304464700004,0.9757298412633557,0.5813018132934655,0.9955063987344953,0.15680773702958603,4.137547478821614,1.3669208982026633,16,0.49762552604562665,-0.01605691349271049
Qwen2.5-3B,1.5,4,2,20000,9442,53970,4548,1.3014275891147324,0.7329080656148856,0.8283619102301316,0.7928450179151569,0.6794734969761651,0.4721,0.9575637642919965,0.0,1215.3367875647668,953.1266657576429,0.5364489931992996,0.5007885030916119,0.7084029017214578,0.6954052511415525,0.721939162593006,-0.002598961510957241,0.01279859416684502,3.13960042888084e-05,0.9760042261820103,0.588315058394828,0.9969021275254957,0.17053918843802113,4.2171323137630035,1.3706202781707355,16,0.522881011368704,-0.013567981830595599
Qwen2.5-3B,1.5,5,1,20000,9440,53537,4405,1.3770355273283235,0.7484709472707695,0.8166050841224919,0.8070064487429552,0.6848117080135642,0.472,0.9607264472190692,0.0,1107.7803468208092,952.06973093452,0.498905721759598,0.45804968903591636,0.7120895088637024,0.6979502533394749,0.740278219685069,-0.005372346793985321,0.027175463398336687,0.0012282102872396283,0.9754315798065543,0.58836507594243,0.997111887811898,0.1690606496441713,4.1890052848374015,1.3673833206986725,14,0.5176528576797401,0.0187471359201421
Qwen2.5-14B,0.4,1,0,20000,216,70577,15001,0.3609405045744187,0.29505709970957,-0.0,-4.633986666065584e-16,0.0,0.0108,0.010465968935404307,0.9754568494064293,9.456615467528968,11.207172621120774,0.8930188672608518,0.4882667266811559,0.01971475915985667,0.00510073960724305,0.05228730823626329,-3.5129897348370776e-05,0.05081010451941721,0.08904935040948692,1.0298783712321522,0.6946992676129288,0.39214934237696936,0.00024087167207447184,0.000991511658684707,1.4931622396131259,28,0.7140165772008338,-0.179002290060018
Qwen2.5-14B,0.6,1,0,20000,397,74168,13281,0.5290873600360426,0.6984475624116058,0.959741591962483,0.022241634764867766,0.0,0.01985,0.021308636397861607,0.9229320476118729,61.10332358824434,59.90880015303552,0.3623852941881357,0.4935103473074516,0.03602479525332838,0.006452126812171419,0.1000700072656024,-0.00021826285291264366,0.09116923827318844,0.17817429175355312,1.005916406896113,0.773328838544356,0.7017082296607022,0.010840254557221443,0.0014872674880270604,1.2101596720556056,27,0.35800702934058015,-0.004378264847555546
Qwen2.5-14B,0.7,1,0,20000,848,86147,16394,0.7129485655874802,0.12135112189177025,1.1753332880624716,0.3203468321237766,0.0,0.0424,0.03519580334268635,0.7618844205772869,45.672061705759624,229.94281885306165,0.8266939848137667,0.5129969533197052,0.08704545973990355,0.007498723127640804,0.4133556198064007,-0.001770368640423462,0.19283132728865457,0.09698187415901216,1.009093779602147,0.6614166516432352,0.48493627178029464,0.008055997306928854,0.004461802464081181,0.3606895468870358,34,0.7018852859412251,-0.12480869887254153
Qwen2.5-14B,0.8,1,0,20000,1232,78763,15859,0.7490558230112251,0.12403835345022228,1.26082548202225,0.3992381159057042,0.0,0.0616,0.051201210669020746,0.6334847337875347,79.32697547683924,312.7400181503138,0.7251765974517106,0.4785587270763044,0.1405245678061347,0.008455639632319333,0.38729673152147354,-0.0008615165851319901,0.08234646999687846,0.10044037153172258,1.0023467918288975,0.656534254166596,0.5531879617816373,0.0032883460508106597,1.5026359187366733,0.21086465818011302,28,0.6481385361571483,-0.07703806129456225
Qwen2.5-14B,1.1,1,3,20000,4280,26523,2303,1.3106667868745707,0.6763086468295971,1.0363266781212555,0.5379828730046382,0.5022815022815023,0.214,0.9209726443768997,0.0,302.510989010989,424.205239293525,0.6905602970333814,0.4712512209527368,0.7375386622340985,0.7279376111200905,0.737262855224543,-0.0015912939088638684,0.07738337817590318,0.003065249955189975,0.9828830627906313,0.7302874461114325,0.9908642570222754,0.4034988500546695,5.648553285651803,1.7605163118657203,19,0.5593212473269399,-0.1312390497064415
Qwen2.5-14B,1.2,1,1,20000,5053,30911,2446,1.300632606765318,0.7287000031982629,1.0493498958567145,0.6076078947819387,0.5137807070101857,0.25265,0.9493049877350777,0.0,279.9516129032258,455.34244211820703,0.6455092487616494,0.4846362553650456,0.7197518685738135,0.7040020318566089,0.7201973606343458,-0.007921568599683744,0.10955158265432777,0.004668191104692632,0.9755409715083946,0.6951819609183987,0.9947858134137817,0.366730290187959,5.25623439861586,1.777089652162664,20,0.5445196732363624,-0.10098957552528698
Qwen2.5-14B,1.3,1,0,20000,5964,36791,3007,1.2823103518561145,0.6665563247184467,1.0038306748785695,0.6607630341951095,0.5853269537480064,0.2982,0.966744263385434,0.0,799.95,609.5006214106759,0.5495839124748559,0.49052964907320173,0.7149094894640079,0.694781912486511,0.7528006048986483,-0.008166500951594068,0.04268444375128785,0.01130417412792184,0.9742093420044015,0.663606928939479,0.9975383444357127,0.2820526759261776,4.635319081877765,1.884834093732766,16,0.5216457627603595,-0.027938149714496485
Qwen2.5-14B,1.4,1,2,20000,6583,39259,3469,1.2977124693795108,0.7353363048171528,0.980080526656573,0.6828116002033434,0.5584753787878788,0.32915,0.9521475929662727,0.0,843.7168674698795,776.0733325055899,0.5504456793748219,0.5034581351175749,0.7161070973225669,0.7083211298773145,0.7312522991351463,-0.0017122520408817867,0.01939276145679491,0.009836232737750028,0.973459940652819,0.650044431704545,0.9959173668918444,0.2636338164497313,4.793280304230058,1.7400958524819425,16,0.5418786020319644,-0.008567077342857554
Qwen2.5-14B,1.5,1,0,20000,6647,39665,3127,1.3098254279709982,0.6992525207801848,0.9920141043799595,0.7075617204751894,0.6530713752797811,0.33235,0.9776143268308283,0.0,895.6,732.588920005132,0.5265770839592263,0.5147432645762551,0.7166949138321616,0.6943283981150362,0.7387647006338389,-0.0031311070353659044,0.018969171176389986,0.004639833379988634,0.9736361507843596,0.6451989678173208,0.998503826671435,0.2691793772847599,4.574968410552474,1.6055309061433178,13,0.5178282093046672,-0.008748874654559091
Qwen2.5-14B,0.5,3,0,20000,185,72764,12737,0.4639913760134629,0.44302801626118793,1.086471088132965,-1.1690494003797375e-16,0.0,0.00925,0.009578393656276989,0.9640219952867243,28.98446294094332,18.252387775614704,0.34767546241451125,0.49796755917349744,0.017321785476349102,0.0044272699355102875,0.046755150190601856,-7.703175851895403e-05,0.04566620374628586,0.13175506582005828,1.016095859787177,0.8050654882665773,0.7047924242317058,0.03655653894783135,0.000991511658684707,1.7988235094750884,24,0.21520990095345463,-0.13246556146105662
Qwen2.5-14B,0.9,3,13,20000,2476,85252,14970,0.7298487003108391,0.294015594116027,1.0204929580595812,0.6453317048070005,0.07652173913043478,0.1238,0.10888443553774214,0.5736149167947604,123.36416791604198,396.1832590204384,0.5371104336869096,0.47217285867208025,0.18289133814093197,0.0185802092619528,0.3496602927447633,-0.0005268962587625719,0.13371578988421112,0.13144038101649222,0.9790894147329791,0.6953539868261427,0.6702999171659599,0.00228733636747525,2.6473361286881674,0.09572145667386711,28,0.5367546153517198,-0.0003558183351898281
Qwen2.5-14B,1.0,5,6,20000,5753,45592,6206,1.4879344002236072,0.36516005317929917,0.9409163415152115,0.8658361444185723,0.4194423883543055,0.28765,0.6256848211408315,0.0041942248749798905,490.3181231166595,830.8806089148896,0.786521447621618,0.4936136934235168,0.6368839752653186,0.6944835714491046,0.5659310217844561,0.00017407005946944181,0.09763876888969729,0.021585275343130705,0.9913873806403295,0.6037601974842634,0.9366371831238318,0.14715300929987718,5.260715417296795,0.7440377960785136,21,0.7177409361328582,-0.06878051148875985
Qwen3.5-2B-Base,0.4,2,0,20000,60,75904,16986,0.316961773244941,0.8948744357918079,,-1.864722722509597e-16,0.0,0.003,0.0028847286000235487,0.9929913422463043,28.96711342032237,21.529191627099692,0.11678603090675915,0.5033362505038051,0.008485505003610854,0.00438438128642905,0.018905335764853492,-3.136166166008052e-05,0.017805061358420343,0.1795663479140968,1.012590428491931,0.8294701801547077,0.8207710081335605,0.010803119730185497,0.000991511658684707,2.3588171521420116,20,0.1663037210414531,0.049517690134693954
Qwen3.5-2B-Base,0.4,1,0,20000,71,81467,16297,0.3166191839825799,0.5671366108549283,,-1.3707675035716875e-16,0.0,0.00355,0.003252132294287292,0.9922651933701657,18.06482393499138,6.144231816059983,0.123246949936025,0.5142880756656832,0.007639736103379251,0.0033634942441612583,0.019918735598365597,-6.986941386982954e-05,0.022956070836373188,0.1701623187163637,1.0219537452537106,0.8187099092363773,0.722267088180419,0.01816686511102655,0.000991511658684707,2.1040223568410417,21,0.10360181473737537,-0.019645135198649633
Qwen3.5-2B-Base,0.4,3,0,20000,37,62534,17004,0.24519716246484632,0.5541090025369754,,-6.725790019440814e-17,0.0,0.00185,0.0014114326040931546,0.997352473965994,9.0,2.810945290745061,0.06156974195663091,0.4803596408352341,0.008351893095768375,0.0048250904704463205,0.017562853231196638,-1.7919582121153468e-05,0.015886471765643347,0.1314301873306642,1.022319425751458,0.7781648483820764,0.6845825632041359,0.01696677007707807,0.000991511658684707,2.75141385125367,27,0.06803574158068769,0.0064659996240567785
Qwen3.5-2B-Base,0.4,4,0,20000,39,84227,15746,0.25089769521314625,0.5237439170616452,,-1.3861321941336656e-16,0.0,0.00195,0.001841737584148355,0.9937734290615668,11.986384170006998,10.257656312477126,0.07928171740524848,0.5024565376701335,0.006660572025597493,0.0038941919551693026,0.01385938660774959,-1.392122170266491e-05,0.012149131128069158,0.11778789090387809,1.02421776615325,0.8091937992449024,0.6769692647601246,0.0,0.000991511658684707,2.456850721295924,14,0.09261368726892677,0.013331969863678295
Qwen3.5-2B-Base,0.4,5,0,20000,97,80511,16773,0.3489853605358692,0.4311906026049702,,-2.5719552208543746e-16,0.0,0.00485,0.0035175579800870447,0.9871167839675534,13.956563360057437,17.484984694902828,0.5240265876319466,0.5060230282675244,0.012664829024808165,0.005663751987281399,0.03065870305579249,-3.583224443237093e-05,0.03143323158441184,0.13391587787673684,1.0194141396787217,0.7314036664033463,0.5729107527448226,0.00017388928220988436,0.000991511658684707,2.1178950317213117,19,0.47786674497857135,-0.046159842653375305
Qwen3.5-2B-Base,0.5,1,0,20000,148,66134,14793,0.3934979936906274,0.2920237566824981,-0.0,-1.124497526724437e-16,0.0,0.0074,0.006354356790373826,0.9761260651968078,8.435335737124975,6.984482653215341,0.8225314905946779,0.5040478493439899,0.01620704992772156,0.005412006327884322,0.4862760387435138,-0.025857969413115033,0.22758392021002147,0.13239038304352263,1.0252204418318005,0.7609679760112312,0.47580578622172426,0.04394108930353525,0.000991511658684707,2.025872955015517,30,0.6361638327024073,-0.1863676578922706
Qwen3.5-2B-Base,0.5,2,0,20000,155,76658,11220,0.3830916961891567,0.2617966077857571,-0.0,-6.790757892457666e-17,0.0,0.00775,0.009001782531194297,0.9712833318469634,6.621368828132026,7.5813183822608226,0.9126704415367313,0.48247491417309973,0.012377483986556906,0.0038811344135044772,0.03358751289320606,-3.7054985395444544e-05,0.03139914622402369,0.06996441500129222,1.0343499691928528,0.7526980673253979,0.42722038189480893,0.05701948915964413,0.000991511658684707,1.792349594530962,21,0.6489451708424293,-0.26372527069430196
Qwen3.5-2B-Base,0.5,3,0,20000,113,86031,15021,0.3516023618201718,0.35226819901420203,-0.0,-1.2903125428844753e-16,0.0,0.00565,0.005459024033020438,0.9852804049553749,3.4799518040029453,5.652253661588151,0.8264406096835515,0.47879366310798865,0.010074249660124796,0.003719546215361726,0.02429619797878797,-1.2241017696832943e-05,0.023837167466462618,0.0413257456221152,1.0426801284993117,0.7029238494552992,0.2822629260329723,0.00017435575548348852,0.000991511658684707,2.024948110023499,22,0.6608183476759653,-0.16562226200758623
Qwen3.5-2B-Base,0.5,4,0,20000,146,71126,15994,0.3377744319373391,0.4032322131775774,-0.0,-1.019597989695144e-16,0.0,0.0073,0.0065649618606977616,0.9832363795583912,6.3195292340613,5.044547914238857,1.032304141724703,0.5057599209767771,0.013977074787885598,0.003908556645952254,0.03585673666715767,-2.232168076842147e-05,0.033989849953384964,0.0831980342454943,1.0349075975359343,0.6985864804640318,0.4000961881406074,0.0004499058009729213,0.000991511658684707,1.8575511664682338,27,0.8588386473466758,-0.17346549437802716
Qwen3.5-2B-Base,0.5,5,0,20000,104,80582,17373,0.28114540344764727,0.8171557495571948,-0.0,0.005726841556509019,0.0196078431372549,0.0052,0.003626316698324987,0.9897500863756766,19.031773541305604,6.855395580035367,0.4146987610749927,0.5129211876158795,0.011226894926187819,0.005609193120051624,0.026942721845991446,-7.519952824034457e-05,0.027707974540493445,0.18243490068986665,1.016603139737709,0.7522321490245548,0.7057082008058524,0.00018614578938224417,0.09171482842833541,2.045294699847896,28,0.3368922388763364,-0.0778065221986563
Qwen3.5-2B-Base,0.6,1,0,20000,107,63875,16348,0.30207659712927276,0.43560992711178353,-0.0,-2.1109893086903517e-16,0.0,0.00535,0.004893564962074872,0.9852518205740163,6.302126874846324,5.12156165680052,0.933680620582306,0.5049704929829998,0.012805460323423973,0.003851211722712756,0.034128019843100654,-3.1791760825237136e-05,0.03450048542380951,0.11064603576958155,1.0311334105236074,0.6937556847739037,0.43262533451901236,3.131115459882583e-05,0.000991511658684707,1.8931576986609286,24,0.7882176924807668,-0.14546292810153927
Qwen3.5-2B-Base,0.6,2,0,20000,265,84361,14548,0.4054862304559198,0.6497591560431378,0.707301964380378,-2.278828596143792e-16,0.0,0.01325,0.013197690404179268,0.9512413176535314,34.95012538311507,23.900188758513064,0.36229899656924275,0.5144739481438625,0.02204247402096474,0.005216720723990111,0.5198944427596187,-0.011257349632248557,0.1829588789798925,0.18285020237258282,1.0177590096604385,0.7926635235420179,0.6761898850052648,0.02248669408850061,0.000991511658684707,1.53847964422201,33,0.25002969264896596,-0.11226930392027679
Qwen3.5-2B-Base,0.6,3,0,20000,254,74566,17244,0.40444292994303965,0.3309967909406335,0.19540839232568266,0.003184441708489218,0.0,0.0127,0.010032475063790304,0.9580553460578987,12.071466229277723,15.163013640842799,0.8937268840964468,0.4836815595858842,0.02358843992507359,0.004962047045570368,0.0638271530991134,-0.00010220896535693037,0.06118836306323763,0.15546720613742557,1.0236107978043463,0.6819983902541406,0.5095700749582499,0.0012069844164900893,0.004957558293423535,1.7063390102732843,25,0.6701926696423485,-0.22353421445409838
Qwen3.5-2B-Base,0.6,4,0,20000,205,62007,14937,0.3799497858094129,0.3534193998179581,-0.0,3.532081229314703e-17,0.0,0.01025,0.009640490058244628,0.9677829872739451,14.742175353207598,23.356556689804503,0.6128936762053505,0.5116688926102884,0.019893768403849134,0.005168539325842696,0.05100274206748968,-4.4135186817513855e-05,0.04593102658568073,0.0983121693138499,1.0213166144200627,0.7380204834409663,0.43523121730643227,0.07236279774864128,0.000991511658684707,1.857088743972225,23,0.5059642570691525,-0.10692941913619802
Qwen3.5-2B-Base,0.7,1,0,20000,239,68428,16258,0.4598502141374285,0.21125639011960726,0.8368360438900898,0.010884918758853586,0.0,0.01195,0.009779800713494895,0.9524952310627038,8.214671718740295,23.790449151038043,0.9000503279379306,0.48158900425420115,0.027141791473001664,0.00651323091302062,0.06486751045297512,-5.487404126517289e-05,0.05352600720687671,0.08496990237749687,1.0231332733581802,0.7097440976840886,0.418587500134055,0.009367510375869527,0.0014872674880270604,1.5569765440623708,23,0.7493339832655723,-0.15071634467235828
Qwen3.5-2B-Base,0.6,5,0,20000,148,78507,16443,0.6644571849067529,0.5972578551454776,7.536919837179151,0.006420009238091423,0.0,0.0074,0.00559508605485617,0.9834509613044536,68.61286771451287,72.62374117710856,0.34416896608674735,0.4879149339374168,0.017601678701475037,0.006294742039002715,0.04432120461180699,-7.041525172910617e-05,0.04424741484220049,0.18664042682528229,0.9995708680725846,0.8307194869463541,0.8513263009480447,0.015973097940311057,0.000991511658684707,2.1909577860907374,20,0.3869703797446583,0.04280141365791096
Qwen3.5-2B-Base,0.7,2,0,20000,417,77972,13729,0.5665794192239311,0.17994168646293845,1.1067151328480624,0.09760257716245309,0.0,0.02085,0.020394784762182244,0.9035854831657193,17.412744441965945,148.5689362440394,0.9110036077900989,0.49148349375650996,0.03968995024366534,0.005335248550761812,0.11119519690767478,-6.103675628976618e-05,0.19215427367421567,0.04950948868822723,1.0097553873034362,0.6844578320860855,0.3911852702572458,0.001385112604524701,0.001983023317369414,0.8665797575209038,25,0.8006832444839944,-0.11032036330610451
Qwen3.5-2B-Base,0.7,3,1,20000,871,57140,8104,0.6095627946839773,0.2764138315352912,0.6170473619496557,0.25994378319479455,0.2865583456425406,0.04355,0.03751233958538993,0.8795850314931456,18.730384615384615,37.28518644256991,0.4297890242173246,0.501588921531375,0.06422753371611697,0.02613704468269295,0.13470771209285007,-0.00017916439727022325,0.0880873877128707,0.14616129731976563,1.0170302013422818,0.8096894431293877,0.5500765315420677,0.032114105705285265,0.2512801367404449,2.0087633226631834,24,0.31715817995388246,-0.11263084426344216
Qwen3.5-2B-Base,0.7,4,0,20000,326,72187,13767,0.4071373509100053,0.4004868114111948,0.6394727852394984,0.022992498565554454,0.0,0.0163,0.016125517541948138,0.9208575581395348,17.976005906238463,37.97029711068922,0.6205664350482789,0.49750828529984603,0.030235929880057993,0.004931174516112019,0.09632293742130431,-0.00027989620051250544,0.09676197343237085,0.14941017352194252,1.0193299961494031,0.7142202104164728,0.5498310336883104,0.025530912768226968,0.000991511658684707,1.4524690599643322,32,0.5053224523476372,-0.11524398270064173
Qwen3.5-2B-Base,0.7,5,0,20000,561,78707,15470,0.501299886903823,0.3887425025218114,0.9164708825450547,0.12572126595182706,0.0872093023255814,0.02805,0.02404654169360052,0.9038349608743452,31.231620082130082,392.93089347399155,0.80945275590141,0.4729183183301963,0.047768802546316845,0.015219269271812592,0.1387083052789827,-0.00018080241020817806,0.1785304002874384,0.111432119466745,1.0207528957528957,0.6704725369317007,0.5344796119762457,0.0010418387182842695,0.8670769455197762,1.4053019653714123,33,0.7016095860662536,-0.1078431698351564
Qwen3.5-2B-Base,0.8,1,0,20000,1021,76397,15017,0.6321205003168938,0.15381785818482066,0.8094707548853648,0.2725203328744688,0.000980392156862745,0.05105,0.04787907038689485,0.7790139906728848,34.473912435305635,174.30166858700917,0.8691735887178955,0.4948373536173042,0.09538208881300261,0.007460928296552266,0.1810045953609991,-8.604791770338273e-05,0.08378115744458728,0.061215046476696816,1.009424436216762,0.666243291441283,0.4097742130928471,0.002185949710067149,0.12294744567690366,0.40878148647197365,29,0.7164174524495527,-0.15275613626834283
Qwen3.5-2B-Base,0.8,2,0,20000,411,77538,16968,0.5022905715909765,0.22709395094528442,1.0471540148531073,0.05996219491707814,0.0,0.02055,0.016265912305516265,0.8827309710512352,16.65762041696621,56.069950439078966,0.8123010740962376,0.4830162286380566,0.047533170166172874,0.006396863473393691,0.3576166030030794,-0.0018579602360706228,0.10462203806370145,0.14251793359668477,1.0193934392407675,0.6899353482876699,0.49484471180692463,0.0005932574995486085,0.001983023317369414,1.6989402503371402,27,0.6683178922802906,-0.14398318181594705
Qwen3.5-2B-Base,0.8,3,0,20000,673,70620,16033,0.5973312185398205,0.18603568352004943,0.8596760118280979,0.14786868013084448,0.0,0.03365,0.030437223227094117,0.8335829277424186,18.40694757156642,93.96657072393404,0.8640122900514545,0.4980883757561967,0.07462012725913177,0.006230529595015576,0.15322116706590574,-7.315351720440906e-05,0.08323087059580639,0.07346861140864246,1.0143133462282399,0.6654441643294058,0.37839649727855407,0.0018833191730387993,0.0014872674880270604,1.4274982451798452,28,0.6573949906751455,-0.20661729937630902
Qwen3.5-2B-Base,0.8,4,0,20000,398,62279,13389,0.42190146048325383,0.26946266648151596,0.433839288250639,0.0035738047574517436,0.0,0.0199,0.020763313167525582,0.9353609325960245,9.467546335138433,24.305077276205143,0.9572630510172653,0.48973468668463316,0.033725757060224563,0.005951419184574783,0.5296201814283363,-0.006436953672524625,0.19374389056242222,0.10519374263672843,1.0282597917699554,0.6841460983033261,0.40400444884374526,0.08990189309398032,0.000991511658684707,2.0813636545365997,24,0.7170568243593441,-0.24020622665792113
Qwen3.5-2B-Base,0.8,5,0,20000,785,70256,15719,0.6211996087648686,0.2497011988656752,1.2177625286107936,0.24292841607945287,0.0,0.03925,0.03269928112475348,0.7489816700610998,46.92883919763236,144.5706305409084,0.6410508826505463,0.49274058350482086,0.10039088038503804,0.007910863509749304,0.39563249893780456,-0.0010854055399964525,0.0849253708788755,0.15568528745583568,1.0053588199546986,0.6971463685897559,0.5791903858252703,0.01185663857891141,0.002974534976054121,0.692708899021512,27,0.5261313701988656,-0.11491951245168075
Qwen3.5-2B-Base,0.9,1,2,20000,2555,85979,15044,0.9184366296552384,0.1209379405563916,1.1376723948406398,0.6034466609446902,0.1939252336448598,0.12775,0.12077904812549854,0.1695151958502361,312.2500189007333,897.3272510758608,0.6385767427544808,0.5242284218593546,0.28432598976069684,0.19401981024844,0.39495711785432935,-0.0003341880788308646,0.04485836717840861,0.0671684255516366,0.986809621217465,0.6620503136326382,0.7047506727308563,0.0022214726851905696,2.4202799588493695,0.30011219990985416,32,0.5859129721822678,-0.05266377057221305
Qwen3.5-2B-Base,0.9,2,1,20000,2004,81464,16218,0.854758190466131,0.1750996370268264,1.3622352984864814,0.5409662408502598,0.11955307262569832,0.1002,0.0859538784067086,0.2687681204120659,231.37715866162978,762.0810140385573,0.7587617549545708,0.477141061185123,0.2514338373488863,0.13471098547616728,0.3840750714862881,-0.0002574771823086499,0.051988401898565184,0.07000933137998078,0.985435209802335,0.6918486483411679,0.6687526332877042,0.006260434056761269,1.8407413943481585,0.1928301808357613,29,0.7619781853713826,0.003216430416811855
Qwen3.5-2B-Base,0.9,3,0,20000,1812,82290,15042,0.778742058129647,0.16103452301233823,1.287913344782577,0.5300164055955506,0.016835016835016835,0.0906,0.08117271639409653,0.45819753907549055,149.40698936401128,499.37687687094336,0.6700620751479924,0.49303183466450384,0.19125578043360758,0.02016618883327664,0.33634990277446086,-0.0002739695839503576,0.22444573017407765,0.078230905757528,0.9845398326664242,0.7099939450810009,0.6423614448967276,0.006039615992222627,1.9750912240999363,0.23676031795661823,29,0.6200070931318284,-0.050054982016163985
Qwen3.5-2B-Base,0.9,4,0,20000,1558,70541,13011,0.7820223735523124,0.2240917606325672,1.4281466971316716,0.4800046756672282,0.04633982538616521,0.0779,0.07862577818768735,0.1498000615195324,194.36252919586252,610.4638494474168,0.597966021661778,0.49558317187354295,0.23748488512696495,0.13697872788542545,0.389816440953943,-0.0005366053969348088,0.060542959574599285,0.08909517617795407,0.984893179583445,0.7163253059810397,0.6805753030719158,0.027657674260359224,2.1193561704385613,0.23814758544464532,27,0.544504495195445,-0.053461526466333065
Qwen3.5-2B-Base,0.9,5,0,20000,1924,77878,16297,0.746253554811891,0.10651837697288623,1.1820282321621765,0.514313071400583,0.0005200208008320333,0.0962,0.08639626925200958,0.523572744014733,118.91967224125193,465.72288558840427,0.6992126700663697,0.5214862122273112,0.18975892402943037,0.018321127305247382,0.43571262105577113,-0.0008296444116563539,0.06249892369403437,0.08656631569185033,0.9745098039215686,0.6701433069715954,0.580730764803335,0.017501733480572178,2.034581923621019,0.1928301808357611,30,0.6085487155763031,-0.09066395449006659
Qwen3.5-2B-Base,1.0,1,3,20000,2457,27572,4739,0.7745094985734312,0.12011861006383247,1.0592361238464616,0.5248214604969356,0.0622568093385214,0.12285,0.3247520573960751,0.0703719357565511,233.5753125,610.6608699417601,0.9969945843999769,0.49082943335302687,0.34156642608928095,0.26010208421948106,0.5169840226403545,-0.001318407034374661,0.05971426609747178,0.003985844805639793,0.9594804790791726,0.5727557596901237,0.7518193553340956,0.18341070651385463,6.7158653306073095,0.26169856429347993,22,1.077194367544428,0.08019978314445109
Qwen3.5-2B-Base,1.0,2,1,20000,3963,41761,4044,1.0911117137593207,0.1714513702091604,1.1045204575736292,0.590661771003931,0.37747653806047965,0.19815,0.506429277942631,0.005201882586078788,137.05360721442887,356.78511020183777,0.5821437093812225,0.5044184132863755,0.5985384417828209,0.5687006664460935,0.7729121015131061,-0.059532878928336745,0.18586391288426227,0.004300431100321522,0.980495007188095,0.5878192001549405,0.7939348135406877,0.016043677115011614,3.286284499082829,1.6277271859517508,16,0.6375096285850307,0.05536591920380818
Qwen3.5-2B-Base,1.0,3,5,20000,4949,80565,14876,1.1005596326112,0.17716912212919297,1.0265338511942732,0.767218613533226,0.5042553191489362,0.24745,0.269158375907502,0.0,590.6460632818249,1421.4760183150872,0.648951139973584,0.5159520784702589,0.45297540365918443,0.43004323656578136,0.5060706529949356,-0.00023434720348909066,0.10702491671775463,0.010288410361163292,0.9793762037235181,0.5560576653337471,0.7721974757227454,0.0028920747222739404,2.5868539175084004,0.2492457253488618,22,0.6123907398122098,-0.036560400161374185
Qwen3.5-2B-Base,1.0,4,2,20000,1982,33216,3129,0.7311130792667506,0.25713915813462823,1.0107962597268403,0.5461590367522767,0.025879917184265012,0.0991,0.3723234260147012,0.0,232.39358452138492,419.58744088625076,0.8705542024805161,0.47419954765166916,0.16355815073066948,0.06319003473681882,0.5135650681157952,-0.0038598833776622137,0.1992555619464834,0.005645212084594453,0.9915958625785002,0.5489220664054618,0.8424752300324123,0.4714896435452794,12.410646850211801,0.1715587460193455,23,0.8561962437707968,-0.014357958709719232
Qwen3.5-2B-Base,1.0,5,1,20000,5470,52850,6344,1.2455795619971919,0.1988814282280231,0.9819790498199248,0.7837730143346431,0.45711241342567926,0.2735,0.7589848675914249,0.0,420.55395683453236,764.7327825953569,0.7085371048620335,0.5031853372495522,0.6048698388306533,0.6418310113985888,0.5711288340053701,-0.0009376448583060577,0.07178977788824835,0.0032594624479681533,0.9925296394870554,0.4920772166283692,0.9387258995070762,0.021494796594134342,3.826248851599487,0.42681596381632536,22,0.7236899835311935,0.015152878669160041
Qwen3.5-2B-Base,1.1,1,3,20000,5532,39756,7249,1.3383166924562324,0.3328239080305864,0.945683263419193,0.6798968247609516,0.4047739969527679,0.2766,0.7396882328597048,0.0002761668047500665,788.5808161102278,1107.525415778533,0.7372720641786312,0.4920526040937324,0.6688786857019873,0.6321851042425504,0.6879790046140192,0.0004182062254700813,0.05289885743481644,-0.002212019035320645,0.9813911084893012,0.5697351425028213,0.9497002163507599,0.22157661736593218,4.222320452972087,0.8591809975847595,19,0.6728624064888218,-0.06440965768980944
Qwen3.5-2B-Base,1.1,2,2,20000,5185,26964,3127,1.1837228451210735,0.5991527983385111,0.9469199925847104,0.6413436781099863,0.47426784191071936,0.25925,0.9184521905980173,0.0003205128205128194,464.9137254901961,597.0108814391149,0.6177793686525199,0.47755751460260176,0.8075761151758319,0.8152083241866795,0.7161133604407932,0.0011246103858707792,0.11162490024513663,0.0020019649343373525,0.8287985504281498,0.6691231163235629,0.9907839478802383,0.33715324135884883,5.901849286265107,1.2155086216957078,18,0.5755144764689611,-0.04226489218355878
Qwen3.5-2B-Base,1.1,3,6,20000,5796,31473,3528,1.3410794023359616,0.5720412506243364,0.821296445081311,0.679736188507984,0.47819433817903595,0.2898,0.9078798185941043,0.0,469.90153846153845,680.6078298092325,0.6889030248253525,0.436371754216555,0.7758825778495263,0.7828419311902554,0.6784275277645899,-0.007478995053915927,0.1172415947472238,0.0009926492725959024,0.9482574533906425,0.6334392215748805,0.9872350356816276,0.28363994534998255,5.326173274993869,1.0691208107728545,22,0.5398012299099717,-0.14910179491538078
Qwen3.5-2B-Base,1.1,4,6,20000,5589,30095,3451,1.2756589613254459,0.6153049060089119,0.8045285586438141,0.6602461447207222,0.5233033524121014,0.27945,0.9516082294986961,0.0,679.0958083832336,723.2914721569757,0.6512767578929174,0.4690629583544294,0.7856565877087655,0.7829710456224761,0.8608858708749108,-0.048527178928199154,0.17836342010724704,0.0010275997638582446,0.9363381220996471,0.644895667367463,0.9949079966764633,0.307293570360525,5.252821924142713,1.1750155623589196,15,0.5610861721725503,-0.09019058572036709
Qwen3.5-2B-Base,1.1,5,7,20000,5552,30051,3406,1.288058436463682,0.6115254345931974,0.8401709246942932,0.6858267555192311,0.520679265954533,0.2776,0.9195537287140341,0.0,351.036496350365,574.8874457755642,0.6565077107850907,0.4882116799241094,0.779953390107377,0.7816253831496977,0.6929240893880954,-0.005843213534035584,0.15137340231834448,0.00063788077515603,0.9347947500698129,0.6379002154643166,0.9897099340806214,0.3036504608831653,5.38252535555453,1.0496990659404755,24,0.5528765011338507,-0.10363120965124006
Qwen3.5-2B-Base,1.2,1,2,20000,6376,35261,4472,1.3238635420862217,0.5176552301270669,0.7495138557621446,0.7043261343713563,0.607259894126544,0.3188,0.9420840787119857,0.0,1050.4247104247104,992.5054433816928,0.5586996536935561,0.5154891803134304,0.7463291235544736,0.7174122081618524,0.759145276108652,-0.0048377603616633885,0.014062112379716843,-0.0011136294107086941,0.9752796962205968,0.6205456612941933,0.9948392606982862,0.28002609114886134,4.689914147544927,1.2161711645037228,15,0.529311487445747,-0.029388166247809155
Qwen3.5-2B-Base,1.2,2,2,20000,6671,36538,4304,1.3779903980300807,0.5558366108930587,0.7126829618697001,0.6801919861880537,0.5571895424836601,0.33355,0.9553903345724907,0.0,1072.1197916666667,946.3501384837907,0.618411282844795,0.47091122405968966,0.7482836665409279,0.7276358122850486,0.7604322703965811,-0.002630607930923688,0.010186583309077128,-0.00016684349348505823,0.9770882693955739,0.6187978314489188,0.9965816325984923,0.2637254365318299,4.8293343810468246,1.2915460313531932,15,0.5697847470879239,-0.04862653575687104
Qwen3.5-2B-Base,1.2,3,3,20000,6204,35091,4254,1.3675682274704073,0.5930755741438012,0.7420494360319765,0.7038413659437084,0.6404019037546271,0.3102,0.9541607898448519,0.0,930.2205128205128,895.3156140769541,0.5695468405673942,0.4645593257756515,0.7258198768103878,0.707345881277147,0.7611942073321747,-0.007560972200365885,0.08549730749974763,-0.0005258136446936179,0.978414882772681,0.6388880638285095,0.9963353517526804,0.3007323815223277,4.776997690968668,1.2947829888252569,16,0.5634367666726698,-0.006110073894724399
Qwen3.5-2B-Base,1.2,4,3,20000,6535,38766,5350,1.4284489324521368,0.4841875601841313,0.757396037328858,0.7146723513452086,0.5218910107126222,0.32675,0.9185046728971963,0.0,1071.4816513761468,1083.5556962662483,0.5444793401981668,0.5053571177531165,0.7186618656544336,0.7011450248842794,0.75123753980684,-0.009084726845030307,0.04245913525466747,-0.0009418535722033328,0.9773176029223023,0.608616103946396,0.9911512500778191,0.2621111283083114,4.619647334534853,1.1634549999586945,15,0.5422188434379218,-0.002260496760244979
Qwen3.5-2B-Base,1.2,5,6,20000,6380,35575,4699,1.30771461374801,0.5897108613708517,0.7635602785831044,0.7427949129083158,0.632966470437676,0.319,0.9361566290700148,0.0,934.25,1032.771946833698,0.7285679371237668,0.5134271414228591,0.7474141694027443,0.7207165647945258,0.7238509252678997,0.00512077606189357,0.06833949600658892,-0.0018118239869659991,0.9724239500279316,0.6152568774911975,0.9943242612502731,0.27586788475052704,4.624955410218155,1.0705080782608816,19,0.6430229437760473,-0.08554499334771948
Qwen3.5-2B-Base,1.3,1,1,20000,6719,38813,4799,1.4149422185931266,0.5128743317546546,0.7251485372062012,0.698916384399005,0.6093413173652694,0.33595,0.9485309439466556,0.0,1268.8987854251013,1023.7548543969688,0.5704062306777451,0.511541215302288,0.7164834399010401,0.6971910909348844,,,,-4.833552346561465e-05,0.9666374866258146,0.6185710578290791,0.9966710847718152,0.27980315873547523,4.512466367145888,1.347961575866294,15,0.56335506171069,-0.007051168967055044
Qwen3.5-2B-Base,1.3,2,1,20000,6730,38657,5100,1.3960618706775902,0.579293807853068,0.7040643722649671,0.7171038686307555,0.6073561022211608,0.3365,0.9464705882352941,0.0,1414.6373626373627,1121.3290242306473,0.5556146046577481,0.4908265794541703,0.7240177439797212,0.6959043262130327,0.7795141682470423,-0.013091693861594773,0.06739268895544163,-0.001492164803556184,0.9724288840262582,0.6164346513597566,0.9965106125398868,0.2709470471066042,4.497889147825491,1.258251611640544,15,0.5595226410135526,0.003908036355804501
Qwen3.5-2B-Base,1.3,3,2,20000,6563,37256,4643,1.3744128101605726,0.5943341475220933,0.7208204667929617,0.7040732139741757,0.5806840077071291,0.32815,0.9485246607796683,0.0,1221.857740585774,1009.6104828311728,0.5660887533308763,0.47605769683357013,0.7332394417059387,0.7096283967145494,0.7556937570518972,-0.012922455111953297,0.03247638305139858,0.0007765559618272411,0.9727892831638307,0.6218093275197315,0.9962793651827284,0.2788812540261971,4.642091946367658,1.2970951013053014,22,0.5400120740462693,-0.026076679284606996
Qwen3.5-2B-Base,1.3,4,3,20000,6455,37561,4515,1.4686931954665965,0.6219866883686599,0.7774493353470593,0.7221567943708445,0.5910771506038945,0.32275,0.9464008859357697,0.0,1027.4421487603306,998.481776610611,0.5774316344337228,0.5364697138072761,0.7206078005741895,0.6976261649375769,0.769501882595124,-0.009146801040592012,0.024829460359878118,-0.001396150975566668,0.9612525507725197,0.6340217961983778,0.9958542782240947,0.3027075956444184,4.62773439152531,1.26010130162458,20,0.603492527341715,0.026060892907992184
Qwen3.5-2B-Base,1.3,5,3,20000,6727,38795,4987,1.4595776274608845,0.5684742717854145,0.7469318316821156,0.7110994966033471,0.5865566037735849,0.33635,0.940445157409264,0.0,1243.141414141414,1107.3605073025467,0.5758382119205162,0.5201233790545193,0.721625334648443,0.6944875229099112,0.7652204446579423,-0.006026656538260857,0.03190633061294731,0.0003564722931802544,0.9718825510727099,0.6120778390410255,0.9953052242305128,0.27101430596726384,4.526830631076815,1.3373258584580858,15,0.5585413292127374,-0.01729688270777885
Qwen3.5-2B-Base,1.4,1,1,20000,6982,40511,4935,1.4916380758756569,0.5849584330600089,0.7806425184633399,0.7236653168467485,0.6169522927281149,0.3491,0.9463019250253293,0.0,1280.6075471698114,1126.8373393604786,0.5663630552806181,0.48775998972626616,0.7138863318673077,0.691012987012987,0.7539978285706275,-0.016542459572681547,0.03991819315009323,0.0018824817270314265,0.9698887243898945,0.612642986413479,0.9956703756668283,0.2688652464762657,4.421890121381149,1.4168625277716378,14,0.5422473539097805,-0.024115701370837628
Qwen3.5-2B-Base,1.4,2,2,20000,6898,39511,4549,1.4648298602487095,0.6589915001095495,0.7947962151934513,0.7249877627826042,0.5945446139620897,0.3449,0.9564739503187514,0.0,1120.2777777777778,1033.6542310193252,0.5661471852962635,0.4800023530873695,0.7155307802495556,0.6952061963575465,0.8089416296173181,-0.07266270824779944,0.17204645095427681,0.00027855887816918834,0.9708634828750603,0.6169422531938954,0.9965124084560605,0.2787578142795677,4.51659615824732,1.3942038254671956,15,0.5429780334428082,-0.02316915185345536
Qwen3.5-2B-Base,1.4,3,2,20000,6945,40608,4793,1.4267578389631825,0.5982874358222178,0.7873835640803144,0.7048365940491772,0.6181267474370923,0.34725,0.9572292927185478,0.0,1374.180487804878,1086.5820394244338,0.612791260268497,0.5030695458923011,0.7056549628629305,0.6850936125225932,0.8599487535034848,-0.07574200865744762,0.1451523072329831,0.0014605585242744024,0.8965624476712197,0.610906179970644,0.9970143122186758,0.2721384948778566,4.425901866731784,1.464029622364558,18,0.5515501370413105,-0.061241123227186445
Qwen3.5-2B-Base,1.4,4,3,20000,6965,41554,5027,1.4492599654110785,0.57420402709443,0.7817122453246931,0.7096717346696597,0.5894568690095847,0.34825,0.9578277302566143,0.0,1372.188679245283,1159.0512923776955,0.5917679763249446,0.4758836998154048,0.7033999029077456,0.6854779778117319,,,,0.0001899440575990896,0.9289131107356196,0.6043884366927844,0.9970471060599607,0.2594455407421668,4.455991086555567,1.3696954331787177,18,0.5688146121779246,-0.022953364147019983
Qwen3.5-2B-Base,1.4,5,3,20000,6731,39427,4763,1.405585204073145,0.5949443749032545,0.7833244220081943,0.73533558513129,0.6049117787315212,0.33655,0.9573798026453916,0.0,1361.3103448275863,1071.1992346140898,0.5577724804281741,0.4833345790404458,0.7125676281057238,0.6936213991769548,,,,0.0004328217368312348,0.9610697359512526,0.6169257468643394,0.9971915755563573,0.27554721383823266,4.604850788583217,1.4709659598046931,15,0.5358097510504504,-0.0219627293777237
Qwen3.5-2B-Base,1.5,1,1,20000,7013,40853,4947,1.4612864368584446,0.6739806029516986,0.794251431596543,0.735887325075013,0.6320688852687922,0.35065,0.9545178896300789,0.0,1392.4711111111112,1090.4534878505513,0.6083168782931954,0.4802472958488593,0.7139025254314489,0.6907952921967481,,,,0.0005283860926138528,0.9693747341556784,0.6114738855938354,0.9966105083260847,0.26989449979193697,4.432049101968721,1.517208209405595,16,0.5726322214800595,-0.03568465681313582
Qwen3.5-2B-Base,1.5,2,1,20000,6954,39767,4642,1.4845717434414727,0.7655254413402125,0.8353428324003892,0.7303118932731041,0.6424185167690127,0.3477,0.9502369668246445,0.0,1119.1688311688313,951.0421042467831,0.6088400946156094,0.47217402680251513,0.7126308754733793,0.6877366026464766,,,,0.003329262906338726,0.9695898841290447,0.621202329437733,0.9956811725972512,0.2774410943747328,4.476088902020663,1.4885380146530351,15,0.6050482696938496,-0.003791824921759779
Qwen3.5-2B-Base,1.5,3,0,20000,7089,41660,4998,1.447805655022925,0.6860649254160577,0.798042674167262,0.726766494612249,0.6144386244591209,0.35445,0.95578231292517,0.0,1369.8280542986424,1039.9921542213267,0.584282840850228,0.5300326209779858,0.7089902215126721,0.6876813769638747,0.7513516229885184,-0.02491794949862527,0.06540825465903186,0.00011555365460913514,0.9688973330518612,0.6119519570731589,0.9969379364803915,0.26176188190110417,4.465076838421041,1.4427581875481428,14,0.5953407307828898,0.01105788993266188
Qwen3.5-2B-Base,1.5,4,2,20000,6834,40287,4653,1.4751496102750021,0.6365060794919266,0.8093117612012569,0.7143007184234721,0.6023446658851114,0.3417,0.9574468085106383,0.0,1223.540404040404,1004.9422798057861,0.5417658466492238,0.49936559771087774,0.7081782821734665,0.69243081027009,,,,-0.0021034133373242225,0.9511151267297542,0.6221279209342049,0.996873283140216,0.28329237719363565,4.568202429204997,1.5236821243497218,14,0.5355089889270868,-0.006256857722137021
Qwen3.5-2B-Base,1.5,5,2,20000,6991,41688,4951,1.5299050479177752,0.7004059881593326,0.7873557782835782,0.7294231732729605,0.6322671024982489,0.34955,0.9535447384366794,0.0,1392.9608695652173,1183.4231347494072,0.5787407409393105,0.5044690791805586,0.7018015327958594,0.6830197585811585,,,,0.00022345930051492768,0.9688933011865929,0.6074955668738918,0.9965766219944172,0.27110919209364803,4.355001386537297,1.5509650516142537,16,0.5571548571815691,-0.021585883757741398
Qwen3.5-4B-Base,0.4,1,0,20000,156,81125,16442,0.3353076737883969,0.42522710448244055,-0.0,-2.1504522859666256e-16,0.0,0.0078,0.006811823379150955,0.9845451779738363,7.774280465401103,9.439762930078542,0.718958957392705,0.5015806427404672,0.012774239643257492,0.003845869388358849,0.08424550996014203,-0.0001524656457686811,0.2505719548438793,0.10851935864595126,1.031858954531395,0.7493295595382773,0.4418559674454386,0.00034514637904468415,0.000991511658684707,1.7414831199699699,25,0.49109709066810603,-0.22786186672459896
Qwen3.5-4B-Base,0.4,2,0,20000,69,81592,16962,0.24271830104402078,0.582099624301251,,7.969005827226671e-17,0.0,0.00345,0.0025940337224383916,0.9942789737540548,12.00762501477716,5.677182968081379,0.28363805995895863,0.5085641657540889,0.009179596538961199,0.004387685067163447,0.05587511068616774,-0.00026385471021830685,0.1699557827622013,0.1440710040410809,1.022092267706303,0.7588390577999216,0.6299500918438261,1.2256103539562702e-05,0.000991511658684707,2.013387547623273,19,0.25847985259675615,-0.025158207362202478
Qwen3.5-4B-Base,0.4,3,0,20000,77,74223,13902,0.3098361408862423,0.7159618096330422,,-1.6662733538845887e-16,0.0,0.00385,0.0033808085167601784,0.9908600215905001,25.97979068928185,14.63156650745721,0.1140476314438465,0.5073206008506012,0.008351702179769778,0.003917535869937809,0.07513080608586367,-0.0009847154354822823,0.23866080651965516,0.16625046285654738,1.0161736849774152,0.8314258700320029,0.8237986347859433,0.05010576236476564,0.000991511658684707,2.106796891817096,25,0.15201697607693762,0.03796934463309112
Qwen3.5-4B-Base,0.4,4,0,20000,108,71168,15898,0.3883680712887005,0.7415591004220482,-0.0,-4.651071500744534e-17,0.0,0.0054,0.0044030695684991825,0.9895538355043736,28.986542835481426,27.444545292541772,0.224528147745659,0.5050588088100655,0.012236732121079244,0.004877246821569487,0.036183385908402504,-0.00022614085519368328,0.04752230509869286,0.192114504885449,1.0123397545759922,0.8059681428139647,0.7192311617338432,0.01271638938848921,0.000991511658684707,2.0374335174157423,24,0.2966878481008976,0.07215970035523861
Qwen3.5-4B-Base,0.4,5,0,20000,104,63087,11037,0.39445703185780684,0.35166812666500186,-0.0,-1.3417776309803087e-16,0.0,0.0052,0.005979885838543082,0.9871260199456029,11.125968462309725,2.7218770497017655,0.24455931585719753,0.5032526659123446,0.010251138199441914,0.003818363390706691,0.5984176305998442,-0.0373883965883154,0.2487707159953308,0.1303608997764084,1.0239265814487053,0.8450678771613336,0.5920748987376574,0.047489974162664254,0.000991511658684707,1.768303624738493,22,0.17829036327084044,-0.0662689525863571
Qwen3.5-4B-Base,0.5,1,0,20000,93,71621,13357,0.2878805130464441,0.6104766073334456,,-2.973348592419325e-16,0.0,0.00465,0.005465299094107958,0.9884644194756554,17.09229147847034,6.2153153851030725,0.08523914212233862,0.48651279672468234,0.009790121108363452,0.004156634140159676,0.08075465430502549,-0.0005892874436848268,0.26060665465359056,0.15235827817871964,1.0212396694214876,0.8372627023943738,0.6580861837441176,0.05050194775275408,0.000991511658684707,1.9870294653507594,21,0.10470262158646933,0.019463479464130712
Qwen3.5-4B-Base,0.5,2,0,20000,151,77145,12661,0.3814558640424462,0.41204443074476205,-0.0,-1.584110036275186e-16,0.0,0.00755,0.00805623568438512,0.9713134186818397,11.867107253762242,9.286425267221619,0.5821628383187206,0.5220569095005833,0.01324400496799465,0.0038654259126700073,0.09063140960787408,-0.0005161187223171773,0.2628716520442761,0.12262973921775873,1.026161981630949,0.8035758053787339,0.5434149081971816,0.047404238771145246,0.000991511658684707,1.7368588950098796,27,0.379046921472669,-0.20311591684605163
Qwen3.5-4B-Base,0.5,3,0,20000,100,76936,14718,0.335403022626906,0.702078136602541,,-2.0696624557568774e-16,0.0,0.005,0.004688136975132491,0.9856569913670042,22.040480578879105,14.598990393670631,0.26278403784815285,0.49164289700442376,0.010280140070035018,0.004177506503902342,0.02632956509357458,-4.3373628507862874e-05,0.026802739688708336,0.15429212019948713,1.017293114339861,0.8393451105298999,0.7017154786759097,0.01965269834667776,0.000991511658684707,2.16598697130625,23,0.2702783741904177,0.0074943363422648734
Qwen3.5-4B-Base,0.5,4,0,20000,210,81473,15613,0.4045264219671973,0.4157203673072596,0.6393606405883784,-1.5108825440246629e-16,0.0,0.0105,0.008838788189329405,0.9661027809816737,12.903586429725364,13.411961846745456,0.8503724303163364,0.508275263692207,0.019206375798769836,0.004978577754374207,0.08566820178243752,-0.0001501776515833876,0.1841807021857545,0.11329432278826194,1.0246653218411883,0.7202200555194432,0.5285593555955811,0.012899979134191695,0.000991511658684707,1.88760862870882,26,0.6298645878445328,-0.22050784247180355
Qwen3.5-4B-Base,0.5,5,0,20000,85,72533,14991,0.32207732296962016,0.48025033238073267,,-1.7720227895417755e-16,0.0,0.00425,0.003602161296778067,0.9892552055525894,4.299457722434224,3.5964835727430517,0.862676548597976,0.50414514194367,0.009215637656004628,0.0031433534618247995,0.0770783336987553,-9.387538093297264e-05,0.2648604555459428,0.06777324172808434,1.0360655737704918,0.6963106554432555,0.3694977594095245,0.0004687521541918851,0.000991511658684707,2.095698751912879,23,0.673189452631727,-0.18948709596624902
Qwen3.5-4B-Base,0.6,1,0,20000,216,76004,14299,0.3620813430341023,0.6671506806327613,0.25082547971341324,-4.633986666065584e-16,0.0,0.0108,0.009720959507657879,0.9644556395186118,24.51207627118644,10.175341076744356,0.09903659088972087,0.4874821409694005,0.01812938785939382,0.004544791717299373,0.10339965489693143,-0.0003488033549398058,0.238859366331198,0.1430311507808062,1.017719325878091,0.8024240067483139,0.6635242627610957,0.0443397715909689,0.000991511658684707,1.469578692316666,27,0.10727310770359533,0.008236516813874453
Qwen3.5-4B-Base,0.6,2,0,20000,142,87282,16853,0.27517768393974795,0.44807705877734516,-0.0,3.959827544366731e-17,0.0,0.0071,0.005755651812733638,0.9838537338240532,8.26157794222965,5.510555984169604,0.6904899098886754,0.5087464066367584,0.012262843926400037,0.004330789853578057,0.07416186495711656,-0.00016361054678706654,0.2085218338330332,0.11117013582287673,1.0313441265060241,0.7332987200134656,0.46485354934973394,0.0003207992484131894,0.000991511658684707,1.9449490182139386,24,0.5540177137450906,-0.13647219614358486
Qwen3.5-4B-Base,0.6,3,0,20000,316,81876,15230,0.5100357094296263,0.5153568300605079,0.9194336846068377,-1.8425046379797049e-16,0.0,0.0158,0.013854235062376888,0.9605859554621297,42.19894799920101,37.52067636334034,0.52111532853983,0.4965935465954726,0.024543531642799835,0.005865174008274519,0.10020969726398865,-0.000432694268240372,0.1595152858527639,0.18568212171102116,1.0118479221927499,0.7452035375794577,0.6561428341992672,0.0042259025843959155,0.000991511658684707,1.5505026291182447,27,0.39725543326029045,-0.12385989527953956
Qwen3.5-4B-Base,0.6,4,0,20000,209,72745,14026,0.5552898951147203,0.5648633440645671,2.3774862730022566,0.0068095739492936794,0.0,0.01045,0.009411093683159845,0.9600542121406662,60.29235641284007,67.98336808783615,0.424240883110494,0.5022891689402703,0.020532026508360227,0.0056874053206474075,0.0989434129811799,-0.0003441749186743909,0.19532969927094357,0.19464880233631385,1.0021711366538952,0.7901100018266163,0.7791131440423944,0.017595711045432675,0.0014872674880270604,1.840903956611909,37,0.41638893489944173,-0.007851948211052284
Qwen3.5-4B-Base,0.6,5,0,20000,107,97995,15779,0.30308419212915017,0.48182071164712975,-0.0,-2.1109893086903517e-16,0.0,0.00535,0.004816528297103746,0.9861146335277707,12.131121441762721,5.360606562333348,0.4751499598660327,0.4514096752355662,0.010549620968647016,0.004632842156822727,0.06925783939946353,-0.00014038512031052096,0.210910976599993,0.10598126380480254,1.0256729146308963,0.768181318697493,0.5757192521719381,0.00010204602275626308,0.000991511658684707,1.7114256577293836,21,0.4008910937407613,-0.07425886612527138
Qwen3.5-4B-Base,0.7,1,0,20000,555,78260,14611,0.4783461603860291,0.36642785378503057,0.8180111925092654,0.07537729549378781,0.0,0.02775,0.0253233864896311,0.892906053136127,17.950986588020506,50.44032348543144,0.5157617920080373,0.49178491622101134,0.04408324836562107,0.004954286534871476,0.1489194473418847,-0.0003187197992475454,0.1735390246038612,0.1290712658942364,1.0212688734030198,0.7267862252064063,0.49441332885525374,0.032852031689240994,0.000991511658684707,1.5551268540783345,27,0.46610187151633875,-0.04965992049169854
Qwen3.5-4B-Base,0.7,2,0,20000,235,70906,13240,0.3871564423139251,0.40406633758088306,-0.0,-1.0372395565693706e-16,0.0,0.01175,0.013217522658610271,0.9641048892919217,14.713356295445848,13.107175504268248,0.47805513774272507,0.517333922633294,0.019648245882243464,0.00456790779200085,0.09926800079345482,-0.0007164160317365869,0.17379475116176005,0.1584039750925097,1.024656426839127,0.8054870487853636,0.5170883003387272,0.033805319719064676,0.000991511658684707,1.5407917567020548,22,0.38410029928620515,-0.09395483845651992
Qwen3.5-4B-Base,0.7,3,0,20000,433,76787,14074,0.47631666602561545,0.3409935357051699,0.8758677636590928,0.060595078494495205,0.0,0.02165,0.021600113684808867,0.9120636951731002,19.990849673202614,42.37428658024934,0.583106313582712,0.48981533102773145,0.03610919345213718,0.00592114429015929,0.4416752643806687,-0.004794997101950972,0.1532221053137134,0.13519371610353534,1.0199692780337941,0.772362820716077,0.5383925078240217,0.056598122077955906,0.000991511658684707,1.4566308624284132,25,0.39337651427063225,-0.18972979931207978
Qwen3.5-4B-Base,0.7,4,0,20000,479,76867,15600,0.4345139805901412,0.42227173674080903,0.6379093545517611,0.041842879982733255,0.0,0.02395,0.021346153846153845,0.9209260565638427,24.3024824785485,36.33153484477705,0.46308416995112717,0.4952756107078231,0.04059548708089219,0.0055679866784617785,0.14136056835214317,-0.0003712263469880463,0.16496586507248684,0.16779694145936527,1.0213991230940382,0.7117360159681339,0.5600362810449331,0.0008716354222228004,0.000991511658684707,1.4080765003474662,23,0.3256825446275088,-0.13740162532361838
Qwen3.5-4B-Base,0.7,5,0,20000,239,65104,11529,0.3353442209897548,0.30956397024127374,0.2270990052702457,1.369046672975614e-16,0.0,0.01195,0.01249024199843872,0.9524388127061274,9.068774703557311,11.49029167421958,0.953626916794728,0.4892241278265146,0.02230699698181428,0.004423691324649791,0.5650511708531143,-0.017623226298271885,0.17460470987046114,0.0822161637811285,1.0232384924772828,0.6971729223986873,0.4365538506309305,0.0013056033423445564,0.000991511658684707,1.8936201211569375,24,0.68862287154493,-0.26500404524979804
Qwen3.5-4B-Base,0.8,1,0,20000,734,78166,12872,0.5073787433075474,0.2973142861382179,0.7377209547474115,0.1456579026733138,0.0,0.0367,0.0406308266003729,0.8413525068013992,24.201473803546847,83.81761292756792,0.6323242895200714,0.5018117928291893,0.061243518021815206,0.0059360847427270165,0.1746106262612137,-0.0002266158468508078,0.19369468916659002,0.09363165373044674,1.0141446267157683,0.7185663087261575,0.4993442725594532,0.001087429317094389,0.000991511658684707,1.6194035810235883,28,0.4942385815748794,-0.13808570794519198
Qwen3.5-4B-Base,0.8,2,0,20000,840,74348,15172,0.5840092343328467,0.27993346664581165,1.0786854697021893,0.2919837164658406,0.0,0.042,0.036910097548114945,0.7823277283217935,40.28250752805913,161.35202052777686,0.5822596520611105,0.4901305916568339,0.0867211931681501,0.006106418464518212,0.2259763925177428,-0.00036911847015180446,0.153510122561616,0.11817385461165442,1.0091017804942866,0.7394062224164458,0.5663210440107352,0.00345671706031097,0.0014872674880270604,0.7500492885266306,26,0.5202886885358567,-0.061970963525253775
Qwen3.5-4B-Base,0.8,3,0,20000,743,74821,13082,0.5388382717718824,0.21935231911521683,0.8697521546751081,0.1916156695618017,0.0,0.03715,0.04143097385720838,0.8118546845124283,28.55071770334928,113.36682170476618,0.6748075288072014,0.4873531860710222,0.06323976210306521,0.006188460476672495,0.1890790742248251,-0.00024423686667012336,0.21815447004945837,0.0801025864723169,1.0114085125054848,0.7748927597782662,0.5003561579430198,0.07306772162895443,0.007436337440135303,0.7315523886862699,28,0.5209785317419761,-0.15382899706522535
Qwen3.5-4B-Base,0.8,4,0,20000,597,76364,14510,0.5041162822312744,0.31205593570542606,0.7509861601305468,0.07437878629491418,0.0,0.02985,0.02866988283942109,0.8896779976556575,15.618844898538384,53.75524265474361,0.511750841564611,0.49563038166238493,0.04648643443510918,0.005141326701420441,0.12673062727508466,-0.00016423221003058073,0.09936181473630419,0.11358483939226972,1.023144069832626,0.7352757217631829,0.4460904286665895,0.044458121627992245,0.21862832073997787,0.9007990222255711,29,0.42986112606773663,-0.0818897154968744
Qwen3.5-4B-Base,0.8,5,0,20000,883,77162,16486,0.663313425737885,0.17274318155662102,1.0755517271634498,0.2012477988150096,0.12340966921119594,0.04415,0.03712240689069513,0.7917956186661812,94.44342950737054,961.8537776930141,0.8589352612838205,0.5008865680462616,0.09095836667268926,0.03165687365723604,0.379293802285537,-0.0028788327917411453,0.16617422942410046,0.13267668608997707,1.0046893317702228,0.6426747292496785,0.492278258960677,0.002954822321868277,0.0014872674880270604,0.7542110909907118,26,0.6206946471255678,-0.2382406141582527
Qwen3.5-4B-Base,0.9,1,0,20000,1303,68851,13603,0.6865345270874096,0.14095728985289907,0.9456916856352506,0.3577119682261058,0.004626060138781804,0.06515,0.06608836286113358,0.7265372168284789,35.89948047858942,161.3042331222457,0.772623347647203,0.49893428241335014,0.12669702884406853,0.012141280353200883,0.4666786184129792,-0.0024111539179457173,0.13220223409004883,0.07107365774328792,1.0052792029147148,0.6452228082587698,0.4153866811223124,0.0026433893480123745,0.03420715222462239,0.8272738453601369,26,0.6894509691277265,-0.08317237851947645
Qwen3.5-4B-Base,0.9,2,0,20000,1178,49523,11004,0.8049991722849843,0.09594236220027536,0.9444922163049637,0.28738240187056757,0.0,0.0589,0.07106506724827336,0.6912794398472311,45.219722167873215,193.26007683527686,0.8613323936884683,0.5466316544686989,0.1506898476752532,0.007390356190937727,0.26435430094946677,-4.7809509057465996e-05,0.1724215884105422,0.014558769982007419,0.9951845906902087,0.6008561625506338,0.3470627179485335,0.006643377824445207,0.0029472138680420507,0.8485452801765523,25,0.7712920682117439,-0.09004032547672436
Qwen3.5-4B-Base,0.9,3,0,20000,1442,69498,13439,0.6389632946436107,0.29451836869663917,0.916976955770186,0.42396447015921745,0.0,0.0721,0.07574968375623187,0.718061346039309,53.65960872715562,216.81294634188484,0.6835431189118731,0.47670822676777647,0.12948762879371978,0.007259122762933803,0.44838095141310913,-0.0012783102265971993,0.08450230174712937,0.0805521709238306,1.0078782939418636,0.6502763316973135,0.4507484234023394,0.013626291404069181,0.001983023317369414,0.5951377523636088,27,0.6065219949683834,-0.0770211239434897
Qwen3.5-4B-Base,0.9,4,0,20000,982,105534,15996,0.551930823302726,0.2712915977607657,0.5847710849521097,0.22933119761118262,0.0,0.0491,0.039072268067016754,0.8308837325661392,13.060308372910026,84.56802913182878,0.8087838136464185,0.5180298651823594,0.054373366298326904,0.00623495745446965,0.4664779875276623,-0.00875713364706017,0.17002910471380275,0.07062304185086421,1.0145593869731802,0.6385287167616899,0.3482254964049944,0.002700551481039286,0.001983023317369414,1.0492366434444667,25,0.6591055248408306,-0.14967828880558787
Qwen3.5-4B-Base,0.9,5,0,20000,1112,67591,11788,0.5962238231260302,0.297298934493732,0.7373874044515496,0.27497432491638485,0.009990917347865577,0.0556,0.0675262979300984,0.7405143875732111,38.74699781659389,163.83179185569045,0.757684568266972,0.5153721940848903,0.10095523506274583,0.007672781816083996,0.15870992909076825,-9.957738348900311e-05,0.15902723320218015,0.1339962514889837,1.0089486941535197,0.7155371785532921,0.5772119683689987,0.013626074477371247,1.2716137022631366,0.3976833465677575,30,0.6312354106138511,-0.12644915765312081
Qwen3.5-4B-Base,1.0,1,5,20000,7550,70946,11526,1.2736769171812552,0.14823929269430586,0.8314798504313461,0.9045108031827437,0.9128451988852293,0.3775,0.521603331598126,0.0,746.797424737033,1410.3645591938798,0.570731385349903,0.4950679876234113,0.5534365558912386,0.6093225307819412,0.536448839214139,-0.0002244308592086674,0.1289430021276573,0.004794629388570004,0.9872194361945567,0.5035688282119698,0.8648220711026091,0.02831731175823866,3.424681269096978,0.1974544057958516,25,0.5733842650529942,0.0026528797030912488
Qwen3.5-4B-Base,1.0,2,0,20000,6535,61356,9375,1.3387541812263406,0.20675961283002367,0.8592492402639466,0.9064803109751661,0.60132320509679,0.32675,0.49738666666666664,0.0,661.1982173174873,1250.5731401546568,0.8133233606623305,0.4859489938729319,0.5683165488179416,0.6272339324970904,0.537659313961259,-0.000678885724828995,0.14677403006391115,0.00034618956410825685,0.9880859620459972,0.4891434981981058,0.8586527493300703,0.07397809505182867,4.192607048748283,0.15491153616302156,20,0.7812969913653479,-0.03202636929698255
Qwen3.5-4B-Base,1.0,3,1,20000,5098,43496,6758,1.3355573876915385,0.2592255067487067,1.0324105284201215,0.8151010596759035,0.31561290322580643,0.2549,0.5865640722107133,0.0028143978669826764,333.0769506084467,614.3087129986075,0.7525789951025635,0.4837443448263221,0.5991088478676002,0.6946891900103299,0.5233998266722363,-0.001098053194016916,0.060758796927421276,0.007243073886244233,0.9966607977657701,0.5985572795908578,0.9218772219455907,0.137897737723009,6.1071560488216345,0.49155511325758816,25,0.6278226385414386,-0.12475635656112494
Qwen3.5-4B-Base,1.0,4,3,20000,6297,58942,8924,1.1224306030863327,0.2134494783528711,0.7524865006766447,0.9051580569671783,0.5540473840078973,0.31485,0.502017032720753,0.0,608.3188568856885,1156.5211276182188,0.7705071330180128,0.4879263257260008,0.5106242479382502,0.514375408763898,0.5294320719386465,-0.000253647508636225,0.11157642865011856,0.0007772722644434626,0.9901715665143547,0.5380483827927766,0.8680677532538832,0.11716602762037256,4.958742615485709,0.19514229331580646,26,0.7769541541778704,0.006447021159857624
Qwen3.5-4B-Base,1.0,5,3,20000,6402,54930,8754,1.3223258636925148,0.2779164386165939,0.8658306876603907,0.8551870719035911,0.5834776156319564,0.3201,0.5548320767649074,0.0,614.9679240441366,1144.919734795893,0.6549483854907502,0.5148680295639751,0.5935099116094384,0.6359656234798119,0.547892797121614,-4.760488349479243e-05,0.0553472523033677,0.0007876918428232349,0.9930277863221573,0.5177992589469559,0.8785347366364548,0.1055889313671946,4.74652307598395,0.18404415341158997,29,0.6794213225092522,0.02447293701850206
Qwen3.5-4B-Base,1.1,1,1,20000,10013,75647,10351,1.908735928157341,0.554354113646459,0.8277819671991531,0.8319630523544702,0.7800888888888889,0.50065,0.7939329533378418,0.0,2191.9507735583684,2071.580876665445,0.5050074242344051,0.47956237870795915,0.5973469146038138,0.570794851283543,0.6587961354658156,-0.002153597760680726,0.034662439562670545,-0.0006549387010583718,0.9738073521830511,0.4974973049632627,0.9806410924344321,0.07819212923182678,3.2769460319529564,0.7454250635665403,19,0.49745294425390085,-0.007554479980504292
Qwen3.5-4B-Base,1.1,2,2,20000,10128,84920,10889,1.8510401057537884,0.5075059069227524,0.6631474747806095,0.8788499585693433,0.6704601682335477,0.5064,0.7219212048856645,0.0,2077.294253632761,2031.3909602604838,0.540989813916805,0.520332834070969,0.5625834374057965,0.5257383056693253,0.6063263842467279,-0.001741620878151101,0.046563857193935534,-0.0010233682614577688,0.9750645871208496,0.4721327507660642,0.9746220259821587,0.057053697597739046,3.0637710253357446,0.5008035631777685,21,0.5174798217658023,-0.02350999215100269
Qwen3.5-4B-Base,1.1,3,2,20000,10672,86344,10782,2.04458643136294,0.5936916170346674,0.7606738387661928,0.914424182206212,0.725185903653411,0.5336,0.7573734001112966,0.0,2111.803134556575,2081.1451514226173,0.5617700671640082,0.5110260909717761,0.5632938783459199,0.526881487420634,0.6408815821021969,-0.006101597510575122,0.11041894547390928,-6.5162868697621334e-06,0.9756448917657453,0.4705374444010432,0.9778513426158524,0.046870656907254706,3.0836012585094386,0.46380976349704706,22,0.5635922926969095,0.0018222255329012338
Qwen3.5-4B-Base,1.1,4,1,20000,10610,85648,11082,1.9887216393979634,0.4638834469496455,0.7326947227013176,0.9177458845175017,0.7345103809056727,0.5305,0.7472477892077243,0.0038826185101580313,2061.9689396644058,2097.9156484328005,0.546941054284099,0.49951265449652216,0.5622844921653354,0.5301412256995903,0.6645522064349842,-0.006984752538641579,0.11084414996857608,-0.00020058758622931716,0.976964874830196,0.47198599743566677,0.9759707581342354,0.04548851111526247,3.073686141922592,0.47167094592920056,19,0.5398113865522978,-0.007129667731801237
Qwen3.5-4B-Base,1.1,5,0,20000,10120,76132,10242,1.9383841688215784,0.45871421488124575,0.7726329288669185,0.8755682865346767,0.7002688172043011,0.506,0.7876391329818395,0.0,2060.1264367816093,2084.829865020814,0.5915739645587945,0.5014826374656068,0.5957676787086856,0.5772725087727731,0.6429763436164176,-0.0058726464212602685,0.11645333598620779,-0.00046864691014880666,0.9750231826795146,0.48779058859077573,0.9788865228976548,0.06299584931434876,3.277441787782299,0.5063526331298769,19,0.5524931448647623,-0.03908081969403221
Qwen3.5-4B-Base,1.2,1,0,20000,8399,53864,6185,1.4919531314145347,0.6082815595442346,0.8167594851000205,0.7566762245245466,0.692664248286981,0.41995,0.9070331447049312,0.0,1458.2173913043478,1306.465646947544,0.5288105797864194,0.496464296592004,0.6649022503619003,0.6348189662841385,0.7008797077766313,-0.01112140479587778,0.030678372257875723,0.0008944022960661879,0.970707248416608,0.5517576343488567,0.9923811808258688,0.1593643249665825,3.8049422990385073,1.0127052662597542,20,0.5320691747925326,0.003258595006113141
Qwen3.5-4B-Base,1.2,2,1,20000,9333,64113,8258,1.6152985083971012,0.511324048583849,0.9238672562938229,0.7909507669083414,0.6672025723472669,0.46665,0.87539355776217,0.0,1870.8445092322643,1723.731631021415,0.5192126991219322,0.5107916136627276,0.6218462141503888,0.5942043984476068,0.7822223649450635,-0.08045055864247608,0.21721524457448105,0.0014145357906536482,0.9407686004244321,0.5179303593081832,0.9897564637265249,0.12173818102412927,3.5387051098457194,0.7514365560146581,22,0.5056782636030075,-0.013534435518924748
Qwen3.5-4B-Base,1.2,3,0,20000,9666,67814,8417,1.7736395717303577,0.8831566927625454,0.8379960604120279,0.8109888793874109,0.6571232641865249,0.4833,0.8709754069145776,0.0,2082.8922651933703,1805.93843324548,0.5627114217142699,0.48978777850667204,0.6191935565574186,0.5912117848854808,0.7109426846814773,-0.04885810059456275,0.1536464699138221,-0.0008656802153794718,0.972246083364012,0.5080217812611987,0.9911355982209757,0.10912201020438257,3.478718654495294,0.8110890579998211,16,0.5423100394216117,-0.0204013822926582
Qwen3.5-4B-Base,1.2,4,2,20000,10070,71607,9091,1.820417085806173,0.8034434924814633,0.8086413692890005,0.8290316936988011,0.7231348391512663,0.5035,0.8431415685843141,0.0,2225.427769985975,1914.7905354300367,0.5431075733054321,0.47154980830417836,0.6146299902629017,0.5909837874960143,0.8084349222868921,-0.038846958222719254,0.1800251066387949,-0.0010847089961013578,0.9727711988593608,0.500805708939916,0.9891714139364765,0.09627550379152876,3.4073298150699953,0.8120139029918394,18,0.5449346030367207,0.0018270297312885653
Qwen3.5-4B-Base,1.2,5,3,20000,10506,77472,10172,1.8382954650842216,0.8195782457516845,0.8020039448168792,0.8177440105171833,0.6896108073335477,0.5253,0.8179315768777035,0.0,2537.8920086393086,2163.420308220881,0.5543311175938738,0.48647735436458384,0.6008433210349016,0.5746091133744429,0.629666158472149,-0.00905476438800854,0.024015413514211686,-0.0009282671974012446,0.9720050345169533,0.49536081628985246,0.9875691804323038,0.08329460966542751,3.295784753467966,0.7921297356634514,21,0.530030695987171,-0.02430042160670276
Qwen3.5-4B-Base,1.3,1,1,20000,9513,65971,8153,1.7070813335251036,0.7532246231543233,0.832290987606278,0.7870859147781699,0.6902985074626866,0.47565,0.890469765730406,0.0,2088.1937290033593,1749.708744115086,0.5241591172819327,0.4932604846605706,0.6257669494227949,0.5991276459268762,0.6968237259790113,-0.02156256175391197,0.08387144619292855,-0.000372919533952798,0.9715025378641172,0.5140801921655994,0.9926945452487362,0.12158372618271665,3.464837491273709,0.8952499522734627,19,0.5183173770199377,-0.00584174026199491
Qwen3.5-4B-Base,1.3,2,0,20000,7793,51777,6549,1.2857135089458231,0.28653458088797157,0.9305051656941427,0.7530165900725101,0.49462984273110855,0.38965,0.8763169949610627,0.0,1030.6098765432098,1230.379481118234,0.563053546995304,0.49363949981108135,0.6123843007820908,0.5491722164272914,0.7407430631334635,-0.03598807145663335,0.15401589639306543,-7.026549204358634e-05,0.9745043820593335,0.5648926726235357,0.9839516410038944,0.20516831797902543,4.004615510497308,1.0732826132369355,15,0.5325118874945576,-0.030541659500746388
Qwen3.5-4B-Base,1.3,3,1,20000,9107,63466,7363,1.5939878323241725,0.6503399766147587,0.8101425127215908,0.7951267837145645,0.625089221984297,0.45535,0.8886323509439087,0.0,1807.5243902439024,1575.91736911653,0.5708010420038736,0.4995840279845543,0.6234496401473248,0.5992580761502396,0.7770064878147257,-0.04976471747386648,0.1563588820715411,-0.00011099743379638927,0.9710880093520374,0.5226426527761392,0.9919636299251328,0.1319446632842782,3.5644844129715216,0.8508573926565965,23,0.535108898855257,-0.03569214314861657
Qwen3.5-4B-Base,1.3,4,0,20000,7028,48886,6511,1.0677631715802,0.23469556956860915,0.9266728293855271,0.7192136578838543,0.5435976279376236,0.3514,0.8216863769006297,0.0,867.817398794143,1123.4556153352814,0.5530116224222261,0.49232753804306006,0.5771345500604526,0.5273375810052824,0.7496767792747767,-0.062340498056175524,0.17191547077765773,0.0006563468567096775,0.9688239838512722,0.5811689030586785,0.9700902692922555,0.23888229759031215,3.81976605288755,1.5056476470053695,18,0.528021113791942,-0.02499050863028407
Qwen3.5-4B-Base,1.3,5,2,20000,9965,70657,8729,1.7304836264786494,0.6461137888895155,0.8137464516697327,0.8187443374452761,0.6901289009497965,0.49825,0.8683698018100584,0.0,2311.615317667537,1879.8918649276266,0.5007480550259623,0.5124273839322074,0.6136627064618951,0.5862770751562727,,,,0.005543933112818533,0.9709794199818991,0.508713163151647,0.9918712485882777,0.10991126144614122,3.3463518480608863,0.8920129948013993,19,0.5161722103839868,0.015424155358024438
Qwen3.5-4B-Base,1.4,1,0,20000,8975,60443,7419,1.6034255375821078,0.7201834695760916,0.8979206170383374,0.7933153432734743,0.7114797864225781,0.44875,0.9051085051893786,0.0,1936.1349431818182,1572.7104580676437,0.5194676057520834,0.4925315299045854,0.6374477518261822,0.6039389089330766,0.6756756791974126,-0.021454450706457427,0.03920070798233819,0.002621095915423588,0.9692881384338208,0.5349397737564725,0.993650919596325,0.15373161490991513,3.577869820363765,1.1195248628378376,17,0.506884161207068,-0.012583444545015365
Qwen3.5-4B-Base,1.4,2,0,20000,8058,52584,6844,1.620586630055515,0.8300882805150989,0.8762864867764131,0.7752314876732789,0.6607584501236603,0.4029,0.9178842781998832,0.0,1734.049822064057,1450.67151747399,0.5425904336536176,0.4801384985158895,0.6551051821446896,0.6247582205029013,0.6825454566216164,-0.010189661446667305,0.02440114864376892,-0.0005971662600007255,0.9692534908700322,0.5588714666794222,0.993901860955738,0.19669481211014758,3.8442569177199575,1.1690040699108022,16,0.532727222990078,-0.009863210663539568
Qwen3.5-4B-Base,1.4,3,3,20000,8968,60468,7478,1.6516964525927196,0.5859559954640536,0.914643740800022,0.7621757914902536,0.7553337247993737,0.4484,0.9057234554693768,0.0,1768.6326241134752,1603.7550863806155,0.5345949031347424,0.5092568608137997,0.6316924808403451,0.6086932735180677,0.6944467573623245,-0.016109961400788225,0.07152429833243804,1.9799010350873836e-05,0.967187731987189,0.5388509235007791,0.9925446660056676,0.15141893232784281,3.593238251073378,1.177327674838965,15,0.5255107906678541,-0.009084112466888339
Qwen3.5-4B-Base,1.4,4,3,20000,9101,61366,7370,1.606385680291791,0.7380753877159308,0.8604330515816512,0.7937385831870261,0.6662394727206151,0.45505,0.9135685210312076,0.0,1972.2182103610676,1649.6071425508333,0.544416899340019,0.512656380800959,0.6378709361042266,0.6185844917807495,0.6686649117395334,-0.0184109608953646,0.029863033633541154,0.004180028231513089,0.9716589095744681,0.5361166112521909,0.9943657905445208,0.14967571619463546,3.6790040095496055,1.127386045269991,16,0.5628347033083869,0.018417803968367896
Qwen3.5-4B-Base,1.4,5,0,20000,8274,57279,7386,1.2873242039357733,0.26683543448067815,0.9480332021402071,0.7650156276116578,0.6112950340798442,0.4137,0.8632548063904685,0.0,1506.5158415841584,1597.4232314706437,0.5361916810073348,0.4997405252990489,0.6027607982836093,0.5739397761311682,0.6155291084444637,-0.006726841538376104,0.01829511069133762,-4.770317633684407e-06,0.9685695097380792,0.5490619751035445,0.9848916251847034,0.1776392744286737,3.6802280730145607,1.1907379272232272,18,0.5329809562061955,-0.003210724801139375
Qwen3.5-4B-Base,1.5,1,1,20000,8813,58169,6938,1.6193121615504156,0.6126091674365474,0.8751164277482844,0.7807464656999691,0.6203346203346203,0.44065,0.9175554914961084,0.0,1783.5734265734266,1544.6890491599117,0.5204284709304104,0.5069051299192399,0.6453379096183706,0.620756651735118,0.6664459293773151,-0.010990723158445006,0.01579208935206745,0.0009271241862619517,0.9710438563167447,0.5496071239008493,0.9937566905438284,0.16692740119307534,3.8261535255797883,1.1824143222950643,16,0.5375542643106315,0.01712579338022102
Qwen3.5-4B-Base,1.5,2,0,20000,8934,57882,7275,1.6670869710505618,0.7388359073868175,0.8760574852126941,0.8118961068519018,0.6875708349074424,0.4467,0.9221993127147766,0.0,1988.6802120141342,1633.0672246664599,0.5215854477597552,0.48353588810731296,0.651837257684518,0.6311891487059998,0.6817113024649148,-0.00985825933133237,0.027770442346906666,-0.0009547425162884648,0.9700069751220647,0.5462179885871999,0.9948839321975899,0.16540548011471615,3.784455017166841,1.1602180424866313,15,0.5291865838257681,0.00760113606601287
Qwen3.5-4B-Base,1.5,3,0,20000,8539,55558,6748,1.5923092631375255,0.5386557444870339,0.9455857056467846,0.8052227548423433,0.6878829808262502,0.42695,0.9173088322465915,0.0,1609.9802867383512,1427.8222199300874,0.5360128541193777,0.4478748917967794,0.6442877094972067,0.6140236468286597,0.6644122197972909,-0.011161195987962188,0.025189054313624042,0.0024379343683701427,0.9689362901302812,0.5625357578923265,0.9929570247688594,0.18533784513481408,3.785679865692017,1.2790606239609499,18,0.5273695754900463,-0.008643278629331452
Qwen3.5-4B-Base,1.5,4,0,20000,7685,50881,6002,1.3419097800091808,0.3189070009745778,0.9506609780750952,0.7332175263312791,0.6420940170940171,0.38425,0.8872042652449184,0.0,1051.9630723781388,1217.5047563453293,0.5131440551256194,0.503226208907063,0.6172021735701894,0.5886656040077423,0.6611601071260452,-0.026319420281747503,0.0387792360782856,0.0039568013834284654,0.9690810258316298,0.5813966673205704,0.9846962417867157,0.22562449637389204,3.8834797924495605,1.4839137896929455,15,0.5220333826236638,0.008889327498044386
Qwen3.5-4B-Base,1.5,5,1,20000,8871,58221,7069,1.6286491754920283,0.7985465577632677,0.8797427981939888,0.7734889481043984,0.6715658564160543,0.44355,0.9251662187013722,0.0,1891.875236294896,1621.5829157573114,0.5293717583285801,0.4970365424841756,0.6494205638201693,0.6239821742957746,0.6927304745466446,-0.017957763179307282,0.045730359659074814,0.0026608410071977673,0.9698369507899344,0.5547310090714782,0.994689009132914,0.17011044124972088,3.7644872779528304,1.2596388791285706,16,0.5270807895547556,-0.002290968773824509
