sequenza,livello,n_eventi,frequenza,n_chars,gamma,gamma_se,gamma_stretto,stimabile,mean_tau,sigma_tau,cv_tau,B_goh,gamma_A1,gamma_A2,tipo,label,gruppo,fonte
vocali,vc,15066,0.30132,50000,1.290462096103372,0.004585886864307233,1.290288976149439,True,3.3186193162960507,1.744207987322316,0.525582424822696,-0.3109747251004422,0.9133869739043666,0.9289852857664184,vocali,Industrial Revolution,wikipedia,Industrial Revolution
spazio,lettere,7806,0.15612,50000,1.1984643946921707,0.014302900372577735,1.270860087877429,True,6.405637411915439,3.021742328251019,0.4717317159772622,-0.358943330695266,1.0115353541919097,0.9748678330918713,spazio,Industrial Revolution,wikipedia,Industrial Revolution
e,lettere,4568,0.09136,50000,1.2685203856315144,0.004553422916850508,1.2322483508579238,True,10.945697394350777,9.43528726910798,0.8620087810921632,-0.07410879062927835,0.9724776285693819,0.9580841194204863,lettera,Industrial Revolution,wikipedia,Industrial Revolution
t,lettere,3418,0.06836,50000,1.0242428496236147,0.012617692340520448,1.107323173687221,True,14.62774363476734,12.459236694578886,0.8517538320104046,-0.08005716819748558,0.8935682812147182,0.9935028179869457,lettera,Industrial Revolution,wikipedia,Industrial Revolution
n,lettere,3258,0.06516,50000,1.0294822648815758,0.005240214742308393,0.9999390649133643,True,15.342646607307339,13.154856428772728,0.857404642462884,-0.07677129381352103,0.9703810554748443,0.97635646337396,lettera,Industrial Revolution,wikipedia,Industrial Revolution
a,lettere,3215,0.0643,50000,1.0984426089915509,0.0035172625204231748,1.1111572980466278,True,15.55102675793404,13.413776145434648,0.8625653054446081,-0.07378785278220634,0.9902614242912612,0.9949670366392618,lettera,Industrial Revolution,wikipedia,Industrial Revolution
i,lettere,3056,0.06112,50000,1.1062789656596048,0.014641979799874093,1.0367645925310924,True,16.353518821603927,14.551336304132864,0.8897984869720957,-0.05831389631625391,1.0632081601851249,0.9204520004254332,lettera,Industrial Revolution,wikipedia,Industrial Revolution
o,lettere,3004,0.06008,50000,1.2659696159806102,0.009614396250210353,1.1875677909331284,True,16.643023643023643,15.60156513170184,0.9374237197723169,-0.03229870657051571,0.95616649166081,1.0436370794458132,lettera,Industrial Revolution,wikipedia,Industrial Revolution
r,lettere,2603,0.05206,50000,1.2177594085115393,0.008367618230945983,1.157394642237063,True,19.210607225211376,16.08226385745159,0.8371554146578849,-0.0886395261080511,0.9371919875288128,1.0001059551647635,lettera,Industrial Revolution,wikipedia,Industrial Revolution
s,lettere,2486,0.04972,50000,1.1214592078876706,0.0075811443918002725,1.0839209355749566,True,20.111066398390342,17.560768033968557,0.8731893021532708,-0.06769774827400389,0.9654300951350109,0.9428076463510333,lettera,Industrial Revolution,wikipedia,Industrial Revolution
d,lettere,1789,0.03578,50000,1.0016522294477936,0.019912654092127377,1.1160640722336899,True,27.949664429530202,24.912645029621814,0.8913396828943811,-0.05745150809680698,1.0581376011629242,1.016511213702247,lettera,Industrial Revolution,wikipedia,Industrial Revolution
h,lettere,1716,0.03432,50000,1.234368541487052,0.007736112286516785,1.219236661171043,True,29.146938775510204,26.442303843880456,0.9072068956379655,-0.04865392662655771,1.0076129683699857,0.9235096558575212,lettera,Industrial Revolution,wikipedia,Industrial Revolution
l,lettere,1692,0.03384,50000,1.1427342421842497,0.007141794276759965,1.1921458190084915,True,29.554701360141927,28.595192318676972,0.9675344700738893,-0.016500615577470196,1.0293447308566925,0.9905735050603646,lettera,Industrial Revolution,wikipedia,Industrial Revolution
c,lettere,1505,0.0301,50000,1.2235451844564864,0.01070412796951401,1.138468455751639,True,33.211436170212764,32.54464933693893,0.9799229750301532,-0.010140306074048642,1.091279288924919,0.9840594233707476,lettera,Industrial Revolution,wikipedia,Industrial Revolution
u,lettere,1223,0.02446,50000,1.1168340112031057,0.01030298949475329,1.0494266417137919,True,40.89525368248773,40.390787546787955,0.9876644331487349,-0.00620606106621521,1.0373535977393773,1.0236546919979337,lettera,Industrial Revolution,wikipedia,Industrial Revolution
m,lettere,1009,0.02018,50000,1.213682036291284,0.013740910208822031,1.1375881035717939,True,49.57242063492063,48.38342713311689,0.9760150203162326,-0.01213805534733686,0.9524517467761985,1.0771112109433825,lettera,Industrial Revolution,wikipedia,Industrial Revolution
p,lettere,914,0.01828,50000,1.0793402015513927,0.010951219693687212,1.1147442463558828,True,54.51040525739321,56.070348114351255,1.0286173410304351,0.014106820666286409,0.9529620011672836,0.9762619666113155,lettera,Industrial Revolution,wikipedia,Industrial Revolution
w,lettere,875,0.0175,50000,1.323126545965613,0.011249215828069202,1.2452119011387368,True,56.95080091533181,60.75412754907258,1.066782671579898,0.03231238218619661,0.9861169070819112,1.0347850291383693,lettera,Industrial Revolution,wikipedia,Industrial Revolution
f,lettere,832,0.01664,50000,1.0932226636045992,0.006891190172186236,1.126793730437499,True,60.104693140794225,59.57866008046872,0.9912480534740726,-0.004395206569396551,0.9360731660576613,0.9610897341289255,lettera,Industrial Revolution,wikipedia,Industrial Revolution
g,lettere,810,0.0162,50000,1.104458026878415,0.005963798728521027,1.1002867694165321,True,61.567367119901114,63.865233442680506,1.0373227966416745,0.018319530269428844,0.9417927984081137,1.0363056238638342,lettera,Industrial Revolution,wikipedia,Industrial Revolution
b,lettere,629,0.01258,50000,1.1778769389860595,0.009438053864033725,1.1380020462835185,True,79.39331210191082,82.01229001056146,1.0329873869638901,0.016226065727419126,0.9191832620918724,1.0068302336082804,lettera,Industrial Revolution,wikipedia,Industrial Revolution
the,parole,573,0.01146,50000,1.0536473030152589,0.0161298685254989,1.1565186741541547,True,87.23076923076923,83.67167025708522,0.9591990417478906,-0.020825325749296495,1.0140450282157605,1.022159327045843,funzione,Industrial Revolution,wikipedia,Industrial Revolution
and,parole,289,0.00578,50000,1.1099562303848498,0.0019211110584522314,1.1084282421271123,True,172.68055555555554,165.3698906560042,0.9576636473282638,-0.021625958437505387,1.0146568797169258,1.0625034193335314,funzione,Industrial Revolution,wikipedia,Industrial Revolution
of,parole,274,0.00548,50000,1.104184059015034,0.005430752334581129,1.0953603628303243,True,181.3113553113553,184.45117852778475,1.0173173004583063,0.008584321591041695,0.9949331427053142,1.0558863822170543,funzione,Industrial Revolution,wikipedia,Industrial Revolution
in,parole,269,0.00538,50000,1.1386821430650733,0.00837421569888442,1.0677454696935522,True,185.15671641791045,183.71435467057043,0.9922100490047333,-0.003910205652841876,1.0110361003860246,1.034904318808551,funzione,Industrial Revolution,wikipedia,Industrial Revolution
was,parole,164,0.00328,50000,1.117113639928033,0.006155358315685377,1.0967726867484446,True,305.3680981595092,326.3043712236997,1.0685607736707796,0.03314419114170602,0.9944509780638459,1.113839739401237,funzione,Industrial Revolution,wikipedia,Industrial Revolution
to,parole,164,0.00328,50000,0.7774173048939759,0.022962805763903034,0.8830111682864697,True,304.6196319018405,258.21015482868563,0.8476477803370543,-0.08245739327825405,0.9788991033225969,0.9189765267415367,funzione,Industrial Revolution,wikipedia,Industrial Revolution
iron,parole,59,0.00118,50000,1.5782407781950307,0.008321105268816275,1.518103443703914,True,833.7413793103449,2004.0979907437977,2.4037405848820286,0.4124111546916497,0.9363710692089194,1.4442399521864828,keyword,Industrial Revolution,wikipedia,Industrial Revolution
industrial,parole,52,0.00104,50000,1.2118212229968162,0.015774134393905452,1.1050248709987958,True,967.7647058823529,1135.231017691735,1.173044450568897,0.07963226455105163,0.9962482406390819,1.1616925955304465,keyword,Industrial Revolution,wikipedia,Industrial Revolution
cotton,parole,46,0.00092,50000,1.628137053824462,0.006556218664466194,1.5767788191026801,True,893.8222222222222,4373.829315001636,4.893399611532834,0.6606373007378991,1.045977299686147,1.6061212367772952,keyword,Industrial Revolution,wikipedia,Industrial Revolution
revolution,parole,43,0.00086,50000,1.2556307991969176,0.023976280803806656,1.1351667758216077,True,1171.952380952381,1650.9672841358413,1.408732394736202,0.16968775594557703,1.0488649372369825,1.1441451893707077,keyword,Industrial Revolution,wikipedia,Industrial Revolution
steam,parole,41,0.00082,50000,1.3738448160145171,0.00859694148527647,1.3700038596723605,True,1075.15,2004.8412373999813,1.8647084010602997,0.3018486631100916,0.9940862465778686,1.3006684974379308,keyword,Industrial Revolution,wikipedia,Industrial Revolution
century,parole,40,0.0008,50000,0.9973858096280908,0.005124302578757172,1.0301885922619851,True,1219.6666666666667,1246.1341554316425,1.021700592045621,0.010733830781373847,0.8904700678894141,1.0197313876445102,keyword,Industrial Revolution,wikipedia,Industrial Revolution
machine,parole,36,0.00072,50000,1.494576114384567,0.005116815511253023,1.4705187291788056,True,1003.5428571428571,1729.7678753292328,1.7236611899704803,0.26569427674604545,0.9753224836301596,1.348281146604755,keyword,Industrial Revolution,wikipedia,Industrial Revolution
as,parole,63,0.00126,50000,1.0009484298551519,0.017241104254929054,1.1080300244323213,True,773.8870967741935,934.4470461860636,1.2074720590136918,0.09398626730813128,0.9518937707011873,1.129652935089278,appaiata,Industrial Revolution,wikipedia,Industrial Revolution
with,parole,53,0.00106,50000,1.1044267010969113,0.00904896320233709,1.0281305048831257,True,941.3269230769231,1045.5607505939117,1.110730740789054,0.05246085568813938,0.9485009975901016,1.0688680502847143,appaiata,Industrial Revolution,wikipedia,Industrial Revolution
which,parole,39,0.00078,50000,1.0222198440752166,0.0036968801848800636,1.0297817686671935,True,1205.1842105263158,1058.187917079033,0.8780300205035975,-0.06494570276554794,0.9957745702681734,1.0139326702582319,appaiata,Industrial Revolution,wikipedia,Industrial Revolution
on,parole,38,0.00076,50000,1.0201115141737322,0.008629444589429498,1.0154046149876974,True,1233.4594594594594,1269.5303942489609,1.0292437132918084,0.014411139036803905,0.9938720116252556,1.0164071110715862,appaiata,Industrial Revolution,wikipedia,Industrial Revolution
th,parole,39,0.00078,50000,1.0215028195153002,0.0031525304157733088,1.0404073816513641,True,1251.7631578947369,1450.731081944372,1.1589501358901366,0.07362381059560759,0.9797870720769097,1.0675753941851989,appaiata,Industrial Revolution,wikipedia,Industrial Revolution
from,parole,35,0.0007,50000,1.0416986556057195,0.005327396680299831,1.0772331247795575,True,1450.764705882353,1615.0857198158062,1.1132651030640517,0.05359720505478799,1.0114424462710347,1.079779594033666,appaiata,Industrial Revolution,wikipedia,Industrial Revolution
coal,parole,34,0.00068,50000,1.3392144060428153,0.010034659637405291,1.2915227164485557,True,1343.8484848484848,2527.212027625652,1.8805780979918938,0.3056949223510939,1.0093565796625645,1.224107869113304,appaiata,Industrial Revolution,wikipedia,Industrial Revolution
vocali,vc,15572,0.31144,50000,1.1088564721706793,0.002789337882279308,1.1249141158917124,True,3.210904887290476,1.5894115832994302,0.4950042555264401,-0.3377888341165519,1.013428265915094,0.9397622789806098,vocali,Protestantism,wikipedia,Protestantism
spazio,lettere,7420,0.1484,50000,1.3755131810828487,0.01471711022697908,1.2763573178082428,True,6.736622186278474,3.515082469260635,0.5217870873655865,-0.3142442964621699,0.9013051545569434,0.946557386473924,spazio,Protestantism,wikipedia,Protestantism
e,lettere,4850,0.097,50000,1.186651646733357,0.004263362882839309,1.1672168457609324,True,10.308723448133636,8.435848493770392,0.8183213504769766,-0.09991558943932874,0.9904596672399464,1.0239351509445942,lettera,Protestantism,wikipedia,Protestantism
t,lettere,3964,0.07928,50000,0.9873400339398866,0.010833884029941121,1.047904580323189,True,12.614685844057533,10.37023642227022,0.822076471064508,-0.09764877147639371,0.9674770851214979,0.9852987619171886,lettera,Protestantism,wikipedia,Protestantism
i,lettere,3359,0.06718,50000,1.2129998212730633,0.01729876843487467,1.107569545438693,True,14.886539606908874,13.09104903992848,0.8793883189517661,-0.06417602995186507,0.9707017691699075,0.9954354632847336,lettera,Protestantism,wikipedia,Protestantism
a,lettere,3324,0.06648,50000,1.151265876316039,0.006348929593775649,1.1049556768412183,True,15.039422208847427,12.027835412542458,0.7997538233527811,-0.11126309279020064,0.9984783979242629,1.0398958310226147,lettera,Protestantism,wikipedia,Protestantism
n,lettere,3144,0.06288,50000,1.260265729073046,0.01724869084771362,1.1175709519873769,True,15.901049952274896,13.388579105221197,0.8419933995179828,-0.08578022077786206,0.9946850316000612,0.9974801548084424,lettera,Protestantism,wikipedia,Protestantism
o,lettere,2986,0.05972,50000,1.1743485061902825,0.0032812747879341166,1.150646123188868,True,16.72964824120603,14.783953810069274,0.8836978277675676,-0.0617414165467643,0.9396335840447435,0.9789767620963596,lettera,Protestantism,wikipedia,Protestantism
r,lettere,2807,0.05614,50000,1.1216230242543865,0.0046447151099500315,1.1444012919549165,True,17.81753385602281,15.027183655097275,0.8433930181655123,-0.08495582889336219,0.9648546749228347,0.9400712443573059,lettera,Protestantism,wikipedia,Protestantism
s,lettere,2638,0.05276,50000,1.1570054254843452,0.015332150053612846,1.0607175632461028,True,18.947667804323096,17.700346547161278,0.9341701960345099,-0.03403516614021675,0.8789577412877958,1.0086324983280714,lettera,Protestantism,wikipedia,Protestantism
h,lettere,2251,0.04502,50000,1.1788344704493676,0.005786631831280085,1.1885282642697754,True,22.205333333333332,20.51967286911276,0.9240875856751875,-0.03945372076093611,0.9386242446156774,0.9399148903735703,lettera,Protestantism,wikipedia,Protestantism
c,lettere,1588,0.03176,50000,1.1364873973741325,0.004075398014658366,1.134962617439606,True,31.458727158160052,31.21133720916001,0.9921360470893728,-0.003947497924209014,0.8865242657396758,1.0242849088854606,lettera,Protestantism,wikipedia,Protestantism
l,lettere,1580,0.0316,50000,1.0122622566315431,0.004268130383351512,1.0402266121377552,True,31.57188093730209,30.42752605614027,0.9637539846474662,-0.01845751333206878,0.9648907099141056,0.9284238796990527,lettera,Protestantism,wikipedia,Protestantism
d,lettere,1511,0.03022,50000,0.9599678295189217,0.021776119563518333,1.053404676959623,True,33.0682119205298,30.3294258383617,0.9171776784075896,-0.043200128253737397,1.0412650150091374,1.0065270223613443,lettera,Protestantism,wikipedia,Protestantism
m,lettere,1075,0.0215,50000,1.2402963811776695,0.011132207609320193,1.1479646092164955,True,46.512104283054,48.34115273895291,1.0393241390406258,0.0192829272638951,0.9600925265353134,1.0006580444497633,lettera,Protestantism,wikipedia,Protestantism
u,lettere,1053,0.02106,50000,1.157371760915191,0.01061122591715455,1.0966926205301752,True,47.4277566539924,42.837616403905216,0.9032182718745397,-0.050851617786401807,0.9673952020095985,0.9511832693786589,lettera,Protestantism,wikipedia,Protestantism
f,lettere,987,0.01974,50000,1.192860679300735,0.014367731843434605,1.2396417598406266,True,50.599391480730226,52.25663691008226,1.0327522798368665,0.01611228291894715,0.9647129916795011,1.0118165616471373,lettera,Protestantism,wikipedia,Protestantism
p,lettere,829,0.01658,50000,1.191569349233904,0.0065342819279630825,1.1386035471363256,True,60.29951690821256,63.55149793458896,1.053930465667354,0.02625720128740157,1.0108691068663227,0.9837289792929108,lettera,Protestantism,wikipedia,Protestantism
g,lettere,757,0.01514,50000,1.2788814887623634,0.014630409612864619,1.16004590610851,True,66.07142857142857,70.81890104700969,1.0718536374682548,0.034680846257102334,1.066023211318127,1.0909501957463883,lettera,Protestantism,wikipedia,Protestantism
y,lettere,533,0.01066,50000,1.079901330970591,0.003961872452752251,1.0771931156795738,True,93.87218045112782,87.43239851085508,0.9313983982333781,-0.03551913568395353,1.0266056434196775,1.0618272330492393,lettera,Protestantism,wikipedia,Protestantism
w,lettere,498,0.00996,50000,1.2303791366415997,0.005004275328234978,1.2453146227254894,True,99.46076458752515,115.6998121958552,1.1632708905433735,0.07547408475614575,0.9740619168153839,1.078298361467302,lettera,Protestantism,wikipedia,Protestantism
the,parole,718,0.01436,50000,1.2424496168383103,0.0027435546317443956,1.2293386508187236,True,69.63737796373779,62.09104999277037,0.8916339444185132,-0.0572870115284374,0.9900993014097516,0.9714041362665734,funzione,Protestantism,wikipedia,Protestantism
of,parole,376,0.00752,50000,1.2000176817512058,0.008388701063761963,1.219799765909764,True,133.02666666666667,133.88373651030503,1.0064428423647265,0.0032110769510549455,1.01227086464694,0.9906061258968831,funzione,Protestantism,wikipedia,Protestantism
and,parole,254,0.00508,50000,1.1311516630584264,0.010039803819726608,1.0594534632309922,True,196.37549407114625,171.86896688474258,0.8752057770633792,-0.06654961522785609,1.0008185355820711,0.9963127795314665,funzione,Protestantism,wikipedia,Protestantism
in,parole,199,0.00398,50000,1.206838052338155,0.008445014969774537,1.1454467630988823,True,251.35858585858585,265.94934386944635,1.0580475815497674,0.028205169827053293,1.0044433827287034,0.9946599352058051,funzione,Protestantism,wikipedia,Protestantism
to,parole,149,0.00298,50000,1.1991378006219677,0.006602380663177705,1.1872464925155441,True,323.8310810810811,359.405487723304,1.1098548246927409,0.05206748038161303,1.0443008564787888,1.0744167890542942,funzione,Protestantism,wikipedia,Protestantism
as,parole,107,0.00214,50000,1.1148601153876228,0.007637314064495462,1.064735074100154,True,459.74528301886795,462.3765536426891,1.0057233227202316,0.002853495621953136,0.9526795579039952,1.049692940523422,funzione,Protestantism,wikipedia,Protestantism
church,parole,79,0.00158,50000,1.1775161889659869,0.006069164154962666,1.2127926844930819,True,630.0769230769231,817.6162337516946,1.2976451030120901,0.12954354988152575,0.9589478676873311,1.076536135803236,keyword,Protestantism,wikipedia,Protestantism
protestant,parole,70,0.0014,50000,1.2051702682587102,0.010354665278046751,1.1919392645219262,True,708.4202898550725,834.4759258113671,1.1779390536401533,0.08170065794208074,0.9611788384985518,1.070289085488933,keyword,Protestantism,wikipedia,Protestantism
reformation,parole,52,0.00104,50000,1.11718416217878,0.009052678198859352,1.056959784609482,True,973.1372549019608,1214.711785068505,1.2482430191112985,0.11041645275937559,1.0063543124987229,1.11671809270912,keyword,Protestantism,wikipedia,Protestantism
catholic,parole,40,0.0008,50000,1.1425666342369534,0.013683327018604622,1.0361944848412568,True,1251.5384615384614,1568.5102191864444,1.2532656944943932,0.11239939218584835,0.9482114627021317,1.1582628787543336,keyword,Protestantism,wikipedia,Protestantism
reformed,parole,32,0.00064,50000,1.1562539041599516,0.008991797726080488,1.1026048568568,True,1524.774193548387,1965.884681420851,1.2892956148778536,0.12636883284000394,0.9025794502614891,1.1422968297716862,keyword,Protestantism,wikipedia,Protestantism
faith,parole,31,0.00062,50000,1.2344846701962053,0.012750397556205537,1.2780528774918967,True,1639.9333333333334,2262.571971548481,1.379673140096232,0.15954844121192144,0.9751499856830508,1.1382650101177634,keyword,Protestantism,wikipedia,Protestantism
denominations,parole,28,0.00056,50000,1.380695443369147,0.024302758760613986,1.2001636310679666,True,1719.3703703703704,5053.532718254917,2.93917634346946,0.49227964792292483,1.0082061574245564,1.3147216691611405,keyword,Protestantism,wikipedia,Protestantism
that,parole,75,0.0015,50000,1.25133387009311,0.01952368786726219,1.1386508583369046,True,667.1891891891892,1004.3825565398502,1.505393931458092,0.20172234198873557,1.001445581636095,1.188890229335987,appaiata,Protestantism,wikipedia,Protestantism
by,parole,66,0.00132,50000,0.9791097322951863,0.010756475820516555,1.0337626188689657,True,756.723076923077,720.5898301845403,0.9522503702603354,-0.024458763315945525,1.050221997205127,1.0066608386719254,appaiata,Protestantism,wikipedia,Protestantism
was,parole,56,0.00112,50000,1.1331929013237931,0.006627576108403023,1.0863979500810523,True,815.6545454545454,1100.1337160845464,1.3487740885100656,0.1484919687322117,0.9589397720489968,1.1741544412662732,appaiata,Protestantism,wikipedia,Protestantism
from,parole,39,0.00078,50000,1.105437387658032,0.006493454611831796,1.1530631938715021,True,1295.3947368421052,1721.6104581760883,1.3290238173832678,0.14127112609476727,1.1208546088370577,1.1990445613489795,appaiata,Protestantism,wikipedia,Protestantism
with,parole,34,0.00068,50000,1.0158216186856621,0.003258482274300421,1.0327246297757433,True,1490.6969696969697,1692.9126248282957,1.1356517516584423,0.06351773015104262,0.9963698028601252,0.9772867330272369,appaiata,Protestantism,wikipedia,Protestantism
or,parole,29,0.00058,50000,1.16230109232057,0.01577115887752167,1.0730601104778241,True,1733.607142857143,2457.8722857952616,1.4177792794187867,0.1727946314103648,1.0100625935637826,1.147776579975871,appaiata,Protestantism,wikipedia,Protestantism
churches,parole,27,0.00054,50000,1.2812850764101587,0.021327594293327017,1.145854143159456,True,1761.7307692307693,3127.8583031549533,1.7754462587496733,0.2793951625995484,0.9689532774209212,1.2576995569227527,appaiata,Protestantism,wikipedia,Protestantism
vocali,vc,15373,0.30746,50000,1.262408739332141,0.005051182237780038,1.2206662510055737,True,3.252341920374707,1.6955544995325884,0.5213334086771667,-0.31463621885425136,1.0224414109255147,0.9782946584381674,vocali,Slavery,wikipedia,Slavery
spazio,lettere,7921,0.15842,50000,1.2498641370380852,0.005179923559584051,1.220531763258136,True,6.3121212121212125,2.9382334583889875,0.4654906583141459,-0.36473063724659754,1.031787642636729,0.9228211000942461,spazio,Slavery,wikipedia,Slavery
e,lettere,4998,0.09996,50000,1.144024550081419,0.004622452830938139,1.1213847351049924,True,10.004602761656994,8.22076904323593,0.8216986959984386,-0.09787639657053047,0.9378800769059948,1.0147488439601902,lettera,Slavery,wikipedia,Slavery
a,lettere,3824,0.07648,50000,1.3549911411512243,0.004841395957824049,1.3238788056744355,True,13.076902955793878,11.116543911796894,0.8500899600904033,-0.0810285138254961,0.9679089569726891,0.9851501657136872,lettera,Slavery,wikipedia,Slavery
t,lettere,3440,0.0688,50000,1.071430952804212,0.018528547283369272,1.1475811091440185,True,14.532422215760395,12.701363965119858,0.8740018543739559,-0.0672348030670098,0.9765394534405952,0.8816551524548369,lettera,Slavery,wikipedia,Slavery
n,lettere,2894,0.05788,50000,1.1775378848644233,0.00792534394499778,1.1160682772126624,True,17.275146906325613,15.038459030819407,0.8705256813366258,-0.0692181454417966,0.9975890489020021,1.0401002483678132,lettera,Slavery,wikipedia,Slavery
s,lettere,2879,0.05758,50000,1.1824874105940553,0.008539603989836032,1.1265696116770554,True,17.363446838082,16.08804237981291,0.9265465854698943,-0.03812698591567669,0.9944123613706662,1.0348406731227,lettera,Slavery,wikipedia,Slavery
i,lettere,2860,0.0572,50000,1.1476931143599503,0.01834485193438195,1.024688458911551,True,17.477789436866036,15.707028861103595,0.8986850950368265,-0.05336056264833559,1.004240294048999,0.9802906341780652,lettera,Slavery,wikipedia,Slavery
r,lettere,2708,0.05416,50000,1.064003716818184,0.00414048286779184,1.0485496935331016,True,18.462504617657924,15.188845055621748,0.8226860531747583,-0.09728167202267,0.9405094566686466,1.0369490207446281,lettera,Slavery,wikipedia,Slavery
o,lettere,2665,0.0533,50000,1.2331249836977827,0.007366126212557852,1.1899444070650869,True,18.757882882882882,17.71354697183746,0.9443254914445377,-0.02863435613041254,1.0312923307589894,1.0297927959180988,lettera,Slavery,wikipedia,Slavery
l,lettere,1812,0.03624,50000,1.021331686916328,0.010867108625523711,1.0642389028184196,True,27.588072887907234,25.93275092180899,0.9399986373523093,-0.03092855917135074,0.9459997059932329,0.9361934475504695,lettera,Slavery,wikipedia,Slavery
h,lettere,1702,0.03404,50000,1.0334640343545085,0.00816081442436775,1.0222758047609033,True,29.375073486184597,25.64718426370352,0.8730934503284105,-0.06775238557870081,0.9910389756401449,1.030681904169459,lettera,Slavery,wikipedia,Slavery
d,lettere,1574,0.03148,50000,1.0910628709970969,0.006414606962462424,1.1159633804663291,True,31.74125874125874,28.12044356427744,0.8859271711151518,-0.06048633830191688,0.9478026344564642,1.0100015703955283,lettera,Slavery,wikipedia,Slavery
c,lettere,1296,0.02592,50000,1.0929203121763846,0.006625086569893639,1.0446581227242386,True,38.55135135135135,34.57608521180923,0.8968838704689719,-0.054360802543771125,1.0385028088379153,0.931360759640912,lettera,Slavery,wikipedia,Slavery
u,lettere,1026,0.02052,50000,0.983368339685521,0.013683503389311303,1.0784410664255932,True,48.639024390243904,46.96427372865204,0.9655677579353794,-0.01751770801368255,0.9623093181696228,1.032955469895505,lettera,Slavery,wikipedia,Slavery
m,lettere,953,0.01906,50000,1.004564839384012,0.008538227941687147,1.0757381041104488,True,52.40546218487395,50.43949318502293,0.9624854181627949,-0.019115852525582032,0.9333599533697171,0.9495297900362188,lettera,Slavery,wikipedia,Slavery
f,lettere,893,0.01786,50000,1.1935061243280145,0.016087282397332234,1.086984063463312,True,56.01008968609865,56.1081898348751,1.0017514728029582,0.000874970158261254,0.9622970614719341,0.98539100259543,lettera,Slavery,wikipedia,Slavery
p,lettere,793,0.01586,50000,1.0253184056377638,0.011563555930014981,1.0114113211872777,True,63.05429292929293,64.10410174226061,1.0166492837235508,0.008255914331722328,0.9631569800439914,1.0014301031276576,lettera,Slavery,wikipedia,Slavery
v,lettere,699,0.01398,50000,1.1142979214293864,0.008339346149305931,1.0716856460303505,True,71.51289398280802,61.369899294271555,0.8581655122085412,-0.0763303843815721,0.9332572763248296,0.9664294791889119,lettera,Slavery,wikipedia,Slavery
y,lettere,673,0.01346,50000,1.2460685737910366,0.008782207936466703,1.1782729539448535,True,74.3110119047619,78.80858356981197,1.0605236229431814,0.029372933301648606,0.98876941851178,1.0831098543511064,lettera,Slavery,wikipedia,Slavery
b,lettere,632,0.01264,50000,1.097301490547268,0.006574987654328648,1.0490319906190153,True,78.84786053882726,82.741933809253,1.0493871773287768,0.0240985099717221,0.9636235243639945,0.8516808534484636,lettera,Slavery,wikipedia,Slavery
the,parole,646,0.01292,50000,1.3551267122940327,0.006502188850417318,1.3110986338440584,True,77.36589147286821,77.29691533635837,0.9991084425552824,-0.0004459775296521477,0.8921987878383774,1.066946299019083,funzione,Slavery,wikipedia,Slavery
of,parole,325,0.0065,50000,1.0581082839641014,0.00535304035852761,1.0244844310289833,True,153.96296296296296,157.9748927376313,1.026057758940593,0.012861310999454636,0.952271311727146,0.9660953000216671,funzione,Slavery,wikipedia,Slavery
in,parole,309,0.00618,50000,1.2313880149332983,0.009982147011658657,1.3030409705998716,True,161.37987012987014,198.38054894402228,1.2292769152954202,0.10284810905379906,0.9928361046430701,1.0464970140596934,funzione,Slavery,wikipedia,Slavery
and,parole,253,0.00506,50000,0.9162388779932573,0.011110446647846757,0.9566085802549116,True,196.80555555555554,161.00394036679458,0.8180863589561899,-0.10005775586383664,0.9854441091519085,0.971282399024168,funzione,Slavery,wikipedia,Slavery
to,parole,206,0.00412,50000,1.0279705507671042,0.004602592520651517,1.0180338732332466,True,242.85365853658536,248.31498428482527,1.0224881345463328,0.01111904399447922,0.939686255444693,1.0064040681555486,funzione,Slavery,wikipedia,Slavery
as,parole,129,0.00258,50000,1.19257046472354,0.008578476924763078,1.1346905956140343,True,378.578125,508.1098152954795,1.3421531296756237,0.1460848675265781,0.9577959728616436,1.1443795980455347,funzione,Slavery,wikipedia,Slavery
slavery,parole,133,0.00266,50000,1.3356289584297514,0.003194130968104728,1.317376914480792,True,374.5378787878788,492.14416998520664,1.3140037306184849,0.13569715833368956,0.9487095859405387,1.1880571926871202,keyword,Slavery,wikipedia,Slavery
slaves,parole,116,0.00232,50000,1.1753381676571293,0.006170224422714837,1.1860622413105775,True,425.7217391304348,440.14029955821417,1.0338685087053112,0.016652260733841996,0.8940983289577572,1.0877346282949754,keyword,Slavery,wikipedia,Slavery
slave,parole,95,0.0019,50000,1.1109801629684388,0.018595961696107898,1.252059330275834,True,528.7340425531914,724.1655958594641,1.3696216577290121,0.15598340626378668,1.0391504254463035,1.0983746719707537,keyword,Slavery,wikipedia,Slavery
labour,parole,44,0.00088,50000,1.1804120132081601,0.01446793512685332,1.0992874555498104,True,1137.1627906976744,1688.0550929035878,1.4844445375036663,0.19499108560919182,0.9579700161808805,1.1703248172519565,keyword,Slavery,wikipedia,Slavery
trade,parole,41,0.00082,50000,1.3035831622493241,0.009367891543705036,1.3800201271048698,True,960.4,1652.604669868688,1.7207462201881383,0.26490755177390235,1.0453563810221265,1.2925357345405433,keyword,Slavery,wikipedia,Slavery
african,parole,37,0.00074,50000,1.2980870902913018,0.017214415891897875,1.1638484252680377,True,1182.0833333333333,2097.4870457628235,1.774398628773626,0.2791230577834935,0.9697622816737347,1.21411835294409,keyword,Slavery,wikipedia,Slavery
africa,parole,33,0.00066,50000,1.200597195601766,0.019052467100858065,1.1790642617556033,True,1367.59375,1879.8542815760156,1.3745706878055093,0.15774248782278774,0.9677489186810898,1.143803894181885,keyword,Slavery,wikipedia,Slavery
was,parole,95,0.0019,50000,1.1042669207693814,0.005242322170353032,1.113048341471051,True,520.6914893617021,556.9277481873064,1.0695925698152375,0.03362621746436326,0.9789921544869347,1.0568602183,appaiata,Slavery,wikipedia,Slavery
were,parole,94,0.00188,50000,1.189559896094846,0.008315702960804113,1.1810637972207196,True,530.9784946236559,701.6037835543001,1.3213412419867947,0.13842912716777667,1.0210269733935604,1.146717343461708,appaiata,Slavery,wikipedia,Slavery
by,parole,65,0.0013,50000,1.0767038335744705,0.009135568790053415,1.0659102881329516,True,771.515625,944.4602723784577,1.224162209778263,0.10078500965116693,0.9718371947691041,1.1003626324963593,appaiata,Slavery,wikipedia,Slavery
or,parole,44,0.00088,50000,1.1666713722741404,0.022415821336207453,1.2999923514809137,True,1151.2790697674418,1649.950249258348,1.433145353360448,0.17801869204493903,0.9274553915635192,1.148707313989328,appaiata,Slavery,wikipedia,Slavery
on,parole,42,0.00084,50000,1.1622141165586917,0.007624086925014221,1.1050101904237126,True,1065.3902439024391,1163.056831759497,1.0916721252292616,0.043827196491999766,0.9463836603724949,1.1666401829840922,appaiata,Slavery,wikipedia,Slavery
it,parole,36,0.00072,50000,0.9428444916933434,0.008052775217798848,1.0055742790338549,True,1373.3428571428572,1276.514324309785,0.9294942757160313,-0.03654103832871139,0.9468211660482936,0.967069964661973,appaiata,Slavery,wikipedia,Slavery
their,parole,33,0.00066,50000,1.1605292837423584,0.004850365963754973,1.1234276079004806,True,1547.875,2253.6798689283496,1.4559831180995555,0.18566215489803375,0.9730053195326648,1.1271988813127887,appaiata,Slavery,wikipedia,Slavery
vocali,vc,15296,0.30592,50000,1.1990542716636001,0.003012958389176104,1.1948162734430583,True,3.268846028113763,1.747768573661757,0.5346744871523605,-0.303207955004886,0.9718921592250499,1.0296592176635273,vocali,Sigmund Freud,wikipedia,Sigmund Freud
spazio,lettere,7752,0.15504,50000,1.246523190784896,0.00928967557736377,1.1811399234756077,True,6.449361372726099,3.162560708866135,0.490368042057681,-0.3419504065846005,0.919577610674046,0.9325438382471681,spazio,Sigmund Freud,wikipedia,Sigmund Freud
e,lettere,4878,0.09756,50000,1.1589077509794383,0.00420050452815076,1.132449357209289,True,10.249743694894402,8.510763972772946,0.8303391993121081,-0.09269363883571699,0.8977643769945446,1.0066631429617279,lettera,Sigmund Freud,wikipedia,Sigmund Freud
t,lettere,3273,0.06546,50000,1.0794715000717738,0.005619810329933229,1.0955807488023677,True,15.25916870415648,13.7540991909626,0.9013662184111045,-0.05187521511311995,1.0052821390424607,0.980023181873606,lettera,Sigmund Freud,wikipedia,Sigmund Freud
i,lettere,3205,0.0641,50000,1.220949892443667,0.007347773632925063,1.17686393087791,True,15.597066167290887,13.771889594307892,0.8829794941300799,-0.062146457906055184,0.8656370684025495,0.9113405945746577,lettera,Sigmund Freud,wikipedia,Sigmund Freud
a,lettere,3180,0.0636,50000,1.0497449723669154,0.005073214652550673,1.0342481581272687,True,15.707140610254797,13.470457477038439,0.8576008715579917,-0.07665754825070498,0.9760613883934884,0.9920176399497019,lettera,Sigmund Freud,wikipedia,Sigmund Freud
n,lettere,3041,0.06082,50000,1.1349409460528046,0.008015060406927167,1.069248821589496,True,16.43190789473684,14.253197454891467,0.8674097704416163,-0.07100221475601895,0.9838398773499125,1.036100540348916,lettera,Sigmund Freud,wikipedia,Sigmund Freud
s,lettere,2823,0.05646,50000,1.2695832638638815,0.01100163451378104,1.2151699321184004,True,17.712260807937632,16.67297434932743,0.9413238959227355,-0.030224788455187227,0.8941881491877378,1.007364961447606,lettera,Sigmund Freud,wikipedia,Sigmund Freud
o,lettere,2778,0.05556,50000,1.0875148765274933,0.00481408243675671,1.091189455664658,True,17.995318689232985,16.121196903605288,0.8958550377466209,-0.05493297756413061,1.0237233462402682,0.9247392577784493,lettera,Sigmund Freud,wikipedia,Sigmund Freud
r,lettere,2615,0.0523,50000,1.16685584604193,0.008595282073489996,1.1026115521515856,True,19.123947972456005,16.608061995663096,0.8684431697672201,-0.0704098644055467,1.014531712012755,0.979985050326329,lettera,Sigmund Freud,wikipedia,Sigmund Freud
h,lettere,2029,0.04058,50000,1.2278597498688228,0.015416664567874563,1.1042595236800077,True,24.63560157790927,20.74892439679975,0.8422333155203038,-0.0856388184659108,0.8865930418958853,1.0359441723971499,lettera,Sigmund Freud,wikipedia,Sigmund Freud
d,lettere,1785,0.0357,50000,1.1011526405306962,0.010110652490456024,1.0459515980856384,True,27.987107623318387,25.491783325067086,0.9108402221538521,-0.04665998591219168,0.9937535895570931,1.0281595676013808,lettera,Sigmund Freud,wikipedia,Sigmund Freud
l,lettere,1547,0.03094,50000,1.0846972173338603,0.010421797731835587,1.099795185656319,True,32.30271668822768,32.9834549932908,1.0210737168527748,0.010426990701551926,0.9501289627160024,0.9871057538039301,lettera,Sigmund Freud,wikipedia,Sigmund Freud
c,lettere,1366,0.02732,50000,1.2097494481873072,0.006540142328598697,1.171492103747724,True,36.58021978021978,39.98928069286684,1.0931941069006497,0.04452243898137109,1.0679802704406451,0.9978951215270394,lettera,Sigmund Freud,wikipedia,Sigmund Freud
u,lettere,1255,0.0251,50000,1.0721151811012657,0.005071119027291438,1.0503388872905495,True,39.83094098883573,34.753173211605365,0.8725170018289646,-0.06808108980934084,0.8951205998385537,0.9029039077242876,lettera,Sigmund Freud,wikipedia,Sigmund Freud
f,lettere,1143,0.02286,50000,1.0275413894954208,0.00590819451366417,1.018270018243662,True,43.76707530647986,39.09605288867059,0.8932754271310035,-0.05637033647593622,1.0167382554722,1.0091025744001065,lettera,Sigmund Freud,wikipedia,Sigmund Freud
m,lettere,870,0.0174,50000,1.0643890186416038,0.004984430145255939,1.0575632820970462,True,57.52819332566168,59.49465141959082,1.0341825108742282,0.01680405307365348,1.0072860882761525,0.9342887563778447,lettera,Sigmund Freud,wikipedia,Sigmund Freud
p,lettere,848,0.01696,50000,0.9388297904077053,0.019184147291760965,1.0473744970916257,True,58.7827626918536,59.02888290442908,1.0041869453102379,0.002089099183105287,0.920064891806724,1.002188076318083,lettera,Sigmund Freud,wikipedia,Sigmund Freud
y,lettere,763,0.01526,50000,1.1110577869193978,0.006949282490856726,1.1057207927202708,True,65.48425196850394,72.38196527819845,1.1053339253689898,0.05003193274935159,1.0396905745231821,0.9974243188389685,lettera,Sigmund Freud,wikipedia,Sigmund Freud
g,lettere,668,0.01336,50000,1.1723110145128917,0.0014387516554038521,1.1651388587584088,True,74.5487256371814,76.4063851082519,1.0249187287266515,0.01230603894029927,1.0260505716784412,1.0364811730022385,lettera,Sigmund Freud,wikipedia,Sigmund Freud
w,lettere,648,0.01296,50000,1.0838600602615183,0.005784872297558725,1.0414171332716002,True,77.15610510046368,77.88859665067697,1.0094936304685096,0.004724389430533429,0.9612255785428273,0.9811128570847446,lettera,Sigmund Freud,wikipedia,Sigmund Freud
the,parole,467,0.00934,50000,1.2764852931826023,0.018355687278543278,1.1360237824792774,True,106.87982832618026,104.79267057997089,0.9804719208582587,-0.009860316087328617,0.9392594637084518,1.0399418056585918,funzione,Sigmund Freud,wikipedia,Sigmund Freud
of,parole,344,0.00688,50000,1.1469634561311408,0.004573567333442266,1.1618482026723225,True,145.3877551020408,141.55454209468434,0.9736345539920737,-0.013358828742938722,0.9330961131817896,1.0543373756844454,funzione,Sigmund Freud,wikipedia,Sigmund Freud
in,parole,269,0.00538,50000,1.1650455315115302,0.013140598016471165,1.1407704045742464,True,185.11940298507463,181.0412473859837,0.9779701342305013,-0.011137612943821873,0.9889645633139911,1.056335103180676,funzione,Sigmund Freud,wikipedia,Sigmund Freud
and,parole,262,0.00524,50000,1.0095107580672995,0.004923781754171997,1.010654584882924,True,190.01149425287358,163.39587328275934,0.8599262582783898,-0.07531144909544271,1.0296020774016899,0.9825023063793618,funzione,Sigmund Freud,wikipedia,Sigmund Freud
to,parole,198,0.00396,50000,1.1060850267211364,0.005603649431573492,1.0639585087857406,True,250.63959390862945,248.64579564036504,0.9920451583998686,-0.003993303849859127,1.0431988302106228,0.9924388638005565,funzione,Sigmund Freud,wikipedia,Sigmund Freud
his,parole,167,0.00334,50000,1.0632552693296586,0.010220640681367025,1.1466261218196219,True,296.5120481927711,340.10324168622157,1.1470132284982584,0.0684733687463527,0.932278109326266,1.0474838993368227,funzione,Sigmund Freud,wikipedia,Sigmund Freud
freud,parole,210,0.0042,50000,1.172117138090682,0.02081481940948023,1.0165306670469352,True,237.9090909090909,199.76095417070076,0.8396524630789868,-0.08716186352537643,0.9396654125142957,0.9931292010356897,keyword,Sigmund Freud,wikipedia,Sigmund Freud
freud's,parole,69,0.00138,50000,1.3109637750362206,0.012015094020776685,1.221400853466008,True,723.1323529411765,826.0015703142127,1.1422550338878341,0.0664043410506848,1.0269382436302437,1.1415574379271052,keyword,Sigmund Freud,wikipedia,Sigmund Freud
psychoanalytic,parole,36,0.00072,50000,1.4601728467707662,0.019320070968189405,1.335920102007166,True,823.2857142857143,1897.3807111450274,2.3046442786769377,0.39479113897223184,1.0294799527148448,1.3835269539018729,keyword,Sigmund Freud,wikipedia,Sigmund Freud
work,parole,32,0.00064,50000,1.1245481191417714,0.010148635853613978,1.0465626066313036,True,1499.0967741935483,1687.15704376403,1.1254490522612526,0.05902237559060198,0.9493942805186721,1.1206236145527295,keyword,Sigmund Freud,wikipedia,Sigmund Freud
vienna,parole,27,0.00054,50000,1.0709596689265168,0.008316574534803629,1.0877395271045438,True,1664.6153846153845,2010.655934304486,1.2078801823455785,0.09415374258431612,0.863202207116479,1.0701482049019886,keyword,Sigmund Freud,wikipedia,Sigmund Freud
theory,parole,22,0.00044,50000,1.356537321565323,0.020422483347100628,1.1956187432686238,True,2363.6190476190477,4079.922750202392,1.7261338092160976,0.2663602963146179,0.9408596699490882,1.2485037564073937,keyword,Sigmund Freud,wikipedia,Sigmund Freud
first,parole,20,0.0004,50000,1.0824319330862286,0.005192722929419972,1.069047007241509,True,2413.3684210526317,3644.0094708153288,1.5099267227611821,0.20316398807061958,0.9872102529538994,1.1137080324276685,keyword,Sigmund Freud,wikipedia,Sigmund Freud
was,parole,100,0.002,50000,1.0624674025469776,0.012591636237837664,0.9768649717966885,True,497.22222222222223,483.3508582326042,0.9721022847136174,-0.014146180704026646,0.9583920254930135,0.9728551301206103,appaiata,Sigmund Freud,wikipedia,Sigmund Freud
as,parole,71,0.00142,50000,0.8695705236729974,0.011912448331687376,0.9613542686736277,True,706.9285714285714,708.3666929180188,1.0020343236184968,0.0010161282424069116,0.9891980727122363,0.9437046098313248,appaiata,Sigmund Freud,wikipedia,Sigmund Freud
which,parole,34,0.00068,50000,1.0306110082489546,0.005009412610189611,1.0700756606291575,True,1460.969696969697,1485.5112227119089,1.0167981073071641,0.008329097119985364,0.8739218786097781,1.0519600380796958,appaiata,Sigmund Freud,wikipedia,Sigmund Freud
it,parole,33,0.00066,50000,1.1162512143132108,0.01015865683297524,1.186945229492315,True,1474.3125,1868.7894898190284,1.2675667403071116,0.11799729443503534,0.9418701097626849,1.09553112094438,appaiata,Sigmund Freud,wikipedia,Sigmund Freud
who,parole,28,0.00056,50000,1.139522806743175,0.019905641528784,1.090862744438708,True,1671.7037037037037,1934.166821514446,1.1570033716078083,0.07278772656288417,0.9375664353014037,1.117521707895771,appaiata,Sigmund Freud,wikipedia,Sigmund Freud
her,parole,24,0.00048,50000,1.220843340371826,0.01823085650760941,1.298869120100113,True,1796.7826086956522,3680.189396763084,2.048210717842301,0.34387738082106245,1.0571457714285524,1.1935128683338858,appaiata,Sigmund Freud,wikipedia,Sigmund Freud
also,parole,20,0.0004,50000,1.0964131623243638,0.006754467558150646,1.0696338308234037,True,2161.3684210526317,2996.9508061533015,1.3865987755542961,0.16198733507877008,0.9309093718319424,1.118493071645809,appaiata,Sigmund Freud,wikipedia,Sigmund Freud
vocali,vc,15401,0.30802,50000,1.2417546258746777,0.005365027722476181,1.2077801807755695,True,3.2464935064935063,1.654137803058721,0.5095152045584508,-0.324928688336744,1.0220732284053984,0.9627884620915621,vocali,Christianity,wikipedia,Christianity
spazio,lettere,7574,0.15148,50000,1.31797544624074,0.00876611537077628,1.2614413126724746,True,6.600290505744091,3.2796068915394723,0.4968882640370603,-0.3361050707993817,1.0639048755726905,0.972465423352213,spazio,Christianity,wikipedia,Christianity
e,lettere,4699,0.09398,50000,1.1298842237556126,0.007151695575476974,1.0870315534519621,True,10.635163899531715,9.453388119009752,0.8888803415080421,-0.05882832069883385,1.0626096045756235,0.9840018500332487,lettera,Christianity,wikipedia,Christianity
t,lettere,3812,0.07624,50000,1.2319133877585875,0.010397797983055825,1.157361685739381,True,13.117816845972186,10.663476806126239,0.8129002662055348,-0.10320464797882767,1.0086319485893265,0.9464022352744154,lettera,Christianity,wikipedia,Christianity
i,lettere,3595,0.0719,50000,1.1769374070481478,0.0032440022540777794,1.1518483220084512,True,13.90929326655537,12.258787945094697,0.8813379450824234,-0.06307322681060255,0.971646583710884,0.9945817300395913,lettera,Christianity,wikipedia,Christianity
a,lettere,3253,0.06506,50000,1.1815468069263555,0.013873673732202885,1.0740330743416382,True,15.365621156211562,12.365676646220196,0.8047625618585138,-0.10817901604764782,1.0043158686053626,0.9724123141596027,lettera,Christianity,wikipedia,Christianity
n,lettere,3195,0.0639,50000,1.225301217486258,0.017899183797543433,1.1076370536972258,True,15.644646211646839,12.941648819913087,0.8272254063679961,-0.09455570890699826,0.952812192753924,0.992401216642801,lettera,Christianity,wikipedia,Christianity
s,lettere,2896,0.05792,50000,1.2101800355490935,0.009925082182786751,1.1862671720742726,True,17.265975820379964,15.830184688642778,0.9168427462963058,-0.0433824077975981,1.01090689166813,1.0433453895226592,lettera,Christianity,wikipedia,Christianity
o,lettere,2788,0.05576,50000,0.9139842442259444,0.021951955356072732,1.0646012360429717,True,17.924291352709005,16.018620552535406,0.8936822235995632,-0.056143409425022245,1.0283356154704546,1.0627667872714595,lettera,Christianity,wikipedia,Christianity
r,lettere,2662,0.05324,50000,1.0726725000380937,0.007691681192154525,1.0950227825119303,True,18.786170612551672,15.17567963173861,0.8078112322475783,-0.10631019673081747,1.0312009662375896,1.044534683173654,lettera,Christianity,wikipedia,Christianity
h,lettere,2310,0.0462,50000,1.0395568598443696,0.009603624630003452,1.1133526470174797,True,21.653096578605457,19.207016996109747,0.8870332668763607,-0.059864727933829756,0.9099179746224025,0.9829035003851305,lettera,Christianity,wikipedia,Christianity
c,lettere,1783,0.03566,50000,1.3205839641974089,0.006178237161009614,1.2685359880377882,True,27.98148148148148,28.0956134905601,1.0040788408274293,0.002035269643256719,1.021195364493301,0.9473269612725937,lettera,Christianity,wikipedia,Christianity
d,lettere,1555,0.0311,50000,1.1531045676330827,0.007247538082131929,1.1684208930187219,True,32.125482625482626,27.87473741153038,0.8676830706792101,-0.07084549375535693,0.9088382802038922,1.0107496727046463,lettera,Christianity,wikipedia,Christianity
l,lettere,1481,0.02962,50000,1.257328757358869,0.007222833064138579,1.2474967405216377,True,33.744594594594595,34.95005087198779,1.0357229444263731,0.01754803841268254,0.9556727081823541,0.9524848687658976,lettera,Christianity,wikipedia,Christianity
u,lettere,1066,0.02132,50000,1.2067076523104587,0.005416341797475906,1.199592471269197,True,46.71549295774648,47.232535404317545,1.01106790090043,0.005503494384985396,0.9890181292519152,0.9870035026443195,lettera,Christianity,wikipedia,Christianity
m,lettere,931,0.01862,50000,1.1958709630572244,0.019517834204325398,1.056398834739888,True,53.681720430107525,52.46057301890449,0.9772520813152227,-0.011504814636303687,1.009701687077787,1.002040334318959,lettera,Christianity,wikipedia,Christianity
f,lettere,893,0.01786,50000,1.0346161807676293,0.005663416937754705,1.0305562475065542,True,55.908071748878925,54.21328438799863,0.9696861775435086,-0.015390178802136507,0.9453351888922631,0.9090822150139651,lettera,Christianity,wikipedia,Christianity
p,lettere,727,0.01454,50000,1.071509425824509,0.004033670622016199,1.0625397867122726,True,68.71212121212122,72.5220426261331,1.0554475883847374,0.026975919355993215,0.9977489405107169,1.0139877986109944,lettera,Christianity,wikipedia,Christianity
g,lettere,726,0.01452,50000,1.1334091867969749,0.004763008396048564,1.1019361253450994,True,68.5503448275862,68.26246685981256,0.9958004884074954,-0.0021041740479057353,0.989495691011209,0.9375982972187215,lettera,Christianity,wikipedia,Christianity
y,lettere,625,0.0125,50000,1.0483055656721358,0.014743534720603035,1.1015960630286539,True,80.08974358974359,80.07689897951168,0.9998396222830016,-8.01952892678943e-05,0.9414531881643761,1.0010277367890072,lettera,Christianity,wikipedia,Christianity
w,lettere,534,0.01068,50000,1.2288551435479658,0.00308465563528303,1.2364987403936136,True,93.23827392120074,94.65472215948995,1.01519170377914,0.007538589877405074,1.0498078105745454,0.9559174707653462,lettera,Christianity,wikipedia,Christianity
the,parole,723,0.01446,50000,1.184032308818795,0.00530496682530738,1.170165285292976,True,69.16481994459834,64.47013722811236,0.9321232568776083,-0.035130648565393954,1.0243302291538863,0.9987232628245346,funzione,Christianity,wikipedia,Christianity
of,parole,373,0.00746,50000,1.1186545647646862,0.019157251907748588,1.0323504293945156,True,134.04301075268816,119.19414175246912,0.8892231014743807,-0.05863621847476206,1.0266654261306394,0.9855583638184413,funzione,Christianity,wikipedia,Christianity
and,parole,324,0.00648,50000,1.2433836338659523,0.014823528295825197,1.121873010556815,True,154.5077399380805,142.4022900342128,0.9216514984380783,-0.04077144145314778,0.8859737053346147,0.9720922015920991,funzione,Christianity,wikipedia,Christianity
in,parole,240,0.0048,50000,1.1467342350796221,0.0031438978735512644,1.1474315265833823,True,207.93723849372384,223.2929272022751,1.0738477091442895,0.035609031858352076,0.8668449378285125,1.0661424507455768,funzione,Christianity,wikipedia,Christianity
to,parole,149,0.00298,50000,1.075399436831825,0.012627960527341863,1.1175881810723112,True,333.1554054054054,378.26889462028134,1.1354127487740409,0.06341291577086565,0.9229781218407944,1.1511616048287288,funzione,Christianity,wikipedia,Christianity
as,parole,93,0.00186,50000,0.957588452448626,0.014891593653097309,1.0772639597052902,True,535.9782608695652,586.631902075915,1.0945068949702734,0.04512131003112057,0.9780566216117393,1.0024594821787252,funzione,Christianity,wikipedia,Christianity
christian,parole,70,0.0014,50000,1.0143932871343875,0.007222115915095127,0.9967149875836917,True,695.768115942029,782.1724299314874,1.1241855037758839,0.05846264535518938,0.9157681182666192,1.036951434194529,keyword,Christianity,wikipedia,Christianity
church,parole,54,0.00108,50000,1.135485198529682,0.0061809096017321095,1.187038224903562,True,888.0754716981132,1467.8164689436403,1.6528060009775842,0.24608131945457715,1.0373874496002582,1.13460658179162,keyword,Christianity,wikipedia,Christianity
jesus,parole,53,0.00106,50000,1.5255196447281305,0.02331692298534575,1.3433077124586885,True,930.6153846153846,2055.833184979889,2.2091115394890526,0.37677454479552447,0.9660492417434741,1.3339862065867483,keyword,Christianity,wikipedia,Christianity
christianity,parole,52,0.00104,50000,1.3316658828681849,0.01717732633317839,1.199152290921019,True,892.0784313725491,1316.570178048056,1.4758457684291115,0.19219523869252517,0.972217172854899,1.2111075308006756,keyword,Christianity,wikipedia,Christianity
christians,parole,46,0.00092,50000,1.171113259976631,0.006457468391054533,1.1309944233381,True,1057.3111111111111,1158.9079856450724,1.0960898580051757,0.04584243258379357,0.9756451739066797,1.066959027946918,keyword,Christianity,wikipedia,Christianity
god,parole,45,0.0009,50000,1.4232670965482324,0.020821171255707257,1.262205536247086,True,1099.159090909091,3049.3643328678513,2.7742702199240212,0.47009623491127217,1.0160488619454007,1.3945101160664553,keyword,Christianity,wikipedia,Christianity
century,parole,32,0.00064,50000,1.2404949883093914,0.008473880555782333,1.1764064800248957,True,1516.6129032258063,2463.9756583946382,1.6246569267304858,0.23799564825739566,0.966084506838999,1.207318069989918,keyword,Christianity,wikipedia,Christianity
is,parole,74,0.00148,50000,1.3292665861925852,0.017846049560792467,1.1985299961388411,True,680.2328767123288,1183.939498742181,1.74049143943813,0.27020388707725695,0.9820003616089455,1.2665534551860078,appaiata,Christianity,wikipedia,Christianity
by,parole,52,0.00104,50000,0.9694733618947319,0.014678568103573904,1.0840314371680786,True,941.5490196078431,974.9357991934748,1.0354594172903897,0.01742084218883289,0.9451675911034325,1.0055470660306696,appaiata,Christianity,wikipedia,Christianity
are,parole,51,0.00102,50000,1.2355543668652602,0.010850172410512234,1.1531797162469306,True,983.28,2143.015080274918,2.1794555775312405,0.37096148971738585,0.9899108669727008,1.1540791446464949,appaiata,Christianity,wikipedia,Christianity
was,parole,50,0.001,50000,1.0747877043376628,0.005975952576420718,1.0500855604320982,True,975.3061224489796,1269.2072526463392,1.301342443600557,0.13094202665861962,0.8994799849473729,1.1310675099259244,appaiata,Christianity,wikipedia,Christianity
from,parole,45,0.0009,50000,1.047805118973544,0.004581841832279675,1.01334093984035,True,1106.2727272727273,1256.2678458968255,1.1355860222586145,0.06348890695361342,0.9877988999523808,1.031897133043061,appaiata,Christianity,wikipedia,Christianity
with,parole,44,0.00088,50000,0.9617203020076383,0.00684665725084202,1.0009739786855887,True,1128.7906976744187,1069.586136208089,0.9475504523661425,-0.026931034094718698,1.0075021341792647,0.9416359354001912,appaiata,Christianity,wikipedia,Christianity
who,parole,29,0.00058,50000,1.2605642969814796,0.00605669537298044,1.3073443049496767,True,1745.4642857142858,2835.448223527786,1.6244664796263377,0.23794035262940263,0.9898342348246606,1.0904990118986857,appaiata,Christianity,wikipedia,Christianity
vocali,vc,15363,0.30726,50000,1.5547310486877255,0.004824079090190273,1.5178594530070708,True,3.254524150501237,1.9352316265950367,0.5946281352058755,-0.25421090713527933,0.9583455533924591,0.981154471153523,vocali,Judaism,wikipedia,Judaism
spazio,lettere,7532,0.15064,50000,1.3527851515867617,0.006834784039360472,1.3055773625014242,True,6.638162262647723,3.3218459196916386,0.5004164990638048,-0.3329632147126573,0.9866706421668558,0.9306323483034014,spazio,Judaism,wikipedia,Judaism
e,lettere,4608,0.09216,50000,1.3304107719950329,0.007099238489312222,1.2744576142426025,True,10.850227914043847,9.658685166457383,0.8901826987390554,-0.05809877602530378,1.006446682906036,0.9539676094020422,lettera,Judaism,wikipedia,Judaism
t,lettere,3469,0.06938,50000,1.1227240881923177,0.0128877033400687,1.1984829029706188,True,14.395040369088813,13.592070792641358,0.9442190118360688,-0.02869069164756962,1.042543396604126,0.9044807703979396,lettera,Judaism,wikipedia,Judaism
i,lettere,3435,0.0687,50000,1.305147260736738,0.004730750383286478,1.2818903032289308,True,14.55154338963308,13.312062350576776,0.9148213350386362,-0.04448387084617747,0.9853554572327569,0.9645057614575703,lettera,Judaism,wikipedia,Judaism
a,lettere,3386,0.06772,50000,0.9969644791292098,0.0157923971731213,1.0842195209386982,True,14.760118168389956,13.123337629192022,0.8891078973403317,-0.058700777661134594,1.0429245172437185,1.035879102340724,lettera,Judaism,wikipedia,Judaism
o,lettere,2976,0.05952,50000,1.165570489209241,0.01005991704618451,1.1775166656160134,True,16.79126050420168,15.227300156788546,0.9068586693046788,-0.04884542949860278,0.9738358611557117,1.0243839665365846,lettera,Judaism,wikipedia,Judaism
s,lettere,2753,0.05506,50000,1.0316149926833178,0.01616965969939586,1.121906705584937,True,18.164607558139537,16.51885490428013,0.9093978414566987,-0.047450644688159904,0.9385050819835974,1.082099001421545,lettera,Judaism,wikipedia,Judaism
n,lettere,2712,0.05424,50000,1.2557273819009664,0.011515493223481449,1.170714886753322,True,18.431206196975285,16.044459907102006,0.8705051495617816,-0.06922988181484357,1.0019375593233077,1.031776826258861,lettera,Judaism,wikipedia,Judaism
r,lettere,2485,0.0497,50000,1.137569544524213,0.007622696417531697,1.0867804469290463,True,20.118357487922705,16.77482535125967,0.8338069030401613,-0.0906273701360361,0.9966997347462344,0.9623408048077465,lettera,Judaism,wikipedia,Judaism
h,lettere,2142,0.04284,50000,1.1849761669107493,0.01460863257784096,1.0906443146420293,True,23.345165810368986,21.305388753492565,0.9126252915295022,-0.04568312928698401,1.0321201713030466,0.9655294220154059,lettera,Judaism,wikipedia,Judaism
d,lettere,1610,0.0322,50000,1.2451414348291023,0.009625039893497543,1.1759394681623179,True,31.059664387818522,27.906875526088335,0.8984925006798625,-0.05346742180113273,0.966379291047445,0.9554559850061345,lettera,Judaism,wikipedia,Judaism
l,lettere,1591,0.03182,50000,1.018643231779196,0.005124961678257324,1.0578395790383504,True,31.345283018867924,31.70529254866411,1.0114852856673677,0.005709853186202704,0.9455403655061162,1.0128316584024566,lettera,Judaism,wikipedia,Judaism
c,lettere,1252,0.02504,50000,1.0949733459138964,0.004923903448697531,1.0662823183790697,True,39.86890487609912,38.719075406312896,0.9711597428281624,-0.014631111089179602,0.9506452957748351,0.952593930610941,lettera,Judaism,wikipedia,Judaism
m,lettere,1152,0.02304,50000,1.122121450158651,0.004865268532850853,1.0948331459899514,True,43.39530842745439,43.87582413114765,1.011072987405921,0.005506009714845866,1.0913576612835403,0.9792970016419872,lettera,Judaism,wikipedia,Judaism
u,lettere,958,0.01916,50000,1.1258440071288949,0.006590701497860523,1.1379411546278637,True,52.21734587251829,47.741817762221054,0.9142903945898813,-0.04477356499951576,0.9926001135614557,1.0345015701643996,lettera,Judaism,wikipedia,Judaism
f,lettere,710,0.0142,50000,1.09482848792495,0.0031873469321302204,1.0827299936229144,True,70.00423131170663,69.18001355779012,0.9882261723545462,-0.005921774800655958,1.0498388104633853,0.9650807532831968,lettera,Judaism,wikipedia,Judaism
w,lettere,695,0.0139,50000,1.225719589918229,0.01439954854529209,1.1372243739356682,True,71.88472622478386,72.1340020663601,1.0034677163657375,0.0017308571220841964,1.0727503895170072,0.9786008645313,lettera,Judaism,wikipedia,Judaism
b,lettere,648,0.01296,50000,1.0047534700800294,0.008412363525472814,0.9716350167006688,True,77.23647604327667,89.5040758637909,1.1588316874224107,0.07357298317779079,0.9572667604369288,1.0413447355887067,lettera,Judaism,wikipedia,Judaism
p,lettere,641,0.01282,50000,1.0879939824358023,0.012504106105567535,1.0371439491360104,True,77.70625,88.28651230559554,1.136157159888626,0.06373929898291043,1.0179702486018545,0.9687190786850645,lettera,Judaism,wikipedia,Judaism
g,lettere,638,0.01276,50000,1.0491285735503095,0.011585220778487837,1.1148917037172636,True,78.24018838304552,82.1522808586525,1.050001061557448,0.024390749105008082,0.9880801715447599,0.9901251949893033,lettera,Judaism,wikipedia,Judaism
the,parole,633,0.01266,50000,1.3809053548404275,0.012442839417737429,1.2799178716705428,True,78.9256329113924,84.17444252597798,1.0665032312186622,0.03218152781665082,0.9440861793027442,1.030351480013927,funzione,Judaism,wikipedia,Judaism
of,parole,360,0.0072,50000,1.049321306006924,0.002037288127166409,1.0613844862162767,True,138.2534818941504,137.09375674072066,0.9916116025611734,-0.0042118641144886166,0.9902411956488623,1.109325356517118,funzione,Judaism,wikipedia,Judaism
and,parole,295,0.0059,50000,1.093229768005171,0.0031473672219364604,1.0928434189652978,True,168.91836734693877,154.1467104106706,0.9125515053911877,-0.04572347168811325,0.996646315432559,0.9793972262919787,funzione,Judaism,wikipedia,Judaism
in,parole,174,0.00348,50000,1.1167125212805287,0.0050115251792614435,1.1038869460386689,True,282.8323699421965,327.30213389630023,1.1572301075834854,0.07288518134007202,1.0251834572880436,1.0763849396278131,funzione,Judaism,wikipedia,Judaism
to,parole,165,0.0033,50000,1.0454324608421985,0.006632191451567228,1.0367285466835918,True,299.9817073170732,305.7875575267435,1.0193540141550488,0.009584260124467071,1.0085681169758427,0.9400153959573258,funzione,Judaism,wikipedia,Judaism
is,parole,124,0.00248,50000,1.1976111005845451,0.005306689850001957,1.1553025717819483,True,404.0406504065041,476.6063158427644,1.1795999124426024,0.08240040358660644,0.9506151392176735,1.1276256549687755,funzione,Judaism,wikipedia,Judaism
jewish,parole,119,0.00238,50000,1.3274231745076528,0.008287719078506312,1.2643952445119764,True,420.135593220339,555.9792303083457,1.3233328460623042,0.1391676817251149,1.0054504908336563,1.0407547319228454,keyword,Judaism,wikipedia,Judaism
judaism,parole,110,0.0022,50000,1.420279241883709,0.010869967698046568,1.338228766863483,True,458.23853211009174,741.7429411351019,1.6186830420382419,0.23625732175540126,0.9880345253797794,1.2669273775472836,keyword,Judaism,wikipedia,Judaism
jews,parole,57,0.00114,50000,1.2054583813263784,0.018608686184643085,1.0828197469184704,True,887.5357142857143,1203.2879949128132,1.3557629011934638,0.1510181270845335,0.9761836006286068,1.0571025396971265,keyword,Judaism,wikipedia,Judaism
torah,parole,46,0.00092,50000,1.244277940015686,0.02122606674748677,1.120713021304861,True,1076.911111111111,1835.320764907598,1.704245360616618,0.26042213878700593,0.9260396461290975,1.1935743553790445,keyword,Judaism,wikipedia,Judaism
religious,parole,41,0.00082,50000,1.0681537207822345,0.007556980503283393,1.0926032430948942,True,1239.2,1359.236610786571,1.0968662127070457,0.04619570486664084,0.9749567339647761,1.0253971251572078,keyword,Judaism,wikipedia,Judaism
god,parole,39,0.00078,50000,1.4902473956027094,0.01873487608576585,1.3456391489569464,True,1124.6842105263158,2379.8394007280126,2.1160067674590404,0.3581528702420285,0.8733076080842229,1.3808086259336025,keyword,Judaism,wikipedia,Judaism
israel,parole,31,0.00062,50000,1.1202234633918928,0.007767009763117493,1.0646264546593533,True,1530.3333333333333,1834.4896938335762,1.1987517058376669,0.09039297402702763,1.09360427520983,1.020217980994142,keyword,Judaism,wikipedia,Judaism
as,parole,94,0.00188,50000,1.1316868900714885,0.010114863899422418,1.1446122600985322,True,525.2258064516129,639.5120444361952,1.2175944833264987,0.09812185454217778,0.9999856949081359,1.0530307590272034,appaiata,Judaism,wikipedia,Judaism
that,parole,75,0.0015,50000,1.1613144252944438,0.005933368039333433,1.2126987364404413,True,642.9459459459459,881.6857280604758,1.371321700711993,0.15658849687096574,1.0316366113837112,1.1234804280554476,appaiata,Judaism,wikipedia,Judaism
or,parole,53,0.00106,50000,1.1693217361899315,0.0046877467159356,1.184854364853036,True,908.3269230769231,1357.4470086238061,1.4944476202747639,0.19821928360247562,0.952704511626221,1.1449036488888802,appaiata,Judaism,wikipedia,Judaism
by,parole,43,0.00086,50000,1.1795552465660706,0.007050460668553271,1.1264473731813862,True,1114.904761904762,1615.756936705938,1.449233147004856,0.18341787818534916,0.9758857343617068,1.1626930416406391,appaiata,Judaism,wikipedia,Judaism
not,parole,36,0.00072,50000,1.1342304888281087,0.010418036299006181,1.0773261147327386,True,1317.4857142857143,2148.7675588226703,1.6309608032354586,0.23982143803112768,1.026904694293011,1.1874730797417465,appaiata,Judaism,wikipedia,Judaism
was,parole,34,0.00068,50000,1.3115250644359602,0.019497024722327283,1.1632698358804752,True,1371.2121212121212,1354.3362248158635,0.9876927164402982,-0.006191743551660515,0.972677406006487,1.0926330268659834,appaiata,Judaism,wikipedia,Judaism
from,parole,30,0.0006,50000,1.0204010842846323,0.007393582942852075,1.074258494865449,True,1634.1724137931035,1650.1925010859777,1.0098031805932213,0.004877681898347775,0.9531519452178948,1.03268052201896,appaiata,Judaism,wikipedia,Judaism
vocali,vc,15926,0.31852,50000,1.175715547322657,0.0071258578143601195,1.1315701023031919,True,3.139403453689168,1.5477115276827291,0.4929954211090601,-0.3395888371273875,0.9734219440364901,0.9429952785842035,vocali,Roman Empire,wikipedia,Roman Empire
spazio,lettere,7661,0.15322,50000,1.2022626677616748,0.005775740759663228,1.1818757398550788,True,6.526892950391645,3.1519689018528916,0.4829202693854138,-0.34869017659923573,0.9464383332004037,1.009579960459471,spazio,Roman Empire,wikipedia,Roman Empire
e,lettere,5091,0.10182,50000,1.0945299775216621,0.006349739165479545,1.1410515106130406,True,9.821414538310412,8.16862308999184,0.8317155393582538,-0.09187259540348991,0.9150713490766003,1.0361726363209123,lettera,Roman Empire,wikipedia,Roman Empire
t,lettere,3533,0.07066,50000,1.0462881502419026,0.002188702198712503,1.0560887736695765,True,14.152604756511892,11.741344673771312,0.8296242900706239,-0.09312059905085739,1.0855166940272805,1.0203986852036842,lettera,Roman Empire,wikipedia,Roman Empire
a,lettere,3426,0.06852,50000,1.1956489780103805,0.0055732413727791336,1.1567660287149037,True,14.595620437956205,12.218619618977987,0.837142872474487,-0.08864695825543348,0.9725243464097523,0.9653845249588399,lettera,Roman Empire,wikipedia,Roman Empire
i,lettere,3301,0.06602,50000,1.1767363740196184,0.01101153129965489,1.2185441245447397,True,15.143333333333333,13.918931298032087,0.9191458044044962,-0.04213030370592013,0.9660375336685325,0.9997558919149249,lettera,Roman Empire,wikipedia,Roman Empire
n,lettere,3016,0.06032,50000,1.1458165205375526,0.005404480421316635,1.1718495294662419,True,16.57943615257048,14.01263441938809,0.8451816027058054,-0.08390415180119196,0.9602566865162049,0.9639123049641113,lettera,Roman Empire,wikipedia,Roman Empire
r,lettere,2954,0.05908,50000,0.9845953444559343,0.006048289988936878,1.0260665726061493,True,16.927192685404673,14.569352722844501,0.8607069697627298,-0.07486027219806261,0.9574480130287336,0.9211615692753243,lettera,Roman Empire,wikipedia,Roman Empire
o,lettere,2892,0.05784,50000,1.1396809662622285,0.017981462215964427,1.0890093741263922,True,17.275337253545487,15.116763896681723,0.875048844188512,-0.06663888047437215,1.0136336728357442,0.9999211054794167,lettera,Roman Empire,wikipedia,Roman Empire
s,lettere,2487,0.04974,50000,1.1853979269995358,0.005114429495550608,1.1709632531523222,True,20.104183427192275,18.237997530443568,0.9071742503988218,-0.04867187651142354,0.991292425509465,0.9931164518332022,lettera,Roman Empire,wikipedia,Roman Empire
l,lettere,1743,0.03486,50000,1.2658678292059706,0.010181623639854484,1.1858010450638348,True,28.611366245694605,28.46302048790414,0.9948151459627417,-0.002599165164627817,1.028371920455391,1.0019630203808239,lettera,Roman Empire,wikipedia,Roman Empire
h,lettere,1642,0.03284,50000,1.1718137067359924,0.01076527846512552,1.2039314624497108,True,30.456429006703228,29.274699126507656,0.9611993290501823,-0.019784154713436978,0.9508606820374969,1.031444165254375,lettera,Roman Empire,wikipedia,Roman Empire
d,lettere,1622,0.03244,50000,1.110296844059051,0.013566860552846356,1.023046638949716,True,30.814929056138187,28.772355545772946,0.9337148073051179,-0.03427868082949578,0.8874820240718778,0.9363828210066406,lettera,Roman Empire,wikipedia,Roman Empire
c,lettere,1396,0.02792,50000,1.1778087516757678,0.015636592412608563,1.0693330278822675,True,35.73189964157706,32.88349211107151,0.9202839043242138,-0.041512661485250464,0.9708182776092134,0.9652759970073838,lettera,Roman Empire,wikipedia,Roman Empire
u,lettere,1216,0.02432,50000,1.0289975574987946,0.013719489766038073,1.0818497846773831,True,41.04938271604938,40.87493519320404,0.9957503009472263,-0.0021293741259899713,0.9543390638268973,1.0637555508357925,lettera,Roman Empire,wikipedia,Roman Empire
m,lettere,1194,0.02388,50000,0.9946423374738234,0.005044994127325803,1.0140249881495542,True,41.8918692372171,38.991771752154946,0.930771829047779,-0.035855179732119394,0.9419337510169891,0.9234366639680814,lettera,Roman Empire,wikipedia,Roman Empire
p,lettere,970,0.0194,50000,1.1424773493647737,0.007277102237516608,1.108519089339871,True,51.44891640866873,49.83057785146152,0.9685447494296588,-0.01597893600308277,0.9567434749585763,0.924464786329672,lettera,Roman Empire,wikipedia,Roman Empire
f,lettere,848,0.01696,50000,1.083539797876119,0.008071506197107796,1.1227939042295758,True,58.76387249114522,56.586580605368226,0.9629484614700116,-0.01887545152471365,1.0575644696850786,1.0402421156610175,lettera,Roman Empire,wikipedia,Roman Empire
g,lettere,771,0.01542,50000,1.1677360566894595,0.0036120338733165334,1.1831018390784653,True,64.74675324675324,70.19407998262699,1.08413281690147,0.04036826070737286,0.8799551407404023,0.9450659988446324,lettera,Roman Empire,wikipedia,Roman Empire
y,lettere,601,0.01202,50000,1.1269807772393976,0.0038395432773518675,1.0952934834712158,True,82.89666666666666,84.45399211125607,1.0187863457869968,0.009305762259687354,0.9222449757406254,0.9823279762029234,lettera,Roman Empire,wikipedia,Roman Empire
w,lettere,562,0.01124,50000,1.2114562557785369,0.0087176891077545,1.148890322416771,True,88.92335115864527,94.17587748557618,1.0590680204748475,0.028686774738614786,1.0339681598971122,1.0162914158021978,lettera,Roman Empire,wikipedia,Roman Empire
the,parole,663,0.01326,50000,1.3118129110728,0.014498693186070276,1.2565994560482143,True,75.49697885196375,75.09410630503199,0.9946637262436459,-0.002675274877737642,1.0127082036979091,1.060077000541118,funzione,Roman Empire,wikipedia,Roman Empire
of,parole,332,0.00664,50000,0.9533052117494144,0.01623989719405474,0.9729347850902238,True,149.93353474320242,135.27785701764316,0.9022521695986114,-0.05138531681738815,0.9675561761152359,0.9160931251753753,funzione,Roman Empire,wikipedia,Roman Empire
and,parole,256,0.00512,50000,1.0431035243287048,0.006912717126081632,1.0775965357304447,True,195.15686274509804,165.94425263396403,0.8503121555643691,-0.08089869808479651,1.005863070312213,0.9715531542191775,funzione,Roman Empire,wikipedia,Roman Empire
to,parole,194,0.00388,50000,1.037803171517068,0.006265466687621668,0.9845236601046695,True,255.31606217616581,238.59311730659675,0.9345010073904776,-0.03385833988159901,1.0106141595087808,0.957319698027574,funzione,Roman Empire,wikipedia,Roman Empire
in,parole,186,0.00372,50000,1.0272184581217254,0.011557305788212005,0.9992189690614599,True,266.9837837837838,253.9001531686884,0.9509946618117783,-0.02511813032984582,0.9920981916590992,1.007810014255545,funzione,Roman Empire,wikipedia,Roman Empire
was,parole,103,0.00206,50000,1.080667231333002,0.004068264925213187,1.0651476220343272,True,457.9019607843137,444.1071922564856,0.969873969300765,-0.015293379763746331,1.0467848756406175,1.086965943455914,funzione,Roman Empire,wikipedia,Roman Empire
roman,parole,87,0.00174,50000,1.2270035711931828,0.01376241443372199,1.1175697680574541,True,580.7325581395348,606.7837568964572,1.0448592013514473,0.021937550185264474,1.0460753093065098,1.0707648362265918,keyword,Roman Empire,wikipedia,Roman Empire
empire,parole,84,0.00168,50000,1.3413602289272406,0.020930704355836608,1.2324535864539123,True,600.5542168674699,969.9836087754146,1.6151474446968546,0.23522476560328776,0.9857322800982814,1.2161443185398875,keyword,Roman Empire,wikipedia,Roman Empire
slaves,parole,30,0.0006,50000,1.6507073338961706,0.017312775740322108,1.5199566706741858,True,861.1724137931035,2031.329105166747,2.358794908698473,0.4045483411861558,0.9863400463697595,1.4973813904748245,keyword,Roman Empire,wikipedia,Roman Empire
rome,parole,30,0.0006,50000,1.1602727958079586,0.020529230286007265,1.035376431692221,True,1612.6206896551723,2257.8368980349487,1.4001041364028037,0.16670282357100824,1.0259396052315601,1.112774870634496,keyword,Roman Empire,wikipedia,Roman Empire
century,parole,26,0.00052,50000,1.0827861035860646,0.005899852779534673,1.0508269165339292,True,1965.16,2083.877129295295,1.0604109229250012,0.029319842101807776,0.9675695697043953,1.078065771266635,keyword,Roman Empire,wikipedia,Roman Empire
military,parole,24,0.00048,50000,1.2494911431461149,0.009698438131017659,1.273109664996712,True,2042.9565217391305,2836.7406469439034,1.388546754058691,0.16267077602666166,0.9521103439783684,1.1939457896317356,keyword,Roman Empire,wikipedia,Roman Empire
latin,parole,24,0.00048,50000,1.6958162294083925,0.013184583155877262,1.5946107862699583,True,1700.5652173913043,3753.485020933418,2.2071985140865857,0.37640280412464505,0.9471786259620428,1.4740239121404983,keyword,Roman Empire,wikipedia,Roman Empire
as,parole,71,0.00142,50000,0.8440118550135154,0.011372323504900824,0.9239193294505514,True,706.8428571428572,560.089346798808,0.7923817028621549,-0.11583375170942159,0.9679896435778762,0.8854603032248103,appaiata,Roman Empire,wikipedia,Roman Empire
were,parole,67,0.00134,50000,1.1596531273686008,0.005324704952887984,1.1504334530884148,True,731.4090909090909,879.6516614288553,1.2026807874858503,0.09201550612206094,0.9000639272128512,1.0176654817582282,appaiata,Roman Empire,wikipedia,Roman Empire
his,parole,31,0.00062,50000,1.0955722952328903,0.009338361879056014,1.0772378582216295,True,1393.8666666666666,1931.101664020206,1.3854278247705707,0.16157597424170272,1.0469738362215362,1.1074392218080982,appaiata,Roman Empire,wikipedia,Roman Empire
on,parole,29,0.00058,50000,1.1369224813923446,0.011258907200783586,1.0567308045474335,True,1664.2142857142858,2039.465005322844,1.2254822127353027,0.10131836212618668,1.101621073650593,1.1098726522111158,appaiata,Roman Empire,wikipedia,Roman Empire
at,parole,25,0.0005,50000,1.0349470649786323,0.0270665574095846,1.222481441852334,True,2028.5,2180.6223284031635,1.0749925207804603,0.03614110413865659,1.0407858244760144,1.0823345881850814,appaiata,Roman Empire,wikipedia,Roman Empire
under,parole,24,0.00048,50000,1.0833897443112388,0.006394451391371183,1.0773208526572042,True,2099.6521739130435,2357.2560243696225,1.1226888213472483,0.05779877865912491,0.9805620604111094,1.10776937522768,appaiata,Roman Empire,wikipedia,Roman Empire
emperor,parole,31,0.00062,50000,1.4913887211789025,0.013624508168018643,1.388563868074017,True,1391.7666666666667,3994.3784176863064,2.8700058086985174,0.48320491005345556,0.9858795523721203,1.3341471363422264,appaiata,Roman Empire,wikipedia,Roman Empire
vocali,vc,15614,0.31228,50000,1.0888876299651067,0.003604530132120806,1.0693890875216652,True,3.2022032921283548,1.6266784470499298,0.5079872508558795,-0.3262711596963911,1.0085144960439094,0.9226138443661638,vocali,Cold War,wikipedia,Cold War
spazio,lettere,7683,0.15366,50000,1.1692342950165395,0.010997155219737457,1.0982964668299953,True,6.50755011715699,3.0895598036603555,0.47476542601105903,-0.3561478759436298,0.9772685360713957,1.0132957668195348,spazio,Cold War,wikipedia,Cold War
e,lettere,4975,0.0995,50000,1.1490757893908548,0.013838181496682825,1.0563780161869991,True,10.049256131885807,8.320265093744343,0.827948356032497,-0.09412281446557692,0.9154138702320829,0.9823268015708332,lettera,Cold War,wikipedia,Cold War
t,lettere,3751,0.07502,50000,1.1095312360047958,0.0052175049207022275,1.1309293144062225,True,13.322933333333333,11.135911113745674,0.8358452928593558,-0.08941641639365525,1.025265647365048,0.9682984236987441,lettera,Cold War,wikipedia,Cold War
a,lettere,3378,0.06756,50000,1.0805442130256206,0.007826934916454375,1.0174856990935128,True,14.80041456914421,12.858985915904391,0.8688260626639949,-0.07019055435743327,0.9817037751598822,0.9811991997017134,lettera,Cold War,wikipedia,Cold War
n,lettere,3344,0.06688,50000,1.2118503972811987,0.013335711508312259,1.1191468397490651,True,14.946455279688902,13.08353009981824,0.8753600673196249,-0.06646186769803508,0.9975890532175091,0.9036242309912953,lettera,Cold War,wikipedia,Cold War
i,lettere,3175,0.0635,50000,1.1386530694342223,0.008652768867888974,1.0900493670228788,True,15.744486452425962,14.03044479655116,0.8911338479629676,-0.057566603312767854,0.9229317609233448,0.9612421584749756,lettera,Cold War,wikipedia,Cold War
o,lettere,2907,0.05814,50000,1.0290622520731612,0.005226191239858122,0.999177916951345,True,17.20337233310392,15.26609426350935,0.8873896331438037,-0.05966461025253303,0.9469189982722132,0.9561757362942697,lettera,Cold War,wikipedia,Cold War
s,lettere,2556,0.05112,50000,1.0085527130938081,0.0037550150818240514,1.0018292538543152,True,19.559295499021527,18.552701360526058,0.9485362783876431,-0.02641147726279011,0.9079923745281296,0.9853707005984852,lettera,Cold War,wikipedia,Cold War
r,lettere,2533,0.05066,50000,1.0721084364196816,0.003319186181228065,1.0472018441052282,True,19.73578199052133,16.511794787621298,0.8366425407187593,-0.08894352366319014,0.9255347198932657,0.9845389499000179,lettera,Cold War,wikipedia,Cold War
l,lettere,1651,0.03302,50000,0.8939487986862805,0.007176613573068554,0.9426116551280027,True,30.26909090909091,29.127149830851426,0.9622736909519632,-0.019225814024818568,0.9945225984803602,1.012046923143006,lettera,Cold War,wikipedia,Cold War
h,lettere,1625,0.0325,50000,1.1893341601938432,0.005113447898144876,1.1806967407642743,True,30.76539408866995,26.95199647665272,0.8760491219118952,-0.06607016662857185,0.9659544257559235,0.9531425999212976,lettera,Cold War,wikipedia,Cold War
d,lettere,1595,0.0319,50000,1.0895247278302445,0.006156394142619684,1.1130507843994424,True,31.358845671267254,28.79734961426222,0.9183166343603004,-0.04258075240375449,0.9307624642385598,1.0192211828798017,lettera,Cold War,wikipedia,Cold War
c,lettere,1453,0.02906,50000,1.12544846464591,0.011169784244801723,1.201518902242919,True,34.430440771349865,33.075920588175265,0.9606592261722737,-0.02006507469660083,0.9772558580759702,1.0121636171545074,lettera,Cold War,wikipedia,Cold War
u,lettere,1179,0.02358,50000,1.1098103843333922,0.012854245274533061,1.0663862296107205,True,42.36587436332768,37.333320403647896,0.8812120831846678,-0.06314435138766404,0.9890118302481917,0.9260223224827394,lettera,Cold War,wikipedia,Cold War
m,lettere,1081,0.02162,50000,1.214160703025482,0.008332145765313034,1.1571351110931523,True,46.12314814814815,45.32656320595348,0.9827291723531961,-0.008710633750501634,0.9417038789340616,1.0161131379247645,lettera,Cold War,wikipedia,Cold War
p,lettere,875,0.0175,50000,1.0022312050657638,0.004459616011670476,1.0096509914362013,True,57.121281464530895,59.009630372562775,1.0330585879661058,0.016260519082815963,1.0784827475297118,0.9401178686773184,lettera,Cold War,wikipedia,Cold War
f,lettere,774,0.01548,50000,0.9521587262363849,0.014470048706843744,0.889223981010267,True,64.6222509702458,58.966571908994254,0.9124809337908144,-0.04576205946048836,1.0023528595887015,0.844069045172619,lettera,Cold War,wikipedia,Cold War
g,lettere,750,0.015,50000,1.110854339494197,0.003810825708937056,1.1398733832867551,True,66.57543391188251,67.84678188987895,1.0190963528631172,0.009457871010483536,0.9688449695729978,0.9729610092078,lettera,Cold War,wikipedia,Cold War
w,lettere,700,0.014,50000,1.1726198412855953,0.012633116573675994,1.0896241784332448,True,71.47067238912733,71.67406876219833,1.002845871827868,0.0014209140443097422,0.9557511658259671,1.0355419072434393,lettera,Cold War,wikipedia,Cold War
b,lettere,558,0.01116,50000,1.1168149320101806,0.001860125716810795,1.1203583023655925,True,89.51705565529623,103.07138589286745,1.1514161758153099,0.07037977008698869,0.9804180578431971,1.0218348503246146,lettera,Cold War,wikipedia,Cold War
the,parole,709,0.01418,50000,1.095033599987597,0.0038941911048991987,1.0860820538762928,True,70.3177966101695,57.06937012738539,0.8115921271505243,-0.10400126497890269,0.9311899524162145,0.9540657078212477,funzione,Cold War,wikipedia,Cold War
of,parole,295,0.0059,50000,1.015421666374596,0.005762773048627955,0.9762384018358663,True,169.90816326530611,153.92055617205438,0.9059044204468999,-0.04937056577634488,1.00727142304945,0.905969087505524,funzione,Cold War,wikipedia,Cold War
in,parole,257,0.00514,50000,1.0689540335307195,0.003850120714842337,1.0738147335030512,True,193.9296875,195.2921665886329,1.0070256344255333,0.0035005205240162293,0.987866184990965,1.0061308799741375,funzione,Cold War,wikipedia,Cold War
and,parole,244,0.00488,50000,0.979621792970644,0.014393033170456695,1.0759547046653117,True,205.33333333333334,194.55048846503436,0.9474861451219205,-0.026964944017505123,1.038314380398712,1.0016648296929846,funzione,Cold War,wikipedia,Cold War
to,parole,222,0.00444,50000,0.9910013968144978,0.0036227286289726587,0.9765868295209867,True,223.57466063348417,199.48681909179257,0.8922604132622173,-0.056936976529589775,0.9564985748948232,1.002928458385436,funzione,Cold War,wikipedia,Cold War
was,parole,75,0.0015,50000,1.1335537804395017,0.011318203485631919,1.0924652984776044,True,675.0540540540541,723.2218608779968,1.0713539997792323,0.03444799864573473,1.018969147437665,1.1202805083935437,funzione,Cold War,wikipedia,Cold War
soviet,parole,84,0.00168,50000,1.0855847701722394,0.005770316353623438,1.0690119014495483,True,597.0481927710844,716.3247305519702,1.1997770686270512,0.09081696117131464,0.9292594909591602,1.1518800393491895,keyword,Cold War,wikipedia,Cold War
war,parole,72,0.00144,50000,1.1945524089767416,0.013307363409593976,1.103352603423393,True,697.4084507042254,877.0516123836203,1.257586729122648,0.11409826510751694,1.030566303669928,1.1169963309874564,keyword,Cold War,wikipedia,Cold War
us,parole,53,0.00106,50000,1.1697980659697553,0.004571895611623211,1.1431487782341958,True,953.9615384615385,1543.9542810657042,1.6184659641054837,0.2361940054152138,0.9068405964138139,1.1282488533765498,keyword,Cold War,wikipedia,Cold War
united,parole,42,0.00084,50000,1.05323691060004,0.005883019676725427,1.01892574080135,True,1170.8292682926829,1183.8462717439081,1.011117763967591,0.005528151641233332,0.9268996444469835,1.024839176087946,keyword,Cold War,wikipedia,Cold War
states,parole,38,0.00076,50000,0.8424909437668203,0.009915682619401215,0.8315950643539163,True,1297.4054054054054,1074.1818452369396,0.827946176855403,-0.09412411881873868,1.0192873028417522,0.8324707768547625,keyword,Cold War,wikipedia,Cold War
cold,parole,31,0.00062,50000,1.1499540670688946,0.011736257493550973,1.0749911220216384,True,1650.5333333333333,2435.667786833026,1.475685305860546,0.19214288049231606,0.9729090894318962,1.132431718428693,keyword,Cold War,wikipedia,Cold War
west,parole,31,0.00062,50000,1.439901709396688,0.008692113371299569,1.3799015333351912,True,1197.9666666666667,2317.6138068002747,1.9346229501101377,0.3184814424200768,1.0291476471624603,1.4097567814277836,keyword,Cold War,wikipedia,Cold War
as,parole,66,0.00132,50000,0.9076350282078179,0.001931233201326975,0.9102560075964041,True,758.9538461538461,788.4912299522034,1.0389185507762349,0.019087839855799194,1.0781634236784499,0.9872199008364501,appaiata,Cold War,wikipedia,Cold War
by,parole,65,0.0013,50000,1.0010097579264288,0.005412459129288216,1.006951650898827,True,733.828125,901.9697766148195,1.229129473083114,0.10278876837342447,1.040143831277916,1.0678019942761787,appaiata,Cold War,wikipedia,Cold War
for,parole,49,0.00098,50000,1.1294240881085689,0.010140707995308322,1.0434650335952753,True,1013.8333333333334,1109.64549319473,1.0945048428683841,0.04512037448381427,1.0430043422425899,1.0163608262164867,appaiata,Cold War,wikipedia,Cold War
on,parole,41,0.00082,50000,1.0168227344602336,0.006155900285062277,0.9933652789397751,True,1186.4,1155.5828765672259,0.9740246768098666,-0.013158560526259949,0.9048832379786029,0.9881028327975608,appaiata,Cold War,wikipedia,Cold War
an,parole,38,0.00076,50000,0.8517091379791075,0.011528195203854525,0.9129744053108467,True,1310.6756756756756,1096.2858014945548,0.8364279751582334,-0.08907075423291383,0.9951330418315006,0.8964243719284832,appaiata,Cold War,wikipedia,Cold War
its,parole,30,0.0006,50000,1.0215090417770312,0.01478641855490368,1.127682501897171,True,1635.3793103448277,1841.9708081639294,1.126326349191455,0.05941061175274964,0.9237266289104059,1.018276805946501,appaiata,Cold War,wikipedia,Cold War
nuclear,parole,31,0.00062,50000,1.1966228031491957,0.005012843395935241,1.1659962902404855,True,1628.7666666666667,2519.6085722729363,1.5469426185086483,0.21474477459131308,0.9342288722043753,1.1554974694116265,appaiata,Cold War,wikipedia,Cold War
vocali,vc,14654,0.29308,50000,1.2720430080607315,0.009606726762688466,1.2127271367655712,True,3.412065788575718,2.02357702146954,0.5930650658158123,-0.2554415026204817,0.9834833494093408,0.9892595055752215,vocali,Moscow,wikipedia,Moscow
spazio,lettere,7935,0.1587,50000,1.2618493508160618,0.018626219850316282,1.138862130801973,True,6.3011091504915555,3.03771930741321,0.48209279269130495,-0.3494431724266312,0.9206534899400766,0.9471956435894836,spazio,Moscow,wikipedia,Moscow
e,lettere,4475,0.0895,50000,1.0717326429226786,0.003787792157872519,1.0706688063301601,True,11.172552525704068,9.64909466336223,0.8636428104645825,-0.07316701932889459,1.0037523138899853,0.9388613943874254,lettera,Moscow,wikipedia,Moscow
t,lettere,3513,0.07026,50000,1.1506998269819488,0.010959744945692292,1.105213731461973,True,14.232915717539864,12.031354117378678,0.8453190025253854,-0.0838234458448258,0.9157760382504999,0.9839085656633445,lettera,Moscow,wikipedia,Moscow
a,lettere,3160,0.0632,50000,1.1543131984932586,0.016438891097388338,1.0252838492042031,True,15.817347261791706,13.656855152050765,0.8634099590795599,-0.07330112209334197,1.0060405415847662,0.9202410025486149,lettera,Moscow,wikipedia,Moscow
o,lettere,3025,0.0605,50000,1.0987312487156167,0.011170431103207975,1.052425303248251,True,16.52612433862434,15.896559608995013,0.9619048775908138,-0.01941741561699281,1.0581644476811276,1.0726520535813728,lettera,Moscow,wikipedia,Moscow
i,lettere,2956,0.05912,50000,1.2356064871382475,0.00934403354764631,1.1779826909692133,True,16.915736040609136,14.969479424585815,0.8849440183181508,-0.06103946884560974,0.9820632342272649,0.9374569666245551,lettera,Moscow,wikipedia,Moscow
n,lettere,2746,0.05492,50000,1.2197649762320313,0.013306010211731525,1.1148134376709735,True,18.204371584699455,15.856342454760254,0.8710183914333692,-0.06893657975634285,1.0002240139730634,0.9442042494362223,lettera,Moscow,wikipedia,Moscow
s,lettere,2739,0.05478,50000,1.2812429354231574,0.006380131266616311,1.2315259444636426,True,18.256391526661798,17.457542976514947,0.9562428013783444,-0.022367979368831316,0.9281282293989257,0.9582922342349551,lettera,Moscow,wikipedia,Moscow
r,lettere,2635,0.0527,50000,1.1077059067659698,0.011177929718256416,1.0403975434387926,True,18.96545178435839,16.11914262214066,0.8499213625606746,-0.08112703624957625,0.9598599151064793,1.0010088963575876,lettera,Moscow,wikipedia,Moscow
h,lettere,1762,0.03524,50000,1.157668672043717,0.01104787935370465,1.1377878902909946,True,28.385008517887563,24.725297178847292,0.8710688659214596,-0.06890774381788703,0.9835209786095896,1.0615991278542547,lettera,Moscow,wikipedia,Moscow
l,lettere,1566,0.03132,50000,1.2643067009638127,0.013969203419678222,1.1667386394105062,True,31.915015974440895,32.85218091695564,1.0293643889530018,0.014469746839379342,0.9336742966186847,0.9851420234892463,lettera,Moscow,wikipedia,Moscow
c,lettere,1417,0.02834,50000,1.1649760090139964,0.006484325978358215,1.1488832832888458,True,35.24364406779661,34.15296026050902,0.9690530353447705,-0.015716674005081248,1.0378318169197873,0.9491809668220368,lettera,Moscow,wikipedia,Moscow
d,lettere,1401,0.02802,50000,1.1302387970112109,0.008449549507889984,1.0821155313455797,True,35.642857142857146,32.74487588559459,0.9186939126218922,-0.0423757467740142,0.955275492329707,1.0425036486541988,lettera,Moscow,wikipedia,Moscow
m,lettere,1181,0.02362,50000,1.1664047083731592,0.013468202945207088,1.0882015967792675,True,42.365254237288134,41.17996226482105,0.972022073422993,-0.014187430736230843,0.9552176833025031,0.9691914217491897,lettera,Moscow,wikipedia,Moscow
u,lettere,1038,0.02076,50000,1.0931830419446422,0.003678797708259394,1.0948924578886468,True,48.1648987463838,44.08786858846887,0.9153526683532989,-0.04419412312170979,1.0313647981121379,0.9926938260093793,lettera,Moscow,wikipedia,Moscow
f,lettere,885,0.0177,50000,1.036568702030567,0.010493935876399664,1.0964621398346068,True,56.452488687782804,55.23606299494083,0.9784522220168262,-0.010891229893440673,0.9878317158208286,0.9905554761888805,lettera,Moscow,wikipedia,Moscow
w,lettere,768,0.01536,50000,1.2238131564308907,0.011975479032099019,1.132158566767817,True,65.11994784876141,61.06794320857496,0.9377762916887299,-0.03211088327282791,1.0316039143234068,0.9606752496760077,lettera,Moscow,wikipedia,Moscow
p,lettere,679,0.01358,50000,1.0503229467944275,0.00819799394634528,1.0796271542253226,True,73.14896755162242,79.32356148467755,1.084411224651908,0.040496435469927275,0.9556200252864646,1.043036104390341,lettera,Moscow,wikipedia,Moscow
y,lettere,676,0.01352,50000,1.266038550864759,0.012838344723001686,1.1634846192919825,True,73.97481481481482,71.58705944441978,0.9677220500467295,-0.016403714108150537,0.9490674799216925,0.9701005804064916,lettera,Moscow,wikipedia,Moscow
g,lettere,659,0.01318,50000,1.0229413922911474,0.008182990701190964,1.054932332609791,True,75.88905775075987,75.88283949020091,0.9999180611705657,-4.097109327884646e-05,1.0145648076585554,1.023563000875546,lettera,Moscow,wikipedia,Moscow
the,parole,746,0.01492,50000,1.252003424013558,0.010899823680464509,1.219877478785953,True,67.09530201342282,62.50572267948114,0.9315961148364231,-0.03541314078971922,0.992927659312603,1.0608168701909968,funzione,Moscow,wikipedia,Moscow
of,parole,394,0.00788,50000,1.1973827415545297,0.021283593495571327,1.04582282475301,True,126.9821882951654,110.99945848505145,0.8741340811282706,-0.06715950589616046,1.0073959850083882,0.9918691310891399,funzione,Moscow,wikipedia,Moscow
in,parole,255,0.0051,50000,1.191537214643391,0.010250485269659106,1.1305592433390403,True,196.51181102362204,200.67602609400342,1.0211906604935863,0.010484246195958311,1.0189431098242314,1.0512510966272164,funzione,Moscow,wikipedia,Moscow
and,parole,218,0.00436,50000,1.1080243317055039,0.016796531924500008,0.9688363681813483,True,229.65898617511522,214.6509522907778,0.9346507875250578,-0.03377829885182612,1.0444650644938698,1.0245182293549628,funzione,Moscow,wikipedia,Moscow
to,parole,115,0.0023,50000,1.1644580915638516,0.015202844160049944,1.0647916548981446,True,426.85087719298247,484.99745884666174,1.1362222376958846,0.06376782119954567,0.9141207369297502,1.041166863930354,funzione,Moscow,wikipedia,Moscow
was,parole,103,0.00206,50000,1.36369753390861,0.021250106802287,1.2122021077766845,True,468.7156862745098,568.4402557049949,1.2127613228034362,0.09615195304203908,0.9757126816952928,1.12525879763309,funzione,Moscow,wikipedia,Moscow
moscow,parole,163,0.00326,50000,1.168957218104049,0.008525126924423074,1.1035559012616623,True,301.58024691358025,314.67267284586933,1.0434127435940483,0.021245215255774563,1.0297042477462635,1.043695780525091,keyword,Moscow,wikipedia,Moscow
city,parole,83,0.00166,50000,1.2979423109329475,0.01119918811128892,1.21645187762681,True,597.170731707317,972.8600042014097,1.629115347666141,0.23928784571000475,0.968331926363119,1.2593867187893923,keyword,Moscow,wikipedia,Moscow
russian,parole,38,0.00076,50000,1.1705557675763083,0.0039536234348477505,1.180628439933653,True,1310.837837837838,1665.3764758475202,1.2704671987455567,0.11912402825946614,1.0072296262106333,1.1099638760454706,keyword,Moscow,wikipedia,Moscow
century,parole,35,0.0007,50000,1.2746274252519125,0.011226360302268803,1.1975568068342042,True,1435.764705882353,2052.5873555222715,1.429612628805253,0.17682350828762047,1.0381643728720384,1.2266114707331626,keyword,Moscow,wikipedia,Moscow
moscow's,parole,24,0.00048,50000,1.096014889059324,0.008668933355506753,1.125482524101065,True,1957.0434782608695,1933.8030236783043,0.9881247121789967,-0.005973110111381247,0.9400663704492876,1.078387416688529,keyword,Moscow,wikipedia,Moscow
ring,parole,23,0.00046,50000,1.5241603081104378,0.004926639300555606,1.490453262418609,True,1629.3636363636363,5059.607885667619,3.1052662356940135,0.5128208780686082,0.9334506477220831,1.5051947219518418,keyword,Moscow,wikipedia,Moscow
area,parole,22,0.00044,50000,1.0077088304966857,0.037727125083173156,1.2801080350485576,True,2328.904761904762,3416.13834475072,1.4668432993184026,0.18924724543605714,0.9890822183622348,1.163447543247245,keyword,Moscow,wikipedia,Moscow
as,parole,89,0.00178,50000,0.9696030613841382,0.00606505478632805,0.980710501325628,True,543.3863636363636,542.5173217599723,0.9984006925190841,-0.0008002936983072379,0.9761496499065645,0.9565363924682991,appaiata,Moscow,wikipedia,Moscow
from,parole,65,0.0013,50000,1.1250560587364316,0.009186055284749828,1.18480766908243,True,697.859375,854.759241461065,1.2248302051700102,0.1010549949598647,0.9737530218108069,1.1285323763654893,appaiata,Moscow,wikipedia,Moscow
on,parole,36,0.00072,50000,0.9743430575230885,0.013236901745792357,1.0557490087575512,True,1402.142857142857,1337.4019621652128,0.9538271762767693,-0.02363198970915029,0.9796753752919809,1.0198553442792748,appaiata,Moscow,wikipedia,Moscow
at,parole,28,0.00056,50000,1.105081486684588,0.016283073951577038,1.0114421790730341,True,1780.4074074074074,2124.128260274522,1.1930574156437788,0.08803117249308595,0.9307977015963353,1.0040041759111287,appaiata,Moscow,wikipedia,Moscow
has,parole,24,0.00048,50000,1.127123770408841,0.013082396047726744,1.212680310922051,True,1964.0869565217392,3751.576467579311,1.9100867480038108,0.3127352642075325,0.9667421299929103,1.093797258735029,appaiata,Moscow,wikipedia,Moscow
an,parole,23,0.00046,50000,1.2016717663467258,0.01076681432800345,1.1403271231237027,True,2184.5454545454545,2869.84477309227,1.3137033917609227,0.13558496429491246,1.046482092322778,1.1517425016709433,appaiata,Moscow,wikipedia,Moscow
there,parole,23,0.00046,50000,1.0394188872141503,0.004676817382856015,1.0111353984638276,True,2086.9545454545455,2066.0118811549933,0.9899649638535895,-0.005042820516285686,1.0360516294430364,1.0633178779916308,appaiata,Moscow,wikipedia,Moscow
vocali,vc,15564,0.31128,50000,1.0379693189639823,0.004625705309424941,1.0188179374908062,True,3.2124269099787957,1.5996183485590516,0.4979470018726777,-0.3351607216408019,1.0302051664606624,0.9701051108537958,vocali,Nelson Mandela,wikipedia,Nelson Mandela
spazio,lettere,7740,0.1548,50000,1.0658749897187216,0.007054145653933727,1.0155949475034112,True,6.45974932161778,3.062336168044033,0.4740642423686344,-0.35679296906778873,1.0244997723033855,0.9873633358927215,spazio,Nelson Mandela,wikipedia,Nelson Mandela
e,lettere,4849,0.09698,50000,1.1034449063758534,0.0030272903412723842,1.0892874018552698,True,10.310437293729374,8.873986479442582,0.8606799330266607,-0.07487589052820888,1.0162541767827957,1.0140686840395545,lettera,Nelson Mandela,wikipedia,Nelson Mandela
a,lettere,3843,0.07686,50000,1.1893130778709227,0.015340609249882982,1.116462360582135,True,13.008068714211348,11.35675934336432,0.8730549932410053,-0.06777430839835505,1.0122505014305205,0.9011583937873754,lettera,Nelson Mandela,wikipedia,Nelson Mandela
t,lettere,3330,0.0666,50000,1.1946546118428745,0.009357176036034962,1.1256052121206064,True,14.995794532892761,13.208388272997981,0.8808061649568374,-0.06337380069460695,1.0269963077272148,0.960518518421063,lettera,Nelson Mandela,wikipedia,Nelson Mandela
n,lettere,3273,0.06546,50000,1.1958698982093665,0.008279170901922853,1.1257508133922187,True,15.279339853300733,13.153314644723624,0.8608562130962855,-0.07477406686473247,0.9521614945106945,1.0374320812211704,lettera,Nelson Mandela,wikipedia,Nelson Mandela
i,lettere,3171,0.06342,50000,1.1664319855997436,0.006537397968256922,1.158672389452584,True,15.767192429022082,14.074837034767395,0.8926660277742516,-0.05671046589871518,0.9997004240978119,0.9049548592251871,lettera,Nelson Mandela,wikipedia,Nelson Mandela
o,lettere,2651,0.05302,50000,1.0597285058244694,0.010041399768993306,1.1089740642439738,True,18.86490566037736,17.187193958717113,0.9110670505400933,-0.04653575573644734,0.9997646855642479,0.9988289925631011,lettera,Nelson Mandela,wikipedia,Nelson Mandela
r,lettere,2491,0.04982,50000,1.0436027381380029,0.00397002135802511,1.0313249713662207,True,20.073092369477912,17.26778081847344,0.8602451730222653,-0.07512710098888775,0.957152810228192,1.0794451743850475,lettera,Nelson Mandela,wikipedia,Nelson Mandela
s,lettere,2370,0.0474,50000,1.090366397626034,0.007581921300671351,1.083788523854828,True,21.09835373575348,18.944354008752576,0.8979067393608671,-0.05379255920315323,1.0029215161149179,0.9468078123539265,lettera,Nelson Mandela,wikipedia,Nelson Mandela
d,lettere,1886,0.03772,50000,1.0622493388896421,0.0051001320850128365,1.0978911847573716,True,26.49655172413793,23.399185520174434,0.8831030453996078,-0.06207676998131871,0.9905718249562394,0.9324281818650131,lettera,Nelson Mandela,wikipedia,Nelson Mandela
h,lettere,1839,0.03678,50000,1.2140842946692232,0.007706284528652859,1.1599452523809104,True,27.139825897714907,25.685390478241782,0.9464095523326262,-0.027532976090848704,1.0301200955210796,0.9570971384995964,lettera,Nelson Mandela,wikipedia,Nelson Mandela
l,lettere,1718,0.03436,50000,1.1588395638352034,0.0042614403824885,1.1317690064050263,True,29.101339545719277,27.71039843070205,0.9522035364443617,-0.024483340319469055,0.9244912033373446,0.9238728163057542,lettera,Nelson Mandela,wikipedia,Nelson Mandela
c,lettere,1408,0.02816,50000,0.9874318960258182,0.013000663121907337,1.094071827737038,True,35.476190476190474,36.53065269510923,1.0297230961037502,0.014643916778996395,0.9585184263840137,1.0072747740044026,lettera,Nelson Mandela,wikipedia,Nelson Mandela
m,lettere,1213,0.02426,50000,1.2166170479111742,0.010892293497307262,1.1490463865856662,True,41.210396039603964,40.01252228649696,0.9709327289173386,-0.014747977267914394,0.9718402610702578,1.0250707396096252,lettera,Nelson Mandela,wikipedia,Nelson Mandela
u,lettere,1050,0.021,50000,1.0510545017591333,0.010939915944328906,1.1261985599538935,True,47.60724499523356,46.4358313806222,0.9753942154239624,-0.012456138822273836,1.015606218534658,0.9598900947242271,lettera,Nelson Mandela,wikipedia,Nelson Mandela
g,lettere,836,0.01672,50000,0.9240412447843923,0.007412683333642973,0.9793446453729189,True,59.47425149700599,55.95255566013676,0.9407862100282756,-0.030510207495168515,0.9242282629878757,0.9465380830888407,lettera,Nelson Mandela,wikipedia,Nelson Mandela
f,lettere,834,0.01668,50000,1.0362412083944528,0.004968728362847751,1.039477435844227,True,59.93157262905162,61.450096032892816,1.025337619842552,0.01251031906696205,0.975138397752556,1.0244604013582859,lettera,Nelson Mandela,wikipedia,Nelson Mandela
p,lettere,805,0.0161,50000,1.0936071832003256,0.005884434883012282,1.0583831689390009,True,62.07960199004975,67.03506364395604,1.0798243141877835,0.038380315896516796,0.9887005197812653,0.9508538555862692,lettera,Nelson Mandela,wikipedia,Nelson Mandela
b,lettere,660,0.0132,50000,1.1255593104589101,0.011312067402909786,1.0537247103058314,True,75.71623672230652,77.56757948024497,1.0244510667471278,0.01207787491076072,1.0546822181586133,1.0670781478533724,lettera,Nelson Mandela,wikipedia,Nelson Mandela
w,lettere,654,0.01308,50000,1.0291243979481213,0.006878210364677462,1.0652625529875788,True,76.1990811638591,71.4736868593252,0.9379862036082511,-0.0319990907449641,1.0116227808428582,0.9424170291396944,lettera,Nelson Mandela,wikipedia,Nelson Mandela
the,parole,451,0.00902,50000,1.1479008914876163,0.008386086015945256,1.0822644157080872,True,110.4088888888889,97.75749237281526,0.8854132430514223,-0.06077540686153571,1.0255154677907734,0.9108002479689682,funzione,Nelson Mandela,wikipedia,Nelson Mandela
in,parole,249,0.00498,50000,1.2518263318989338,0.008762297471029985,1.1838976460815842,True,199.04435483870967,222.80283500853665,1.119362742988009,0.056320110081639,0.9105334112959084,1.0930792855174687,funzione,Nelson Mandela,wikipedia,Nelson Mandela
and,parole,241,0.00482,50000,1.0224363182143028,0.009844098220163362,0.9527946138724227,True,206.52083333333334,153.15799668673344,0.7416103945287204,-0.14836246170958337,0.9843153866514694,0.8260829874834714,funzione,Nelson Mandela,wikipedia,Nelson Mandela
to,parole,207,0.00414,50000,0.8918426334577517,0.006708096477226743,0.9215457618742768,True,240.76699029126215,216.39389125697724,0.898768934209793,-0.05331405205043351,0.9771389903171127,0.9819120265003461,funzione,Nelson Mandela,wikipedia,Nelson Mandela
of,parole,199,0.00398,50000,1.086424480461129,0.004953581297668878,1.1196237572634218,True,251.66161616161617,239.47514869830496,0.9515759786924157,-0.024812777896574184,1.0092643469715912,0.9572533106500565,funzione,Nelson Mandela,wikipedia,Nelson Mandela
was,parole,146,0.00292,50000,1.0817546218831644,0.008400416984924417,1.0350536443356482,True,339.48275862068965,328.4826247613638,0.9675973710593754,-0.016468119655587213,1.0371913268633695,0.9709428999349866,funzione,Nelson Mandela,wikipedia,Nelson Mandela
mandela,parole,174,0.00348,50000,0.7834667195712147,0.014548506715980654,0.8490637284416273,True,284.5895953757225,204.47766497226476,0.7185001429947152,-0.16380554761824687,0.9593895285420135,0.8593050110356412,keyword,Nelson Mandela,wikipedia,Nelson Mandela
anc,parole,73,0.00146,50000,1.1857952711604214,0.01722145354652075,1.0971528221313822,True,683.4722222222222,962.8069727744814,1.4086994927811962,0.16967641418369414,0.8707154582148791,1.1200212089044574,keyword,Nelson Mandela,wikipedia,Nelson Mandela
south,parole,33,0.00066,50000,1.0181871178562512,0.008450608951156253,1.0158333961599757,True,1530.78125,1395.9150712305923,0.9118971578928029,-0.046081370927032274,0.9531546865209792,1.0130186858587995,keyword,Nelson Mandela,wikipedia,Nelson Mandela
african,parole,31,0.00062,50000,0.899949577238088,0.006431872240310284,0.9371592725711078,True,1632.8333333333333,1503.3844366521214,0.9207213044720556,-0.04127548090571919,0.9555411550305425,0.9571042135540323,keyword,Nelson Mandela,wikipedia,Nelson Mandela
president,parole,27,0.00054,50000,1.2456821446411588,0.011847528165416205,1.2866133311682726,True,1772.423076923077,3133.5148593625904,1.7679271389325206,0.27743762764964963,1.0034850457259201,1.2355172780681862,keyword,Nelson Mandela,wikipedia,Nelson Mandela
government,parole,27,0.00054,50000,1.0552348474005788,0.012167255819541294,0.9786999841526001,True,1897.576923076923,2284.0262200434904,1.203654087624516,0.09241654067587807,1.0113428750826674,1.0654906074942188,keyword,Nelson Mandela,wikipedia,Nelson Mandela
national,parole,22,0.00044,50000,1.0883047784792224,0.02296447093589731,0.9715689870202884,True,2342.285714285714,3583.666420620886,1.529986883651269,0.2094820677040007,0.9740126532326702,1.1095852662507053,keyword,Nelson Mandela,wikipedia,Nelson Mandela
he,parole,140,0.0028,50000,1.2453656680369352,0.00413379196742426,1.2217253751848678,True,353.63309352517985,497.6976869471414,1.4073843654898313,0.16922281764795818,1.0245964755144554,1.1997457676185304,appaiata,Nelson Mandela,wikipedia,Nelson Mandela
as,parole,59,0.00118,50000,1.01408323845188,0.002790852178632627,1.031885122786897,True,828.1724137931035,837.7319032254835,1.0115428735287098,0.0057383184224459646,0.9964415171345116,1.0017901918973593,appaiata,Nelson Mandela,wikipedia,Nelson Mandela
which,parole,32,0.00064,50000,0.950729450904441,0.005335047288619826,0.9729222733852867,True,1516.1612903225807,1511.8096682844307,0.9971298422760654,-0.0014371412730298933,1.059646119527416,0.9801768916200048,appaiata,Nelson Mandela,wikipedia,Nelson Mandela
him,parole,26,0.00052,50000,1.0196957308675918,0.011365841210145153,1.0908389649047199,True,1759.48,1847.4399881998872,1.0499920363970532,0.02438645395175111,0.9826594055858996,1.0444209756777358,appaiata,Nelson Mandela,wikipedia,Nelson Mandela
had,parole,25,0.0005,50000,0.9963174237327287,0.014581719185638733,1.0116749561942955,True,1724.125,1535.7017178815513,0.8907136767238751,-0.05780162518604623,1.0255621114744826,1.041308975511318,appaiata,Nelson Mandela,wikipedia,Nelson Mandela
their,parole,25,0.0005,50000,1.0566964479259184,0.004904222412997091,1.0364673528343047,True,1682.6666666666667,1939.045947987256,1.1523648660780048,0.0707895155135295,1.0316267872949965,1.0877372074646097,appaiata,Nelson Mandela,wikipedia,Nelson Mandela
although,parole,22,0.00044,50000,0.837046540247442,0.005943885285329116,0.8787981901287903,True,2214.9523809523807,1686.806790245714,0.7615544265201873,-0.13536088916130914,0.9874671084493363,0.8369985183783477,appaiata,Nelson Mandela,wikipedia,Nelson Mandela
vocali,vc,15776,0.31552,50000,1.072349104568879,0.008021670542311489,1.0256743384860405,True,3.1695087163232962,1.592161239235865,0.5023369177172697,-0.3312593043635684,0.9778943252475992,0.9571178828454738,vocali,Ancient Rome,wikipedia,Ancient Rome
spazio,lettere,7884,0.15768,50000,1.080209046862958,0.009608538550199006,1.068482901098202,True,6.341874920715464,2.9564127652532943,0.46617330083195085,-0.364095225895288,1.0279849027961978,0.9182941479037653,spazio,Ancient Rome,wikipedia,Ancient Rome
e,lettere,5010,0.1002,50000,1.2275685115208392,0.011187508130075772,1.1438450833804121,True,9.980634857256938,8.373937412696847,0.8390185125957336,-0.08753663234039155,0.9790053169328651,0.9738462155046955,lettera,Ancient Rome,wikipedia,Ancient Rome
a,lettere,3706,0.07412,50000,1.3002545661383653,0.011809326769747849,1.2060536081076108,True,13.48906882591093,11.326656369646342,0.8396914950785301,-0.08713879764641022,0.9372844457152677,0.9742204968341305,lettera,Ancient Rome,wikipedia,Ancient Rome
t,lettere,3415,0.0683,50000,1.2968915807452484,0.010822250893102089,1.267929995627583,True,14.628588166373754,12.907399125360392,0.8823407275235349,-0.06250689407929946,0.9421362958162723,1.0623084969373808,lettera,Ancient Rome,wikipedia,Ancient Rome
i,lettere,3153,0.06306,50000,1.0742983273452842,0.008593591765824382,1.0076442164500299,True,15.860406091370558,14.65447355810026,0.9239658476382625,-0.03951949170775153,1.0343024220368693,1.0576794375726306,lettera,Ancient Rome,wikipedia,Ancient Rome
n,lettere,2973,0.05946,50000,1.1455731665251916,0.002854652711361923,1.1464811236643666,True,16.818304172274562,14.125988427666776,0.8399175257487528,-0.08700524453458955,0.9400766926691041,0.9896545015175257,lettera,Ancient Rome,wikipedia,Ancient Rome
r,lettere,2814,0.05628,50000,0.8968230823755342,0.015191062635993152,0.9846115413940411,True,17.766086029150372,14.99990617096283,0.8442999851712512,-0.08442228275260301,0.9794758281563741,0.9378793186402667,lettera,Ancient Rome,wikipedia,Ancient Rome
s,lettere,2665,0.0533,50000,1.1552322087545404,0.004094394666862699,1.1575614472520475,True,18.75487987987988,17.935786247039673,0.9563263727581147,-0.022324305315330514,0.8827169910744493,0.9664429577612964,lettera,Ancient Rome,wikipedia,Ancient Rome
o,lettere,2658,0.05316,50000,1.0147621185656808,0.010468674128060192,1.0400594126621412,True,18.80429055325555,16.804535289112188,0.8936543094524164,-0.05615897791732394,0.9294679605596584,0.9809312733025711,lettera,Ancient Rome,wikipedia,Ancient Rome
h,lettere,1832,0.03664,50000,1.1320974863553006,0.01212824362041827,1.0323830272928383,True,27.298743855816493,23.47931989862811,0.8600879228230648,-0.07521799128967516,0.990860093596425,0.9214377720308425,lettera,Ancient Rome,wikipedia,Ancient Rome
d,lettere,1776,0.03552,50000,1.3208973154514771,0.02183684182914217,1.1562075924090895,True,28.145915492957748,25.21802570941202,0.8959746118658567,-0.05486644572301016,0.9715676222055553,0.9799720706048269,lettera,Ancient Rome,wikipedia,Ancient Rome
l,lettere,1633,0.03266,50000,1.0605354468781776,0.006340264920977422,1.0379720043111689,True,30.572916666666668,30.495331611612077,0.9974622946217238,-0.0012704647217167224,1.107163293308196,0.9960590199384662,lettera,Ancient Rome,wikipedia,Ancient Rome
c,lettere,1367,0.02734,50000,1.312723089163232,0.011135390311160166,1.2254958681878072,True,36.57759882869693,33.414735124805674,0.9135300346339347,-0.04518871603842233,0.988475404874657,0.9825718874440469,lettera,Ancient Rome,wikipedia,Ancient Rome
u,lettere,1249,0.02498,50000,1.3249694392085933,0.004785235182785217,1.332604259037648,True,39.962339743589745,42.19728011438751,1.0559261641119566,0.027202418592748214,1.0527212761914206,0.9620905751784413,lettera,Ancient Rome,wikipedia,Ancient Rome
m,lettere,1153,0.02306,50000,1.077406925832642,0.006317224289285585,1.0363080553197368,True,43.3359375,42.31856547256201,0.9765235948238574,-0.011877624551319754,1.0214172504776255,0.999385907570236,lettera,Ancient Rome,wikipedia,Ancient Rome
p,lettere,892,0.01784,50000,1.1324746968714512,0.00379103170678929,1.1219183086282576,True,56.068462401795735,56.30431783184608,1.0042065614063065,0.0020988661983797137,0.9405447219632146,0.9829876674788179,lettera,Ancient Rome,wikipedia,Ancient Rome
f,lettere,813,0.01626,50000,1.080295868753905,0.013838479467160405,0.9884476714341712,True,61.45443349753695,56.922051901265114,0.9262480941028691,-0.03828785405313021,1.0174287225056535,0.9384554698666697,lettera,Ancient Rome,wikipedia,Ancient Rome
g,lettere,679,0.01358,50000,1.2771964832305953,0.011054457178440887,1.1969834128813126,True,73.71386430678466,74.00603282602208,1.0039635490824557,0.001977854878782841,1.023325429114794,0.9933320652884504,lettera,Ancient Rome,wikipedia,Ancient Rome
w,lettere,602,0.01204,50000,1.1466458952355087,0.011479987140227585,1.1101209218609254,True,82.91846921797006,77.81853897574452,0.9384946406955583,-0.03172841338492056,0.9303512043264232,1.0282699426626383,lettera,Ancient Rome,wikipedia,Ancient Rome
b,lettere,547,0.01094,50000,1.0971495474312172,0.01509018140050477,1.1931343517130013,True,91.22710622710623,102.1713961913221,1.1199675229966244,0.05658932115481067,1.0003815154730855,1.0053456187304286,lettera,Ancient Rome,wikipedia,Ancient Rome
the,parole,745,0.0149,50000,1.295153185477766,0.011302010067848426,1.208472139076481,True,67.01344086021506,62.485528505940906,0.9324327732444148,-0.03496485243424263,1.0391509628946742,1.0002128506237629,funzione,Ancient Rome,wikipedia,Ancient Rome
and,parole,347,0.00694,50000,1.0097663199894602,0.0045822580297031875,0.9997070839555726,True,143.58670520231215,118.14645662922092,0.8228230911960395,-0.09719917948137606,0.9210044271494943,1.0226196403680339,funzione,Ancient Rome,wikipedia,Ancient Rome
of,parole,329,0.00658,50000,1.0996256573325915,0.015930134188347454,0.9854972794559637,True,151.03048780487805,138.0369548436708,0.9139674833203606,-0.04494983192211279,0.9976058219827743,0.9441010593313761,funzione,Ancient Rome,wikipedia,Ancient Rome
in,parole,210,0.0042,50000,1.0552438884968927,0.00832026435719368,1.0436068600058548,True,237.1866028708134,269.91670476641815,1.1379930464008188,0.06454326249242098,1.0044480149593709,1.096042618825578,funzione,Ancient Rome,wikipedia,Ancient Rome
to,parole,169,0.00338,50000,0.9855294034309081,0.012363577171451598,1.0136493629315286,True,294.79761904761904,259.2304031367941,0.8793503962965192,-0.06419750353166444,0.9747944229523243,0.8512635422596692,funzione,Ancient Rome,wikipedia,Ancient Rome
was,parole,113,0.00226,50000,1.1736754257069566,0.010159023969885073,1.178774260597907,True,429.5357142857143,513.6591909805221,1.1958474555129808,0.08918991846235877,0.970914155821712,1.1393980387119635,funzione,Ancient Rome,wikipedia,Ancient Rome
rome,parole,77,0.00154,50000,1.0284086532633796,0.012396905871155967,0.9324596930237584,True,649.8815789473684,662.5375454438843,1.0194742656300784,0.009643235351653465,0.9704531235830532,1.0384498095011674,keyword,Ancient Rome,wikipedia,Ancient Rome
roman,parole,71,0.00142,50000,0.9218900837538381,0.009215360384168907,0.9657951983554921,True,675.3571428571429,709.2424420569505,1.050173896223935,0.024472995347539408,0.9737225566018403,0.9933781780563313,keyword,Ancient Rome,wikipedia,Ancient Rome
empire,parole,54,0.00108,50000,1.4214609978008583,0.021748345069667142,1.264677254038455,True,872.0754716981132,2120.924987331422,2.4320429322493586,0.4172567070164238,1.070630411127155,1.2645600244051174,keyword,Ancient Rome,wikipedia,Ancient Rome
bc,parole,47,0.00094,50000,1.3013912558563985,0.018259708738132412,1.2586946611603271,True,1001.3913043478261,3945.399878216886,3.9399182528216556,0.5951350006940681,0.9097361340866018,1.3643697166219975,keyword,Ancient Rome,wikipedia,Ancient Rome
ad,parole,36,0.00072,50000,1.2154618919412408,0.023927672650552224,1.0872362061507093,True,1316.6285714285714,3045.2511930169953,2.3129159271645077,0.3963022171492953,1.0190833064787557,1.1235992262442487,keyword,Ancient Rome,wikipedia,Ancient Rome
emperor,parole,27,0.00054,50000,1.143473732671605,0.007866127577150984,1.150259313503904,True,1030.0,874.3564948006048,0.8488898007772862,-0.08173023571182342,0.9954200973297757,1.1476905049307182,keyword,Ancient Rome,wikipedia,Ancient Rome
century,parole,26,0.00052,50000,1.0841717637413735,0.015458153212652818,1.06669273744455,True,1858.36,3118.7080776073494,1.6782044800831646,0.25323103038872696,0.9248287346585032,1.115881137769921,keyword,Ancient Rome,wikipedia,Ancient Rome
by,parole,73,0.00146,50000,0.9679640019885369,0.005215511509809399,1.0009005616119242,True,635.0138888888889,578.7819773188957,0.9114477453896566,-0.04632732169839764,0.9636247106849121,0.9835971584914182,appaiata,Ancient Rome,wikipedia,Ancient Rome
were,parole,64,0.00128,50000,1.0933956616337266,0.01804167390838678,1.1350491127243925,True,749.031746031746,829.7521193833107,1.1077662913210404,0.05112819754485115,0.9424281025201081,1.1475078422382576,appaiata,Ancient Rome,wikipedia,Ancient Rome
with,parole,49,0.00098,50000,0.9062574586878508,0.0034529964178776585,0.9126842187842357,True,1003.7916666666666,994.6297923141378,0.9908727332007516,-0.004584555630823418,1.0375138564646817,0.9801325134152923,appaiata,Ancient Rome,wikipedia,Ancient Rome
from,parole,42,0.00084,50000,1.0281598591802112,0.010709936360686173,0.9996047866368339,True,1214.1707317073171,1421.409738647499,1.1706835797703432,0.0786312576190406,0.9764563783550176,1.0211343253166234,appaiata,Ancient Rome,wikipedia,Ancient Rome
after,parole,36,0.00072,50000,1.064669788983716,0.011684489754835114,0.9776011213915694,True,1202.8,1191.2778803601173,0.9904205856003636,-0.004812758905800319,0.9676956496101746,1.0812618625859614,appaiata,Ancient Rome,wikipedia,Ancient Rome
on,parole,26,0.00052,50000,1.1235976952326738,0.013750102030536261,1.0133508755465026,True,1864.68,2057.9320064893627,1.1036381612337574,0.04926615382037701,0.9687447302273601,1.046130943194209,appaiata,Ancient Rome,wikipedia,Ancient Rome
war,parole,25,0.0005,50000,1.3147332409069574,0.015288174650628795,1.2402445837177745,True,1644.0,2278.499200942509,1.3859484190647866,0.1617589114588092,1.0104746582360866,1.1596461008825285,appaiata,Ancient Rome,wikipedia,Ancient Rome
vocali,vc,15367,0.30734,50000,1.0941616192053194,0.0064447550486496285,1.05637068039642,True,3.253676949108421,1.7909481924598476,0.5504382335654456,-0.2899578691378923,1.0574580401694893,0.9916755952808725,vocali,Ottoman Empire,wikipedia,Ottoman Empire
spazio,lettere,7798,0.15596,50000,1.0007443985007243,0.010098913789080038,1.065320293622156,True,6.411953315377709,3.016306077622148,0.47041922005080383,-0.3601563232633064,0.9873227649355933,0.9856696289949141,spazio,Ottoman Empire,wikipedia,Ottoman Empire
e,lettere,4793,0.09586,50000,1.0135216047863411,0.009276743353490316,1.0079028665238348,True,10.430926544240402,8.943048274335741,0.857358954298627,-0.07679778072582473,0.9657603127060325,0.923880709386692,lettera,Ottoman Empire,wikipedia,Ottoman Empire
t,lettere,4019,0.08038,50000,1.2399124102449213,0.0038595987412231073,1.209495077050488,True,12.443006470881036,11.153124911452997,0.8963368248303492,-0.054664959205717456,0.9522831529930418,1.0246563600206515,lettera,Ottoman Empire,wikipedia,Ottoman Empire
a,lettere,3554,0.07108,50000,1.0990401137421082,0.004320122409113684,1.084790811820881,True,14.068392907402195,12.447122172317878,0.8847579289435914,-0.06114422933930928,0.9742931764712278,1.008939495682191,lettera,Ottoman Empire,wikipedia,Ottoman Empire
n,lettere,3130,0.0626,50000,1.0779368332678327,0.013255615595750598,1.0314170155043314,True,15.96995845317993,13.395293196703053,0.8387807166796849,-0.08767727541293305,0.9869981969270238,1.0406577499736664,lettera,Ottoman Empire,wikipedia,Ottoman Empire
i,lettere,3061,0.06122,50000,1.0248732605011786,0.019871474297835402,1.113210607077387,True,16.330065359477125,14.618686447750441,0.8952007310409515,-0.05529718685866417,1.0004003850652425,0.981076268149137,lettera,Ottoman Empire,wikipedia,Ottoman Empire
o,lettere,2876,0.05752,50000,1.0893356101885752,0.003014230932721615,1.0713922446683546,True,17.38921739130435,15.785371805150403,0.9077678109334602,-0.04834560502486474,1.0097979636759005,1.0145714599859836,lettera,Ottoman Empire,wikipedia,Ottoman Empire
r,lettere,2571,0.05142,50000,1.0196518443657494,0.007310689874949094,1.0633284906596192,True,19.447081712062257,16.788280485601586,0.863280194641671,-0.07337587001219732,0.9492491444011675,0.9356752129920433,lettera,Ottoman Empire,wikipedia,Ottoman Empire
s,lettere,2431,0.04862,50000,1.1711139721332013,0.009786237319438265,1.1277230670923843,True,20.563374485596707,19.230179686034955,0.9351665359936149,-0.03350278273238963,0.9504466640908213,0.998801086348012,lettera,Ottoman Empire,wikipedia,Ottoman Empire
h,lettere,1881,0.03762,50000,1.252292323957161,0.011922180585664122,1.1514176330508172,True,26.579787234042552,21.715638066221935,0.8169981902040673,-0.10071656140470885,1.0372272081927056,0.9317598926566406,lettera,Ottoman Empire,wikipedia,Ottoman Empire
d,lettere,1518,0.03036,50000,1.1266096341528344,0.006899119007852491,1.1162731061527658,True,32.86288727752142,30.389571279990317,0.9247383233054242,-0.039102290313067674,1.0392967205603714,0.9241108535197777,lettera,Ottoman Empire,wikipedia,Ottoman Empire
l,lettere,1480,0.0296,50000,1.1632913827136464,0.010812365334757058,1.0776937512021534,True,33.75321162947938,35.10973443544842,1.040189443921961,0.019698878475080603,0.9358437766488126,0.932218018622431,lettera,Ottoman Empire,wikipedia,Ottoman Empire
m,lettere,1255,0.0251,50000,1.1451530555516343,0.018210805939615094,1.0121408700672376,True,39.8524720893142,36.21102585849067,0.9086268419519219,-0.047873767695015855,0.9787681865346372,0.903294798403202,lettera,Ottoman Empire,wikipedia,Ottoman Empire
c,lettere,1146,0.02292,50000,1.1822237243028264,0.006393967367927897,1.1398144332785898,True,43.5938864628821,43.10868275678996,0.9888699139842634,-0.00559618602377065,0.9956338650495405,1.008287901379772,lettera,Ottoman Empire,wikipedia,Ottoman Empire
u,lettere,1083,0.02166,50000,1.0821688912078944,0.014681370538369347,1.0182105341632572,True,46.10536044362292,42.32472142134517,0.9180000115843217,-0.0427528612723751,1.0000421695600388,0.9240621314120424,lettera,Ottoman Empire,wikipedia,Ottoman Empire
f,lettere,848,0.01696,50000,1.0568004385254688,0.005116080627286978,1.027437014425129,True,58.90318772136954,53.079605471529106,0.9011329865984877,-0.05200425961700101,1.0507222128490317,1.0519820246496738,lettera,Ottoman Empire,wikipedia,Ottoman Empire
p,lettere,806,0.01612,50000,1.1056762880347233,0.005066994339270706,1.063271499361717,True,62.08571428571429,60.95548377408054,0.9817956429327284,-0.009185789227153698,1.0285064224657394,1.0059261401859558,lettera,Ottoman Empire,wikipedia,Ottoman Empire
g,lettere,661,0.01322,50000,1.0583195544910693,0.010520633224536242,0.9785657701741318,True,75.13484848484849,74.0225429970656,0.9851958776757606,-0.0074572602586561185,0.9844826481753199,0.9832015512196565,lettera,Ottoman Empire,wikipedia,Ottoman Empire
y,lettere,589,0.01178,50000,1.064990340730767,0.0075494857682335895,1.061719432655921,True,84.83843537414965,84.7068263176293,0.9984487095272332,-0.0007762473289263412,1.0285957640157462,1.015651020974128,lettera,Ottoman Empire,wikipedia,Ottoman Empire
w,lettere,573,0.01146,50000,1.0946715142466432,0.0033214773439007145,1.0837190740138352,True,87.32167832167832,84.55026599716031,0.9682620355244594,-0.016124867473290345,0.894836747593967,1.0039766595709338,lettera,Ottoman Empire,wikipedia,Ottoman Empire
the,parole,886,0.01772,50000,1.0933813727035688,0.007903761609492858,1.058067244044114,True,56.461016949152544,44.35857471276951,0.7856495881524379,-0.12004057978102219,1.0485154069831355,0.9766566552304984,funzione,Ottoman Empire,wikipedia,Ottoman Empire
of,parole,381,0.00762,50000,1.0169859555925251,0.005150359099110096,1.0123014141551256,True,131.28684210526316,116.31194674538207,0.8859375766851447,-0.060480487119483194,1.0183965588888688,1.0576516699855636,funzione,Ottoman Empire,wikipedia,Ottoman Empire
and,parole,258,0.00516,50000,1.0824441256904525,0.005951070203978256,1.0965704227296527,True,192.1556420233463,181.97621511734397,0.9470250948719707,-0.027208126524693177,1.0053423393759422,1.0968949195553634,funzione,Ottoman Empire,wikipedia,Ottoman Empire
in,parole,258,0.00516,50000,1.1023146511519681,0.004554494505148662,1.066955530412582,True,193.57587548638134,189.53426440747972,0.9791213080207097,-0.01054947561560579,0.9869673203478054,0.9475045719570776,funzione,Ottoman Empire,wikipedia,Ottoman Empire
to,parole,176,0.00352,50000,1.0122741830346087,0.005372667272554512,1.047493614572094,True,282.42285714285714,282.01419126038604,0.9985529999710173,-0.0007240238457542574,1.0201420947550996,0.9603439969314085,funzione,Ottoman Empire,wikipedia,Ottoman Empire
was,parole,105,0.0021,50000,1.3633849749361442,0.028290985336565988,1.1656220194744848,True,479.90384615384613,554.6264643311927,1.155703311770067,0.07222854412290045,0.9264264105908024,1.1524026820480446,funzione,Ottoman Empire,wikipedia,Ottoman Empire
ottoman,parole,173,0.00346,50000,1.1628362607188225,0.006701291902232674,1.1629407486982217,True,290.51162790697674,301.02997632731996,1.0362062905919596,0.017781248766024455,0.974924511492769,1.0853379155012164,keyword,Ottoman Empire,wikipedia,Ottoman Empire
empire,parole,96,0.00192,50000,1.087935177176471,0.00758756289184931,1.0983391526162984,True,525.978947368421,555.0078392957448,1.0551902164004114,0.026854067307246664,0.9750196530015947,1.0490406573954496,keyword,Ottoman Empire,wikipedia,Ottoman Empire
war,parole,38,0.00076,50000,1.2178241484880628,0.003931594868395329,1.2253266853615807,True,1030.4054054054054,1157.6950149965005,1.1235335227507022,0.058173568454282724,1.017214275221871,1.1565060224715482,keyword,Ottoman Empire,wikipedia,Ottoman Empire
sultan,parole,39,0.00078,50000,1.2627357249263766,0.023615524110720553,1.099284684701762,True,1101.157894736842,1928.8597741799433,1.7516650276942416,0.2731673441821876,0.9734749800768657,1.2499425238216817,keyword,Ottoman Empire,wikipedia,Ottoman Empire
state,parole,35,0.0007,50000,1.3543685591547636,0.025904486570507975,1.1743409681138375,True,1436.9411764705883,2679.1516855173945,1.8644825058865115,0.30179360638789027,1.0854732477774187,1.248470236062566,keyword,Ottoman Empire,wikipedia,Ottoman Empire
turkish,parole,34,0.00068,50000,1.3553492707584711,0.015072231117772086,1.2489872733296232,True,1503.8181818181818,2487.864815641937,1.6543654317531924,0.24652424414711732,0.9232960367636549,1.2180361532892956,keyword,Ottoman Empire,wikipedia,Ottoman Empire
century,parole,30,0.0006,50000,1.2608200029666368,0.015379180794623417,1.1303298363442795,True,1671.6896551724137,3173.417919704786,1.8983295792289197,0.30994735231868076,1.0459626041610053,1.1960330532965162,keyword,Ottoman Empire,wikipedia,Ottoman Empire
by,parole,65,0.0013,50000,0.898465650419535,0.012335055839011063,1.0010539395656044,True,735.0625,692.6555037140735,0.9423083121694733,-0.029702641681066393,0.9550075216537336,0.9275772500382131,appaiata,Ottoman Empire,wikipedia,Ottoman Empire
as,parole,60,0.0012,50000,1.0079054536706278,0.00655634757379909,1.0401020340446323,True,818.5084745762712,823.8476669720071,1.0065230752784813,0.003250934593700608,1.0298865271826703,1.0760262818833646,appaiata,Ottoman Empire,wikipedia,Ottoman Empire
its,parole,38,0.00076,50000,1.03182143113993,0.004571142757861835,1.0076310089528455,True,1322.6486486486488,1356.091323871176,1.025284625101833,0.012484479854559572,1.0345654581425545,1.0199398850687114,appaiata,Ottoman Empire,wikipedia,Ottoman Empire
for,parole,34,0.00068,50000,1.1548012021252212,0.008512181255061793,1.0854395693724042,True,1412.5454545454545,2001.2691299977168,1.416782110308591,0.17245332482843206,0.9591868799892227,1.1304267148732106,appaiata,Ottoman Empire,wikipedia,Ottoman Empire
that,parole,36,0.00072,50000,1.3992277264722286,0.009030639946905237,1.340165935624796,True,1303.6857142857143,1786.5159614938427,1.370357856895494,0.15624554571711766,1.052545994902708,1.0760270886156573,appaiata,Ottoman Empire,wikipedia,Ottoman Empire
it,parole,28,0.00056,50000,0.960689978733063,0.00714965319411138,0.96673471265401,True,1722.1851851851852,1272.7833532803074,0.7390513890313405,-0.1500522713788286,1.0274622511989404,0.9626021756333492,appaiata,Ottoman Empire,wikipedia,Ottoman Empire
had,parole,25,0.0005,50000,1.1288085594467896,0.01137789130942186,1.0333544658496248,True,1785.2916666666667,1830.3520088904413,1.0252397650563772,0.012462605905663962,0.9517263595178415,1.112447799249973,appaiata,Ottoman Empire,wikipedia,Ottoman Empire
vocali,vc,15269,0.30538,50000,1.2980838398999637,0.00927563553921489,1.2429437182029157,True,3.2744301807702385,1.6828935137257395,0.5139500373557745,-0.32104755814342967,1.0457003293237073,0.9439188545948282,vocali,American Civil War,wikipedia,American Civil War
spazio,lettere,7800,0.156,50000,1.1639920701904312,0.004095131731201518,1.1361880762495342,True,6.410565457109886,3.004599564672219,0.4686949356924281,-0.36175318059300304,0.9090005749018865,0.9966548620034824,spazio,American Civil War,wikipedia,American Civil War
e,lettere,5116,0.10232,50000,1.2034158054160446,0.0033991817811856195,1.1843084878645842,True,9.773411534701857,8.331848982283248,0.8525016011757879,-0.07962119910211926,0.9896763201804308,1.0293762011525238,lettera,American Civil War,wikipedia,American Civil War
t,lettere,3661,0.07322,50000,1.261006705853265,0.01878540135833432,1.133695251240441,True,13.660382513661203,12.599761571342604,0.9223578884955883,-0.04038899934765703,0.9311606594241278,0.9338094438741072,lettera,American Civil War,wikipedia,American Civil War
n,lettere,3305,0.0661,50000,1.12834750164284,0.009355689909355116,1.063371059155557,True,15.122578692493947,12.996323982810067,0.8593986678515853,-0.07561656065445635,0.9926199538830232,0.9926892750653767,lettera,American Civil War,wikipedia,American Civil War
a,lettere,3195,0.0639,50000,0.9716621337774259,0.007461112175314318,1.0223897352325155,True,15.649655604257983,13.12183584064133,0.8384744158249157,-0.08785848896494354,0.9690536011766738,0.9335399524095376,lettera,American Civil War,wikipedia,American Civil War
o,lettere,3036,0.06072,50000,1.0524653836501228,0.007093398494806944,1.0008159971061101,True,16.445799011532124,13.977685318441324,0.8499243672283658,-0.08112528027104361,1.0757776802859078,0.9634975549649131,lettera,American Civil War,wikipedia,American Civil War
i,lettere,2858,0.05716,50000,1.1122955273691923,0.004974279399951856,1.1526817015519943,True,17.496674833741686,16.81727697237958,0.9611698869746432,-0.019799464229617154,1.0329568173896293,0.9433843429995954,lettera,American Civil War,wikipedia,American Civil War
r,lettere,2727,0.05454,50000,1.1143836898293284,0.004739418131434741,1.1018370041684526,True,18.333455612619222,15.084518935116911,0.8227864541114653,-0.09722123262920512,1.0097491926987752,0.9785661192781667,lettera,American Civil War,wikipedia,American Civil War
s,lettere,2558,0.05116,50000,1.173145858344259,0.013835713858083014,1.0937476123555576,True,19.52600703949941,19.033200550952614,0.9747615327829242,-0.012780513899067406,0.9540721740035306,0.9744696597982471,lettera,American Civil War,wikipedia,American Civil War
h,lettere,1805,0.0361,50000,1.0407125938121067,0.003640173550386395,1.050425007729417,True,27.714523281596453,24.153350658356395,0.8715051820644226,-0.06865854242190085,0.9809626807001215,1.0597962319805632,lettera,American Civil War,wikipedia,American Civil War
d,lettere,1714,0.03428,50000,1.077313860134994,0.005784359900295438,1.0442179298064014,True,29.09982486865149,26.344145037807724,0.9053025286824874,-0.04970206562576479,1.0240059539473936,0.9831337382851061,lettera,American Civil War,wikipedia,American Civil War
l,lettere,1609,0.03218,50000,1.168043622177385,0.005072506383981394,1.2011678218447208,True,31.078980099502488,33.10849365215781,1.0653018067567737,0.03161852981638536,0.9083686250902376,1.0093000735827133,lettera,American Civil War,wikipedia,American Civil War
c,lettere,1407,0.02814,50000,1.2183703515744546,0.00629809409159114,1.1694032320730037,True,35.53342816500711,33.95477344600563,0.9555726874516398,-0.022718313071888256,1.004069884778333,1.0477885123896982,lettera,American Civil War,wikipedia,American Civil War
u,lettere,1064,0.02128,50000,1.0697921256333787,0.005355030565258015,1.0843085860092063,True,46.8824082784572,44.43139722487701,0.9477200266884233,-0.0268416264120182,0.9732854888981711,1.0003597808578972,lettera,American Civil War,wikipedia,American Civil War
f,lettere,995,0.0199,50000,0.9447627941009918,0.006851749679895698,0.995027199539965,True,50.12072434607646,47.331228905303895,0.944344470732077,-0.02862431534416731,1.008215858412208,0.9579408133870362,lettera,American Civil War,wikipedia,American Civil War
m,lettere,943,0.01886,50000,1.3443813733975043,0.010728728131583133,1.2650943855503607,True,53.01486199575371,52.15325034658084,0.9837477338101552,-0.008192708131607657,0.9474830274504361,0.9353247744223848,lettera,American Civil War,wikipedia,American Civil War
p,lettere,729,0.01458,50000,1.1858659659725144,0.008011742780210475,1.131371356529509,True,68.34478021978022,79.02934579501431,1.1563333079845326,0.07249960263826428,0.9480946329851577,1.0901921582890832,lettera,American Civil War,wikipedia,American Civil War
w,lettere,691,0.01382,50000,1.2796763630673038,0.012687102009178917,1.185638792089977,True,72.42898550724638,73.84274095869525,1.019519194443327,0.009665268097987805,0.9979761107590379,1.0270272409716559,lettera,American Civil War,wikipedia,American Civil War
g,lettere,677,0.01354,50000,1.0892154078182719,0.006047681191131254,1.1133031393777801,True,73.28254437869822,74.70333458791237,1.019387839508847,0.009600849886053746,1.036674012612428,0.9838741515413196,lettera,American Civil War,wikipedia,American Civil War
y,lettere,604,0.01208,50000,1.0417919995384797,0.012265681346732065,1.1160213659411176,True,82.80265339966833,78.26146138721616,0.9451564433505175,-0.028194933542216707,0.972169192879638,0.9864194408176671,lettera,American Civil War,wikipedia,American Civil War
the,parole,717,0.01434,50000,1.2566657572588398,0.011503412538946213,1.1797756859865265,True,69.80167597765363,59.831065649607055,0.8571580096266087,-0.07691429034738427,1.0208330768004785,1.0057352432303859,funzione,American Civil War,wikipedia,American Civil War
of,parole,265,0.0053,50000,1.37697094367937,0.021610774894658395,1.2231618591071858,True,186.8560606060606,196.82820026460425,1.0533680289855165,0.02599048403996206,0.9364416319108546,1.0438935582253002,funzione,American Civil War,wikipedia,American Civil War
and,parole,221,0.00442,50000,0.9146100584324116,0.0065288481238923324,0.9494014639805336,True,226.25454545454545,196.42314943054075,0.868151174757292,-0.07057717117558095,0.9645356266767244,0.8443411241154091,funzione,American Civil War,wikipedia,American Civil War
in,parole,220,0.0044,50000,0.9664906596860068,0.006904635429931588,0.9456938794131636,True,227.74885844748857,207.2801497775659,0.9101259659018572,-0.04705136504215268,0.9454401083197431,1.0331820971039454,funzione,American Civil War,wikipedia,American Civil War
to,parole,217,0.00434,50000,1.060700233352498,0.005318293502637778,1.079730014639172,True,229.375,242.39215415386045,1.056750535820645,0.02759232820522956,0.969922970077339,1.052970039679675,funzione,American Civil War,wikipedia,American Civil War
was,parole,90,0.0018,50000,0.9927020993805848,0.005601670613563232,0.9897849529505262,True,544.9213483146067,539.9710687687372,0.9909156072501466,-0.004562922062980226,1.029489900823318,0.9757363518583922,funzione,American Civil War,wikipedia,American Civil War
union,parole,89,0.00178,50000,1.070180246759333,0.0028260192412415896,1.0581639915967773,True,565.9545454545455,633.4444592603262,1.1192497071502028,0.056269776396741966,0.9324502983361631,1.0639142506960013,keyword,American Civil War,wikipedia,American Civil War
confederate,parole,62,0.00124,50000,1.1997459080386597,0.009235351686133226,1.1919106671949198,True,801.360655737705,1033.4845754821708,1.2896622364505537,0.1265087189888713,0.8949615944300989,1.1100804187810496,keyword,American Civil War,wikipedia,American Civil War
states,parole,49,0.00098,50000,1.399758941994093,0.011359207524805886,1.3126261924800897,True,708.125,1525.4980438908774,2.154277908407241,0.36594045988487295,0.9502116837659581,1.3333119363882016,keyword,American Civil War,wikipedia,American Civil War
confederacy,parole,52,0.00104,50000,1.092815729599068,0.00793247880477368,1.053102991566446,True,965.3725490196078,1116.1185772270671,1.1561532160413621,0.07242213349200441,0.9687578764165429,1.0843259523874111,keyword,American Civil War,wikipedia,American Civil War
army,parole,44,0.00088,50000,1.5117971252930507,0.020362220612151767,1.3458410605676305,True,911.3953488372093,1928.831834230179,2.1163503156901684,0.3582236278346434,1.0454598089045524,1.3553201693018957,keyword,American Civil War,wikipedia,American Civil War
lincoln,parole,48,0.00096,50000,1.4098046004434812,0.006255453405326861,1.3818678672625955,True,1017.5957446808511,2111.5996168120105,2.0750869172259288,0.34961187965242196,0.8749519312476761,1.3279806137194268,keyword,American Civil War,wikipedia,American Civil War
south,parole,36,0.00072,50000,1.1757270864254965,0.011416597438338838,1.1790662259547415,True,1357.2,1829.1161607212828,1.3477130568238158,0.148107135926667,0.9547417260871806,1.221858300327516,keyword,American Civil War,wikipedia,American Civil War
on,parole,72,0.00144,50000,1.105159614911082,0.00845374420259149,1.0471194777555377,True,687.5070422535211,790.5808510788478,1.1499240043963328,0.06973455996107604,0.9377509489533052,1.0020688956234232,appaiata,American Civil War,wikipedia,American Civil War
for,parole,63,0.00126,50000,0.9875108218787687,0.006309623145414608,0.975802269176195,True,756.8225806451613,834.4937510043811,1.1026279769467346,0.04880938429049279,1.002712591536637,1.016221989617053,appaiata,American Civil War,wikipedia,American Civil War
it,parole,50,0.001,50000,1.225142896756857,0.009188075137236873,1.1934937768137945,True,935.530612244898,1190.2692640400187,1.2722932295971057,0.11983190639765502,0.9309702695962274,1.1757196543887847,appaiata,American Civil War,wikipedia,American Civil War
with,parole,46,0.00092,50000,1.091597875035254,0.008832339074224807,1.0342098200827434,True,1101.2222222222222,1376.66114350642,1.2501211070081506,0.11115895327995103,0.9378801554051764,1.0900556155793126,appaiata,American Civil War,wikipedia,American Civil War
which,parole,40,0.0008,50000,1.104180429130509,0.018062252183843722,0.9863562796123915,True,1257.0,1183.434475539198,0.9414753186469356,-0.030144437475440978,1.00912005778117,1.0059034978939903,appaiata,American Civil War,wikipedia,American Civil War
at,parole,36,0.00072,50000,0.9981580002051409,0.009003199333717645,0.998151314921744,True,1362.2571428571428,1516.1912098656785,1.1129992731663574,0.0534781410487787,1.0147669768511491,1.044656953808073,appaiata,American Civil War,wikipedia,American Civil War
but,parole,31,0.00062,50000,0.9901602131645567,0.009067280834281677,0.9362565791141648,True,1471.2,1366.1495702432667,0.9285954120739985,-0.03702414071866606,0.9806177733593567,1.033481012213299,appaiata,American Civil War,wikipedia,American Civil War
vocali,vc,15085,0.3017,50000,1.3123740558626835,0.01579141842515246,1.1960842371893907,True,3.3142402545743836,1.7693438191719688,0.5338610611375816,-0.30389906274607986,1.0391145924961471,0.9785957661438385,vocali,United Kingdom,wikipedia,United Kingdom
spazio,lettere,7832,0.15664,50000,1.1822223276470338,0.003405042368277971,1.1894164340592748,True,6.384242114672456,3.050674934784167,0.4778444927351697,-0.35332236228619274,1.0188876028379346,0.9174634332800559,spazio,United Kingdom,wikipedia,United Kingdom
e,lettere,4861,0.09722,50000,1.0559069349643755,0.0062769115543322655,1.0855011478646845,True,10.28559670781893,8.307746031146964,0.8077067638508091,-0.10637413102308943,1.0087589664061773,1.0291402671017431,lettera,United Kingdom,wikipedia,United Kingdom
t,lettere,3747,0.07494,50000,1.139929944262951,0.013332462071137566,1.1299973379144612,True,13.344634276561665,11.007826771894733,0.8248878570789108,-0.09595775556389005,0.9137906628039657,0.9008062965247466,lettera,United Kingdom,wikipedia,United Kingdom
n,lettere,3477,0.06954,50000,1.057782970295941,0.006051248871894185,1.1035593585590011,True,14.37945914844649,12.506533468185687,0.8697499216816408,-0.06966176428621705,0.9877979239251444,1.0160145039566728,lettera,United Kingdom,wikipedia,United Kingdom
a,lettere,3195,0.0639,50000,1.3061865154307544,0.007342849828256387,1.252018384003483,True,15.641202254226675,13.75965700551013,0.8797058424196196,-0.06399626732315403,0.9636684730426163,0.8703652963437909,lettera,United Kingdom,wikipedia,United Kingdom
i,lettere,3170,0.0634,50000,1.1624369217381048,0.007841051581501739,1.1021790614611136,True,15.768381192805302,14.421285735283336,0.9145698318013386,-0.044621077162948795,0.9212140097111519,1.0108328843228704,lettera,United Kingdom,wikipedia,United Kingdom
o,lettere,2819,0.05638,50000,1.1427670167741404,0.0059119797473889246,1.125468812180749,True,17.73527324343506,15.822077315526197,0.8921248124205216,-0.057012722877133,0.9640129218418311,1.0047067006832275,lettera,United Kingdom,wikipedia,United Kingdom
r,lettere,2625,0.0525,50000,1.0484072211054196,0.0075321962648358855,1.0773212297525172,True,19.04420731707317,16.42913445674471,0.862684079374412,-0.07371938276924872,1.0803781707953024,0.9558800072158773,lettera,United Kingdom,wikipedia,United Kingdom
s,lettere,2401,0.04802,50000,1.2399410591635718,0.005956082443741374,1.212676192649679,True,20.764166666666668,19.99646194563425,0.9630274244395832,-0.018834467160320938,0.945023744769308,1.0015948571323696,lettera,United Kingdom,wikipedia,United Kingdom
h,lettere,1801,0.03602,50000,1.1981085284200335,0.0063824960515800515,1.2225686304995182,True,27.75777777777778,25.005195581420633,0.9008356425938103,-0.05216882258735094,0.9884126706750188,0.9939635591427968,lettera,United Kingdom,wikipedia,United Kingdom
l,lettere,1742,0.03484,50000,1.1547798663394617,0.0033490013352314822,1.16186465622864,True,28.641010913268236,28.1348010439396,0.9823256982492148,-0.008915942403609628,0.9039565412434262,0.9358077515466855,lettera,United Kingdom,wikipedia,United Kingdom
d,lettere,1715,0.0343,50000,0.8571468429791663,0.01156229736389076,0.9127223260717237,True,29.1610268378063,27.82177408099407,0.9540738820940307,-0.02350275408049253,1.0302337835255202,0.9253443730664451,lettera,United Kingdom,wikipedia,United Kingdom
c,lettere,1380,0.0276,50000,1.2749514957640353,0.00880274423190291,1.2139079560205024,True,36.20522117476432,35.16099115895033,0.9711580268830996,-0.014631994352328469,0.9371736189961616,1.020715154284061,lettera,United Kingdom,wikipedia,United Kingdom
u,lettere,1040,0.0208,50000,1.0538062732422349,0.0038425493953829744,1.0760647930306957,True,48.106833493743984,46.47983321242566,0.9661794351621603,-0.01720115887340175,0.9553025751237684,0.9981791995594236,lettera,United Kingdom,wikipedia,United Kingdom
m,lettere,1031,0.02062,50000,1.1815197677779659,0.00706383099013544,1.1297346972284203,True,48.50873786407767,49.22785148536481,1.0148244141767222,0.007357670510846792,1.0728572939777585,1.0811508798522718,lettera,United Kingdom,wikipedia,United Kingdom
f,lettere,843,0.01686,50000,1.1541814691393673,0.0038293332445082516,1.1596074111164725,True,59.350356294536816,59.71220758532027,1.006096868045538,0.003039169315626281,0.9517955704312927,0.9871373955125001,lettera,United Kingdom,wikipedia,United Kingdom
g,lettere,805,0.0161,50000,1.1882214489093157,0.0071248129839980075,1.1296087544786566,True,62.14427860696517,64.58227941199742,1.0392312994805446,0.019238278409387858,0.9838415724426476,1.032486662741553,lettera,United Kingdom,wikipedia,United Kingdom
p,lettere,700,0.014,50000,1.1054881007056487,0.008589921412106622,1.121135357578206,True,71.32188841201717,71.52510304419863,1.0028492603982597,0.0014226035152006971,0.9485930613530195,1.0053611181614703,lettera,United Kingdom,wikipedia,United Kingdom
w,lettere,566,0.01132,50000,1.0961683917449159,0.008735794030122949,1.0259356181038826,True,88.12743362831858,92.14530254724124,1.0455915797556095,0.02228772361345772,1.0104389956805628,0.9472916392018155,lettera,United Kingdom,wikipedia,United Kingdom
b,lettere,531,0.01062,50000,1.2306573927028623,0.009965014496284471,1.1696140266405046,True,94.1188679245283,96.5580573204463,1.0259160511564367,0.01279226310569154,1.0313586040244755,0.9436723338973354,lettera,United Kingdom,wikipedia,United Kingdom
the,parole,839,0.01678,50000,1.2279368946896598,0.0050506416931047704,1.2162601222783922,True,59.62291169451074,52.56513101780793,0.8816263668425875,-0.06291027551662456,1.0247546126592033,1.024928160172785,funzione,United Kingdom,wikipedia,United Kingdom
of,parole,375,0.0075,50000,1.1430471264292041,0.00607861390808997,1.1836926237564536,True,133.475935828877,135.43075239952915,1.014645460685575,0.007269497770883846,1.0570312526489918,1.0547323009670928,funzione,United Kingdom,wikipedia,United Kingdom
and,parole,318,0.00636,50000,0.9709286234218142,0.0024495223833819924,0.9691639017730754,True,157.2460567823344,126.51653226101004,0.8045768196027882,-0.10829307917200619,0.9542697241022656,1.0114885885925649,funzione,United Kingdom,wikipedia,United Kingdom
in,parole,243,0.00486,50000,1.1577005173291761,0.006302654627092806,1.1207209403579885,True,205.93388429752065,209.36544062179493,1.0166633885238456,0.00826285071602504,0.9326644134400844,1.022387564773931,funzione,United Kingdom,wikipedia,United Kingdom
to,parole,144,0.00288,50000,1.1994477134958295,0.00381670506119113,1.186743297951052,True,333.6713286713287,373.8193202232408,1.120321969861122,0.05674702784360758,0.9545958992254039,1.0081507222965924,funzione,United Kingdom,wikipedia,United Kingdom
is,parole,93,0.00186,50000,1.459204198404786,0.019969387453103234,1.309139800966735,True,537.9891304347826,910.8313253161956,1.6930292338436204,0.25734189036429284,1.0251489333306034,1.2989856839010556,funzione,United Kingdom,wikipedia,United Kingdom
united,parole,76,0.00152,50000,1.1641465180118455,0.0025965672642583298,1.1855009865471688,True,666.1866666666666,777.7000167391254,1.1673905463020258,0.07723137234663376,0.9802080597453008,1.0609759888828643,keyword,United Kingdom,wikipedia,United Kingdom
kingdom,parole,75,0.0015,50000,1.20161432726585,0.00593807820590086,1.2423172921266359,True,675.1891891891892,779.4506086907462,1.1544180818812588,0.071675076987109,1.0492287346809421,1.077520857125833,keyword,United Kingdom,wikipedia,United Kingdom
ireland,parole,67,0.00134,50000,1.1806414400775456,0.005759915528991211,1.200989208987831,True,741.6818181818181,989.0837431931388,1.333568814748364,0.14294363750500058,0.9418831430680313,1.1373531052197008,keyword,United Kingdom,wikipedia,United Kingdom
uk,parole,67,0.00134,50000,1.1721530257213366,0.007617243120832774,1.1137642941720856,True,753.3939393939394,1638.6421571982455,2.1750137232540463,0.3700814628447603,1.0226736699862211,1.1552245615650294,keyword,United Kingdom,wikipedia,United Kingdom
british,parole,59,0.00118,50000,1.2742726841813257,0.00404364123995204,1.2745892634199947,True,779.051724137931,1488.5782976232288,1.9107566949684025,0.31289344675999764,0.951452442231815,1.2608554980063813,keyword,United Kingdom,wikipedia,United Kingdom
government,parole,51,0.00102,50000,1.369051698279063,0.020478345213128586,1.2262027777665936,True,869.6,1360.0668350924404,1.5640142997843152,0.21997314907009682,1.015654214270338,1.2630133471604557,keyword,United Kingdom,wikipedia,United Kingdom
northern,parole,48,0.00096,50000,1.208489833467023,0.009209966373162433,1.1396279661883217,True,1041.5106382978724,1590.3772846381646,1.5269909169985032,0.2085448402103676,0.9508915955276667,1.1587339550600146,keyword,United Kingdom,wikipedia,United Kingdom
by,parole,75,0.0015,50000,0.9737836846175153,0.014564228637344655,1.0458262560071487,True,666.8378378378378,578.6026158269908,0.8676811407448896,-0.07084660029406172,0.9735657863949312,0.8583912601231821,appaiata,United Kingdom,wikipedia,United Kingdom
with,parole,68,0.00136,50000,1.0109160183610546,0.01960621128432331,1.1278969938758336,True,736.1641791044776,789.5947291320906,1.0725796657107245,0.035018999226664585,0.9291365123931951,1.138976858952475,appaiata,United Kingdom,wikipedia,United Kingdom
as,parole,67,0.00134,50000,1.3009843559288146,0.022200225208771608,1.13950420725596,True,744.439393939394,984.4769189588468,1.3224406539654383,0.13883698316031837,0.923819681515269,1.1086886174051787,appaiata,United Kingdom,wikipedia,United Kingdom
was,parole,56,0.00112,50000,1.179301436892398,0.017178554852126087,1.0930876872907085,True,886.6909090909091,1027.924353621256,1.1592814847680666,0.07376596608254407,0.9292126644315267,1.0552535664868816,appaiata,United Kingdom,wikipedia,United Kingdom
for,parole,51,0.00102,50000,1.2785577945568873,0.008261539771406522,1.2663308933768338,True,963.9,1327.4168600737914,1.3771313000039336,0.1586497556964184,0.9499317964078199,1.1635806394422479,appaiata,United Kingdom,wikipedia,United Kingdom
from,parole,37,0.00074,50000,1.0994110315216767,0.005875616349384248,1.0806310223882274,True,1279.1666666666667,1451.691082840974,1.134872507758416,0.06317590735197123,1.0153977522795088,1.0131883508421913,appaiata,United Kingdom,wikipedia,United Kingdom
it,parole,37,0.00074,50000,1.0434853454125042,0.010580505063037555,1.1165731703453947,True,1368.8333333333333,1661.724293789866,1.2139712361791302,0.09664589705709165,0.9324086849969672,1.0904177527488903,appaiata,United Kingdom,wikipedia,United Kingdom
vocali,vc,15344,0.30688,50000,1.1639239466998088,0.005698465123590872,1.1219671640081281,True,3.258489213322036,1.694824680824894,0.5201259141493418,-0.3156804850071872,0.9866559727747534,0.9456906197061742,vocali,Joseph Stalin,wikipedia,Joseph Stalin
spazio,lettere,7600,0.152,50000,1.0683499602603352,0.012041417106851542,0.9999321066806309,True,6.578760363205685,3.036598117762683,0.461576034103029,-0.36838587479125057,1.001836788900104,0.9544457104910339,spazio,Joseph Stalin,wikipedia,Joseph Stalin
e,lettere,4776,0.09552,50000,1.2164177885848435,0.005386438048409248,1.182796971860217,True,10.469528795811518,9.06889928928452,0.8662184770830049,-0.07168588488422988,0.944286693314934,0.902097100446888,lettera,Joseph Stalin,wikipedia,Joseph Stalin
t,lettere,3502,0.07004,50000,1.2080994848026507,0.005241903477353799,1.176938565013729,True,14.277349328763211,12.240934765914044,0.8573674625480657,-0.07679284811862755,0.9442850102244832,0.9676237754506465,lettera,Joseph Stalin,wikipedia,Joseph Stalin
i,lettere,3406,0.06812,50000,1.1436746038802492,0.014215007308971,1.0832904903410265,True,14.679882525697504,12.87380072053592,0.8769689197444195,-0.06554774506992544,0.8724379561441077,0.9503260408556732,lettera,Joseph Stalin,wikipedia,Joseph Stalin
a,lettere,3313,0.06626,50000,1.0016055452881458,0.015524960721561776,0.9085086607664818,True,15.08574879227053,12.853302442310735,0.8520162054465846,-0.07990415748966483,0.9115758196297038,1.0378677338338644,lettera,Joseph Stalin,wikipedia,Joseph Stalin
n,lettere,3148,0.06296,50000,1.1513165621627515,0.00797516769673832,1.0860895995405642,True,15.870988242770894,13.311845090595414,0.8387533836564243,-0.08769344370854744,1.0085231395240015,1.0367451479606853,lettera,Joseph Stalin,wikipedia,Joseph Stalin
s,lettere,2857,0.05714,50000,1.0784025369916215,0.007341346419994831,1.0521947556611404,True,17.50280112044818,15.94581430665394,0.9110435636513494,-0.046548617750338125,1.022770009012236,0.9491815470253595,lettera,Joseph Stalin,wikipedia,Joseph Stalin
o,lettere,2855,0.0571,50000,1.1157296398488048,0.006873490555164078,1.1074484915371012,True,17.51261387526279,15.653080959775778,0.8938175118385,-0.05606796193283643,1.0098519860203021,0.9959575138239196,lettera,Joseph Stalin,wikipedia,Joseph Stalin
r,lettere,2616,0.05232,50000,1.119986788349652,0.005950464053206649,1.0996364662650429,True,19.11281070745698,16.356207519557785,0.8557719620576952,-0.07771862108660355,1.0571815828871813,0.9832746769889926,lettera,Joseph Stalin,wikipedia,Joseph Stalin
h,lettere,1801,0.03602,50000,1.120518438007242,0.0038432699748842886,1.1240236967408206,True,27.77166666666667,26.041455331364084,0.9376986856399477,-0.03215221996162758,0.979715779025255,1.0308735313067319,lettera,Joseph Stalin,wikipedia,Joseph Stalin
l,lettere,1638,0.03276,50000,1.109668434169137,0.007941304259609906,1.1679929163749148,True,30.499083689676237,28.68406917337978,0.9404895394640715,-0.03066775642210584,0.9960492504415047,0.9433227587632751,lettera,Joseph Stalin,wikipedia,Joseph Stalin
d,lettere,1614,0.03228,50000,1.0611916306632396,0.005026087130264549,1.0573425917623276,True,30.965282083075014,28.073901674132177,0.9066250906035438,-0.04897392248567245,1.0171809776263416,0.9422805708415215,lettera,Joseph Stalin,wikipedia,Joseph Stalin
c,lettere,1225,0.0245,50000,1.117032724771721,0.004576332652311484,1.1013416901391815,True,40.783496732026144,40.34264148138814,0.9891903518343533,-0.005434194950562876,0.9781103159548766,0.9302069500889281,lettera,Joseph Stalin,wikipedia,Joseph Stalin
m,lettere,1024,0.02048,50000,0.9798872787543779,0.009717803645510819,0.9398716576288092,True,48.779081133919846,47.37034082791575,0.9711199909211801,-0.014651573324728535,0.9223184154890602,1.029153249215032,lettera,Joseph Stalin,wikipedia,Joseph Stalin
u,lettere,994,0.01988,50000,1.0818910444973526,0.008813442684891098,1.008702680754099,True,50.21651560926485,47.68865812807548,0.9496608346772075,-0.025819447376408313,0.9711253153607361,0.9082653973306165,lettera,Joseph Stalin,wikipedia,Joseph Stalin
p,lettere,834,0.01668,50000,0.9575098816334131,0.012557046696939097,1.0147244988845503,True,60.00360144057623,60.229638567851595,1.0037670593405834,0.0018799886558785025,0.9961101653409642,1.0121014696643904,lettera,Joseph Stalin,wikipedia,Joseph Stalin
g,lettere,785,0.0157,50000,1.1569417162587032,0.009393746238572106,1.1201637555421349,True,63.58673469387755,65.149362745985,1.0245747491144235,0.012138227608129966,0.9839858513977866,0.9963637193025298,lettera,Joseph Stalin,wikipedia,Joseph Stalin
f,lettere,760,0.0152,50000,0.9932417447776948,0.008613372069275411,1.0362594452183804,True,65.53491436100131,66.20752558649849,1.010263402829705,0.005105501505552941,0.9793845326072451,1.0522930739490894,lettera,Joseph Stalin,wikipedia,Joseph Stalin
w,lettere,663,0.01326,50000,1.0844884433216586,0.0035116525168185663,1.086368984623286,True,75.39577039274924,71.01021967485352,0.9418329344597097,-0.029954721906328443,0.9266783432505669,1.029574016118839,lettera,Joseph Stalin,wikipedia,Joseph Stalin
v,lettere,613,0.01226,50000,1.0157127164012707,0.016417505677232425,0.9299586938068413,True,81.58169934640523,83.67250588241446,1.0256283768634362,0.012652062518555485,1.029918464695512,1.0023664125515863,lettera,Joseph Stalin,wikipedia,Joseph Stalin
the,parole,531,0.01062,50000,0.980896749263532,0.011095768150908973,0.9663616958460332,True,93.59622641509434,84.15564831093008,0.8991350563398166,-0.05311099035504055,1.0538433437057533,0.9784011982118889,funzione,Joseph Stalin,wikipedia,Joseph Stalin
in,parole,265,0.0053,50000,1.1598611156707541,0.01621867516327612,1.041535825395065,True,187.0340909090909,189.91577774285187,1.0154072812060857,0.00764474821032973,0.9526359071461471,1.0343322608494174,funzione,Joseph Stalin,wikipedia,Joseph Stalin
and,parole,246,0.00492,50000,1.0565026423906898,0.003684105916035071,1.0410904202358162,True,203.4530612244898,183.5045529229707,0.9019503162967504,-0.05155217928834239,1.000115736454738,0.9729892604963517,funzione,Joseph Stalin,wikipedia,Joseph Stalin
of,parole,232,0.00464,50000,1.001370602006413,0.009715153404820981,1.05126134058745,True,214.87012987012986,207.0144723348346,0.9634399739971149,-0.01862039404670837,1.0256069701435238,0.9612054948903287,funzione,Joseph Stalin,wikipedia,Joseph Stalin
to,parole,187,0.00374,50000,1.1513161859915608,0.010583596825501525,1.0910168658678248,True,267.13978494623655,291.1605887867659,1.0899184816120282,0.043024875086357904,0.9905059580228456,1.0766380861968032,funzione,Joseph Stalin,wikipedia,Joseph Stalin
was,parole,116,0.00232,50000,1.0455639778052666,0.0076852372446706745,1.0704712095082105,True,431.62608695652176,414.51723052391975,0.9603618572889331,-0.020219809196800137,1.0173025942718847,0.9735670902494021,funzione,Joseph Stalin,wikipedia,Joseph Stalin
stalin,parole,197,0.00394,50000,1.0136073141161193,0.02337946575180925,0.8404294529081535,True,253.62244897959184,187.12373612576266,0.7378043106145541,-0.15087756877109113,0.9863044586628907,0.9940387919894299,keyword,Joseph Stalin,wikipedia,Joseph Stalin
soviet,parole,58,0.00116,50000,1.2673651675146755,0.008783886221687813,1.2001011174913419,True,858.859649122807,1431.7449074293488,1.667030124062361,0.250102208461881,0.9724253787872407,1.2800497745506858,keyword,Joseph Stalin,wikipedia,Joseph Stalin
party,parole,37,0.00074,50000,1.1399525499085297,0.012273894778822396,1.1217567619796054,True,1159.5277777777778,1417.3282810800067,1.22233232203915,0.10004458821673623,0.99108795076754,1.176926655292625,keyword,Joseph Stalin,wikipedia,Joseph Stalin
lenin,parole,47,0.00094,50000,1.4622691110410846,0.008667821592048881,1.4066825920395993,True,646.2173913043479,1087.365806035515,1.6826625539135334,0.2544720180768351,0.9552943766585141,1.4308525338844411,keyword,Joseph Stalin,wikipedia,Joseph Stalin
union,parole,26,0.00052,50000,1.151686862199297,0.017877340233242507,1.0690037492106617,True,1878.16,3950.864269161032,2.1035823727270477,0.3555834001458627,0.8971411553598564,1.1917358332784884,keyword,Joseph Stalin,wikipedia,Joseph Stalin
bolshevik,parole,22,0.00044,50000,1.434267312207722,0.021354449259909935,1.267911956369889,True,1274.7142857142858,2524.741474742654,1.9806332313345936,0.32900164335063464,0.9027736347717158,1.3556092863170728,keyword,Joseph Stalin,wikipedia,Joseph Stalin
stalin's,parole,21,0.00042,50000,0.9877102854458515,0.005904971585834488,0.9492852024788894,True,2373.25,1885.717980672502,0.7945719922774684,-0.11447186772475226,1.0316783493466606,0.9955970171819911,keyword,Joseph Stalin,wikipedia,Joseph Stalin
he,parole,106,0.00212,50000,1.3123750518617558,0.0220144538785646,1.1568597776690626,True,470.4095238095238,572.228465926082,1.2164474504937666,0.09765512394419622,0.9752962246577587,1.138209315110253,appaiata,Joseph Stalin,wikipedia,Joseph Stalin
that,parole,52,0.00104,50000,1.1547824457605191,0.005443831385719021,1.1722347576399752,True,951.5098039215686,1087.881526133228,1.1433214052546958,0.06686883493223202,0.9947701474399558,1.0672310399340832,appaiata,Joseph Stalin,wikipedia,Joseph Stalin
had,parole,30,0.0006,50000,1.1512474195233888,0.005785452041783534,1.117452659890073,True,1384.655172413793,1997.701702240103,1.442743104593774,0.18124832847185612,0.9787871504584954,1.1828372249699155,appaiata,Joseph Stalin,wikipedia,Joseph Stalin
war,parole,31,0.00062,50000,1.20743014631671,0.013194255802824769,1.1487944245992472,True,1586.5,2312.408786644724,1.457553600154254,0.18618255167477712,0.9117392473976089,1.210536131549155,appaiata,Joseph Stalin,wikipedia,Joseph Stalin
at,parole,24,0.00048,50000,1.0948316306696537,0.00438617967154043,1.0761639668624328,True,1900.4782608695652,2026.6069015960736,1.0663667895200222,0.03211762299733727,0.9296364241991513,1.1025132889173248,appaiata,Joseph Stalin,wikipedia,Joseph Stalin
government,parole,24,0.00048,50000,0.9373126991756379,0.010933016820795937,0.9271207101779319,True,2001.391304347826,1980.8514638253748,0.9897372190646425,-0.005157857448222213,0.9819087417184408,0.9371983812328463,appaiata,Joseph Stalin,wikipedia,Joseph Stalin
him,parole,22,0.00044,50000,0.9212559497748167,0.009574321572362257,0.9888095600781868,True,2031.047619047619,2019.561127477712,0.9943445483689383,-0.002835744523526316,0.975629731749233,0.9442848522406976,appaiata,Joseph Stalin,wikipedia,Joseph Stalin
vocali,vc,15708,0.31416,50000,1.3076357050936476,0.0025257130077614154,1.3091450362927926,True,3.1832304068249826,1.7844258623696023,0.5605707518198233,-0.28158239392077966,1.0081135068770286,0.9890490034977318,vocali,Italy,wikipedia,Italy
spazio,lettere,7676,0.15352,50000,1.1991626108674225,0.0037422581016058336,1.1848171059758204,True,6.513094462540717,3.1218298281552266,0.4793159144412932,-0.35197626178135066,0.9161296407154209,1.0647728786452841,spazio,Italy,wikipedia,Italy
e,lettere,4557,0.09114,50000,1.2928169406277896,0.017566511603716587,1.1658420065243997,True,10.969271290605795,9.631722400241843,0.8780640158376388,-0.06492642590139629,0.9978902625601108,0.9457439751098183,lettera,Italy,wikipedia,Italy
a,lettere,3802,0.07604,50000,1.1833800784852389,0.011220835359863469,1.1134056126852583,True,13.151275980005261,11.02561630108789,0.8383685596630206,-0.08792112957295518,0.9329810609426694,0.9431980955040683,lettera,Italy,wikipedia,Italy
i,lettere,3614,0.07228,50000,1.2224060990433272,0.006727893171804851,1.224463447241649,True,13.824799335732079,12.271929294534536,0.887675039363216,-0.059504394715456675,0.9738841620598255,1.0572030906827077,lettera,Italy,wikipedia,Italy
t,lettere,3573,0.07146,50000,1.178281931973735,0.005068362650583545,1.1471080855888545,True,13.994400895856662,11.878195975390048,0.8487820281686255,-0.08179329392398337,1.0082787974073895,0.986463074582486,lettera,Italy,wikipedia,Italy
n,lettere,3228,0.06456,50000,1.1306010064747285,0.00994634478144241,1.1841868114595955,True,15.481561822125814,12.873480058573127,0.8315362627157366,-0.09197947139439733,0.9717795733974327,0.9022419989597342,lettera,Italy,wikipedia,Italy
o,lettere,2751,0.05502,50000,1.2570290556028456,0.007988855407892619,1.1997306208000778,True,18.178545454545453,16.012787430313388,0.8808618638027209,-0.06334231050674079,0.9793294258987618,0.9500869760127221,lettera,Italy,wikipedia,Italy
r,lettere,2618,0.05236,50000,1.1236098410427982,0.011325396284837723,1.0300472243468348,True,19.092472296522736,16.370304164847813,0.8574219153288647,-0.07676128051169849,0.9757970460883673,1.055847239411909,lettera,Italy,wikipedia,Italy
s,lettere,2335,0.0467,50000,1.1489177335217928,0.006272950572392418,1.1050608712126457,True,21.403598971722364,19.390584696410862,0.9059497293903226,-0.049345619750297574,0.932562999971941,0.9941337185210483,lettera,Italy,wikipedia,Italy
l,lettere,1872,0.03744,50000,1.0684738391126076,0.008193808834145147,1.0165558802700354,True,26.717797969000536,24.88040911900797,0.9312297797848309,-0.03560954834842654,0.9068992963612121,0.9176602862985552,lettera,Italy,wikipedia,Italy
d,lettere,1562,0.03124,50000,1.1894650478888413,0.008294917813879919,1.1662713826818287,True,31.969891095451633,29.562012015612353,0.9246829126614745,-0.039132205540483626,1.0221791754125344,0.951143444309908,lettera,Italy,wikipedia,Italy
h,lettere,1552,0.03104,50000,1.235857384404135,0.008265926815280366,1.1740728098932882,True,32.214055448098,30.517566951503593,0.9473370094824688,-0.027043593513136736,1.0293310628918666,0.9798875711552727,lettera,Italy,wikipedia,Italy
c,lettere,1442,0.02884,50000,1.2181039239840354,0.0038976249272438973,1.1928616778738343,True,34.655794587092295,32.40890303471149,0.9351654873549583,-0.033503342772849574,0.9890217002470036,1.0077182446714232,lettera,Italy,wikipedia,Italy
m,lettere,1021,0.02042,50000,1.1216637505182996,0.014812141135118535,1.0679770256599608,True,48.83725490196078,52.693728589772114,1.078965816067121,0.03798322004952648,1.0275627094130606,1.112036343076058,lettera,Italy,wikipedia,Italy
u,lettere,984,0.01968,50000,1.1690618988916768,0.012431633589090194,1.0867131640867702,True,50.83011190233977,48.05426570907924,0.94538972885612,-0.028071635381765138,0.9527638553569062,0.9680512227661436,lettera,Italy,wikipedia,Italy
p,lettere,870,0.0174,50000,1.1761629902153625,0.008104271258478348,1.2026430485920374,True,57.47065592635213,64.37758094442428,1.1201817676645849,0.05668465293754841,1.055722033921085,1.0497816539176672,lettera,Italy,wikipedia,Italy
f,lettere,837,0.01674,50000,0.9995025586749663,0.008965580472827531,1.0237465704415334,True,59.76196172248804,54.45536138611098,0.9112043817935745,-0.04646055599929871,0.9842646400097226,0.921399415209457,lettera,Italy,wikipedia,Italy
g,lettere,673,0.01346,50000,1.139974503730105,0.006483325390591088,1.106337084083058,True,73.64880952380952,72.42027446491213,0.983319009949506,-0.008410643959349063,0.9388885311899537,0.9467276673924534,lettera,Italy,wikipedia,Italy
y,lettere,662,0.01324,50000,1.0646628532451212,0.0048048834397474115,1.0997656475672615,True,75.48714069591529,71.63684870207167,0.948994067620686,-0.026170388728571914,0.9155827327410595,0.9989188409033171,lettera,Italy,wikipedia,Italy
w,lettere,509,0.01018,50000,1.1255424729996286,0.005016661411186091,1.130340719066399,True,98.1259842519685,112.39522350299288,1.1454175401123492,0.06778053101250123,0.964262222085781,1.0688069865819534,lettera,Italy,wikipedia,Italy
the,parole,781,0.01562,50000,1.2225379271743897,0.012973081524558311,1.2281459959545817,True,63.967948717948715,58.34649498618776,0.9121207754128962,-0.04595903444860985,0.9685111307871104,0.9913602640223886,funzione,Italy,wikipedia,Italy
and,parole,352,0.00704,50000,1.0851137305150602,0.006732105086905937,1.0872805802397392,True,142.16524216524218,118.58357409685392,0.8341249400399945,-0.09043825550749476,1.0306664262205356,0.9671109815992712,funzione,Italy,wikipedia,Italy
of,parole,349,0.00698,50000,1.1541438837385332,0.005942835147597453,1.1330330564518343,True,143.23563218390805,143.83520708036954,1.0041859339559562,0.0020885956163228456,1.0063644714952529,0.9979351151859414,funzione,Italy,wikipedia,Italy
in,parole,214,0.00428,50000,1.1100639692974807,0.015168233553635323,1.1240980982639812,True,233.3849765258216,222.96696210049802,0.9553612465531991,-0.02282890362355684,0.9899561489480263,0.9861037945056012,funzione,Italy,wikipedia,Italy
to,parole,130,0.0026,50000,1.0761569989295885,0.0049462445098778784,1.0600807963810928,True,379.5813953488372,465.33010288521285,1.2259033466526255,0.10148838986757676,0.9602930284700362,1.1523124090211168,funzione,Italy,wikipedia,Italy
was,parole,74,0.00148,50000,1.2593693910592174,0.009474110442522008,1.1814258669049766,True,645.0,969.6699180649052,1.5033642140541166,0.20107510174835275,0.8868440214574767,1.1925618272504048,funzione,Italy,wikipedia,Italy
italy,parole,148,0.00296,50000,1.1563695946809727,0.008341091289544937,1.0951234409271158,True,339.4353741496599,327.7852844663737,0.9656780330792819,-0.017460624956444095,0.9561971883590307,0.9747113756080473,keyword,Italy,wikipedia,Italy
italian,parole,87,0.00174,50000,1.2865240022190203,0.014753629460072052,1.2101272095482338,True,575.0813953488372,792.4718471914138,1.3780168400521986,0.15896306270223928,0.9395851955246869,1.1842550207949998,keyword,Italy,wikipedia,Italy
war,parole,32,0.00064,50000,1.3117589495372386,0.012324313269588336,1.2969944120666415,True,1434.774193548387,3336.059638852173,2.3251461127842386,0.39852267173747036,1.0104763893439683,1.3050508043593227,keyword,Italy,wikipedia,Italy
roman,parole,28,0.00056,50000,1.4669984631277828,0.0232438516852752,1.2898056040525494,True,1489.5555555555557,2912.153225751765,1.9550484135287098,0.32319213761654025,1.0775873891787615,1.3656554632488005,keyword,Italy,wikipedia,Italy
world,parole,31,0.00062,50000,1.1134574397066945,0.007961387753830419,1.046709482950743,True,1634.9,1822.5139581320652,1.1147556169380788,0.05426424501202257,1.005665838265003,1.1128792644451702,keyword,Italy,wikipedia,Italy
political,parole,21,0.00042,50000,1.1306647657932944,0.013821311487116494,1.0253595527922703,True,1919.8,2425.388034065781,1.2633545338398693,0.11635584699719054,1.0414825244671857,1.169604010419133,keyword,Italy,wikipedia,Italy
europe,parole,20,0.0004,50000,0.9827303310973122,0.012382660452553363,1.0643061961886329,True,2612.684210526316,3056.6105965891834,1.1699119948267458,0.07830363407909184,0.9804651275097823,1.0199608101331747,keyword,Italy,wikipedia,Italy
by,parole,72,0.00144,50000,1.1017551861530028,0.010900268506489006,1.1016799195381048,True,692.3661971830986,693.307193085362,1.0013591014496257,0.0006790892492213077,0.8929960981210493,1.0366379923068103,appaiata,Italy,wikipedia,Italy
is,parole,69,0.00138,50000,1.3893248892294099,0.029585733148456982,1.173508137821204,True,733.2794117647059,1798.1673908565763,2.4522267528678015,0.4206637793016989,1.013477330502442,1.3153502296894366,appaiata,Italy,wikipedia,Italy
are,parole,32,0.00064,50000,1.305798494203626,0.015293026732722256,1.1969267435922981,True,1469.774193548387,3780.812458627355,2.572376406677524,0.4401485811345134,0.9286549028775689,1.2398493658956917,appaiata,Italy,wikipedia,Italy
during,parole,27,0.00054,50000,1.1291632272799752,0.009223253286422258,1.057821798363666,True,1676.923076923077,1671.22797781935,0.996603839984016,-0.0017009683884065716,0.9438926784930567,1.0603058163058587,appaiata,Italy,wikipedia,Italy
an,parole,23,0.00046,50000,1.024541298497517,0.006073736574204338,0.9815542791976978,True,2055.681818181818,1874.2363876513914,0.9117346717154364,-0.046170281676882155,1.0136389612267342,1.0186239940017519,appaiata,Italy,wikipedia,Italy
its,parole,22,0.00044,50000,1.0690394566822785,0.007293222567159238,1.0917848036866598,True,2318.285714285714,2673.8829283058963,1.1533880021038498,0.0712310099034593,0.9214396209632936,1.0813654577513883,appaiata,Italy,wikipedia,Italy
were,parole,19,0.00038,50000,1.2547422508058048,0.015005819809637621,1.1637167995918227,True,2450.277777777778,3312.358974677138,1.3518299862643348,0.1495983928766825,1.0244038293646225,1.2268946526143847,appaiata,Italy,wikipedia,Italy
vocali,vc,14589,0.29178,50000,1.2306801215223322,0.015125664507193473,1.3026706436224262,True,3.4272004387167536,1.9713392844658812,0.5752039659530417,-0.269676843906335,1.04198553416184,0.9521214405209585,vocali,New York City,wikipedia,New York City
spazio,lettere,7941,0.15882,50000,1.1994742211407057,0.002696603405775839,1.1981768530084491,True,6.296221662468514,2.9835440395413744,0.47386261149700976,-0.35697858429870194,0.9875363978529599,0.9315079160038183,spazio,New York City,wikipedia,New York City
e,lettere,4430,0.0886,50000,1.2118840621966456,0.014077987283992227,1.1248915452607642,True,11.285843305486566,9.411261517716161,0.8338997151538438,-0.0905721744071607,0.957161078891119,0.9782179327807365,lettera,New York City,wikipedia,New York City
t,lettere,3675,0.0735,50000,1.1649117417401522,0.003283879892052895,1.1421765199865215,True,13.60342950462711,11.971005865376167,0.8799991106142987,-0.06383029050821754,1.0453639747936592,1.016139260598619,lettera,New York City,wikipedia,New York City
a,lettere,3346,0.06692,50000,1.3114678805364874,0.014993743388734262,1.1983785297194423,True,14.941704035874439,13.89872408483248,0.9301967199632782,-0.03616381652438501,1.0364940839183572,0.9785142553194754,lettera,New York City,wikipedia,New York City
n,lettere,3273,0.06546,50000,1.2436579177591247,0.008830477848258958,1.2076001781868175,True,15.280562347188264,12.693436870277697,0.8306917364604309,-0.09248321831993397,0.9992422076717483,1.015445805591512,lettera,New York City,wikipedia,New York City
i,lettere,3038,0.06076,50000,1.3198834272245183,0.017045143492157525,1.2091231605963264,True,16.449127428383274,14.485254305273132,0.8806092826710405,-0.06348512603287172,0.9586449646777041,1.0079014105671738,lettera,New York City,wikipedia,New York City
o,lettere,2807,0.05614,50000,1.1142342231047673,0.0037776175089207467,1.1170814390793837,True,17.81432644333571,16.54644265021395,0.9288278567727679,-0.03689916805033826,1.013966436778707,0.9842956237372346,lettera,New York City,wikipedia,New York City
r,lettere,2618,0.05236,50000,1.120952314671812,0.0051598495737706345,1.1268410001981886,True,19.094764998089417,16.692172741772104,0.8741753430032938,-0.06713601129501419,1.0712536388992762,1.0475493524686932,lettera,New York City,wikipedia,New York City
s,lettere,2315,0.0463,50000,1.0730517306446659,0.004866110502261069,1.095508821412394,True,21.566983578219535,19.321277576938105,0.8958729674394816,-0.05492300082803001,0.9295597102497705,1.0008922996286436,lettera,New York City,wikipedia,New York City
h,lettere,1667,0.03334,50000,1.2239201975786418,0.00786387775471619,1.17079110515587,True,29.982593037214887,27.590620497884892,0.920221291855543,-0.041546621987180156,0.9776403478381566,0.9907934501268091,lettera,New York City,wikipedia,New York City
l,lettere,1619,0.03238,50000,1.0762111167214115,0.014973049127891965,1.133306249708653,True,30.88195302843016,31.101510074242782,1.0071095583109817,0.003542187461338429,0.9872125650823551,0.961718637553827,lettera,New York City,wikipedia,New York City
d,lettere,1385,0.0277,50000,1.302268626261623,0.015405435348070932,1.1992340084696784,True,36.10476878612717,34.567755555853,0.9574290798154966,-0.02174838446178395,1.0173482561726204,0.9831078474224638,lettera,New York City,wikipedia,New York City
c,lettere,1369,0.02738,50000,1.1306349231940582,0.005936429636892176,1.1599551094357747,True,36.50730994152047,36.52696819056138,1.0005384743239751,0.00026916469284952397,0.9215032761269502,0.962006465066299,lettera,New York City,wikipedia,New York City
m,lettere,1054,0.02108,50000,1.1501180192558933,0.012669395756603448,1.0592341586645673,True,47.43114909781576,44.76693190636921,0.943829798726735,-0.028896666421133234,0.9583313012083453,0.9420291031504373,lettera,New York City,wikipedia,New York City
u,lettere,968,0.01936,50000,1.0639379529793642,0.003871518020671665,1.093996415110129,True,51.508790072388834,48.51681823278512,0.941913373709635,-0.029912058424831897,0.9380328565368815,1.000408606233485,lettera,New York City,wikipedia,New York City
y,lettere,906,0.01812,50000,1.0652920053114714,0.008718712485092341,1.0138641617948525,True,55.177900552486186,56.105427367597144,1.0168097518358583,0.008334822766776438,1.0558611055459461,0.9884687757907059,lettera,New York City,wikipedia,New York City
p,lettere,770,0.0154,50000,1.0215264681002056,0.005952527792068884,1.0263367634798435,True,64.8257477243173,70.11418003828813,1.0815791949899414,0.039191011894378396,0.9986965620145508,0.9988104877624782,lettera,New York City,wikipedia,New York City
f,lettere,758,0.01516,50000,1.1584459045433737,0.016443901632207356,1.0668690731563624,True,65.9775429326288,62.01728529133805,0.9399756725506638,-0.03094076296864933,0.9051644693082053,0.9977649332690871,lettera,New York City,wikipedia,New York City
w,lettere,723,0.01446,50000,1.1892696043209134,0.007407206287441775,1.1531481942843007,True,69.23961218836565,64.66516282409832,0.9339330591306232,-0.034161958480132947,0.9527092432844063,0.9312335141341341,lettera,New York City,wikipedia,New York City
g,lettere,715,0.0143,50000,1.1165142542114153,0.00627529667397273,1.1395611970315818,True,69.69467787114846,69.72952594062649,1.0005000104820407,0.0002499427540219354,1.0114542009216774,1.077751525267052,lettera,New York City,wikipedia,New York City
the,parole,723,0.01446,50000,1.1658941491216426,0.003668779382835963,1.146545364275473,True,69.14681440443213,60.77840469000286,0.8789762075591311,-0.06440943315513498,0.9687750621611008,1.0066783996582236,funzione,New York City,wikipedia,New York City
of,parole,324,0.00648,50000,0.9268536871912233,0.0383478431344108,1.116861975623772,True,154.08359133126936,153.73235133807017,0.9977204581606354,-0.001141071479772228,1.0277411460414578,1.031766801077156,funzione,New York City,wikipedia,New York City
in,parole,288,0.00576,50000,0.9395213346454192,0.0031134129432690534,0.9287441480917318,True,173.86062717770034,163.7565823701,0.9418842266266926,-0.029927517086980084,0.980975333064778,0.9394917364271302,funzione,New York City,wikipedia,New York City
and,parole,269,0.00538,50000,1.13337935338246,0.013747884582221226,1.0319695543599827,True,184.17910447761193,157.9686998222737,0.8576906716444358,-0.07660550301928973,0.987178320298051,0.9288258552286868,funzione,New York City,wikipedia,New York City
to,parole,110,0.0022,50000,1.1688397128699832,0.0065345409116515105,1.1134808110968646,True,443.25688073394497,496.85582534480665,1.12092072777779,0.057013317939744755,0.968232690596107,1.0771670946940202,funzione,New York City,wikipedia,New York City
is,parole,103,0.00206,50000,1.5261454900282374,0.016877892810110755,1.3939341394482352,True,487.45098039215685,1058.2589814552543,2.171005955519629,0.36928532205412945,0.8845066176837378,1.368550007593077,funzione,New York City,wikipedia,New York City
new,parole,216,0.00432,50000,1.010389832474125,0.014219108262399145,0.9480588419423844,True,232.2232558139535,219.24289099314572,0.9441039409454881,-0.02875157952065447,0.9396625896551497,1.0354837245691855,keyword,New York City,wikipedia,New York City
york,parole,189,0.00378,50000,1.0622703951289993,0.014823793542659877,0.9684769816978823,True,265.5744680851064,292.3683666276644,1.1008903406104973,0.048022659088993426,0.9618829133173478,1.0696206153647398,keyword,New York City,wikipedia,New York City
city,parole,197,0.00394,50000,1.3330730217431395,0.011986530304888393,1.2398867898892068,True,254.6173469387755,401.52929644381965,1.5769911251976485,0.22390109129824606,1.0204368650211455,1.2081263449744337,keyword,New York City,wikipedia,New York City
largest,parole,56,0.00112,50000,1.3817099033937288,0.022872555896751086,1.2129570059052974,True,904.7636363636364,1534.554115040109,1.6960828810579558,0.2581830424978663,1.0191311824472113,1.2740313652465831,keyword,New York City,wikipedia,New York City
population,parole,47,0.00094,50000,1.3795008318836657,0.010659370288575852,1.2929295658333584,True,982.7173913043479,1938.6273455783487,1.9727211126336475,0.3272157312368521,0.9860541456718174,1.2720885908481716,keyword,New York City,wikipedia,New York City
manhattan,parole,40,0.0008,50000,1.1711057487158822,0.016300398372417542,1.0492728132159277,True,1271.4615384615386,1309.7092052929725,1.0300816545954772,0.014817953025377827,0.9620489528036389,1.0324228035413172,keyword,New York City,wikipedia,New York City
island,parole,36,0.00072,50000,1.2642971439990245,0.011218653433376042,1.2911191057311742,True,1080.0857142857142,1459.2975621133326,1.3510942167014959,0.14933226163691085,0.9592277981945431,1.139292427215994,keyword,New York City,wikipedia,New York City
as,parole,74,0.00148,50000,0.9669222745029721,0.004708505364586309,1.0003801954581382,True,661.4109589041096,652.3353950660751,0.9862784797925456,-0.006908155299999807,1.0514104297239746,1.0065022310136398,appaiata,New York City,wikipedia,New York City
by,parole,63,0.00126,50000,1.0928260785384818,0.018920783432524006,0.9842177412312265,True,785.6451612903226,930.2432450580886,1.1840501168877335,0.0842700977713847,0.935888262419434,1.0115066980250245,appaiata,New York City,wikipedia,New York City
was,parole,58,0.00116,50000,1.2309029183542515,0.007691854950599691,1.2099063385899833,True,823.280701754386,1089.4910468783442,1.3233530733280545,0.13917517618829753,1.0139160334233939,1.1510396125145788,appaiata,New York City,wikipedia,New York City
for,parole,54,0.00108,50000,1.0201710655718919,0.009784725166055759,1.0575818044470593,True,917.6603773584906,911.9556109178067,0.9937833575673113,-0.003118013002312264,0.9942824975834794,0.9883340574105643,appaiata,New York City,wikipedia,New York City
on,parole,45,0.0009,50000,1.1811313323674766,0.011646024273323206,1.216469876132107,True,1103.3636363636363,1280.136404267395,1.1602126099482035,0.07416520448514788,1.03584886922999,1.0763562420077568,appaiata,New York City,wikipedia,New York City
area,parole,38,0.00076,50000,1.1588360772070656,0.005995607417540126,1.1810695509662774,True,1220.4324324324325,2140.81671254143,1.7541460351677056,0.2738220942310287,0.9769553291851544,1.1521564483004685,appaiata,New York City,wikipedia,New York City
city's,parole,34,0.00068,50000,1.0970025048970977,0.004899287647886464,1.1042674144440234,True,1445.2727272727273,2108.0815815678134,1.4586046922409075,0.18653047140445747,0.8729630930939362,1.0968439544394124,appaiata,New York City,wikipedia,New York City
vocali,vc,15219,0.30438,50000,1.2759282917302623,0.016701167484088827,1.1714705142763708,True,3.2853857274280456,1.7504413169877049,0.5327962870155988,-0.30480483084550075,0.9951043927561157,0.9998248261520245,vocali,Middle Ages,wikipedia,Middle Ages
spazio,lettere,7941,0.15882,50000,1.0839141891337034,0.004150449683885437,1.0717615261148312,True,6.295969773299748,2.903548199047618,0.4611756891465911,-0.36876079642969745,1.0444948432952155,0.8950810355435284,spazio,Middle Ages,wikipedia,Middle Ages
e,lettere,5088,0.10176,50000,1.2432296315112434,0.01042776015789272,1.231306420830644,True,9.826813446038923,8.175960352941702,0.8320052474627306,-0.09169992977363836,0.909844691038414,1.028524329307278,lettera,Middle Ages,wikipedia,Middle Ages
t,lettere,3575,0.0715,50000,1.2037974807784075,0.004649538271159218,1.1691114670934568,True,13.983491885842193,11.552942494214765,0.8261843742986488,-0.09517966977901975,1.0077035661547875,0.9238141104300347,lettera,Middle Ages,wikipedia,Middle Ages
a,lettere,3255,0.0651,50000,1.1424619172926538,0.008958532979624472,1.0850613540766356,True,15.353411186232329,13.312941926129882,0.8670999405049368,-0.07117993879809234,0.9378395081032439,0.9397190992463721,lettera,Middle Ages,wikipedia,Middle Ages
n,lettere,3071,0.06142,50000,1.1124086484243862,0.006773533094795647,1.124099458821764,True,16.285667752442997,14.07868394429994,0.8644830631638061,-0.07268338313904432,0.9935118539001514,0.9289704316202854,lettera,Middle Ages,wikipedia,Middle Ages
i,lettere,3070,0.0614,50000,1.1754435779411183,0.010133621722016473,1.0912423080072122,True,16.288693385467578,15.099282662322507,0.9269793656864929,-0.037893833018545764,0.8845214818150328,1.0712988176904477,lettera,Middle Ages,wikipedia,Middle Ages
r,lettere,2860,0.0572,50000,1.128550609632589,0.014559910150797946,1.0185928366380654,True,17.482686253934943,14.54105325863255,0.83174021700239,-0.09185788543364744,1.034617278354143,0.8972027133693873,lettera,Middle Ages,wikipedia,Middle Ages
o,lettere,2782,0.05564,50000,1.2396587125586738,0.007620717202395116,1.1969041356303027,True,17.961524631427544,16.357548178833657,0.9106993150354628,-0.0467371732756809,0.9345547078810649,1.0028281847140466,lettera,Middle Ages,wikipedia,Middle Ages
s,lettere,2552,0.05104,50000,1.1067480184330862,0.003705778010531467,1.1256478092447797,True,19.59074872598981,18.191516463536267,0.9285768868753205,-0.03703410199030189,0.93960388599684,1.0420830368227554,lettera,Middle Ages,wikipedia,Middle Ages
h,lettere,1959,0.03918,50000,1.0045121201339104,0.01535048833142372,1.0986043129571694,True,25.527068437180798,22.01460547110614,0.8624024151179589,-0.07388176892657547,0.9733730407676836,0.9951766189552044,lettera,Middle Ages,wikipedia,Middle Ages
d,lettere,1722,0.03444,50000,1.1818788122215842,0.0036842565937980237,1.1759854848391724,True,29.027309703660663,26.694870559933157,0.919646733798642,-0.04185836111749217,0.8395240324503126,1.036255836152485,lettera,Middle Ages,wikipedia,Middle Ages
l,lettere,1706,0.03412,50000,1.1247934211687236,0.0018901241921197305,1.1152866939389816,True,29.29560117302053,30.41471005034369,1.0382005773055714,0.01874230521319509,0.988651574075493,0.8605521724613271,lettera,Middle Ages,wikipedia,Middle Ages
c,lettere,1301,0.02602,50000,1.326429904789789,0.00641471203947773,1.286501731516902,True,38.348461538461535,37.19535373447468,0.9699307936296128,-0.015264092762865264,1.000884919392642,1.0172124616057572,lettera,Middle Ages,wikipedia,Middle Ages
m,lettere,1112,0.02224,50000,1.1318472845813596,0.00333502617548665,1.130502883076959,True,44.97389738973897,42.645577308624375,0.9482295238738678,-0.02657308879253174,1.0371077405757474,0.9514137344386443,lettera,Middle Ages,wikipedia,Middle Ages
u,lettere,1024,0.02048,50000,1.2003427001778058,0.0020665182836722127,1.2049940503541767,True,48.82306940371456,48.05737943095845,0.9843170455666218,-0.007903451955128406,0.962872231037469,1.030096153760222,lettera,Middle Ages,wikipedia,Middle Ages
f,lettere,872,0.01744,50000,1.1199142070645798,0.007919766053167843,1.0679474754908784,True,57.25602755453502,56.02072590450971,0.9784249501268891,-0.010905164672396179,0.9841368290388002,1.0351532999571855,lettera,Middle Ages,wikipedia,Middle Ages
p,lettere,816,0.01632,50000,1.1196689329069105,0.0020356683009443407,1.1259892857279545,True,61.26503067484663,63.164353628101146,1.0310017465482852,0.015264263854510796,0.9833795962002626,0.996366774520386,lettera,Middle Ages,wikipedia,Middle Ages
g,lettere,772,0.01544,50000,1.1202035442603073,0.014652288915529856,1.1478845200342462,True,64.79247730220493,68.5972131913625,1.0587218771001998,0.02852346290841007,0.972869226120638,1.0142033137655202,lettera,Middle Ages,wikipedia,Middle Ages
w,lettere,613,0.01226,50000,1.0929314686673781,0.011646725589616493,1.0019638277099394,True,81.44281045751634,80.26193818199242,0.9855005952165672,-0.007302644390218026,0.9999143657306027,1.0149004546880052,lettera,Middle Ages,wikipedia,Middle Ages
y,lettere,604,0.01208,50000,1.0146588142506003,0.008004217189511048,1.038971958460095,True,82.8955223880597,76.18780801120504,0.9190823076612779,-0.0421647847076105,0.9101495587496773,1.040697375872086,lettera,Middle Ages,wikipedia,Middle Ages
the,parole,870,0.0174,50000,1.2484061378223246,0.013547503919201646,1.1420443773763629,True,57.475258918296895,48.967363320724196,0.8519729052518585,-0.07992940627174595,0.9551269935802574,0.9759943271202829,funzione,Middle Ages,wikipedia,Middle Ages
of,parole,392,0.00784,50000,1.1646266811333479,0.014460799909787405,1.0530431116348051,True,127.54475703324808,117.05669201509899,0.9177695323421637,-0.04287818023545745,0.9807044780307517,1.0630326771165768,funzione,Middle Ages,wikipedia,Middle Ages
and,parole,293,0.00586,50000,1.1003833663217975,0.005154241514304185,1.0843645147252796,True,169.2876712328767,155.27788896943966,0.9172427492125825,-0.0431647222666019,0.9676380649248885,0.979235413775584,funzione,Middle Ages,wikipedia,Middle Ages
in,parole,248,0.00496,50000,1.1308146528150496,0.003141489231100507,1.1237074143618515,True,202.38866396761134,215.55715941870972,1.065065380604547,0.031507661314577384,0.9301705284280644,1.0694712262344293,funzione,Middle Ages,wikipedia,Middle Ages
to,parole,144,0.00288,50000,1.0943380610247864,0.008205270042712086,1.092711364866002,True,341.72727272727275,367.4600520937795,1.0753020944484102,0.03628488336702838,1.007664736285789,1.005650269247128,funzione,Middle Ages,wikipedia,Middle Ages
as,parole,93,0.00186,50000,1.1478949984192353,0.011193348322410384,1.1123936890608725,True,520.5217391304348,552.3826010871046,1.0612094741900606,0.029695901826820668,0.9917575560696799,1.018454241677201,funzione,Middle Ages,wikipedia,Middle Ages
empire,parole,63,0.00126,50000,1.3633435617509793,0.011172485151416844,1.2818924765625932,True,702.0,1080.0437301407724,1.5385238321093624,0.21214054613065464,0.9267008525129555,1.3262147510775446,keyword,Middle Ages,wikipedia,Middle Ages
roman,parole,52,0.00104,50000,1.249222796227557,0.018696883250462232,1.1006286968064076,True,887.1764705882352,1077.9316621360067,1.2150138082689375,0.09707109159602649,0.9788597291385813,1.1674518101570304,keyword,Middle Ages,wikipedia,Middle Ages
middle,parole,42,0.00084,50000,1.3752230941193793,0.01036039920819512,1.3174172130269077,True,1214.121951219512,2308.443644483464,1.9013276567191393,0.31066041597603383,0.9842805282665061,1.1833383672064297,keyword,Middle Ages,wikipedia,Middle Ages
period,parole,42,0.00084,50000,1.0912968346327607,0.004593969647659329,1.1039206261197432,True,1217.0487804878048,1766.9277991929878,1.4518134585244695,0.1842772568824939,0.989265242015445,1.1377375159684946,keyword,Middle Ages,wikipedia,Middle Ages
europe,parole,40,0.0008,50000,1.1189855819643386,0.00830055870862591,1.0676758656940009,True,1279.923076923077,1453.3875743570766,1.135527283288779,0.06346314764944742,0.9966937728821197,1.0857342858316932,keyword,Middle Ages,wikipedia,Middle Ages
western,parole,40,0.0008,50000,1.294247423724979,0.016401173717436494,1.1736868594883039,True,1048.4358974358975,1331.3644523545204,1.2698577524964243,0.11888751715812615,1.0747435555670652,1.2347533041757597,keyword,Middle Ages,wikipedia,Middle Ages
century,parole,41,0.00082,50000,1.098317142318671,0.009357561851726313,1.1671474831700812,True,1077.675,1362.7059126925294,1.2644868932586628,0.11679771432814895,0.9588877787268811,1.0781663221048878,keyword,Middle Ages,wikipedia,Middle Ages
from,parole,58,0.00116,50000,1.0436115433335613,0.006716421493145235,1.088326149396538,True,866.5964912280701,937.0482503899665,1.0812970740996861,0.03906077374122721,0.9634545083130864,1.0215277471611761,appaiata,Middle Ages,wikipedia,Middle Ages
with,parole,50,0.001,50000,1.0971161621796919,0.006849670654886285,1.088384360788304,True,952.3673469387755,901.9088713638968,0.947017843758431,-0.027211952068859718,1.0747923539625779,1.055112558733754,appaiata,Middle Ages,wikipedia,Middle Ages
for,parole,44,0.00088,50000,1.0938016230550287,0.003558919263728185,1.1034700307868643,True,1085.0232558139535,1229.1212983725231,1.1328064092510823,0.062268384357357674,0.9112358870554788,1.0229950594761723,appaiata,Middle Ages,wikipedia,Middle Ages
or,parole,40,0.0008,50000,1.2560629095873643,0.013655053538511467,1.3262845119820386,True,1245.5384615384614,1807.6926096132058,1.4513342344967686,0.1841177870179023,0.9793744834616972,1.1471287257770169,appaiata,Middle Ages,wikipedia,Middle Ages
into,parole,38,0.00076,50000,0.9718841349611989,0.013456552788055577,1.0382130614314868,True,1330.4864864864865,1334.7977296126103,1.0032403509317174,0.001617554743348817,0.9462355437526285,0.9938825055268742,appaiata,Middle Ages,wikipedia,Middle Ages
that,parole,37,0.00074,50000,0.9504974937524452,0.007990626468307106,1.014917271436016,True,1299.9722222222222,1089.3389472810986,0.8379709417320788,-0.0881564852789388,0.9808950058535556,0.9734507919538197,appaiata,Middle Ages,wikipedia,Middle Ages
had,parole,36,0.00072,50000,1.0133018147511972,0.0065549020965273135,1.0413850656578547,True,1373.3714285714286,1916.215189403539,1.395263618813428,0.16501883788859734,1.0054452803630267,1.0002164005696716,appaiata,Middle Ages,wikipedia,Middle Ages
vocali,vc,15496,0.30992,50000,1.2233829648045234,0.009018446737362674,1.2502931178369177,True,3.2265892223297836,1.7782270581318833,0.5511166546474424,-0.2893936726213448,1.0041932898270416,0.9906140525889797,vocali,Russia,wikipedia,Russia
spazio,lettere,7678,0.15356,50000,1.1748283123851435,0.008750395922785294,1.2034077970558104,True,6.51100690373844,3.1381745721374834,0.4819799177813236,-0.3495459526834923,0.9322489956100624,0.9868128416702148,spazio,Russia,wikipedia,Russia
e,lettere,4651,0.09302,50000,1.1842250118441153,0.003756574049075009,1.1580460055174622,True,10.747956989247312,9.15322831796894,0.8516249485484728,-0.08013234622262003,1.0164387343719559,0.9340151233215743,lettera,Russia,wikipedia,Russia
t,lettere,3580,0.0716,50000,1.1764851894356687,0.007130589002474782,1.141223232519701,True,13.96423582006147,11.965403619837714,0.8568606097762851,-0.0770867718718856,0.9445169026692435,0.9625687931933568,lettera,Russia,wikipedia,Russia
a,lettere,3464,0.06928,50000,1.3033562442362154,0.01626376545979351,1.1711674808230956,True,14.43488304937915,12.469084427994455,0.8638161033476994,-0.07306723898763051,0.9720482670327631,0.992518695494128,lettera,Russia,wikipedia,Russia
i,lettere,3329,0.06658,50000,1.3670984208478723,0.006063915211373904,1.3209685303900005,True,15.021033653846153,13.181885536418156,0.8775618136667258,-0.06521126784857344,0.9774829867410592,0.8684252244093509,lettera,Russia,wikipedia,Russia
n,lettere,3099,0.06198,50000,1.2909212467476727,0.006518555723465367,1.2566443422413254,True,16.13234344738541,13.69700418100881,0.8490399566362258,-0.08164239113491131,1.0466221142833814,0.9755618210954428,lettera,Russia,wikipedia,Russia
s,lettere,2989,0.05978,50000,1.440239267955886,0.01856420766754066,1.3056708363231435,True,16.72724230254351,15.767781503354247,0.9426408261543884,-0.02952639163831364,0.972354537549914,0.9086980598198352,lettera,Russia,wikipedia,Russia
r,lettere,2793,0.05586,50000,1.0788513907608124,0.016885640446321168,0.9811111454931732,True,17.907593123209168,14.568463004215337,0.8135355155760076,-0.10281821493017103,0.9614947717195514,0.9692871349554855,lettera,Russia,wikipedia,Russia
o,lettere,2751,0.05502,50000,1.159993050337114,0.0037060037227657555,1.158064789299523,True,18.177818181818182,15.972466839773073,0.8786789855643432,-0.06457783121431614,0.929545194004854,1.018075541650345,lettera,Russia,wikipedia,Russia
h,lettere,1691,0.03382,50000,1.0758183242651866,0.006759207110507261,1.0703496591837003,True,29.57278106508876,27.18098833118749,0.9191218191945827,-0.042143328264258,0.9712931084365563,0.9602305879760462,lettera,Russia,wikipedia,Russia
l,lettere,1587,0.03174,50000,1.3175840831616081,0.012778691748954416,1.2176495195366102,True,31.452080706179068,33.3306242045287,1.059727161325151,0.028997608249592077,0.9564429237576019,1.0015734049412226,lettera,Russia,wikipedia,Russia
d,lettere,1503,0.03006,50000,1.1824915163307974,0.012329774008215014,1.1025237622213122,True,33.26364846870839,30.277063867004287,0.9102147617837645,-0.047002693106817914,0.8703136335762748,1.0012245597264273,lettera,Russia,wikipedia,Russia
c,lettere,1309,0.02618,50000,1.1593863491603158,0.0025103618549846864,1.1662753032450184,True,38.17125382262997,37.46814652388779,0.981580188536397,-0.009295516563075866,0.9567399749477925,0.9569455449089888,lettera,Russia,wikipedia,Russia
u,lettere,1301,0.02602,50000,1.0272161356360268,0.0041829639161377625,1.0342593714512112,True,38.35076923076923,33.661998425167184,0.8777398498218336,-0.06511027083425151,0.9324952679798081,0.9479950796455361,lettera,Russia,wikipedia,Russia
m,lettere,907,0.01814,50000,1.0475533339318497,0.010583091751387962,1.0975579347351805,True,55.0,54.28213588505056,0.9869479251827374,-0.006568906337121143,0.8472563588106711,0.9874990100990712,lettera,Russia,wikipedia,Russia
f,lettere,857,0.01714,50000,0.9834752181779859,0.01842476368194167,1.1224193387947612,True,58.320093457943926,50.47382848430066,0.8654620644718033,-0.07212043497989355,0.9774830868582831,0.9286573694683344,lettera,Russia,wikipedia,Russia
p,lettere,785,0.0157,50000,1.176650768059105,0.007939888647256161,1.2311043541639646,True,63.672193877551024,74.27889828411621,1.1665829895379936,0.0768874261186349,0.9481524413420489,0.9838429887582801,lettera,Russia,wikipedia,Russia
g,lettere,711,0.01422,50000,1.1895572609038212,0.014374381308116465,1.0729636624554104,True,70.24084507042254,66.30867484995294,0.9440187512475503,-0.028796660894615533,1.081011447516171,0.9928682854917318,lettera,Russia,wikipedia,Russia
y,lettere,585,0.0117,50000,1.2367352195890622,0.018269260884036482,1.1162091697735619,True,85.32534246575342,86.24881419555754,1.010822947826723,0.005382347480378776,0.9902420693468305,0.9897304995312858,lettera,Russia,wikipedia,Russia
w,lettere,574,0.01148,50000,1.1609983406511515,0.009632691732209602,1.0796119725306845,True,86.92670157068063,85.55619060485706,0.9842337171311027,-0.00794577913517815,0.9739130930867838,0.9962055046344278,lettera,Russia,wikipedia,Russia
the,parole,824,0.01648,50000,1.2729238719880374,0.007472125241097044,1.2247045734826434,True,60.72660996354799,58.37961480575533,0.9613514543426436,-0.01970505876026676,0.9816590140254302,1.114551827958872,funzione,Russia,wikipedia,Russia
of,parole,372,0.00744,50000,1.1850023160504448,0.007151660918589645,1.183280102382123,True,134.03504043126685,131.56213766181747,0.9815503262319119,-0.009310726820232608,1.0028445891802713,0.9562009145705798,funzione,Russia,wikipedia,Russia
and,parole,300,0.006,50000,1.1687265097552089,0.021105952904188333,1.0161122136010197,True,166.95317725752508,139.85895753085006,0.8377136621671942,-0.08830882698092553,0.9702953124288461,1.0348876914480203,funzione,Russia,wikipedia,Russia
in,parole,246,0.00492,50000,0.9200218723506266,0.013695599219881506,0.996946710520539,True,202.1265306122449,211.9819536623054,1.0487586811103333,0.0237991333776355,1.0092250853634737,1.017171398062557,funzione,Russia,wikipedia,Russia
to,parole,129,0.00258,50000,1.1434486384738785,0.00606293426655169,1.106556106876183,True,382.2421875,499.43793204959945,1.3066007583205332,0.1329232019084973,0.9855424347986349,1.1241017999780625,funzione,Russia,wikipedia,Russia
as,parole,81,0.00162,50000,1.076622778094227,0.012554901965012908,1.1629789963677608,True,611.3625,679.483333943957,1.1114246195079958,0.052772246036403535,1.0068240734672795,1.0329875728511688,funzione,Russia,wikipedia,Russia
russia,parole,110,0.0022,50000,1.2755950449337308,0.0249612805323328,1.1062105933729494,True,453.26605504587155,637.164881303655,1.405719387566255,0.16864784382716425,0.999302810050111,1.1908628156714645,keyword,Russia,wikipedia,Russia
russian,parole,91,0.00182,50000,1.314270738430652,0.0049746845452365365,1.2938502327231567,True,553.3,793.3039069385986,1.4337681311017507,0.1782290291168316,0.8815559029788935,1.1660349877747171,keyword,Russia,wikipedia,Russia
war,parole,45,0.0009,50000,1.322793003861945,0.0202777607124468,1.1819839111116222,True,1078.6136363636363,2229.5588803034466,2.0670597933658876,0.34790968068961664,0.9604735398702399,1.2516388589576566,keyword,Russia,wikipedia,Russia
soviet,parole,49,0.00098,50000,1.5608061798867443,0.011726185795848386,1.4868452822436256,True,985.25,3176.8718221653335,3.2244321970721477,0.526563593235997,1.0149828112672423,1.4343695858373608,keyword,Russia,wikipedia,Russia
state,parole,32,0.00064,50000,1.2088769009449585,0.008001338227273861,1.1464709712587844,True,1540.4516129032259,2170.876118662842,1.4092465485309733,0.16986495167151305,0.8822588703901358,1.1283711311763067,keyword,Russia,wikipedia,Russia
union,parole,30,0.0006,50000,1.4134716768177924,0.007942829122440768,1.3541862057932819,True,1620.0689655172414,4257.702456649549,2.628099511362584,0.4487472039462138,0.952939694624702,1.342945880474477,keyword,Russia,wikipedia,Russia
century,parole,28,0.00056,50000,1.0550480151589265,0.006721952825477439,1.0487779546293,True,1768.962962962963,2969.4569884522334,1.6786428266867028,0.2533532354241261,0.9470841505010011,1.1082926366858947,keyword,Russia,wikipedia,Russia
by,parole,66,0.00132,50000,1.1284105985223447,0.012610165272257078,1.0389534557364348,True,701.7384615384616,806.4840605392311,1.1492658657630503,0.06944969821593328,1.0259312107780414,1.0679396534018946,appaiata,Russia,wikipedia,Russia
was,parole,60,0.0012,50000,1.1712240727846128,0.00455786297379909,1.1795884750580368,True,777.4915254237288,1237.3749797228747,1.5914964205539242,0.22824512349798795,0.9444367836556773,1.1176045544634576,appaiata,Russia,wikipedia,Russia
is,parole,45,0.0009,50000,1.326281740631596,0.01689105259267913,1.2340354921071657,True,1095.340909090909,3434.3674678656675,3.135432484408951,0.5163746458102686,0.9780619694045573,1.349775037762238,appaiata,Russia,wikipedia,Russia
with,parole,47,0.00094,50000,1.0102366464309764,0.017327082655787925,1.1399982944054927,True,1049.4130434782608,1273.5420348354244,1.213575572316399,0.09648442772292727,1.0357418732629038,1.0339524037009804,appaiata,Russia,wikipedia,Russia
th,parole,30,0.0006,50000,1.1213280228629674,0.0037627297773754685,1.123024101076083,True,1495.2068965517242,3837.516527459154,2.5665454970207207,0.4392332856343258,0.9386221366049705,1.1631386662995544,appaiata,Russia,wikipedia,Russia
has,parole,32,0.00064,50000,1.2729247553363778,0.005903585492019925,1.2512805927028516,True,1521.4193548387098,5214.916373725109,3.4276653291806967,0.5482946764700295,1.0647946569799476,1.3403413217915847,appaiata,Russia,wikipedia,Russia
were,parole,27,0.00054,50000,1.1866819675024238,0.015383188215926918,1.0802225046015796,True,1609.423076923077,2516.9581827766137,1.5638884634291303,0.21993486513642838,1.0128683152008384,1.2113272682423621,appaiata,Russia,wikipedia,Russia
vocali,vc,15155,0.3031,50000,0.9599942004173343,0.01986058500548103,1.0068010605807785,True,3.2993269103866965,1.6183843883358764,0.4905195611992854,-0.34181399027784787,0.9824365818756607,0.9773418776090543,vocali,Winston Churchill,wikipedia,Winston Churchill
spazio,lettere,7893,0.15786,50000,1.199879621623441,0.018130400172833773,1.2341279414290787,True,6.334135833755702,3.078985637243427,0.48609403366990994,-0.34580985771203115,0.9335314233722984,0.9867148530809559,spazio,Winston Churchill,wikipedia,Winston Churchill
e,lettere,4805,0.0961,50000,1.1120220054061012,0.013871033543737303,1.1012493533670922,True,10.400915903413821,9.130668657511084,0.8778715972998289,-0.06503554496259396,1.0552306019927327,0.9700992431414387,lettera,Winston Churchill,wikipedia,Winston Churchill
a,lettere,3340,0.0668,50000,1.1491668230189873,0.00838243917101279,1.1784303792219066,True,14.962863132674453,12.96309222540954,0.8663510526339036,-0.07160975807712236,0.9900515109676352,1.0053606249308151,lettera,Winston Churchill,wikipedia,Winston Churchill
t,lettere,3153,0.06306,50000,1.0211755332390018,0.004818920827418527,0.9975755254160168,True,15.856281725888325,13.60360406934882,0.8579315317750952,-0.07646593310635644,0.9784111403563248,1.038692575856799,lettera,Winston Churchill,wikipedia,Winston Churchill
i,lettere,3151,0.06302,50000,1.1226419048559106,0.008238274613534617,1.1401665189566317,True,15.872380952380952,13.872974258615287,0.8740323395863465,-0.06721744217149328,1.0247290746079567,0.9392300968115324,lettera,Winston Churchill,wikipedia,Winston Churchill
n,lettere,2916,0.05832,50000,0.9498848135439703,0.010043878376345818,1.0238754582401683,True,17.141337907375643,14.621579477071231,0.853001064215635,-0.07933019501345442,0.9453918134538924,0.9578064665364338,lettera,Winston Churchill,wikipedia,Winston Churchill
r,lettere,2846,0.05692,50000,0.9906257580163347,0.0193391268286199,1.109279797323596,True,17.572583479789103,13.768176344612142,0.7835032543989588,-0.12138847802327149,0.9111685713556655,0.9801062697534665,lettera,Winston Churchill,wikipedia,Winston Churchill
o,lettere,2754,0.05508,50000,1.0281767566773763,0.010445401225698928,1.0947632537895011,True,18.141300399564113,16.618103069137764,0.9160370372091436,-0.04382115854772563,1.0527198780237832,1.0314689786773021,lettera,Winston Churchill,wikipedia,Winston Churchill
s,lettere,2352,0.04704,50000,0.9644911656864963,0.019174804240472187,1.0492137154256356,True,21.263292216078266,19.25619018590775,0.9056071839781781,-0.04953424652019096,0.8913026355432586,1.041021256725335,lettera,Winston Churchill,wikipedia,Winston Churchill
h,lettere,2157,0.04314,50000,1.1090724034812753,0.007325140749203281,1.0968804892995658,True,23.176716141001855,21.746842010386775,0.938305576945584,-0.03182904893233353,0.9713054147802479,0.94921155903514,lettera,Winston Churchill,wikipedia,Winston Churchill
l,lettere,1911,0.03822,50000,0.9818253056146404,0.0036551027685519143,0.9811042327321775,True,26.14240837696335,27.74999955093196,1.0614936141608597,0.029829640867401367,0.9709503012565457,1.0207779825562102,lettera,Winston Churchill,wikipedia,Winston Churchill
d,lettere,1681,0.03362,50000,1.0696325906230195,0.011594405685161773,0.9781391816268515,True,29.739285714285714,27.5308891130686,0.9257414376917507,-0.03856102426567596,0.9790899743822842,0.890786598526962,lettera,Winston Churchill,wikipedia,Winston Churchill
c,lettere,1566,0.03132,50000,0.9227271601441095,0.011603070889090884,0.967069767022741,True,31.931629392971246,31.385989881385445,0.9829122559055534,-0.008617498854805838,1.012697296235227,0.9882168082394674,lettera,Winston Churchill,wikipedia,Winston Churchill
u,lettere,1105,0.0221,50000,1.0568547719815105,0.009163770153164634,1.0958161807182976,True,45.25815217391305,40.16201805356117,0.8873985375989498,-0.059659610918368036,0.9743756490879129,0.9460407034520423,lettera,Winston Churchill,wikipedia,Winston Churchill
m,lettere,1018,0.02036,50000,1.0456764972306165,0.020053011111115866,1.1517996116352391,True,48.96361848574238,48.88768316096018,0.9984491480178428,-0.0007760277431604249,0.9577083261482099,1.0115334719253068,lettera,Winston Churchill,wikipedia,Winston Churchill
f,lettere,842,0.01684,50000,1.1385092203007208,0.004867036714113384,1.1042771762030743,True,59.29369797859691,57.821466361049744,0.9751705211896449,-0.012570802644118187,0.8709887167237715,0.9786821121192038,lettera,Winston Churchill,wikipedia,Winston Churchill
p,lettere,829,0.01658,50000,0.9617174520525134,0.01309295633814871,0.9577889990862628,True,60.28623188405797,62.069929388333016,1.029587145332046,0.01457791324708328,0.9691156046602591,0.9976405149430901,lettera,Winston Churchill,wikipedia,Winston Churchill
g,lettere,776,0.01552,50000,1.042741741162294,0.012232551618714348,1.08661458773075,True,64.24774193548387,60.8655742698569,0.9473574080000622,-0.027032835258526997,0.9193006774241353,0.9218042116352012,lettera,Winston Churchill,wikipedia,Winston Churchill
b,lettere,697,0.01394,50000,1.1265333486391218,0.00613287054045963,1.1480235724196703,True,71.72413793103448,68.74254998988532,0.9584297835128243,-0.021226299169435373,1.0417913180645726,0.9440282960629945,lettera,Winston Churchill,wikipedia,Winston Churchill
w,lettere,683,0.01366,50000,1.054282271006268,0.017987794108861244,1.0916143848704654,True,73.28152492668622,69.66909354245979,0.9507047460073949,-0.025270484471573804,0.9518138381629392,1.060489663642097,lettera,Winston Churchill,wikipedia,Winston Churchill
the,parole,511,0.01022,50000,1.201544474077611,0.002667247019393738,1.1921785048538027,True,97.39607843137254,97.45530427004535,1.0006080926421954,0.0003039539050310829,1.0098675067315506,1.0728901801753745,funzione,Winston Churchill,wikipedia,Winston Churchill
in,parole,264,0.00528,50000,1.1092082720696501,0.00735668263202769,1.1490373743815239,True,186.49809885931558,195.96858438299276,1.0507806008833431,0.024761596077839915,1.023433000149499,1.1005554722750055,funzione,Winston Churchill,wikipedia,Winston Churchill
of,parole,255,0.0051,50000,1.011216563434925,0.0063010383886584,1.0511809625877293,True,195.7204724409449,196.67520177755588,1.0048780248928688,0.0024330781385713393,0.9674860632582467,1.0555487376422013,funzione,Winston Churchill,wikipedia,Winston Churchill
to,parole,236,0.00472,50000,1.0336943671748284,0.004132697954901504,1.0559097311563594,True,211.77446808510638,184.68072526797826,0.8720632233804507,-0.06833998714452032,0.9839352040325048,0.9294379314116678,funzione,Winston Churchill,wikipedia,Winston Churchill
and,parole,230,0.0046,50000,1.0586150957314615,0.008556034496336344,1.0844191793714801,True,217.53711790393012,187.56127577101324,0.8622035521029796,-0.07399644777898062,0.9514596946472554,1.0170412309193215,funzione,Winston Churchill,wikipedia,Winston Churchill
he,parole,185,0.0037,50000,1.1462700231478347,0.01403925505788167,1.0692238505859577,True,261.29891304347825,261.3650647045094,1.0002531647003834,0.0001265663291282695,1.0838514567258744,1.0887599482716188,funzione,Winston Churchill,wikipedia,Winston Churchill
churchill,parole,173,0.00346,50000,0.8635422647117154,0.006279828567818885,0.8487574768583274,True,283.2325581395349,179.38782674435,0.6333587774043066,-0.22447072111024535,0.9491245283405032,0.8877612238630918,keyword,Winston Churchill,wikipedia,Winston Churchill
government,parole,44,0.00088,50000,1.1519077903053334,0.005408882869214593,1.1754619462878213,True,1091.0232558139535,1517.9377534193602,1.391297339750021,0.1636339125400968,0.8918730401914255,1.1233747593678025,keyword,Winston Churchill,wikipedia,Winston Churchill
british,parole,26,0.00052,50000,0.9444174758640755,0.005654985640224626,0.9224499247790306,True,1977.76,1677.6365637407882,0.8482508311123637,-0.08210420703358032,1.0029750398070714,0.9417843071417374,keyword,Winston Churchill,wikipedia,Winston Churchill
conservative,parole,27,0.00054,50000,1.163888802435418,0.011822340134120174,1.0634394278121895,True,1758.6153846153845,2130.2749696116334,1.211336479964624,0.09556957155973157,0.9703154747498717,1.1150885159775894,keyword,Winston Churchill,wikipedia,Winston Churchill
may,parole,23,0.00046,50000,1.0785652340164473,0.013884925537080189,0.9907948669066805,True,2133.5,2518.4326522282713,1.1804230851784725,0.08274682395582166,0.9445950899542929,1.039742377649539,keyword,Winston Churchill,wikipedia,Winston Churchill
minister,parole,20,0.0004,50000,1.266552237540091,0.012977789276205397,1.1614058107309624,True,2535.5789473684213,4075.9789732827708,1.6075141251322782,0.2329859383221785,1.0010018833494703,1.133508721662152,keyword,Winston Churchill,wikipedia,Winston Churchill
liberal,parole,22,0.00044,50000,1.2454038326368642,0.013360480156335309,1.1449928158879152,True,1763.952380952381,3318.7454930468903,1.8814257850062008,0.30589918004926303,0.94966610641757,1.2400540790216585,keyword,Winston Churchill,wikipedia,Winston Churchill
was,parole,141,0.00282,50000,1.063226079590579,0.00724397922718588,0.9998499740840524,True,355.82142857142856,350.89706760743735,0.9861605834596252,-0.006967924273408122,1.0462099934760183,1.03766885852135,appaiata,Winston Churchill,wikipedia,Winston Churchill
that,parole,36,0.00072,50000,1.0123790205133663,0.009047948355079605,1.016723417512279,True,1414.942857142857,1711.3741630778522,1.2095005493957318,0.09481805716365513,0.9921016097795569,0.9781218906917061,appaiata,Winston Churchill,wikipedia,Winston Churchill
it,parole,26,0.00052,50000,0.9827945594917943,0.010864567653263194,0.996404166725854,True,1872.28,1565.0659868942694,0.8359144929680761,-0.08937535362371432,0.9540890646986459,0.9789050805177811,appaiata,Winston Churchill,wikipedia,Winston Churchill
at,parole,24,0.00048,50000,0.9740014541301597,0.012033203838488833,0.9785601949220888,True,1985.304347826087,1691.044551716284,0.8517810146177245,-0.08004131385528508,1.037030991381956,0.9994110400357558,appaiata,Winston Churchill,wikipedia,Winston Churchill
be,parole,23,0.00046,50000,1.0466454531187688,0.008833843025923991,1.0484643335906894,True,1746.0454545454545,1898.5976648762617,1.087370125407486,0.04185655641230852,0.9641935881658835,1.0697007509342236,appaiata,Winston Churchill,wikipedia,Winston Churchill
after,parole,20,0.0004,50000,0.963097175564743,0.003948658102614974,0.986272707173369,True,2215.3684210526317,2026.9830676957185,0.9149643230594566,-0.044405880525588824,0.9811142122097545,0.9754506895730758,appaiata,Winston Churchill,wikipedia,Winston Churchill
first,parole,20,0.0004,50000,0.9456152342282954,0.011389724347788828,1.0099238445157466,True,2400.315789473684,2106.283563600209,0.8775026906197425,-0.06524481162784515,0.9183773695409697,0.9699281979503079,appaiata,Winston Churchill,wikipedia,Winston Churchill
vocali,vc,15203,0.30406,50000,1.1804482234336184,0.006730305227997118,1.1288451000702548,True,3.288712011577424,1.5468867316966288,0.4703624781528583,-0.3602088122600207,0.9866204998305411,0.9935486853868261,vocali,Buddhism,wikipedia,Buddhism
spazio,lettere,7576,0.15152,50000,1.2574521017479994,0.017407512942538048,1.144906989941009,True,6.5993399339934,3.420780958872688,0.5183519856663454,-0.3172176273226119,0.9323265770523447,0.9989377242346079,spazio,Buddhism,wikipedia,Buddhism
e,lettere,4264,0.08528,50000,0.9806926978078787,0.004375200474423147,0.9977190431186933,True,11.70748299319728,10.879423525143489,0.9292709228332904,-0.03666103932299889,1.0680512226361227,0.922401417183036,lettera,Buddhism,wikipedia,Buddhism
a,lettere,3960,0.0792,50000,1.1543008759531623,0.003825208009131612,1.1397210771807216,True,12.62591563526143,11.31789468206503,0.8964018934560767,-0.05462877193985611,0.9524516440988972,0.9620674652430855,lettera,Buddhism,wikipedia,Buddhism
t,lettere,3778,0.07556,50000,1.236751417684387,0.007461266455029036,1.2061065710209995,True,13.220810166799048,11.865215017667813,0.8974650469957209,-0.05403786128583703,0.9180953522437978,0.9507515982948554,lettera,Buddhism,wikipedia,Buddhism
i,lettere,3390,0.0678,50000,1.238420639113549,0.00980109674708221,1.1583690170015994,True,14.749483623487755,12.506035279690591,0.8478964822724645,-0.08231170911721473,0.9006637727944001,1.0286519577799116,lettera,Buddhism,wikipedia,Buddhism
n,lettere,3125,0.0625,50000,1.3317090321462475,0.012602034600287138,1.2434553985193848,True,15.999039692701665,14.375627312256755,0.8985306361115244,-0.05344626099703086,0.956179351421942,1.0812215386981314,lettera,Buddhism,wikipedia,Buddhism
s,lettere,2969,0.05938,50000,1.033126278579666,0.01088922934581811,1.0435390865959577,True,16.839285714285715,15.442930580559526,0.9170775318253801,-0.04325462418604624,0.9618062687502426,0.9968258327013005,lettera,Buddhism,wikipedia,Buddhism
o,lettere,2460,0.0492,50000,1.1779987134533345,0.011145395443992592,1.1150219365851384,True,20.31191541276942,18.766517117425796,0.9239166634983088,-0.03954606659695273,0.9945585423857585,0.9554316124475628,lettera,Buddhism,wikipedia,Buddhism
r,lettere,2244,0.04488,50000,1.077849527869074,0.004310206437152735,1.1036347043446548,True,22.262594739188586,19.815117041801532,0.8900632326977238,-0.058165655730661105,0.9347578325144351,0.9733433329690152,lettera,Buddhism,wikipedia,Buddhism
h,lettere,2229,0.04458,50000,1.4147020642278112,0.0062298685335724305,1.369010379726119,True,22.434021543985637,20.4822998615574,0.9130017024098172,-0.04547737593782101,0.9748660396793483,0.9902834436489293,lettera,Buddhism,wikipedia,Buddhism
d,lettere,1862,0.03724,50000,1.2146273246350356,0.005787361913381033,1.220808341864642,True,26.865126276195593,27.850881211279447,1.0366927341025491,0.018015841804786315,0.9335139313719393,1.0036938932794095,lettera,Buddhism,wikipedia,Buddhism
l,lettere,1427,0.02854,50000,1.0296850410172753,0.004774075300328211,1.059189890384803,True,35.042776998597475,34.525275669751586,0.9852322968334787,-0.007438778419067821,0.9691463212197456,1.006573717363045,lettera,Buddhism,wikipedia,Buddhism
c,lettere,1216,0.02432,50000,1.1740503829189737,0.014126081508472159,1.074288359191587,True,41.062551440329216,44.22822760458839,1.0770939957021286,0.03711627680868058,0.983072134262165,0.9557942692950713,lettera,Buddhism,wikipedia,Buddhism
u,lettere,1129,0.02258,50000,1.1223283407718825,0.005575699139864771,1.1397391573369795,True,44.31471631205674,39.54554701866594,0.8923795594265546,-0.05687043068994971,1.0283146005146047,0.9571048552460888,lettera,Buddhism,wikipedia,Buddhism
m,lettere,1051,0.02102,50000,1.1083698383387783,0.003268569302294702,1.086829778216289,True,47.584761904761905,48.37804885730438,1.016671029144376,0.008266608139577927,0.9678276096478108,1.063251466029012,lettera,Buddhism,wikipedia,Buddhism
f,lettere,907,0.01814,50000,1.202891065693639,0.007650338037079923,1.1381208623455565,True,54.85099337748344,57.14348407730118,1.041794880250224,0.020469676290451773,0.9706053516493901,1.0360953019333954,lettera,Buddhism,wikipedia,Buddhism
g,lettere,799,0.01598,50000,1.1874144196516585,0.009862921103468784,1.2101688848924055,True,62.510025062656645,62.94489254789759,1.0069567638919525,0.0034663247445659213,1.0261064833174867,0.9384009020532291,lettera,Buddhism,wikipedia,Buddhism
p,lettere,784,0.01568,50000,1.2690023108664197,0.011014717879070653,1.1875150387963294,True,63.490421455938694,67.02602538931924,1.0556872021370058,0.027089336392772088,1.0173359779060145,1.012388666823635,lettera,Buddhism,wikipedia,Buddhism
b,lettere,687,0.01374,50000,1.270322576179834,0.006734370022652953,1.2188815301410063,True,72.83819241982508,77.87777284124968,1.0691887079291789,0.033437601734460504,1.0388075609638527,1.0084180070421584,lettera,Buddhism,wikipedia,Buddhism
y,lettere,544,0.01088,50000,1.1519599575276276,0.005677343457440529,1.1382510805128003,True,91.7145488029466,85.81909182844541,0.9357195008703812,-0.03320754845974096,0.9717422569080059,1.0203194336368526,lettera,Buddhism,wikipedia,Buddhism
the,parole,537,0.01074,50000,1.3322384075303912,0.01706936943086181,1.1957426820420047,True,92.91044776119404,90.18077070339855,0.9706203433136872,-0.01490883659351127,1.0263509102259178,1.0678594673094457,funzione,Buddhism,wikipedia,Buddhism
of,parole,340,0.0068,50000,1.0649348210280007,0.007501714569102999,1.0406065721517788,True,146.30383480825958,133.9628547939341,0.9156482806448709,-0.04403298883589086,1.0316991232218684,0.9624123237096681,funzione,Buddhism,wikipedia,Buddhism
and,parole,282,0.00564,50000,0.9822413382068863,0.009910769643609854,1.0031136364764692,True,177.7900355871886,164.65082764205292,0.9260970509301001,-0.03836927585461629,0.9746877540647789,1.055944958083318,funzione,Buddhism,wikipedia,Buddhism
in,parole,193,0.00386,50000,0.951129852615834,0.011002686252938229,0.8839832536637837,True,257.4479166666667,233.8928187787416,0.9085053855051262,-0.04794045392261647,0.976397311629472,0.9000664619643609,funzione,Buddhism,wikipedia,Buddhism
is,parole,192,0.00384,50000,1.2155583952212283,0.00795138597246579,1.1512322824456096,True,259.6282722513089,299.3683403375729,1.1530652564979416,0.0710917869470009,1.013937038382337,1.1406711122190407,funzione,Buddhism,wikipedia,Buddhism
to,parole,176,0.00352,50000,1.1204032665456936,0.014962183878930058,1.2154480229219826,True,283.0285714285714,303.9238491391119,1.073827450017052,0.035599610766288654,1.0252764288818135,1.001914476730579,funzione,Buddhism,wikipedia,Buddhism
buddhist,parole,75,0.0015,50000,1.1335390919607542,0.003772539623868204,1.1351862855290717,True,646.8108108108108,785.8477784154062,1.2149577052218798,0.09704822115343589,1.0010388282404206,1.0891217998630205,keyword,Buddhism,wikipedia,Buddhism
buddhism,parole,63,0.00126,50000,1.187585708956015,0.009102405960683188,1.1323731441981106,True,763.9193548387096,1030.9238304595606,1.349519191953482,0.1487620076271341,0.9299746992986043,1.1894362194006276,keyword,Buddhism,wikipedia,Buddhism
buddha,parole,53,0.00106,50000,1.1947821661327642,0.009270427131871525,1.179694214351788,True,955.0384615384615,1384.756026668115,1.4499479156445971,0.18365611479793964,0.93108966035118,1.1999859502645724,keyword,Buddhism,wikipedia,Buddhism
path,parole,36,0.00072,50000,1.4136201395310533,0.011250572215332268,1.334925410320044,True,1383.3142857142857,2495.462514850746,1.8039736454844704,0.28672653424513905,1.082219833690815,1.2780354529653375,keyword,Buddhism,wikipedia,Buddhism
practice,parole,30,0.0006,50000,1.1747223949067487,0.00798975679363128,1.1168994532439995,True,1426.0,1805.5704084859167,1.2661784070728728,0.11745695142188045,1.0779786177491273,1.1571345340104404,keyword,Buddhism,wikipedia,Buddhism
texts,parole,29,0.00058,50000,1.1630333010245326,0.0018093760393167444,1.1699118146652085,True,1671.5714285714287,2222.068512937996,1.3293290821781019,0.14138366480624276,1.043103496023399,1.156232300559435,keyword,Buddhism,wikipedia,Buddhism
meditation,parole,27,0.00054,50000,1.2961884402863773,0.013965056140123337,1.2028184827588413,True,1810.5384615384614,4311.048719100903,2.3810865169015485,0.40847417242880435,1.0045088454581192,1.3044315690852741,keyword,Buddhism,wikipedia,Buddhism
that,parole,78,0.00156,50000,1.1742095356055149,0.0037752218789158768,1.1657798198011,True,614.0909090909091,702.0848685731846,1.1432914218068142,0.0668557809492926,1.0129699302767778,1.14314343289252,appaiata,Buddhism,wikipedia,Buddhism
are,parole,58,0.00116,50000,1.1538257825070701,0.003945853905246186,1.1395576231891196,True,820.8245614035088,1092.8937198819442,1.3314583545273435,0.14216782121958166,0.9276825997074326,1.0830184250227246,appaiata,Buddhism,wikipedia,Buddhism
on,parole,38,0.00076,50000,1.0103121501273151,0.012428248643677997,1.0060224839601342,True,1341.6216216216217,1428.012475656509,1.064392860582007,0.031192154270410038,0.9673340428761802,1.0185912497645313,appaiata,Buddhism,wikipedia,Buddhism
one,parole,42,0.00084,50000,1.1532129812223504,0.006578743055696907,1.1345881232331132,True,1140.6829268292684,1574.4921155570196,1.3803065501590361,0.15977208907551282,0.9857159219121314,1.1515195980157513,appaiata,Buddhism,wikipedia,Buddhism
all,parole,30,0.0006,50000,1.172357388051041,0.01287360852128344,1.062069586995884,True,1641.2068965517242,2226.315620342118,1.3565112509700898,0.15128773555540084,0.976995145902575,1.1732164225352855,appaiata,Buddhism,wikipedia,Buddhism
from,parole,30,0.0006,50000,1.0885205097595727,0.008571822749405728,1.0264064481541977,True,1674.1724137931035,2076.7416970713234,1.2404586767536894,0.10732564686357074,1.0644952640654948,1.0326425080008061,appaiata,Buddhism,wikipedia,Buddhism
rebirth,parole,27,0.00054,50000,1.304354485768104,0.013966109965853261,1.2162167688506744,True,1821.1153846153845,3254.295368609593,1.7869792304768721,0.28237714220145604,1.0156566998034606,1.1533109223830718,appaiata,Buddhism,wikipedia,Buddhism
vocali,vc,15303,0.30606,50000,1.1643083519917174,0.012210499812284708,1.060228477256,True,3.2673506731146253,1.7899513352004832,0.5478295763993398,-0.29213191845870257,0.9880803696744995,1.0227345454446979,vocali,France,wikipedia,France
spazio,lettere,7682,0.15364,50000,1.1087058769125242,0.008459564550978538,1.047106031144911,True,6.507746387189168,3.1142688474860623,0.47854797378346825,-0.35267846256092994,0.9833494784624076,0.9609784313157933,spazio,France,wikipedia,France
e,lettere,4946,0.09892,50000,1.123449835695564,0.005155782204872711,1.1553156980261678,True,10.107178968655207,8.189740147191605,0.8102894163237793,-0.10479572048842495,0.9600013057938712,1.0520197560811795,lettera,France,wikipedia,France
a,lettere,3396,0.06792,50000,1.0800366072815033,0.0030857746387860634,1.0904389836679371,True,14.726067746686303,12.60794572969008,0.8561651315591123,-0.07749034070049116,1.0483588539859985,0.953820007510385,lettera,France,wikipedia,France
t,lettere,3369,0.06738,50000,0.9992843313694977,0.01260733910875818,1.0751806765560987,True,14.839370546318289,12.749699059040449,0.859180584462439,-0.07574273134864812,0.9062768102971371,0.9771036250313948,lettera,France,wikipedia,France
n,lettere,3317,0.06634,50000,1.180807088802277,0.006398081983448583,1.1698470021228693,True,15.067551266586248,12.407009993883342,0.823425769348274,-0.09683653352932313,0.9573313431238116,0.9348462803138472,lettera,France,wikipedia,France
i,lettere,3166,0.06332,50000,1.2757224065214574,0.007007920378249332,1.2202465319557831,True,15.793996840442338,14.348996691382109,0.908509532852372,-0.04793817666233526,1.0379389133064205,0.8812683984110166,lettera,France,wikipedia,France
r,lettere,2857,0.05714,50000,1.2362860881374318,0.010512769020506608,1.1497267659951305,True,17.505252100840337,14.060737914117015,0.8032296726216259,-0.10912105671614168,1.010999133100092,1.0358604233578237,lettera,France,wikipedia,France
o,lettere,2715,0.0543,50000,1.0644772865292957,0.011757355282920604,1.1191596007727613,True,18.413411938098747,16.321752774749687,0.8864056715626256,-0.06021733826917372,0.917321923438751,1.066624827809486,lettera,France,wikipedia,France
s,lettere,2394,0.04788,50000,1.3354893263714942,0.008086714237780438,1.2727704737913201,True,20.872962808190557,20.084888626181737,0.9622442587930268,-0.01924110163033258,0.944206395651333,0.9703368437363346,lettera,France,wikipedia,France
h,lettere,1730,0.0346,50000,1.1723455611468925,0.011418680350422327,1.139568665487764,True,28.895893580104108,27.108570088588728,0.9381461076273475,-0.03191394711122848,0.9593210180673163,1.0011541913567477,lettera,France,wikipedia,France
l,lettere,1689,0.03378,50000,1.2425206661901085,0.006341706249967794,1.210174065455513,True,29.553909952606634,29.585008521548588,1.0010522658082068,0.0005258562338359944,1.0741459296933449,0.9070987206298557,lettera,France,wikipedia,France
c,lettere,1645,0.0329,50000,1.0819165836814209,0.008126904829223479,1.134716472758858,True,30.391727493917276,28.649472717160844,0.9426733877794498,-0.029509135493988935,0.9421511136461146,1.0320633603286067,lettera,France,wikipedia,France
d,lettere,1560,0.0312,50000,1.1359199388884058,0.013040730035463886,1.0470055032908587,True,32.02373316228351,29.277435723389853,0.914241808568148,-0.04480008275234527,1.0482710036550305,1.0322774187965473,lettera,France,wikipedia,France
u,lettere,1080,0.0216,50000,1.1305196504563584,0.008563253394472966,1.124793674873156,True,46.303985171455054,46.12454194898298,0.9961246700082589,-0.0019414268306823935,0.9491852160709925,0.9503927664388327,lettera,France,wikipedia,France
f,lettere,1054,0.02108,50000,1.1736135493087043,0.0021651669059538753,1.1700185396172196,True,47.37416904083571,48.601453777779156,1.0259062008219193,0.012787463117201142,0.9815216211147525,0.9853285289831746,lettera,France,wikipedia,France
m,lettere,1001,0.02002,50000,1.1171229307012847,0.01569494820104993,1.1328684407714584,True,49.914,48.254524172383086,0.9667532991221518,-0.01690435749755075,0.9475503646157386,0.9558256569807684,lettera,France,wikipedia,France
p,lettere,853,0.01706,50000,1.1016434972866176,0.01766054781706252,1.1990522421440575,True,58.541079812206576,60.852787653690235,1.03948864368234,0.019362031656642388,1.042980294946707,1.0549765577583472,lettera,France,wikipedia,France
g,lettere,743,0.01486,50000,1.3032024870412435,0.02062091174194668,1.1549179887968377,True,66.96361185983828,70.78974225118704,1.0571374554789135,0.02777522490134797,0.9564211998306473,1.0320792954160842,lettera,France,wikipedia,France
w,lettere,537,0.01074,50000,1.234760780117499,0.008892247959405799,1.2778741827753068,True,92.95708955223881,101.67209537371444,1.0937529978988647,0.0447774871214266,0.9874287237837822,0.9961651320138717,lettera,France,wikipedia,France
y,lettere,534,0.01068,50000,1.038964708161225,0.00744510288076873,1.0950326318622288,True,93.29080675422139,91.26922420786657,0.9783303133857469,-0.010953523012629378,0.9037034949799717,0.9406774111321358,lettera,France,wikipedia,France
the,parole,745,0.0149,50000,1.1661076228241638,0.004892928564735601,1.1907347003574893,True,67.03763440860214,62.26253349354168,0.928769847605963,-0.03693035355278368,0.9499301442004565,0.9826434694639933,funzione,France,wikipedia,France
of,parole,326,0.00652,50000,1.1227599219670445,0.012227155881755575,1.0778004237598717,True,150.3723076923077,153.81534494932666,1.0228967508037725,0.011318793603615589,0.9805737562199847,0.9520998562114077,funzione,France,wikipedia,France
and,parole,325,0.0065,50000,1.1046972934541535,0.005567366114668575,1.07026319577851,True,153.76543209876544,132.27668455983044,0.860249815282719,-0.0751244180051387,1.010926049935352,0.9525047633105665,funzione,France,wikipedia,France
in,parole,248,0.00496,50000,1.1272455524244551,0.008985920559097459,1.0675728330470753,True,201.92712550607288,195.0396737654078,0.9658913990708101,-0.017350195918915734,0.9037670703973067,0.9669756909865006,funzione,France,wikipedia,France
to,parole,129,0.00258,50000,1.1058137906079182,0.006753881088263859,1.1365970333584339,True,387.6875,434.5079532267768,1.1207685396789342,0.05694564843800328,0.9760426390475513,1.076900530551867,funzione,France,wikipedia,France
by,parole,76,0.00152,50000,1.0246594172313446,0.008219881713689044,1.0827399142183975,True,614.6133333333333,668.0950711868365,1.087016885174695,0.04169438483839156,0.9704228867334326,1.0911556770355473,funzione,France,wikipedia,France
france,parole,134,0.00268,50000,1.2195992225242918,0.02304940166130078,1.0441524243218379,True,375.0751879699248,486.50493821748853,1.2970864344577724,0.1293318483803156,0.9819604820548249,1.228139632475367,keyword,France,wikipedia,France
french,parole,95,0.0019,50000,1.167537216117642,0.0035391805801546685,1.144467063108075,True,523.1170212765958,628.171178238485,1.200823434698261,0.09124922587249461,0.9377747166541504,1.0512343188159263,keyword,France,wikipedia,France
europe,parole,25,0.0005,50000,1.0225597617033348,0.007172811373727072,0.9700930260383254,True,2070.5,1846.8864516307956,0.8920002181264408,-0.05708233056151884,1.0575287282486092,0.9298305749718114,keyword,France,wikipedia,France
empire,parole,22,0.00044,50000,1.2119677502776438,0.007582602314588066,1.2157491094884225,True,1074.1904761904761,1354.7504057592166,1.2611826633985084,0.11550710503235348,0.9555938919994716,1.188432111282715,keyword,France,wikipedia,France
war,parole,23,0.00046,50000,1.2746358274144465,0.012028068731484485,1.1833545541598454,True,1743.2272727272727,2602.166312385897,1.4927292345046996,0.19766656870881683,0.9719384399964369,1.2459544082284904,keyword,France,wikipedia,France
world,parole,30,0.0006,50000,1.167433683829955,0.00626895760013816,1.207611904817072,True,1618.3793103448277,3181.00227257512,1.9655480345317469,0.3255883982618426,0.9911040196813244,1.1725051472989556,keyword,France,wikipedia,France
republic,parole,19,0.00038,50000,1.2038962025427764,0.009891235843948689,1.1433883718099624,True,2095.777777777778,3744.346555032401,1.7866143036417987,0.28228316441704193,0.9542554256385256,1.2266129320958912,keyword,France,wikipedia,France
was,parole,75,0.0015,50000,1.338029441588016,0.0070811432000143166,1.2943253184457895,True,625.4054054054054,943.1091675348033,1.5079965081585014,0.20255072385706718,0.9382739726809731,1.2424735173034551,appaiata,France,wikipedia,France
is,parole,60,0.0012,50000,1.2268952235498332,0.008330533349168933,1.1750823314707657,True,844.9491525423729,1718.3652759258987,2.0336907502131916,0.34073702144509926,1.0179004747291687,1.1669966616628786,appaiata,France,wikipedia,France
an,parole,23,0.00046,50000,1.0789011293856148,0.005577702800940248,1.1070164851982471,True,1649.2727272727273,1937.085517738002,1.1745089127504147,0.08025210277463891,1.022841414075496,1.1011505672853323,appaiata,France,wikipedia,France
since,parole,21,0.00042,50000,1.1175861884461424,0.0072660492417594156,1.1383867236229448,True,1263.5,1431.886811904231,1.13327013209674,0.06247222519623057,0.9616150158699646,1.1597358838901706,appaiata,France,wikipedia,France
one,parole,21,0.00042,50000,1.1151955638505309,0.008000767428686283,1.1318501395807128,True,2317.65,2944.5202499951633,1.2704766681747302,0.11912770211031075,0.9463725753119947,1.0850580703307136,appaiata,France,wikipedia,France
became,parole,19,0.00038,50000,1.0383541170405655,0.011894450139690732,1.0915723983785992,True,2442.722222222222,2937.728089879211,1.2026451731407537,0.09200082501340956,0.9687544038676826,1.0706102827052424,appaiata,France,wikipedia,France
economic,parole,19,0.00038,50000,1.0771708079839692,0.012600949584189119,1.0775823968265192,True,2665.277777777778,3482.461651417683,1.3066036420118454,0.13292428591867755,0.9342958259096893,1.0855242160630203,appaiata,France,wikipedia,France
vocali,vc,15561,0.31122,50000,1.2724368632699246,0.013629099275832866,1.3073840122938727,True,3.2130462724935733,1.7385648096400776,0.5410954783078229,-0.29777812481551785,0.8903053557739398,0.9942256229840082,vocali,United States,wikipedia,United States
spazio,lettere,7565,0.1513,50000,1.1939884799949385,0.005003764082090304,1.1631643587135019,True,6.609730301427816,3.2018341433472193,0.484412222183342,-0.3473346352930911,1.0361655026728416,1.036850606400139,spazio,United States,wikipedia,United States
e,lettere,5015,0.1003,50000,1.2429584582604334,0.011243629227434925,1.1746140584683993,True,9.970083765456721,8.178093381920924,0.8202632569904283,-0.09874216947428982,1.0143468775743347,0.9790271347587943,lettera,United States,wikipedia,United States
t,lettere,3887,0.07774,50000,1.1766115428783825,0.010722400102876282,1.1155839912765906,True,12.866186309830159,10.711934393504126,0.832564843656887,-0.09136656578492237,0.9464115011531304,0.9748377805087584,lettera,United States,wikipedia,United States
a,lettere,3410,0.0682,50000,1.1330725582131875,0.0035465445416374697,1.153920850268288,True,14.661484306248166,12.435459589036292,0.8481719401177391,-0.08215039769113071,0.9611049778472047,0.9937901083154692,lettera,United States,wikipedia,United States
i,lettere,3241,0.06482,50000,1.1748218601887133,0.008516144842258232,1.1682187790328584,True,15.423456790123456,13.949706970776528,0.9044475023076113,-0.050173342965142434,0.996281408329069,0.9443962654107182,lettera,United States,wikipedia,United States
n,lettere,3142,0.06284,50000,1.3562205485873904,0.02109667870504343,1.1888062736629912,True,15.908946195479146,13.796495892834148,0.8672162017088666,-0.07111324236026359,1.0445560744969777,1.0448338394654622,lettera,United States,wikipedia,United States
o,lettere,2799,0.05598,50000,1.2596693377957926,0.008159778704769007,1.2074101269580033,True,17.86204431736955,15.364976367919914,0.8602025666781368,-0.07515172585290372,1.00738080423643,0.9329303447870486,lettera,United States,wikipedia,United States
s,lettere,2715,0.0543,50000,1.2462646477109605,0.009738376494289953,1.1791148439673387,True,18.41156963890936,16.938814424274625,0.9200092526862921,-0.0416616467872707,1.003029516643375,1.0283096935596328,lettera,United States,wikipedia,United States
r,lettere,2617,0.05234,50000,1.0602977575709058,0.017270490257337814,1.1731273596416845,True,19.10053516819572,15.801645232864264,0.8272880887220148,-0.09451816182897468,0.9063462913985246,1.002081407231996,lettera,United States,wikipedia,United States
h,lettere,1666,0.03332,50000,0.9950302661276749,0.012991472610884017,1.0282724090882558,True,30.01981981981982,26.499799821744233,0.8827434668428096,-0.062279612290366396,0.9978089869312828,0.9234780649024369,lettera,United States,wikipedia,United States
l,lettere,1656,0.03312,50000,1.2038930589681744,0.006465065239550055,1.1601531692698142,True,30.126283987915407,31.003847780145634,1.0291295067318043,0.014355666622147404,1.0702546258132448,1.0385268049303151,lettera,United States,wikipedia,United States
d,lettere,1617,0.03234,50000,1.202984363777186,0.01335654180389713,1.0944706927617214,True,30.916460396039604,26.442644539641336,0.8552934003734993,-0.07799661207082881,1.0144315388766862,0.9817729700672659,lettera,United States,wikipedia,United States
c,lettere,1465,0.0293,50000,1.1244246152054596,0.009540896195825717,1.1952898857127594,True,34.11612021857923,32.935117760978,0.9653828615318903,-0.017613432550809847,0.9729667801965795,0.9573948463084395,lettera,United States,wikipedia,United States
u,lettere,1096,0.02192,50000,1.2037174084163733,0.003911821399874651,1.1790730430683403,True,45.65570776255708,43.19877954030557,0.946185737936003,-0.027651143986425885,1.0166723694882396,1.0179245043999678,lettera,United States,wikipedia,United States
m,lettere,971,0.01942,50000,1.1628213581216655,0.005835636871067354,1.12573101674097,True,51.48453608247423,51.8986695093755,1.008043841091194,0.004005809498075009,0.9651300349488633,1.043375651770311,lettera,United States,wikipedia,United States
f,lettere,861,0.01722,50000,1.1062259115619515,0.008001537279466675,1.1320394420145465,True,58.032558139534885,56.29926985521756,0.9701324852826622,-0.015160155441552801,1.012217979235302,1.0035123295515107,lettera,United States,wikipedia,United States
p,lettere,831,0.01662,50000,1.0417988449267792,0.00883926151975772,1.1165477158293626,True,59.936144578313254,66.08562285737425,1.1026004979520498,0.048796953131126704,0.9927448172622171,1.0798020693495856,lettera,United States,wikipedia,United States
g,lettere,708,0.01416,50000,1.0533679961924138,0.003974978600201809,1.024984486977258,True,70.43140028288543,69.42154173874901,0.9856618136217602,-0.0072208602088628315,1.0336268715306585,1.038950943216722,lettera,United States,wikipedia,United States
y,lettere,540,0.0108,50000,1.134971918391414,0.011365044214443044,1.0797818142201687,True,92.19666048237477,93.90815684439981,1.018563539645259,0.009196410853889352,1.0351464274040696,1.0372115284238574,lettera,United States,wikipedia,United States
w,lettere,534,0.01068,50000,1.2193668203972912,0.018195623860491884,1.1208987053928918,True,93.70544090056285,93.5275355921986,0.9981014409979349,-0.0009501814888421814,0.9687807104815946,0.9470607994947121,lettera,United States,wikipedia,United States
the,parole,774,0.01548,50000,1.204932482711532,0.007896906222467555,1.1643927292739342,True,64.59120310478654,57.15725535409167,0.8849077367604571,-0.06105989221379561,0.9269979372462234,0.9633189594096527,funzione,United States,wikipedia,United States
of,parole,317,0.00634,50000,1.179191775920427,0.008524123804908952,1.1121647524933032,True,157.9367088607595,166.9871464892615,1.0573042055503454,0.027854026349504308,0.9130437220893756,1.0468329432743253,funzione,United States,wikipedia,United States
and,parole,280,0.0056,50000,1.10840690870221,0.01999678816260926,0.9706323157566378,True,177.87813620071685,144.88032591349844,0.8144920393702358,-0.10223685560734083,0.9677109591714418,1.0261244823955635,funzione,United States,wikipedia,United States
in,parole,238,0.00476,50000,1.0644439037170055,0.007898406914462943,1.0615547020597433,True,209.76371308016877,219.37512149721383,1.0458201672534835,0.022396967234415883,0.9434760057083594,1.0016883389743487,funzione,United States,wikipedia,United States
to,parole,138,0.00276,50000,1.1021330543891095,0.014608999610866522,1.017506312388268,True,338.83941605839414,341.094523590142,1.0066553872568333,0.0033166568106800767,0.8789588206243762,1.0413035311277958,funzione,United States,wikipedia,United States
is,parole,82,0.00164,50000,1.3416637768878745,0.01341471226251926,1.2636138684297067,True,607.1481481481482,1421.305167012974,2.3409528157963946,0.4013683789415466,1.0116185306734184,1.3441261030518827,funzione,United States,wikipedia,United States
states,parole,102,0.00204,50000,1.0244726100397326,0.0097341602965278,1.0056755066186795,True,487.6039603960396,504.87913561976234,1.0354287016243502,0.017406014563947473,0.9095088600911417,1.0762477909419665,keyword,United States,wikipedia,United States
united,parole,76,0.00152,50000,1.0863882259222917,0.011117909823752907,1.013244792879779,True,656.64,679.1762228034943,1.034320514747037,0.016870750945214036,1.0253930209441375,1.0469638756472326,keyword,United States,wikipedia,United States
federal,parole,46,0.00092,50000,1.436580531050565,0.006993264892460385,1.4125363478033028,True,1039.7111111111112,2116.6194275329945,2.035776481479572,0.3411899682992329,0.9546897452764879,1.3330607708985107,keyword,United States,wikipedia,United States
war,parole,35,0.0007,50000,1.4303184309533685,0.010826315034697713,1.3473660920338395,True,1210.7941176470588,2233.867983666268,1.8449610475539417,0.29700267716509776,1.0000660633249037,1.339901941816014,keyword,United States,wikipedia,United States
state,parole,36,0.00072,50000,1.3892856272709737,0.00837757404026984,1.4526287258747175,True,1224.7142857142858,2673.715596774828,2.1831341627696017,0.3716884373293813,1.0331510654131588,1.416013708616724,keyword,United States,wikipedia,United States
american,parole,29,0.00058,50000,1.0700761042323366,0.004221818578253843,1.04113366921598,True,1549.0357142857142,1498.0287907568759,0.9670718221288019,-0.01673969272538436,1.0366283100556455,1.045577366853412,keyword,United States,wikipedia,United States
president,parole,23,0.00046,50000,1.301651079338841,0.009433294686083359,1.2952970630200702,True,1849.9545454545455,2564.984609204224,1.3865122337770688,0.161956946336431,1.0080326387181262,1.1958740359308087,keyword,United States,wikipedia,United States
by,parole,73,0.00146,50000,1.1547454139899207,0.012905510610269736,1.1139323559355903,True,666.4583333333334,728.1093002901515,1.0925053583597146,0.04420794335849551,0.9108391515031498,1.055930366917406,appaiata,United States,wikipedia,United States
with,parole,63,0.00126,50000,1.1567561545210876,0.015969993733111202,1.0466718670823287,True,788.2096774193549,804.8455332322027,1.021105876125899,0.010442736511337711,0.95888844918418,1.0236131850731474,appaiata,United States,wikipedia,United States
for,parole,43,0.00086,50000,1.0809189178040657,0.005695742428248563,1.0858218064106147,True,1065.095238095238,1111.819774163364,1.0438688808257988,0.021463647319721516,0.9331967440100252,1.0498429187792901,appaiata,United States,wikipedia,United States
from,parole,34,0.00068,50000,0.9674455825176713,0.008527974860366803,0.9952888956620434,True,1485.5151515151515,1704.503192304361,1.147415555180203,0.06864789389486957,1.0074013312842354,0.9624044467744074,appaiata,United States,wikipedia,United States
has,parole,30,0.0006,50000,1.1477236703911056,0.020400531866325657,1.0837075402145975,True,1616.3793103448277,4031.75298114669,2.494311177669419,0.4276411291641379,1.014181745598382,1.1434752246304132,appaiata,United States,wikipedia,United States
it,parole,27,0.00054,50000,0.9810026778890107,0.006743024878482117,0.9446999779217358,True,1867.8461538461538,1825.1079023949833,0.9771189659474007,-0.011572917182368506,1.0006472740132464,1.0125343872840198,appaiata,United States,wikipedia,United States
or,parole,23,0.00046,50000,1.0572799024627153,0.010085382028248227,1.005298804196291,True,2113.681818181818,2108.259683705827,0.9974347442319131,-0.0012842751311374135,0.9584761991963808,1.0302584083162472,appaiata,United States,wikipedia,United States
vocali,vc,16244,0.32488,50000,1.2501557483106258,0.015336876100224975,1.1272025155601522,True,3.0780028319891644,1.533161140138952,0.4981025761916353,-0.33502206843823135,1.0131286713015621,0.9599070156749043,vocali,Socialism,wikipedia,Socialism
spazio,lettere,7234,0.14468,50000,1.2010475247858945,0.007538140781760258,1.2302541031012062,True,6.910548873219964,3.469309283242048,0.5020309308116544,-0.3315305024506103,1.0143566717159846,0.9446777747653857,spazio,Socialism,wikipedia,Socialism
e,lettere,4281,0.08562,50000,1.267762471698362,0.012592828265526067,1.1849405047253585,True,11.676168224299065,10.128517111732323,0.867452139877023,-0.07097791546706289,1.0009558300542027,0.8780483626692819,lettera,Socialism,wikipedia,Socialism
i,lettere,4021,0.08042,50000,1.2017657191070783,0.005269613819648772,1.1581734872063985,True,12.436318407960199,10.777843259567398,0.8666425951806405,-0.07144238814846832,0.9733352740035373,0.9955540018586259,lettera,Socialism,wikipedia,Socialism
t,lettere,3626,0.07252,50000,1.2701850479821133,0.017140182771436804,1.1487973259112945,True,13.774068965517241,11.523131100267934,0.8365814872217913,-0.08897972342376866,1.0353798811910018,1.0272815063795566,lettera,Socialism,wikipedia,Socialism
a,lettere,3610,0.0722,50000,1.3344760555008794,0.010987445176293931,1.2773697940558428,True,13.85175949016348,11.707774192046045,0.8452192806524009,-0.08388201931906669,0.9501232125434854,0.9525334821361731,lettera,Socialism,wikipedia,Socialism
o,lettere,3348,0.06696,50000,1.20371037541028,0.007397110448386501,1.2488237534774238,True,14.93158051986854,12.524826892405063,0.8388145431583108,-0.08765726671099754,1.0290996706587872,1.0120130028387524,lettera,Socialism,wikipedia,Socialism
s,lettere,3204,0.06408,50000,0.931584266644462,0.034560127089891444,1.0975424389489687,True,15.60630658757415,14.363125028673169,0.9203410780170876,-0.04148165286614961,0.9574184405778213,0.9339292413743925,lettera,Socialism,wikipedia,Socialism
n,lettere,2840,0.0568,50000,1.1908416311873806,0.005101153733742992,1.1773919668836084,True,17.58823529411765,15.625028789924974,0.888379563306771,-0.05910911072230029,0.9960463442581,0.9861388455462329,lettera,Socialism,wikipedia,Socialism
r,lettere,2462,0.04924,50000,1.094442829206717,0.01222393830132651,1.0047049080729835,True,20.283624542868754,16.85061131395822,0.830749518082679,-0.09244873765941222,0.9834842646133252,0.9162685627676156,lettera,Socialism,wikipedia,Socialism
c,lettere,1982,0.03964,50000,1.3346172585702456,0.017673695494433084,1.1921553698884566,True,25.22766279656739,24.457552634060765,0.9694735826811745,-0.015499785113780466,0.9367965238282855,1.0187190285045558,lettera,Socialism,wikipedia,Socialism
l,lettere,1965,0.0393,50000,1.3264982788384354,0.007355408080112521,1.277942586314264,True,25.45519348268839,22.641113013392577,0.8894496531244354,-0.05850928427373343,0.9651378903973721,0.959639094304466,lettera,Socialism,wikipedia,Socialism
h,lettere,1510,0.0302,50000,1.1601357856524837,0.003893628124023178,1.1572089003376378,True,33.07422133863486,31.784562499258644,0.961007129202775,-0.019884104558598494,0.9811847658962832,1.0612205460788253,lettera,Socialism,wikipedia,Socialism
d,lettere,1449,0.02898,50000,0.978806268673084,0.006941612022060367,0.9325605632245514,True,34.511049723756905,30.71549252635279,0.8900190742447539,-0.05819037873953423,0.9549002809797393,0.9171466899681254,lettera,Socialism,wikipedia,Socialism
m,lettere,1419,0.02838,50000,1.3719558019527671,0.007180557338958543,1.342543979131085,True,35.24400564174894,35.91900217213175,1.0191520946070678,0.009485216422388839,0.9584962652097984,0.970248755683269,lettera,Socialism,wikipedia,Socialism
u,lettere,984,0.01968,50000,1.1813430124800732,0.01500261178727939,1.149067281582581,True,50.64903357070193,49.46427784441972,0.9766085225569331,-0.011834147822456908,0.9397532295016311,0.9401309248472174,lettera,Socialism,wikipedia,Socialism
p,lettere,875,0.0175,50000,1.2061425104385817,0.004978296507613644,1.1803513875391685,True,57.160183066361554,58.5781272524678,1.0248065018346784,0.012251295031007234,0.9510646120223152,0.9266833913719895,lettera,Socialism,wikipedia,Socialism
f,lettere,859,0.01718,50000,1.0403777364522024,0.007956949979898658,1.0732499298964684,True,58.06993006993007,58.38215353059743,1.0053766805004134,0.0026811324539146955,1.0219532526847646,0.9957393384960973,lettera,Socialism,wikipedia,Socialism
y,lettere,579,0.01158,50000,1.1142633412379817,0.01099587662119916,1.0378791649380985,True,86.33217993079585,81.04531780459185,0.9387613966143104,-0.03158645694752926,0.9557444485779314,0.9468048707778962,lettera,Socialism,wikipedia,Socialism
g,lettere,543,0.01086,50000,1.1742200064465778,0.013684392972986273,1.1246846016942007,True,92.04612546125462,91.42272321215235,0.9932272841906346,-0.0033978642892777333,0.9942914953818094,0.9868873179143659,lettera,Socialism,wikipedia,Socialism
b,lettere,488,0.00976,50000,1.1933150121582192,0.009910092623697308,1.214015313622254,True,102.20328542094455,106.32531099757537,1.040331634738095,0.01976719571045236,1.0249336766400008,0.99463953035723,lettera,Socialism,wikipedia,Socialism
the,parole,477,0.00954,50000,1.3344111124398568,0.009288738707458699,1.2674009101182082,True,104.6470588235294,109.45394326653758,1.045934252687543,0.022451480357789433,0.9879053552323412,1.1431684301231033,funzione,Socialism,wikipedia,Socialism
of,parole,346,0.00692,50000,1.160499824602942,0.01064704065845846,1.2016852692256415,True,144.41739130434783,145.56248054761545,1.00792902594989,0.003948857677446647,1.003354345809746,1.10423142086928,funzione,Socialism,wikipedia,Socialism
and,parole,294,0.00588,50000,1.0372953032291132,0.008112296830219053,0.9733348467530579,True,170.01023890784984,133.48404257001334,0.7851529615364243,-0.12035217322702903,0.9676600726280759,0.9275941746424422,funzione,Socialism,wikipedia,Socialism
in,parole,186,0.00372,50000,1.3327861440792363,0.0140203003706315,1.224007767353947,True,267.07567567567565,298.84539536192403,1.1189539991085824,0.056138075276114974,0.9993143067645525,1.0177233038310673,funzione,Socialism,wikipedia,Socialism
to,parole,180,0.0036,50000,1.1614260871417683,0.01702546386792777,1.0639305480212744,True,277.6927374301676,279.92693770442446,1.0080455841046931,0.004006674035878661,1.0284195163909964,0.9879998295347711,funzione,Socialism,wikipedia,Socialism
as,parole,109,0.00218,50000,0.8290069033150702,0.006103273035735771,0.8358150460919709,True,460.26851851851853,391.11299623265364,0.8497496146196181,-0.08122741812884736,1.027956143014017,0.8541837152829288,funzione,Socialism,wikipedia,Socialism
socialism,parole,132,0.00264,50000,1.2756468535308907,0.006568686197637438,1.2414541887721744,True,381.4961832061069,533.4177374981335,1.3982256205429704,0.16605010685058488,0.9290302417309889,1.1701310962257019,keyword,Socialism,wikipedia,Socialism
socialist,parole,89,0.00178,50000,1.1755596619233255,0.004365868508716721,1.155642675323039,True,548.8522727272727,655.7010031348257,1.1946766656838579,0.08870403040586256,0.9644898446744317,1.0994638879758276,keyword,Socialism,wikipedia,Socialism
social,parole,76,0.00152,50000,1.2680608419117234,0.01964041078274514,1.147188776950803,True,644.6133333333333,1143.776673218246,1.774360867318257,0.279113246023675,1.0726519462781416,1.1643267520872078,keyword,Socialism,wikipedia,Socialism
socialists,parole,41,0.00082,50000,0.9728023282842543,0.012493452219988002,1.005525765213797,True,1221.975,1139.8230066718525,0.9327711341654719,-0.034783666128972913,0.9774075498965423,0.9433733034357542,keyword,Socialism,wikipedia,Socialism
democratic,parole,41,0.00082,50000,1.330334228784319,0.023102835992538987,1.183896601680512,True,904.85,1481.3134426530448,1.6370817733912193,0.2415858999214683,1.0204441567821534,1.2978955631650602,keyword,Socialism,wikipedia,Socialism
state,parole,38,0.00076,50000,1.1368507314974918,0.027395608016291106,1.268346711723862,True,1300.1351351351352,1818.3258655844538,1.3985668231290882,0.16616873846738678,0.9750071047849586,1.2256997334422481,keyword,Socialism,wikipedia,Socialism
economic,parole,36,0.00072,50000,1.0442213748801896,0.01332930731781113,1.1291044036267277,True,1375.4,1929.5738968822657,1.4029183487583725,0.16767875153417802,0.9933024917056846,1.107131698569221,keyword,Socialism,wikipedia,Socialism
that,parole,109,0.00218,50000,1.077816616973375,0.005700232975961725,1.0795073706441585,True,450.52777777777777,518.4923409582815,1.150855433411316,0.07013741187247305,0.9788283134120691,1.0626619830083581,appaiata,Socialism,wikipedia,Socialism
is,parole,67,0.00134,50000,1.0029346790204818,0.008109434901512233,1.0506265427828694,True,726.7424242424242,644.8410969582663,0.8873035004533635,-0.0597129711885581,1.0444540412673025,0.9896356195061319,appaiata,Socialism,wikipedia,Socialism
by,parole,54,0.00108,50000,1.0059672808783506,0.004616608254980918,0.9946568606632363,True,924.1132075471698,841.2181337061467,0.9102977068566657,-0.04695723227922239,0.9494179899039888,0.9449679833833265,appaiata,Socialism,wikipedia,Socialism
was,parole,39,0.00078,50000,1.1551391465691425,0.006219220493718795,1.1817366851533595,True,1194.7894736842106,1679.0000427843906,1.4052685261840192,0.16849200900948114,0.9028300529967844,1.1460083494225282,appaiata,Socialism,wikipedia,Socialism
an,parole,40,0.0008,50000,1.0589069238479139,0.017499527499831323,0.9740935697102675,True,1269.3333333333333,1266.280511313877,0.9975949406359326,-0.0012039775007148198,0.9176007119466254,1.0010017080034934,appaiata,Socialism,wikipedia,Socialism
from,parole,37,0.00074,50000,1.30825871630062,0.0018575132342507996,1.3139920942074668,True,1239.3055555555557,1785.5185532411176,1.4407411838323485,0.18057678001741886,1.0392379674156251,1.2764436055100823,appaiata,Socialism,wikipedia,Socialism
it,parole,36,0.00072,50000,1.1734675282019864,0.009912231659025232,1.0917464621849196,True,1391.3428571428572,1777.7495844111309,1.2777221482717536,0.12192977465775542,0.9965016928405398,1.119766179675917,appaiata,Socialism,wikipedia,Socialism
vocali,vc,16062,0.32124,50000,1.2374610181244157,0.011589293614079604,1.17605594006042,True,3.112944399476994,1.6294900389410227,0.5234561976804961,-0.31280440031361245,0.9660377083688676,0.9662986922770713,vocali,Wikipedia,wikipedia,Wikipedia
spazio,lettere,7533,0.15066,50000,1.1038682631605337,0.006666968408245298,1.0497897011027926,True,6.6360860329261815,3.252028402206009,0.4900521762482376,-0.34223487732875657,0.9161755590446033,0.9655306592861161,spazio,Wikipedia,wikipedia,Wikipedia
e,lettere,4984,0.09968,50000,1.2839208964973192,0.009652928378824813,1.2070834109106434,True,10.032711218141682,7.927355694061493,0.7901508895947117,-0.11722425837120241,0.9452758132138944,1.0436972204425052,lettera,Wikipedia,wikipedia,Wikipedia
i,lettere,3900,0.078,50000,1.1869864695993004,0.002957443931118182,1.2045897540945698,True,12.816876122082585,11.833972558005804,0.9233117684282439,-0.03987301114183205,0.963328729617856,1.0122407402887559,lettera,Wikipedia,wikipedia,Wikipedia
t,lettere,3425,0.0685,50000,1.181501486688694,0.00864401554592115,1.1507856457147516,True,14.582359813084112,12.659831495283026,0.8681606857570414,-0.07057172075620081,0.9624438199295525,0.9955652285744817,lettera,Wikipedia,wikipedia,Wikipedia
a,lettere,3343,0.06686,50000,1.2238630587878103,0.0069977002977756305,1.234686436258067,True,14.955116696588869,12.317889443024976,0.823657193249089,-0.09669734388881096,0.9069326807082804,0.9616632003384291,lettera,Wikipedia,wikipedia,Wikipedia
n,lettere,2827,0.05654,50000,1.0197303838247314,0.016976298261180908,1.0837147737399744,True,17.685067232837934,15.18422224719183,0.8585900210205313,-0.0760845465541788,0.9348529339251322,1.051107021479243,lettera,Wikipedia,wikipedia,Wikipedia
o,lettere,2802,0.05604,50000,1.024857995842356,0.012008993146309582,1.0957017742824307,True,17.842199214566225,15.44934409209704,0.8658878822227432,-0.07187576437738345,0.992928457753211,1.0063811968949556,lettera,Wikipedia,wikipedia,Wikipedia
s,lettere,2585,0.0517,50000,1.117964131179406,0.015115179679524424,1.020839055499487,True,19.33668730650155,17.449901544019973,0.9024245604960894,-0.051290044046985,0.9787957677609818,0.9825192482828564,lettera,Wikipedia,wikipedia,Wikipedia
r,lettere,2466,0.04932,50000,1.1316781254245332,0.003838788779395518,1.1088653043400336,True,20.275456389452334,17.643290513009344,0.8701796977644216,-0.06941595098629459,0.9970310652970045,0.9981361221861516,lettera,Wikipedia,wikipedia,Wikipedia
d,lettere,1833,0.03666,50000,1.1118274349985557,0.009393947020581722,1.0607914301780692,True,27.271834061135372,23.74662155553454,0.8707379746555236,-0.06909680943868078,1.0656115968382238,0.9637211267016671,lettera,Wikipedia,wikipedia,Wikipedia
l,lettere,1578,0.03156,50000,1.0657290116152855,0.01052795800736585,0.9994676430511684,True,31.685478757133797,30.972314449358816,0.9774923928642102,-0.011381893157722688,0.8734931480518219,1.012785621608222,lettera,Wikipedia,wikipedia,Wikipedia
c,lettere,1521,0.03042,50000,1.1721880367224802,0.00718279094992893,1.2330844272500316,True,32.873684210526314,30.550573740459356,0.9293322143271339,-0.03662810642360624,0.9366427352280983,0.9572740105429633,lettera,Wikipedia,wikipedia,Wikipedia
h,lettere,1382,0.02764,50000,1.09218026169139,0.006519437670653206,1.1319408020261605,True,36.08254887762491,34.83545783786798,0.9654378341179145,-0.017584970270808378,1.0298370366487841,0.9332325085551284,lettera,Wikipedia,wikipedia,Wikipedia
u,lettere,1033,0.02066,50000,1.1654180118531337,0.011592080172767256,1.0679901184716611,True,48.37403100775194,45.65851428063812,0.9438641628464113,-0.028878477327031294,1.0379707284571207,0.9562267072107997,lettera,Wikipedia,wikipedia,Wikipedia
p,lettere,1021,0.02042,50000,1.1673166496549656,0.0115070310106049,1.1949609017064828,True,48.955882352941174,48.198956075187596,0.9845386041191819,-0.007790927245620628,0.9644216455838883,1.06953059026557,lettera,Wikipedia,wikipedia,Wikipedia
m,lettere,923,0.01846,50000,1.1269872376424075,0.006378213099635401,1.0969738482046605,True,54.044468546637745,55.28957602411874,1.0230385738071701,0.011388104065565875,0.9834321446166215,1.0442659405484445,lettera,Wikipedia,wikipedia,Wikipedia
f,lettere,830,0.0166,50000,1.1964945754563376,0.005357585388145876,1.1832020706058637,True,60.21471652593486,60.006881453793625,0.9965484339355526,-0.0017287665081301034,1.0039095773906654,0.9838414170021119,lettera,Wikipedia,wikipedia,Wikipedia
g,lettere,769,0.01538,50000,1.085642563115738,0.007078278150055401,1.0330380010192424,True,64.92578125,64.12382872286913,0.9876481651557968,-0.006214296403526245,0.9458030325575608,0.8651226479493396,lettera,Wikipedia,wikipedia,Wikipedia
w,lettere,762,0.01524,50000,1.3076748741966453,0.01193765731245255,1.21605944972167,True,65.61760840998686,64.9532394966939,0.989875142825354,-0.005088187171517694,0.9284556966877306,0.9865304014320254,lettera,Wikipedia,wikipedia,Wikipedia
y,lettere,600,0.012,50000,1.0317017535799413,0.005832929297997624,1.055434969550845,True,83.40734557595994,77.87294136039493,0.9336460814410553,-0.03431544127738944,0.9455493185450745,0.9594135428155073,lettera,Wikipedia,wikipedia,Wikipedia
the,parole,417,0.00834,50000,1.132035957938538,0.00652471196504941,1.175508140991325,True,119.54567307692308,117.02290098406635,0.9788970020585068,-0.01066402037071219,0.9798266590749588,0.9941302924738604,funzione,Wikipedia,wikipedia,Wikipedia
of,parole,281,0.00562,50000,0.9668571151632018,0.004685651901750187,0.9990625543167525,True,178.05,178.072870791224,1.0001284515092614,6.422162994805796e-05,0.9933512454721285,0.9817495581754795,funzione,Wikipedia,wikipedia,Wikipedia
in,parole,210,0.0042,50000,1.2075941520310804,0.014024693589339072,1.0941393963802988,True,237.11483253588517,251.99276206809472,1.0627456720994368,0.030418520784278345,0.9399752455753291,1.022706106044666,funzione,Wikipedia,wikipedia,Wikipedia
and,parole,204,0.00408,50000,0.9766442839091931,0.011493952067488634,0.8964801825366562,True,245.9014778325123,203.67638413240437,0.8282845061676767,-0.09392164800010333,0.9694894878153387,1.0003208112973276,funzione,Wikipedia,wikipedia,Wikipedia
to,parole,173,0.00346,50000,0.954736852785437,0.008845693753152344,1.0275483682586177,True,283.3720930232558,252.47812928321903,0.8909773950905555,-0.057654102683878744,0.9141313790648796,0.8707551685859096,funzione,Wikipedia,wikipedia,Wikipedia
that,parole,117,0.00234,50000,1.2554909771956924,0.006990214918014915,1.2157540993330185,True,406.4310344827586,470.18655361717737,1.1568667589953034,0.0727289983681579,0.9556625763013672,1.2229400936988821,funzione,Wikipedia,wikipedia,Wikipedia
wikipedia,parole,230,0.0046,50000,1.2142172178062713,0.011193015515620715,1.123237598909782,True,218.05676855895197,200.16949245717896,0.9179696359806545,-0.042769375740092756,0.9686652857992198,0.9623451766113144,keyword,Wikipedia,wikipedia,Wikipedia
articles,parole,63,0.00126,50000,1.2419864872326118,0.010714080934253448,1.2546008266530209,True,795.8548387096774,1142.604500322194,1.435694607542631,0.17887899664983148,1.0089704894106013,1.1395237442234503,keyword,Wikipedia,wikipedia,Wikipedia
editors,parole,56,0.00112,50000,1.234810486052323,0.011675614928894077,1.1498234734299941,True,815.9636363636364,1042.8980093530038,1.2781182431127769,0.1220824441196527,0.9144698890282342,1.1435601613813688,keyword,Wikipedia,wikipedia,Wikipedia
english,parole,42,0.00084,50000,1.2204712637380375,0.006262030582722932,1.1900479964694886,True,1173.4146341463415,1514.3884075033354,1.2905825131497972,0.1268596575245024,1.0224700314187867,1.1083237914893715,keyword,Wikipedia,wikipedia,Wikipedia
article,parole,39,0.00078,50000,1.0617013000997304,0.005422017307448217,1.1039790028777845,True,1170.578947368421,1160.014413507353,0.9909749497162766,-0.004532980329566411,1.0191579375713449,0.9569617957130007,keyword,Wikipedia,wikipedia,Wikipedia
wikipedia's,parole,27,0.00054,50000,0.9231314468581812,0.007630472855341385,0.8735158361676907,True,1827.6538461538462,1547.604857637962,0.8467713188111494,-0.08297111809571033,0.9197004614970238,0.9389715692921808,keyword,Wikipedia,wikipedia,Wikipedia
content,parole,22,0.00044,50000,1.0946997874308553,0.010560719963902343,1.1355809183028458,True,2240.5714285714284,2264.964780552417,1.0108871119527492,0.005414084106480192,0.9809227621240422,1.0222851655377225,keyword,Wikipedia,wikipedia,Wikipedia
for,parole,82,0.00164,50000,1.1252660536447965,0.005622874834987837,1.082121990707831,True,597.9506172839506,622.8531709246282,1.0416465054485462,0.020398489815648367,1.0178798458070284,1.0181215556448393,appaiata,Wikipedia,wikipedia,Wikipedia
is,parole,65,0.0013,50000,1.197662779698077,0.007603554274498711,1.1507023086319446,True,778.609375,1004.7519257466823,1.2904441662376367,0.1268069182907568,0.9448103149609146,1.1963023790604106,appaiata,Wikipedia,wikipedia,Wikipedia
are,parole,57,0.00114,50000,1.2056405271710198,0.005059177146307047,1.1679230824298135,True,861.6428571428571,1209.179157017782,1.403341473783383,0.16782528749376413,1.0410641394771618,1.1491028383158364,appaiata,Wikipedia,wikipedia,Wikipedia
be,parole,36,0.00072,50000,1.0796745243267356,0.011101482978942227,0.9903474865656153,True,1271.0,1283.2402690982287,1.0096304241528158,0.004792136920834839,0.9678363669466045,1.0678893328290162,appaiata,Wikipedia,wikipedia,Wikipedia
it,parole,34,0.00068,50000,1.0419956809845785,0.005657699264424817,1.0084962783079248,True,1350.5151515151515,1680.9315706107009,1.244659542490029,0.10899628111024144,0.9843646404231534,1.0391483345090984,appaiata,Wikipedia,wikipedia,Wikipedia
more,parole,27,0.00054,50000,1.0284667313044915,0.017056640175651422,1.1446066554867038,True,1833.3076923076924,1883.3889405904617,1.0273174265797844,0.013474666681019296,0.9740927340951916,1.0358062968761697,appaiata,Wikipedia,wikipedia,Wikipedia
some,parole,22,0.00044,50000,1.0199846068590381,0.003124018237660745,1.0443166722906925,True,2175.9523809523807,2435.167252493973,1.1191270883548188,0.05621516944852178,0.9765733050983147,0.9965021736391108,appaiata,Wikipedia,wikipedia,Wikipedia
vocali,vc,15153,0.30306,50000,1.2328220694452714,0.00412988171106417,1.2142357506394548,True,3.2997624076029566,1.9196877142856699,0.5817654355545516,-0.2644099782714113,0.9472971796816237,1.075375638213659,vocali,Istanbul,wikipedia,Istanbul
spazio,lettere,7753,0.15506,50000,1.293743758958215,0.013901994320970477,1.1984139705115027,True,6.448400412796698,3.176187042533852,0.49255425209495124,-0.33998479264173964,0.9441142572290139,1.0126845108868225,spazio,Istanbul,wikipedia,Istanbul
e,lettere,4592,0.09184,50000,1.108310678231814,0.0038590459557849045,1.1175604996123316,True,10.880200392071444,9.371794123936274,0.8613622714858848,-0.07448186236387162,1.0175227851670048,0.9873251311630954,lettera,Istanbul,wikipedia,Istanbul
t,lettere,3837,0.07674,50000,1.2093658419353526,0.01163360115029956,1.1439117508993115,True,13.029457768508863,11.725363044806139,0.8999118192888568,-0.052680434794393,1.001839478488322,0.9442960631245519,lettera,Istanbul,wikipedia,Istanbul
a,lettere,3407,0.06814,50000,1.2410882594166808,0.005824395052561274,1.1927092842250449,True,14.669994128009396,13.02453432528655,0.8878350060426288,-0.05941461706046914,0.9969798639744809,0.993034915245475,lettera,Istanbul,wikipedia,Istanbul
i,lettere,3198,0.06396,50000,1.1423314071523039,0.004616994063571235,1.1077692845182223,True,15.637159837347513,13.702556166566547,0.8762816463536817,-0.06593805033841775,0.9818419123984183,1.0102210746151175,lettera,Istanbul,wikipedia,Istanbul
n,lettere,3039,0.06078,50000,1.0955266895238962,0.007049463127642594,1.0413272284567219,True,16.454904542462145,13.81231885304664,0.8394043743859911,-0.08730849390722856,0.9367776951824891,0.9278080857830595,lettera,Istanbul,wikipedia,Istanbul
o,lettere,2695,0.0539,50000,1.2348864127720711,0.017833790980366887,1.1057517001922172,True,18.537490720118782,17.83111464894831,0.96189473096249,-0.01942268789254347,0.9852285239889068,0.9716519046257064,lettera,Istanbul,wikipedia,Istanbul
s,lettere,2546,0.05092,50000,1.267523904755517,0.008479485987725938,1.202228581983243,True,19.63261296660118,18.345516532843348,0.9344409001518327,-0.033890464083457736,0.9417283117590912,0.9446362038891039,lettera,Istanbul,wikipedia,Istanbul
r,lettere,2514,0.05028,50000,1.0385823096618456,0.008633005660306073,1.0270169408387886,True,19.888977317946676,16.765073366400014,0.842932901897986,-0.08522670464033441,0.8983434483620519,0.9470960509235004,lettera,Istanbul,wikipedia,Istanbul
h,lettere,1740,0.0348,50000,1.1365468159117749,0.004990400163143964,1.1520158499802415,True,28.719378953421508,25.626769853043232,0.8923162960663592,-0.056905763670422126,0.9841250496478137,0.9993054594985294,lettera,Istanbul,wikipedia,Istanbul
l,lettere,1706,0.03412,50000,0.9843538966168909,0.016594801284453627,1.0819060215385556,True,29.316129032258065,28.59081370299389,0.975258830097723,-0.01252553312269107,1.012495799425153,1.046022294218232,lettera,Istanbul,wikipedia,Istanbul
d,lettere,1388,0.02776,50000,1.0197427079408299,0.009968758122119885,0.9987347050420406,True,35.935832732516225,32.484509452022266,0.903958722588024,-0.0504429409485456,1.00317794176181,0.889788400887479,lettera,Istanbul,wikipedia,Istanbul
c,lettere,1359,0.02718,50000,1.2489193653492072,0.009065200657136424,1.1736091611719635,True,36.75773195876289,37.44670783453632,1.018743699326889,0.009284833598806384,0.9315319731095909,0.9600395074458484,lettera,Istanbul,wikipedia,Istanbul
u,lettere,1261,0.02522,50000,1.127001842624258,0.006594071737650082,1.1352888026297063,True,39.67619047619048,36.47624147289722,0.9193483808579472,-0.04202031269904297,0.9613020697492495,0.9556857606737839,lettera,Istanbul,wikipedia,Istanbul
m,lettere,1080,0.0216,50000,1.1264339318551484,0.005256140078809122,1.1106036567642108,True,46.28915662650602,50.99843374156952,1.101736075104183,0.048405732912558876,1.0407930641681926,1.02700815797355,lettera,Istanbul,wikipedia,Istanbul
p,lettere,871,0.01742,50000,1.2140323457746527,0.020000101859524284,1.078878359322425,True,57.1183908045977,56.62082720480934,0.9912889072542234,-0.004374600146690056,0.9816791661448531,1.0183671669049708,lettera,Istanbul,wikipedia,Istanbul
f,lettere,789,0.01578,50000,0.8792294302784199,0.0065437423807004885,0.8253776767761529,True,63.24238578680203,58.20797729243079,0.920395025713564,-0.041452395585568166,1.0296467554874758,0.9778487503786747,lettera,Istanbul,wikipedia,Istanbul
y,lettere,660,0.0132,50000,1.122712673667198,0.01107810225058167,1.042160090377604,True,75.7556904400607,70.17260164423897,0.9263013938175485,-0.038259125191409116,0.9309790472988987,0.9530492235391809,lettera,Istanbul,wikipedia,Istanbul
g,lettere,638,0.01276,50000,1.063789681047257,0.01864359926504737,1.173407811460863,True,78.42229199372056,78.58348326403149,1.0020554266677622,0.0010266582235354041,1.0006350256540708,0.9510674192973259,lettera,Istanbul,wikipedia,Istanbul
b,lettere,637,0.01274,50000,1.2258250785038871,0.011712902194855128,1.1778138676490644,True,78.4622641509434,89.65561489624955,1.1426590331853375,0.06658037092035894,0.9401953268181372,1.0864195360024855,lettera,Istanbul,wikipedia,Istanbul
the,parole,755,0.0151,50000,1.352729714193954,0.011835360695204487,1.2786892525982114,True,66.27718832891247,62.41776600828605,0.941768466376797,-0.02998891712968174,1.0178473179710101,1.0721528951416095,funzione,Istanbul,wikipedia,Istanbul
of,parole,348,0.00696,50000,1.1313928854697732,0.017783948636227,0.9893388271929812,True,143.63688760806917,126.57290443954383,0.8812005505501727,-0.06315086895710477,0.9216433050548677,0.9936747783360672,funzione,Istanbul,wikipedia,Istanbul
and,parole,263,0.00526,50000,1.1223353900103736,0.011601128174805724,1.0443186506554087,True,187.73282442748092,182.44639476954825,0.9718406747778157,-0.014280730478063252,0.9598241080063413,1.013119973723819,funzione,Istanbul,wikipedia,Istanbul
in,parole,230,0.0046,50000,1.159441359551529,0.0025608502987012473,1.1649253864182367,True,217.64192139737992,241.25629377804864,1.1085010287956087,0.051458845556070366,0.999740387299643,1.0720668080894475,funzione,Istanbul,wikipedia,Istanbul
to,parole,138,0.00276,50000,1.2139394621265884,0.01083273406174297,1.124149048094825,True,363.37226277372264,452.5726787148192,1.2454794299933756,0.10932161155183674,0.9769229449233222,1.1386495278819277,funzione,Istanbul,wikipedia,Istanbul
as,parole,85,0.0017,50000,0.9769302665287769,0.013950744572522924,0.9488726751627637,True,583.7380952380952,583.377290532963,0.9993819065295284,-0.0003091422746464911,1.015947401469652,0.9342341834561846,funzione,Istanbul,wikipedia,Istanbul
city,parole,107,0.00214,50000,1.217399968593513,0.009474772660319543,1.1536668798955232,True,468.9622641509434,625.0764360807375,1.3328928228637733,0.14269529212881987,0.9596325363064916,1.1541317351584237,keyword,Istanbul,wikipedia,Istanbul
istanbul,parole,107,0.00214,50000,1.05474302806293,0.006504271004442365,1.0661989084076378,True,470.49056603773585,646.8532363944407,1.3748484732477286,0.15784100647697485,0.9304757470904127,1.0797928081248878,keyword,Istanbul,wikipedia,Istanbul
turkish,parole,48,0.00096,50000,1.2609657746915872,0.01704302981257086,1.136413005362854,True,1015.8510638297872,1454.17442555716,1.4314838831539747,0.1774570196181106,0.98655057406694,1.1900353168951578,keyword,Istanbul,wikipedia,Istanbul
ottoman,parole,45,0.0009,50000,1.3501245312913486,0.015099600268874722,1.2294724204776921,True,1105.1136363636363,2084.747201404337,1.886455051142228,0.3071085589195093,0.9787064672068021,1.319896792031585,keyword,Istanbul,wikipedia,Istanbul
constantinople,parole,34,0.00068,50000,1.3519870790074453,0.018159783738462595,1.207671419920496,True,1411.909090909091,2940.353224567972,2.082537213975127,0.3511838264489682,0.9982849677750679,1.3110707455329293,keyword,Istanbul,wikipedia,Istanbul
turkey,parole,26,0.00052,50000,1.162064005188664,0.007776527590994835,1.1160448103658922,True,1990.6,3234.517287530449,1.6248956533359031,0.23806495033116518,1.0055941734400387,1.24106903061159,keyword,Istanbul,wikipedia,Istanbul
population,parole,23,0.00046,50000,1.2648195838605174,0.007745608257577326,1.2427820012493687,True,2245.2272727272725,3521.780406499209,1.5685629910513739,0.22135450562520465,1.0556478441088364,1.2284098153447651,keyword,Istanbul,wikipedia,Istanbul
was,parole,83,0.00166,50000,1.2182901532607,0.0163939591194957,1.1089732047759537,True,595.4634146341464,755.4276067336676,1.2686381533579245,0.11841383913970584,1.0107376484411243,1.1187430439225154,appaiata,Istanbul,wikipedia,Istanbul
is,parole,77,0.00154,50000,1.337797089365842,0.008244738240870624,1.2748734490435936,True,654.3421052631579,1490.7624049694086,2.2782614674778814,0.38992053567383916,0.9396809623046626,1.274738971162492,appaiata,Istanbul,wikipedia,Istanbul
from,parole,43,0.00086,50000,1.0276381320453216,0.007773131892620646,0.9658015214855687,True,1141.2619047619048,1162.4526858354448,1.018567851064792,0.009198527091867402,0.997937840549822,0.9795025900133112,appaiata,Istanbul,wikipedia,Istanbul
were,parole,43,0.00086,50000,1.1609516850371084,0.012039465982110802,1.2594023049496847,True,1003.3571428571429,1299.0572908643155,1.2947107618780107,0.12843046137841657,1.033344070272045,1.204603734085799,appaiata,Istanbul,wikipedia,Istanbul
th,parole,30,0.0006,50000,0.9787401868584602,0.011697764735671226,1.0384901211337454,True,1513.2068965517242,1756.7215077140213,1.1609261838002556,0.0744709305698018,0.9861163521787736,0.9501249761432656,appaiata,Istanbul,wikipedia,Istanbul
an,parole,25,0.0005,50000,0.988195165885503,0.0060661655858419575,0.9936695943382642,True,1964.0416666666667,2063.3108783693024,1.050543332856636,0.024648751404937913,0.8794459338328992,1.0336660897396932,appaiata,Istanbul,wikipedia,Istanbul
between,parole,23,0.00046,50000,1.0201338881486866,0.014619402652787626,1.0975456662276641,True,2189.6363636363635,2627.240115287642,1.1998522489481052,0.09084803265476933,0.9800005734363091,1.0426026126191086,appaiata,Istanbul,wikipedia,Istanbul
vocali,vc,15306,0.30612,50000,1.274961915146435,0.0070125025082787,1.232871014853595,True,3.2666448872917346,1.9067866216564784,0.5837140820156093,-0.26285421258272784,0.9537519078676189,0.9946473533476937,vocali,Moon,wikipedia,Moon
spazio,lettere,8106,0.16212,50000,1.2661322974998745,0.005883716671813986,1.2851051447924335,True,6.167550894509562,2.868594325002806,0.4651107666669549,-0.36508450111924867,1.047301692065851,0.9419353384248144,spazio,Moon,wikipedia,Moon
e,lettere,4749,0.09498,50000,1.1533037491904419,0.0069584522604277405,1.183597039995427,True,10.529275484414491,8.609998189548541,0.8177199088667708,-0.10027952614925635,0.9290827469344193,1.0007719814736762,lettera,Moon,wikipedia,Moon
t,lettere,3852,0.07704,50000,1.4039439021603295,0.01699439777873029,1.2659953668246398,True,12.982082575954298,10.012819882501294,0.7712799409431628,-0.12912699668187366,1.0253915493923598,0.8874303679115448,lettera,Moon,wikipedia,Moon
a,lettere,3511,0.07022,50000,1.2870862470765274,0.011087502998067487,1.2020771994723012,True,14.234188034188033,11.584444044143119,0.8138464952352258,-0.10262913937523319,1.0262424854371341,0.9505465134632057,lettera,Moon,wikipedia,Moon
o,lettere,3185,0.0637,50000,1.2139685249276864,0.01439514364571943,1.165743763098498,True,15.689070351758794,14.455954093350417,0.921402847284056,-0.04090612899165984,1.0513053102092342,1.027033662841471,lettera,Moon,wikipedia,Moon
i,lettere,2856,0.05712,50000,0.9540313991814428,0.028778779291277094,1.1099918736380432,True,17.509281961471103,16.183226282296175,0.9242655591421228,-0.03935758268814056,1.0155443086269094,0.9393290273059943,lettera,Moon,wikipedia,Moon
n,lettere,2745,0.0549,50000,1.1949405505940462,0.003732721293681633,1.1761047692719129,True,18.21865889212828,15.467803219706859,0.8490088821186514,-0.08166056926040194,0.9865933648302252,1.032016908021648,lettera,Moon,wikipedia,Moon
s,lettere,2745,0.0549,50000,1.0383732047806695,0.0055968738614380975,1.0734810877240573,True,18.19715743440233,16.297524664241156,0.8956082686535504,-0.05507030807615066,1.0146625035177033,0.9602117761722683,lettera,Moon,wikipedia,Moon
r,lettere,2634,0.05268,50000,1.2867796020230613,0.005242049085441375,1.3066480646602856,True,18.9787314849981,15.671358995542091,0.8257326896652524,-0.09545061624913966,1.0439100759113253,0.996878404813311,lettera,Moon,wikipedia,Moon
h,lettere,1925,0.0385,50000,1.3090339062607739,0.011196687830505727,1.2451532369862066,True,25.96101871101871,23.21329433775159,0.8941596089177775,-0.055877229449895295,1.0047397080975615,0.9469153813664538,lettera,Moon,wikipedia,Moon
l,lettere,1753,0.03506,50000,1.2426688861996165,0.004578884296430891,1.2127694597714684,True,28.518835616438356,29.697863466491835,1.041342075318597,0.02025239954560021,0.9940655683442047,0.9764790308178023,lettera,Moon,wikipedia,Moon
d,lettere,1319,0.02638,50000,1.0968542703403055,0.007243611901361587,1.1066719835478107,True,37.88163884673748,35.949508332163475,0.948995593290167,-0.026169585444639536,0.9940451223117975,0.9819529704638592,lettera,Moon,wikipedia,Moon
c,lettere,1317,0.02634,50000,1.3630515415423077,0.009090261000896627,1.2919658495907829,True,37.909574468085104,38.569499162865704,1.0174078634234254,0.008628826990832304,0.9393122645512905,1.0299219444707393,lettera,Moon,wikipedia,Moon
m,lettere,1307,0.02614,50000,1.2979242679356797,0.013159296784717084,1.1925188447285138,True,38.27947932618683,34.94035410328279,0.9127698369549202,-0.04560410842945324,0.9317787258208196,0.9886810524707955,lettera,Moon,wikipedia,Moon
u,lettere,1005,0.0201,50000,1.0529840048411168,0.007611721147309826,1.1167468738050597,True,49.7589641434263,45.93397304483533,0.9231296076106863,-0.0399715089846795,0.9906797083626335,0.9419100263538794,lettera,Moon,wikipedia,Moon
f,lettere,878,0.01756,50000,1.0269402412440152,0.012588154647040392,1.11994415567545,True,56.91904218928164,55.999299286176246,0.9838412090623937,-0.008145203791407925,0.9577496075222859,1.0181608898845886,lettera,Moon,wikipedia,Moon
p,lettere,764,0.01528,50000,1.2720859571176897,0.003560429279319313,1.2544043517056078,True,65.20969855832242,68.87767741799182,1.056248977387755,0.02735513938551032,1.0638994529462547,0.9561592141683449,lettera,Moon,wikipedia,Moon
g,lettere,714,0.01428,50000,1.1263443708415088,0.007837814901378616,1.1395982679038772,True,69.91584852734923,72.02477873121441,1.0301638362157648,0.014857833480075367,0.9534780640822448,1.06562466815456,lettera,Moon,wikipedia,Moon
y,lettere,629,0.01258,50000,0.9798360241585942,0.005659086618489919,1.0065791139452371,True,79.57165605095541,78.96529606870371,0.9923796988482506,-0.00382472334774066,1.059036371756006,1.0785413624425466,lettera,Moon,wikipedia,Moon
b,lettere,564,0.01128,50000,1.0895507333032517,0.010833728967366901,1.0742058765706826,True,88.69449378330373,85.46860001687585,0.9636291540903396,-0.018522258051576635,0.9744057904625202,0.990232449005552,lettera,Moon,wikipedia,Moon
the,parole,747,0.01494,50000,1.3657055612098112,0.005909007454203757,1.318553350759894,True,66.95576407506702,63.247203723258615,0.9446117835702602,-0.028482917206255107,1.020081805750823,1.098229343649965,funzione,Moon,wikipedia,Moon
of,parole,319,0.00638,50000,1.191495929177386,0.006757062471874435,1.153267848064837,True,156.94025157232704,178.3210681858065,1.1362353914899006,0.06377358601613853,1.071861064560813,1.0866325530475338,funzione,Moon,wikipedia,Moon
and,parole,202,0.00404,50000,1.083846694300332,0.009651337011534634,1.1080833457724641,True,247.2636815920398,240.629497619012,0.9731695980165274,-0.013597615739895395,0.9037525442928617,1.0033407769543887,funzione,Moon,wikipedia,Moon
to,parole,179,0.00358,50000,1.0831397271686434,0.006118293121066679,1.0555594389663876,True,277.7415730337079,263.64882173029235,0.9492594819368105,-0.0260306637127516,0.9163875153335411,0.9449024973776571,funzione,Moon,wikipedia,Moon
is,parole,137,0.00274,50000,1.269007592823405,0.007669054667623598,1.207710989344897,True,366.7867647058824,418.21605984516935,1.1402157877221304,0.06551478992282574,1.010140186844967,1.093400573184847,funzione,Moon,wikipedia,Moon
in,parole,128,0.00256,50000,1.2347617644094224,0.026876427993263893,1.0450235204976897,True,389.4803149606299,372.17790698897437,0.9555756547711415,-0.022716761236249588,1.0216720220423434,1.0787537247136154,funzione,Moon,wikipedia,Moon
moon,parole,215,0.0043,50000,1.382954405623444,0.015423384777055394,1.2707606480612406,True,233.40654205607476,311.7801051183524,1.3357813468803663,0.14375547066031277,0.9643703757433751,1.235619536518672,keyword,Moon,wikipedia,Moon
earth,parole,145,0.0029,50000,1.5101304975886927,0.01669170435431646,1.386282575208675,True,344.9583333333333,617.8769184583903,1.7911639138786528,0.28345304621656453,0.9666074300446196,1.312323874980496,keyword,Moon,wikipedia,Moon
lunar,parole,83,0.00166,50000,1.1872685742980609,0.010010488541618744,1.1239730750674137,True,605.8170731707318,714.9118244524601,1.1800787005073117,0.08260192646504311,0.936490167430327,1.0862755132464743,keyword,Moon,wikipedia,Moon
surface,parole,47,0.00094,50000,1.1081694461201284,0.011832849080516131,1.0357745108289524,True,1038.3695652173913,1690.7635797498997,1.6282869186327937,0.2390480712659871,0.9987618117215654,1.1752879960290137,keyword,Moon,wikipedia,Moon
moon's,parole,45,0.0009,50000,1.079917071911445,0.004671533311259666,1.0925991116930172,True,1119.909090909091,1226.8923460323008,1.09552851744097,0.045586837232655726,0.9856352808306396,1.0879139989502251,keyword,Moon,wikipedia,Moon
earth's,parole,40,0.0008,50000,1.2863830630206095,0.02393549913178008,1.1195154850730376,True,1247.2051282051282,2496.443819974485,2.001630496474269,0.3336954690628275,0.9650769513474731,1.1749667596025315,keyword,Moon,wikipedia,Moon
side,parole,40,0.0008,50000,1.2496285118271653,0.023455280701276685,1.417657033593381,True,1241.6923076923076,2637.460642298973,2.1240855129405682,0.3598126582273078,0.9642825475318059,1.2345401386718358,keyword,Moon,wikipedia,Moon
on,parole,89,0.00178,50000,1.1388879905744769,0.013856441932020735,1.2068457151238965,True,559.1931818181819,690.9355453072812,1.2355936513044512,0.10538303826680856,1.0115331100331595,1.165184057032905,appaiata,Moon,wikipedia,Moon
as,parole,80,0.0016,50000,0.9745055197300281,0.008469979975771319,1.0214846988358657,True,621.0632911392405,758.5551607103544,1.2213814139922956,0.09965934377492883,1.0477608799212073,0.9841041137183035,appaiata,Moon,wikipedia,Moon
from,parole,75,0.0015,50000,1.0040273435221607,0.018011374781507453,1.0877839824964468,True,640.8513513513514,706.9224770509088,1.1030989878701738,0.0490224133361326,0.9518140146892643,1.039282050532304,appaiata,Moon,wikipedia,Moon
it,parole,52,0.00104,50000,1.1454800601237989,0.011427743446705347,1.064081985694135,True,965.3333333333334,1267.1468528417165,1.3126521265625515,0.1351920260602563,0.8966195174414112,1.0255001136307218,appaiata,Moon,wikipedia,Moon
this,parole,41,0.00082,50000,1.0957433431343764,0.0069569243811741744,1.0668510931487978,True,1227.525,1223.0582724549608,0.9963611921997195,-0.0018227201643160411,0.9201071420071282,1.0669190480546664,appaiata,Moon,wikipedia,Moon
have,parole,40,0.0008,50000,1.243278688650776,0.0090350700089382,1.166490744682025,True,1120.6923076923076,1728.0084544421306,1.5419115867765598,0.21319057263662222,0.9124208212384938,1.1441691890686356,appaiata,Moon,wikipedia,Moon
than,parole,38,0.00076,50000,1.0299064227724055,0.007749576520905223,1.077756625227355,True,1305.837837837838,1579.0774823279557,1.2092446983635723,0.09471322869692236,0.9854110257492877,1.0552230079586886,appaiata,Moon,wikipedia,Moon
vocali,vc,15707,0.31414,50000,1.0972677315082031,0.0032590432993441776,1.0835063780647958,True,3.1833694129631986,1.5903620913818015,0.4995845235257925,-0.3337027480769412,0.9738207170917462,0.9398838728446649,vocali,Alexander the Great,wikipedia,Alexander the Great
spazio,lettere,7973,0.15946,50000,1.2290481554054953,0.007237749281655026,1.1804938896427106,True,6.270321123933768,2.9534603198173337,0.47102217915825684,-0.35959880709917846,0.9512995607980117,0.9544665350244147,spazio,Alexander the Great,wikipedia,Alexander the Great
e,lettere,5119,0.10238,50000,1.1171997952258759,0.0031746191621066446,1.1012414428081734,True,9.76651035560766,8.126443346792275,0.8320723626864632,-0.09165993698376396,0.898600166070214,1.0013732514249414,lettera,Alexander the Great,wikipedia,Alexander the Great
a,lettere,4104,0.08208,50000,1.2155641373352493,0.0049631735681828935,1.1869694244376767,True,12.17669997562759,10.988479545417377,0.9024185179409439,-0.05129338320606347,1.0416289219137431,1.0021740795891183,lettera,Alexander the Great,wikipedia,Alexander the Great
t,lettere,3268,0.06536,50000,1.1306721013292764,0.014032040833736908,1.031168309485631,True,15.290174471992653,13.810666584662822,0.9032379983603276,-0.05084072602745142,0.9820697483097343,1.0324961262092267,lettera,Alexander the Great,wikipedia,Alexander the Great
n,lettere,2967,0.05934,50000,1.1391199520139659,0.005611285752422696,1.1090198747839362,True,16.853000674308834,13.635781571058741,0.8091011111063142,-0.10552140381857701,0.9689935075499742,0.9895527270134451,lettera,Alexander the Great,wikipedia,Alexander the Great
i,lettere,2870,0.0574,50000,1.1207210051283831,0.01150514482975848,1.0334466801511386,True,17.423492506099688,15.64022431643616,0.8976515076389402,-0.053934292966363415,0.9245842902601172,0.9684081100434524,lettera,Alexander the Great,wikipedia,Alexander the Great
o,lettere,2623,0.05246,50000,1.052987159485409,0.007082818571213051,0.9954496931060727,True,19.06178489702517,17.290193135182726,0.9070605522298741,-0.048734397899140774,0.936847600326872,0.9305979287705516,lettera,Alexander the Great,wikipedia,Alexander the Great
s,lettere,2623,0.05246,50000,1.092195295652496,0.004537902036494972,1.089512171077157,True,19.04042715484363,17.85925425384461,0.937964999871416,-0.03201038209291709,0.9023247791427665,0.9879365481813513,lettera,Alexander the Great,wikipedia,Alexander the Great
r,lettere,2564,0.05128,50000,1.0216391762049737,0.021311003408588946,1.1381756982442537,True,19.483808037456107,16.9143048119942,0.8681210972453518,-0.07059440790487886,1.0429963829700244,1.0103121098614514,lettera,Alexander the Great,wikipedia,Alexander the Great
h,lettere,2147,0.04294,50000,1.1967472793681702,0.006674251853471544,1.180950909292815,True,23.22273998136067,20.531373801039223,0.8841064326396615,-0.06151115741267856,0.9679464455050589,1.0267918869073258,lettera,Alexander the Great,wikipedia,Alexander the Great
d,lettere,2023,0.04046,50000,1.125242090803251,0.004918511180406603,1.103220466273669,True,24.724530168150345,22.393621892990524,0.9057248708344536,-0.04946943318437483,1.0021827349168888,0.9171606530988886,lettera,Alexander the Great,wikipedia,Alexander the Great
l,lettere,1645,0.0329,50000,1.1617441235448496,0.009412052738982522,1.1271675102616874,True,30.38990267639903,28.52455213475563,0.9386193973206752,-0.031662018219851526,0.9953283452234598,0.9312248637893831,lettera,Alexander the Great,wikipedia,Alexander the Great
c,lettere,1157,0.02314,50000,1.2276887743492355,0.016555777879729037,1.131325164307099,True,43.219723183391004,41.020575454998635,0.9491170334650019,-0.026105649717986422,1.0179371947660896,0.9500608849281149,lettera,Alexander the Great,wikipedia,Alexander the Great
u,lettere,991,0.01982,50000,1.0361314164059756,0.0061368298540599815,0.9995147140891868,True,50.38787878787879,48.322319550907686,0.9590068229371864,-0.02092548968326283,0.9982201092353975,0.9723062708924267,lettera,Alexander the Great,wikipedia,Alexander the Great
p,lettere,947,0.01894,50000,1.2259704385925803,0.009157408237636585,1.165862707701328,True,52.551797040169134,53.258061584621686,1.013439398540695,0.0066748463104654085,1.019712408831439,0.9636749743015228,lettera,Alexander the Great,wikipedia,Alexander the Great
m,lettere,933,0.01866,50000,1.0694151457348302,0.0029251337474794814,1.066357747784998,True,53.59334763948498,52.61175389043677,0.9816844106165703,-0.009242435014024808,0.9975978782837291,1.001950992810652,lettera,Alexander the Great,wikipedia,Alexander the Great
f,lettere,849,0.01698,50000,0.9964854179394338,0.007850466366634733,0.9329816861116222,True,58.93867924528302,53.391636399821216,0.9058845071438254,-0.04938152994234521,0.9363993706363024,0.9316219995941326,lettera,Alexander the Great,wikipedia,Alexander the Great
g,lettere,782,0.01564,50000,0.9407709825461964,0.006261151393061638,0.9690984798414637,True,63.96670934699104,60.42171385930873,0.9445806182016918,-0.0284994004771882,1.0358891112334552,1.0506210026854863,lettera,Alexander the Great,wikipedia,Alexander the Great
y,lettere,639,0.01278,50000,1.0847499072868447,0.0053477412551551475,1.107776972674415,True,78.18181818181819,80.23207027500706,1.0262241546803228,0.012942375906312392,0.9761080354191513,1.04958747362809,lettera,Alexander the Great,wikipedia,Alexander the Great
w,lettere,576,0.01152,50000,1.0910441440971603,0.0033345606637873626,1.0950835527949914,True,86.55652173913043,83.40111206157329,0.9635450961503846,-0.018565860249956483,1.0129438316015804,0.9941995832605152,lettera,Alexander the Great,wikipedia,Alexander the Great
the,parole,608,0.01216,50000,1.249803268511579,0.015341357057709025,1.1352740686216596,True,82.10214168039539,73.99564775373445,0.9012633073785378,-0.05193215071172885,1.0764902798089673,0.9887525263393441,funzione,Alexander the Great,wikipedia,Alexander the Great
of,parole,367,0.00734,50000,1.082781897827515,0.009488603346451699,1.0266783552897978,True,136.55737704918033,124.24077700762115,0.9098064102598907,-0.04722656142296408,0.9524325252085729,0.9894995799082169,funzione,Alexander the Great,wikipedia,Alexander the Great
and,parole,272,0.00544,50000,1.0758346284403875,0.014364680029268485,0.9621323590165527,True,183.02952029520296,146.41306058719547,0.7999423281613268,-0.1111467121521808,0.966326741750665,0.8959278956689299,funzione,Alexander the Great,wikipedia,Alexander the Great
to,parole,241,0.00482,50000,1.0549820089136228,0.008383155626645246,1.0440674995715704,True,207.00833333333333,186.91413891879483,0.902930504820876,-0.05101053082769368,0.9953497243695084,0.9654480141744656,funzione,Alexander the Great,wikipedia,Alexander the Great
his,parole,171,0.00342,50000,1.0965895428081944,0.0041015561962872305,1.0859563270719388,True,291.9235294117647,299.28546075119544,1.0252186980414537,0.012452333205219851,0.9452654989018621,1.0563376831421447,funzione,Alexander the Great,wikipedia,Alexander the Great
in,parole,167,0.00334,50000,1.0582702036830898,0.006122002387346897,1.0374814516463322,True,297.76506024096386,294.03182508999583,0.9874624808298632,-0.006308304831446069,1.0052686290307418,0.9688879216648195,funzione,Alexander the Great,wikipedia,Alexander the Great
alexander,parole,249,0.00498,50000,1.0596963394695067,0.014816531657022486,0.9496209355636749,True,200.9516129032258,149.86768009097077,0.7457898840709678,-0.14561323687833808,0.9423536765520281,0.9360039610109556,keyword,Alexander the Great,wikipedia,Alexander the Great
alexander's,parole,48,0.00096,50000,1.0814320042532826,0.0053420146888150475,1.0493318032071497,True,1015.5957446808511,1227.6732439434127,1.2088207836369051,0.09453948694428435,0.9367863557275218,1.1226404521630997,keyword,Alexander the Great,wikipedia,Alexander the Great
philip,parole,52,0.00104,50000,1.5632928201292535,0.021137900861512605,1.4042540257384009,True,767.8235294117648,1928.2765227620478,2.511353779740658,0.4304191131240225,0.9441699987902878,1.4403877751779681,keyword,Alexander the Great,wikipedia,Alexander the Great
bc,parole,36,0.00072,50000,0.9370499253409827,0.009376668945912542,0.9922239951213311,True,1425.4,1324.4810126767302,0.9291995318343834,-0.03669940148611576,0.9677127536369566,1.0322387970042277,keyword,Alexander the Great,wikipedia,Alexander the Great
persian,parole,33,0.00066,50000,1.269500517166729,0.009126227073525357,1.264685456890088,True,1340.0,1873.3741165728648,1.398040385502138,0.16598568894359558,0.987756734106168,1.1902306962087648,keyword,Alexander the Great,wikipedia,Alexander the Great
death,parole,24,0.00048,50000,1.184095152990212,0.00669629289611812,1.1547228361357418,True,1991.1304347826087,3194.222957214361,1.604225871602985,0.23201745984923516,1.0124472316665376,1.2085257806821046,keyword,Alexander the Great,wikipedia,Alexander the Great
army,parole,25,0.0005,50000,1.1534018016338428,0.004900764198987479,1.1305078067752545,True,1376.4583333333333,1798.7589678095737,1.3068023377457174,0.13299897122764953,0.9486168120294404,1.2007661897673445,keyword,Alexander the Great,wikipedia,Alexander the Great
was,parole,119,0.00238,50000,1.1974686626271893,0.01320411484853257,1.0925462635266312,True,421.5508474576271,556.735411039444,1.3206838852231346,0.13818507865938873,0.97236654131742,1.2200322031539999,appaiata,Alexander the Great,wikipedia,Alexander the Great
on,parole,47,0.00094,50000,1.0640359095529466,0.003464425800122843,1.0708218033498886,True,1058.4130434782608,967.3500475488455,0.9139627043614702,-0.04495244104938466,0.9374892173323449,0.9496751777470095,appaiata,Alexander the Great,wikipedia,Alexander the Great
for,parole,51,0.00102,50000,1.1137024051956086,0.005612151508530091,1.0855637490795813,True,963.42,1063.092736753843,1.103457201172742,0.049184362351209855,0.9579700428542944,1.0596703014889428,appaiata,Alexander the Great,wikipedia,Alexander the Great
after,parole,36,0.00072,50000,0.9616019399051026,0.007940356683311767,1.0176935458652072,True,1394.7142857142858,1177.9534239126617,0.8445840384501313,-0.08425528916560145,0.9388178913765679,0.9376657357747119,appaiata,Alexander the Great,wikipedia,Alexander the Great
this,parole,31,0.00062,50000,0.9670412232052633,0.006600482723540741,0.9565827555442082,True,1617.6,1372.780782157905,0.8486528079611183,-0.0818689109102118,0.9236145167759612,0.9254453356845856,appaiata,Alexander the Great,wikipedia,Alexander the Great
who,parole,25,0.0005,50000,1.0421260737700782,0.01139250080073346,1.0148277164712296,True,1594.6666666666667,1633.8437652588948,1.024567578548638,0.012134728822561643,1.101758098222908,1.0330017888614889,appaiata,Alexander the Great,wikipedia,Alexander the Great
into,parole,23,0.00046,50000,1.1336676440523823,0.022122158641464308,0.998158916891327,True,1818.1818181818182,2800.0134291576537,1.5400073860367094,0.21260071486615156,0.9595444991361717,1.1312304778793703,appaiata,Alexander the Great,wikipedia,Alexander the Great
vocali,vc,14783,0.29566,50000,1.3926994592399482,0.005592276959883506,1.3679512893293018,True,3.3821539710458666,1.9967874241954753,0.5903892730164519,-0.2575537536207406,0.9844835072533092,0.9147314186347334,vocali,Paris,wikipedia,Paris
spazio,lettere,7900,0.158,50000,1.2571942433436407,0.01568731689475869,1.1664047913638875,True,6.3291555893151035,3.1298438371014257,0.49451207083378323,-0.33822940545686375,1.0125884661743871,0.9461590552480756,spazio,Paris,wikipedia,Paris
e,lettere,4767,0.09534,50000,0.952924720963303,0.020947688008994582,1.083426060013567,True,10.480696600923206,9.42876004959732,0.8996310463530426,-0.05283602510058372,0.9806158075019611,0.9711140569212944,lettera,Paris,wikipedia,Paris
t,lettere,3401,0.06802,50000,1.1594490442590821,0.007244199026436472,1.1605153476742864,True,14.70029411764706,12.83474524130508,0.8730944523006197,-0.0677518144071748,0.9755168811714214,0.982407822188331,lettera,Paris,wikipedia,Paris
i,lettere,3256,0.06512,50000,1.1718688799834904,0.0034291909173949607,1.1648142340697716,True,15.35668202764977,13.323857047237171,0.8676260290632776,-0.07087819985198839,0.9645708272794921,1.0062037514578834,lettera,Paris,wikipedia,Paris
a,lettere,3084,0.06168,50000,1.3170305430816687,0.011701270148389228,1.2329328184816473,True,16.2163477132663,14.132182794955956,0.8714775388908733,-0.06867432733672837,0.9789423077236162,0.9495141604475613,lettera,Paris,wikipedia,Paris
n,lettere,3035,0.0607,50000,1.2191045738169939,0.009184410756936923,1.1809204071626538,True,16.47165458141068,13.786393401638025,0.836976840031411,-0.0887453540055526,0.9595898789533868,0.9866294737547453,lettera,Paris,wikipedia,Paris
r,lettere,2825,0.0565,50000,1.0262156897339378,0.002970877384773707,1.0420005151651668,True,17.701841359773372,14.387124641369748,0.8127473492144063,-0.10329771044307073,0.980537456640981,0.9621698235382466,lettera,Paris,wikipedia,Paris
s,lettere,2631,0.05262,50000,1.280797217470063,0.013097262983328055,1.1855635395054123,True,19.00722433460076,17.98948239632408,0.9464549941453587,-0.027508987372272448,0.9323316870041238,1.0222061033266991,lettera,Paris,wikipedia,Paris
o,lettere,2624,0.05248,50000,1.1924078733735382,0.011764163344506775,1.106776352024906,True,19.0442241707968,17.280153009246035,0.9073697544342151,-0.04856438839424812,1.0301122727266063,0.892366608422563,lettera,Paris,wikipedia,Paris
h,lettere,1650,0.033,50000,1.2956677098170533,0.006788513041283469,1.247340441192122,True,30.288053365676166,26.105556994205905,0.8619093699758843,-0.07416613947536249,1.0049710618523582,1.0114950142613435,lettera,Paris,wikipedia,Paris
l,lettere,1488,0.02976,50000,1.201672639728348,0.009808133828891803,1.237912058818795,True,33.59919300605245,37.86503906951557,1.1269627536201443,0.05969204369190319,1.006606730353993,1.1025578938507943,lettera,Paris,wikipedia,Paris
d,lettere,1406,0.02812,50000,1.066224453417268,0.009275812266933603,1.1095337818188624,True,35.569395017793596,32.06075611414902,0.9013579257704727,-0.051879802793866545,0.9922855322418555,1.0057822841307715,lettera,Paris,wikipedia,Paris
c,lettere,1378,0.02756,50000,1.2359208753701774,0.01198987195308601,1.1742851475522078,True,36.19317356572259,35.10392187880017,0.9699044991193032,-0.015277644623966177,0.9716741018049285,0.9828758868604802,lettera,Paris,wikipedia,Paris
u,lettere,1052,0.02104,50000,1.094640262260894,0.0079864047309346,1.0817264027193974,True,47.46336822074215,48.51477280833421,1.0221519168783428,0.010954625462828453,0.978679884511043,0.9813460336041478,lettera,Paris,wikipedia,Paris
p,lettere,1034,0.02068,50000,1.0584014551548684,0.016972658471082466,1.1374526421511042,True,48.24298160696999,47.84177340540664,0.9916835944172783,-0.004175565640060904,1.0339272129462032,0.9498593748632299,lettera,Paris,wikipedia,Paris
m,lettere,1020,0.0204,50000,1.1163645635575068,0.006337019914095785,1.1229226962748546,True,48.986261040235526,48.76453798294557,0.9954737705515463,-0.002268248029741181,0.9543203222739999,0.9895156830758536,lettera,Paris,wikipedia,Paris
f,lettere,868,0.01736,50000,1.2318014230161176,0.00803765821136253,1.1698231300650677,True,57.53287197231834,57.92441332914094,1.0068055242750786,0.00339122261362966,0.9874425818192778,0.9694617428344877,lettera,Paris,wikipedia,Paris
g,lettere,629,0.01258,50000,1.0556569120876018,0.015355851190501046,1.132117441725509,True,79.2531847133758,83.45775792736393,1.0530524196496864,0.02584075259936071,0.9830083424379262,0.9791979551188764,lettera,Paris,wikipedia,Paris
y,lettere,551,0.01102,50000,1.1448208785757368,0.003959725268729996,1.1307079092974375,True,90.78909090909092,96.4212593854028,1.0620357404167808,0.030084706681292636,1.0414331177811542,1.1110846690315082,lettera,Paris,wikipedia,Paris
b,lettere,531,0.01062,50000,1.1707077682738822,0.018662311047884465,1.0202442977182058,True,92.85094339622641,100.5773430585958,1.083212936560033,0.039944517960531035,0.9310773979225223,0.9789544250345665,lettera,Paris,wikipedia,Paris
the,parole,766,0.01532,50000,1.3444316691987057,0.015611074402190377,1.2244761944602445,True,65.2875816993464,56.8127807594897,0.8701927576536114,-0.06940848306419918,0.9964202808268494,0.9494549844746939,funzione,Paris,wikipedia,Paris
of,parole,360,0.0072,50000,1.1275148022284893,0.0041455435897379276,1.1012540212518576,True,138.3676880222841,127.6216854436495,0.9223373409483869,-0.04040011989430436,0.9842710957502144,0.9756529425038009,funzione,Paris,wikipedia,Paris
in,parole,314,0.00628,50000,1.459378344030379,0.009097210344693853,1.3861917766976628,True,158.9744408945687,183.55958471164104,1.1546484056099127,0.0717743113945018,0.9607443638644663,1.1903436567584884,funzione,Paris,wikipedia,Paris
and,parole,263,0.00526,50000,1.2956590193944935,0.011524505630054029,1.211808137995594,True,190.74427480916032,184.72499873776556,0.9684432149933881,-0.0160313412986708,0.9655054083375582,1.054003382703182,funzione,Paris,wikipedia,Paris
to,parole,111,0.00222,50000,1.2465298475490345,0.015870904946965837,1.1286073682460487,True,438.2818181818182,549.0145154715846,1.2526518160144842,0.11215750886059689,1.0133674869692753,1.149254598120456,funzione,Paris,wikipedia,Paris
was,parole,76,0.00152,50000,1.138153842158057,0.011986317835848073,1.1819680127897494,True,647.16,796.4566637911302,1.2306951353469469,0.10341849573768233,1.0349165228885273,1.1435561369026221,funzione,Paris,wikipedia,Paris
paris,parole,233,0.00466,50000,1.055671456329508,0.010514906316249005,1.04563479347302,True,214.76293103448276,180.19349822277567,0.8390344523368581,-0.0875272061698481,1.0267819078992606,1.020716606363705,keyword,Paris,wikipedia,Paris
city,parole,82,0.00164,50000,1.0095606125750018,0.015463045298309337,0.8908402132862215,True,601.679012345679,622.7837270505808,1.0350763684154842,0.01723589785615508,1.0036145829373975,0.9851083436641132,keyword,Paris,wikipedia,Paris
percent,parole,46,0.00092,50000,1.4757602471041307,0.003455914482606125,1.460375647754595,True,522.2,1159.11027007003,2.219667311509058,0.37881780740178395,1.030828219967496,1.4559551076504829,keyword,Paris,wikipedia,Paris
french,parole,34,0.00068,50000,1.2272188144434797,0.008105030720411728,1.1924561949024715,True,1451.939393939394,2402.3614676422285,1.6545879791333125,0.24658741178622634,0.8994325844835666,1.248136115426821,keyword,Paris,wikipedia,Paris
million,parole,30,0.0006,50000,1.1347051513821478,0.0373978270711561,1.3297613282805592,True,1720.2413793103449,3721.3983993652214,2.1633001299254597,0.36774889581940234,0.9924481615399422,1.3309272400963585,keyword,Paris,wikipedia,Paris
population,parole,28,0.00056,50000,1.1615705082423609,0.02784507014522644,0.978607688903851,True,1651.5925925925926,2129.8168079268307,1.2895533786474207,0.1264671884690793,0.9229362551385711,1.129479391158235,keyword,Paris,wikipedia,Paris
region,parole,32,0.00064,50000,1.3659099771239647,0.019377624647222445,1.2061340001081118,True,1571.8387096774193,3491.0744391641015,2.221013147004477,0.37907735587481595,0.9908769770638978,1.2676369896012287,keyword,Paris,wikipedia,Paris
is,parole,66,0.00132,50000,1.3012115586329651,0.015381627354987442,1.2108290644745148,True,736.8307692307692,1954.8801639201472,2.653092467841683,0.45251864889649557,1.0479177791886034,1.2472713467438759,appaiata,Paris,wikipedia,Paris
as,parole,63,0.00126,50000,1.2835267067878051,0.019216706571754463,1.1573191856430762,True,799.9677419354839,953.5691876647808,1.1920095494821648,0.08759521578157568,0.882999654162624,1.0429694988542983,appaiata,Paris,wikipedia,Paris
de,parole,66,0.00132,50000,0.9490353086466997,0.00672310506882788,0.9481266364401885,True,730.9076923076923,783.6939518052654,1.0722201449692113,0.034851579425353114,0.9402358480429517,0.9266327627383054,appaiata,Paris,wikipedia,Paris
th,parole,37,0.00074,50000,1.3041596880757862,0.00931021072026343,1.2402562607333643,True,1343.3333333333333,2880.2697591917117,2.1441214088275773,0.3638922484403084,0.9805927390979514,1.165599881694532,appaiata,Paris,wikipedia,Paris
at,parole,28,0.00056,50000,1.047949870520522,0.00840508569281327,1.0676178474319271,True,1344.2222222222222,1235.2671879561221,0.9189456680116631,-0.04223899266117435,0.983622796978211,1.0678142441916727,appaiata,Paris,wikipedia,Paris
which,parole,28,0.00056,50000,1.0298455583989388,0.010843812839532516,0.9785118419372759,True,1620.0,1610.5621808739763,0.9941741857246768,-0.002921416953958899,1.1083132322697038,1.0238580023580968,appaiata,Paris,wikipedia,Paris
an,parole,25,0.0005,50000,1.1288595484022756,0.022694061299460413,0.9604626334744605,True,2041.2083333333333,2456.147247730932,1.203281021158676,0.09226286579265913,1.00081252938934,1.0763184782877162,appaiata,Paris,wikipedia,Paris
vocali,vc,14963,0.29926,50000,1.2759385372482073,0.002965477136045187,1.2895765956823908,True,3.3413982087956158,1.9569618671075362,0.585671549699223,-0.2612952539757484,0.9007968374519298,1.0058937956499028,vocali,Beijing,wikipedia,Beijing
spazio,lettere,7831,0.15662,50000,1.38893906903805,0.011643984295029264,1.3024029961647292,True,6.384291187739463,3.058017523386953,0.4789909221652732,-0.352273343958027,1.000635461913501,0.9412247707873597,spazio,Beijing,wikipedia,Beijing
e,lettere,4522,0.09044,50000,1.1771259142963215,0.003717868567364482,1.1908731079813415,True,11.056624640566246,9.617617316789836,0.8698511190750965,-0.06960387359036391,0.9114271654806764,1.07803213444292,lettera,Beijing,wikipedia,Beijing
i,lettere,3557,0.07114,50000,1.3760238700100262,0.011439754652881535,1.2931554520457267,True,14.053149606299213,12.740899012944954,0.9066223138501242,-0.048975450183059197,1.0197856722753935,0.9392943607760342,lettera,Beijing,wikipedia,Beijing
n,lettere,3471,0.06942,50000,1.1542006985577449,0.004389135317516496,1.1267514559158227,True,14.402017291066283,12.046084587946424,0.8364164786428032,-0.08907757214098436,0.9785420467539431,0.9527742758740575,lettera,Beijing,wikipedia,Beijing
t,lettere,3410,0.0682,50000,1.1816537036325465,0.01000966825956754,1.1091377765211754,True,14.653564095042535,12.503589381323213,0.8532797413806869,-0.07916789642885054,0.9804161885760477,0.9409959047477607,lettera,Beijing,wikipedia,Beijing
a,lettere,3075,0.0615,50000,1.109205411714106,0.013530681040456191,1.112098005652515,True,16.255042290175666,14.493892099170456,0.8916551455501518,-0.05727516175700102,1.01467853154011,0.9668335072816928,lettera,Beijing,wikipedia,Beijing
o,lettere,2660,0.0532,50000,1.1944150064526957,0.00658187992807698,1.2204828370422194,True,18.79691613388492,16.735519944342514,0.8903332772855033,-0.0580144909007669,0.9963409256402573,0.913078368438473,lettera,Beijing,wikipedia,Beijing
r,lettere,2393,0.04786,50000,1.2267692062032016,0.021473537252058292,1.0918339840689932,True,20.895484949832777,18.227589853987197,0.8723219345111715,-0.0681923675279502,1.0785408746555873,0.9568882146020741,lettera,Beijing,wikipedia,Beijing
s,lettere,2333,0.04666,50000,1.3848725407069191,0.010314945632176794,1.3019315355957652,True,21.42281303602058,19.583841761756034,0.914158272717384,-0.0448456789107376,1.0237905106103617,1.0215425099833628,lettera,Beijing,wikipedia,Beijing
h,lettere,1796,0.03592,50000,1.3383931691036675,0.017000081954817097,1.2090586201140028,True,27.829526462395542,24.889139204340733,0.8943428928972978,-0.05577506981384196,1.0618976194122063,0.9478421872545754,lettera,Beijing,wikipedia,Beijing
c,lettere,1530,0.0306,50000,1.2260364359783162,0.004562963422617912,1.2243483156123125,True,32.65990843688685,30.918034186372942,0.946666284938307,-0.02739746173976775,0.9026094179837245,0.9479993486674646,lettera,Beijing,wikipedia,Beijing
l,lettere,1483,0.02966,50000,1.0306108935684648,0.00942424693707855,1.076853050589789,True,33.67948717948718,33.00335297362771,0.9799244506825129,-0.010139553208995787,0.9865554645442226,0.892625087474061,lettera,Beijing,wikipedia,Beijing
d,lettere,1418,0.02836,50000,1.1406814977678457,0.0038902272016259694,1.1443694697468212,True,35.25264643613267,32.77650254451734,0.9297600565647924,-0.0363982782192327,1.069680719759267,1.0029416075872424,lettera,Beijing,wikipedia,Beijing
u,lettere,1149,0.02298,50000,1.1570930898378764,0.01723637167404196,1.1567611048240976,True,43.461672473867594,41.087476731877146,0.945372655794183,-0.028080657987616178,1.0524476402437342,0.9656684067822616,lettera,Beijing,wikipedia,Beijing
g,lettere,1055,0.0211,50000,1.1025934515629816,0.00952966220157193,1.124309048724284,True,47.40986717267552,44.55442521938773,0.9397711463124809,-0.031049463645242154,1.0761697825977692,0.9491110384611711,lettera,Beijing,wikipedia,Beijing
m,lettere,920,0.0184,50000,1.16388678660218,0.00801916362077199,1.1152897561330581,True,54.36887921653972,54.85689393847321,1.008975993784787,0.004467944770149684,1.0033769089819924,0.9772428859800337,lettera,Beijing,wikipedia,Beijing
p,lettere,810,0.0162,50000,1.1853297862269794,0.005751072492206856,1.2253883079475112,True,61.78121137206428,68.68406175831385,1.1117305768687282,0.0529094848048287,0.9918735035400483,1.0188588959704632,lettera,Beijing,wikipedia,Beijing
f,lettere,800,0.016,50000,1.1009546492404105,0.01079950228283224,1.1086654925839265,True,62.495619524405505,58.26533524802145,0.932310707397147,-0.035030232117293135,1.0447420114612476,0.9584460430776387,lettera,Beijing,wikipedia,Beijing
y,lettere,673,0.01346,50000,1.258559570596826,0.005649940942234691,1.2155210985204303,True,74.32886904761905,71.85467532825044,0.9667128835529097,-0.01692525468534904,0.9125909081524903,0.9755367574161061,lettera,Beijing,wikipedia,Beijing
b,lettere,669,0.01338,50000,1.082057867799183,0.019126363790436647,1.127900259160716,True,74.82485029940119,70.33275490851354,0.9399651937436138,-0.030946331640381203,1.0421280395233998,1.030819083142484,lettera,Beijing,wikipedia,Beijing
the,parole,765,0.0153,50000,1.4430838147848262,0.00921989637380186,1.3733881790285225,True,65.18324607329843,63.20061409474179,0.969583718240617,-0.01544300020237436,0.9940147218615154,1.047482211036093,funzione,Beijing,wikipedia,Beijing
of,parole,347,0.00694,50000,1.1946345474894993,0.008943777353740318,1.145634668654763,True,144.31791907514452,138.3729158899569,0.9588062021453334,-0.021030052799276458,0.9701224469008997,0.9789690234905871,funzione,Beijing,wikipedia,Beijing
in,parole,274,0.00548,50000,1.0895547747001133,0.010742684339185307,1.1746696514732393,True,182.0,178.99326310030253,0.9834794675840798,-0.008329066514634777,0.9074851703328646,1.0254870966159197,funzione,Beijing,wikipedia,Beijing
and,parole,271,0.00542,50000,1.028018846565706,0.005960842458987744,1.0284270212788889,True,184.11851851851853,157.39487206527377,0.8548562813329562,-0.07825065485005617,0.9152423854043502,0.9682973376634546,funzione,Beijing,wikipedia,Beijing
to,parole,172,0.00344,50000,1.2728338172572362,0.011507910028401945,1.1997762585828298,True,282.63157894736844,317.7016524006139,1.1240840587731218,0.05841767808605143,0.8839887623002428,1.0940495612683325,funzione,Beijing,wikipedia,Beijing
is,parole,86,0.00172,50000,1.3425560606060951,0.011029096999850467,1.255084117974534,True,584.6941176470589,857.6721960039973,1.4668733105362235,0.1892571088033456,1.012470961885248,1.2593287314680388,funzione,Beijing,wikipedia,Beijing
beijing,parole,181,0.00362,50000,1.1174610530617997,0.019469775282229214,0.96622681667301,True,277.4611111111111,251.8913786449033,0.9078439051735497,-0.048303791823087916,1.0945936545708574,1.027257197561758,keyword,Beijing,wikipedia,Beijing
city,parole,111,0.00222,50000,1.1198400487612323,0.006827962891969433,1.0737647165134552,True,453.7090909090909,481.05498256111264,1.0602718618602707,0.029254324623862883,0.9681092318776626,1.0651367846476585,keyword,Beijing,wikipedia,Beijing
china,parole,53,0.00106,50000,1.087604102233246,0.007689833029585366,1.0835215372415,True,951.1923076923077,977.55503407509,1.027715453720122,0.013668315083003528,0.9847786887833023,1.0520993951398296,keyword,Beijing,wikipedia,Beijing
chinese,parole,42,0.00084,50000,1.4199937571553956,0.004310522301244199,1.3894890592770754,True,1157.3658536585365,1947.467287993531,1.6826721488606335,0.2544746845605317,0.9695798508655452,1.267442971819383,keyword,Beijing,wikipedia,Beijing
capital,parole,39,0.00078,50000,1.4040865046267146,0.011903978071717248,1.3080825177628945,True,1165.657894736842,2905.364332889746,2.492467426341807,0.42733896817044775,0.9086979819761521,1.344783120939273,keyword,Beijing,wikipedia,Beijing
world,parole,44,0.00088,50000,1.4417462415577476,0.01496698277749025,1.3194553014666082,True,1110.5116279069769,2046.7605691048782,1.8430789175638664,0.2965372900328321,1.1111619554686805,1.3509060879085204,keyword,Beijing,wikipedia,Beijing
beijing's,parole,26,0.00052,50000,0.9426035082414135,0.011865153401145264,0.9917092588128286,True,1933.0,1579.5356385132097,0.8171420788997463,-0.10062940219345505,0.914626688694745,0.9177749140304755,keyword,Beijing,wikipedia,Beijing
as,parole,74,0.00148,50000,0.9716940965152722,0.01377747719117111,1.058626692766113,True,683.986301369863,789.7385026624439,1.1546115778646213,0.0717584456767158,1.0182756546459688,0.9495007810328914,appaiata,Beijing,wikipedia,Beijing
was,parole,71,0.00142,50000,1.3918741994384336,0.019125418339873086,1.2536980791593153,True,696.8,1289.4016430505465,1.8504616002447567,0.29835925527701596,0.9861701234942138,1.2874391248576333,appaiata,Beijing,wikipedia,Beijing
from,parole,46,0.00092,50000,1.0431731773899477,0.012133928019398294,1.1289051568396642,True,995.5777777777778,1165.8382760308507,1.1710167724244611,0.07877266292764741,1.0760940242935086,1.0533403305645244,appaiata,Beijing,wikipedia,Beijing
are,parole,39,0.00078,50000,1.3281275991143666,0.00491301991955685,1.296847760423992,True,1203.4736842105262,1765.3266405788509,1.4668593619784032,0.1892525245557515,1.0672751650803727,1.1642273673766625,appaiata,Beijing,wikipedia,Beijing
with,parole,38,0.00076,50000,1.0333188139655456,0.0030178881426527284,1.0296087349264105,True,1293.5405405405406,1288.002234181003,0.9957184903093772,-0.0021453475083848318,0.9184425071101007,1.0532705426519096,appaiata,Beijing,wikipedia,Beijing
has,parole,32,0.00064,50000,1.1097692439891387,0.015620387995111517,1.0195961335675763,True,1521.6129032258063,2334.2171518151335,1.5340413760074019,0.21074690455482203,0.9810041228080392,1.074372777792744,appaiata,Beijing,wikipedia,Beijing
also,parole,27,0.00054,50000,0.8741205307489618,0.013800871566273463,0.9353954256420803,True,1874.7307692307693,1288.182364657809,0.6871292591983061,-0.18544562551796684,0.9867527867468211,0.9115637289012698,appaiata,Beijing,wikipedia,Beijing
vocali,vc,15391,0.30782,50000,1.2098882035327778,0.011050003849487688,1.2327914095026342,True,3.2486029889538663,1.616023092794678,0.49745170409852973,-0.33560233997930894,0.9996014862632857,0.9478104936819362,vocali,Isaac Newton,wikipedia,Isaac Newton
spazio,lettere,7820,0.1564,50000,1.3315222633738075,0.005348173850703136,1.3557552328799403,True,6.394168052180586,3.151158469689742,0.4928175868970336,-0.33974841772677283,1.0064387045724759,0.9705003419605109,spazio,Isaac Newton,wikipedia,Isaac Newton
e,lettere,4967,0.09934,50000,1.162261852458312,0.012863592619453303,1.1131883961181654,True,10.064840918244059,8.258915914906236,0.8205709342048012,-0.09855648160919961,1.0455515831805104,0.9731424295225649,lettera,Isaac Newton,wikipedia,Isaac Newton
t,lettere,3838,0.07676,50000,1.0958232123579532,0.012457722808738787,1.0317832994765785,True,13.017982799061768,10.863161567692607,0.8344734921969276,-0.09023107093514951,1.0502774892648168,1.0273680353115662,lettera,Isaac Newton,wikipedia,Isaac Newton
i,lettere,3249,0.06498,50000,1.2797723189475358,0.008431297695890391,1.234867969744844,True,15.392857142857142,13.624023536924861,0.8850873759487149,-0.06095877863138974,0.9789831471775261,0.8924991652532673,lettera,Isaac Newton,wikipedia,Isaac Newton
o,lettere,3132,0.06264,50000,1.2115680900653323,0.005931762498466785,1.1962884256601085,True,15.952091983391888,13.784869394247321,0.8641417946059416,-0.0728797593547744,0.9725414190906655,0.9376872921011103,lettera,Isaac Newton,wikipedia,Isaac Newton
n,lettere,3053,0.06106,50000,1.0504898961152769,0.012180626161212802,0.9619541356897543,True,16.378768020969854,14.388897174681563,0.8785091257327385,-0.06467409319604568,1.041383979436281,1.0039430814046746,lettera,Isaac Newton,wikipedia,Isaac Newton
a,lettere,2987,0.05974,50000,1.1072087245589792,0.021529504599174378,0.9742281306983074,True,16.73476222371065,14.644096365162097,0.8750704772138087,-0.06662657446979042,0.9497161524001975,0.9697108026819197,lettera,Isaac Newton,wikipedia,Isaac Newton
s,lettere,2589,0.05178,50000,1.0523057544381103,0.01422096449727246,0.95687678445368,True,19.317619783616692,17.050720359018513,0.8826512039272695,-0.062331671330269366,1.057114166934517,0.8892504263700691,lettera,Isaac Newton,wikipedia,Isaac Newton
r,lettere,2467,0.04934,50000,1.086774632639108,0.010508073071524633,1.1514336348960859,True,20.261962692619626,17.312833028269328,0.8544499509208695,-0.07848691144608907,1.0018762364083338,1.0325281771564838,lettera,Isaac Newton,wikipedia,Isaac Newton
h,lettere,2051,0.04102,50000,1.086270276949337,0.005081962570819508,1.1112914463675856,True,24.337073170731706,21.533839378504272,0.8848163140833769,-0.06111135873345787,0.9800278308320506,1.0253685303127436,lettera,Isaac Newton,wikipedia,Isaac Newton
l,lettere,1627,0.03254,50000,1.0593242905011326,0.008625833206365681,0.9998832740496847,True,30.633456334563345,29.88741479388581,0.9756461845986414,-0.012327012595277095,0.9085584047793974,0.9970847569769615,lettera,Isaac Newton,wikipedia,Isaac Newton
d,lettere,1557,0.03114,50000,1.104902821034117,0.013658088237216504,1.0039376381336431,True,32.08611825192802,29.01939101293427,0.904421992871965,-0.0501874098733225,0.9437764031535761,0.9819369000654041,lettera,Isaac Newton,wikipedia,Isaac Newton
c,lettere,1488,0.02976,50000,1.1334017898978672,0.003665529844099436,1.1247007557783675,True,33.61398789509079,32.79909919252414,0.9757574523704264,-0.012270001867126172,1.012073791741516,1.0108135282049935,lettera,Isaac Newton,wikipedia,Isaac Newton
u,lettere,1056,0.02112,50000,0.9933496629321599,0.015506930385704866,1.0867372065005143,True,47.245497630331755,42.952352314720535,0.9091311229441892,-0.04759698061790347,0.935973615055325,0.9929640784140238,lettera,Isaac Newton,wikipedia,Isaac Newton
m,lettere,1005,0.0201,50000,1.2852248150106933,0.014493685527256637,1.164279495058233,True,49.71912350597609,52.06381536362881,1.047158752856351,0.023036197261473525,1.0240374136275852,1.0189123617911335,lettera,Isaac Newton,wikipedia,Isaac Newton
f,lettere,920,0.0184,50000,1.2231880079165518,0.004497336657200434,1.1903308537184516,True,54.1164309031556,49.83013129255523,0.9207948576972685,-0.04123560722027649,0.9397739505724224,0.9407128624943816,lettera,Isaac Newton,wikipedia,Isaac Newton
p,lettere,853,0.01706,50000,1.29254579535757,0.005271254831173439,1.2574701514364437,True,58.431924882629104,62.27780764510045,1.0658181767962716,0.031860585571158215,0.9498122147754601,1.0209288291625953,lettera,Isaac Newton,wikipedia,Isaac Newton
w,lettere,775,0.0155,50000,1.1242620482762598,0.0035770395775584795,1.096691691742012,True,64.44832041343669,60.98027837214921,0.9461887909717437,-0.02764953188399985,1.0078860926448343,0.9830701686875983,lettera,Isaac Newton,wikipedia,Isaac Newton
g,lettere,667,0.01334,50000,1.2040765078517282,0.006243255172396563,1.1503399723311152,True,74.35885885885885,73.91935488534625,0.9940894201409569,-0.002964049555323004,0.9596504786536325,0.9416970748042139,lettera,Isaac Newton,wikipedia,Isaac Newton
b,lettere,626,0.01252,50000,1.111998746814323,0.0069708204164354295,1.0725500189781287,True,79.6816,80.12647892950885,1.0055832077858482,0.0027838325351816637,1.032996888092601,0.9632961610035345,lettera,Isaac Newton,wikipedia,Isaac Newton
the,parole,534,0.01068,50000,1.2618453659141102,0.006639814226699751,1.2180834202580009,True,93.28142589118198,88.3649279987182,0.9472939243210202,-0.027066317529521003,0.955422575953175,0.9289981769560033,funzione,Isaac Newton,wikipedia,Isaac Newton
of,parole,379,0.00758,50000,1.2201659809299497,0.005651583998728481,1.2118026835091977,True,131.15079365079364,114.15116791912153,0.8703810685512444,-0.06930081448544362,0.9927030246138738,1.0035199439238875,funzione,Isaac Newton,wikipedia,Isaac Newton
and,parole,225,0.0045,50000,0.9259192288758544,0.006615712160831961,0.8916267520998983,True,222.03571428571428,180.54530895107985,0.8131363439971426,-0.10306100620701684,0.9873625999489354,0.9568794291892028,funzione,Isaac Newton,wikipedia,Isaac Newton
in,parole,215,0.0043,50000,1.1119540705897266,0.0068945274671030465,1.0692925005112974,True,232.50467289719626,222.28737791835457,0.9560555284694887,-0.02246586095891439,0.9607420654895925,0.9427850468715318,funzione,Isaac Newton,wikipedia,Isaac Newton
to,parole,193,0.00386,50000,1.018891230122344,0.008789570161322195,1.0812097903729265,True,255.203125,246.80317399043702,0.9670852345183352,-0.016732760179415593,0.9329742929257584,0.9863651729122133,funzione,Isaac Newton,wikipedia,Isaac Newton
his,parole,137,0.00274,50000,1.1412923643253188,0.005302543123381811,1.1751817911005693,True,358.8382352941176,396.78889285134494,1.1057597932007481,0.05022405382714316,1.0342842043809402,1.009898392922077,funzione,Isaac Newton,wikipedia,Isaac Newton
newton,parole,180,0.0036,50000,0.9297710002295655,0.0168212447432862,0.808649668279388,True,278.6480446927374,192.7931130002122,0.6918875501631578,-0.18211165973006258,0.9603790652368668,0.8994535065043271,keyword,Isaac Newton,wikipedia,Isaac Newton
first,parole,45,0.0009,50000,1.1938422708546135,0.004234119666552708,1.2098111673317782,True,1082.6136363636363,1401.0465061402724,1.2941334369722262,0.1282111285385476,0.9876681052319944,1.0373629773563178,keyword,Isaac Newton,wikipedia,Isaac Newton
newton's,parole,45,0.0009,50000,1.030459960582728,0.005350141069780147,1.0514583469137355,True,1079.7272727272727,1065.8968570816667,0.987190824947237,-0.006445870669266584,0.8875184094696243,0.9819781759033009,keyword,Isaac Newton,wikipedia,Isaac Newton
work,parole,35,0.0007,50000,1.0299611387936682,0.006635966998891753,1.0478276173735552,True,1420.9411764705883,1446.893222195383,1.0182639831644937,0.009049352967126289,0.9926345565635577,1.0075268951306258,keyword,Isaac Newton,wikipedia,Isaac Newton
calculus,parole,28,0.00056,50000,1.412154979190823,0.026324660257707196,1.236825782100996,True,1316.5555555555557,3201.243212029368,2.431529150836721,0.41716945650532117,0.9712775318766554,1.364967451954131,keyword,Isaac Newton,wikipedia,Isaac Newton
light,parole,24,0.00048,50000,1.4055600397363566,0.006857268530551724,1.3978626886594305,True,1866.304347826087,4657.303037701137,2.49546813901284,0.4278305736281656,0.9988734298070412,1.3603322211083917,keyword,Isaac Newton,wikipedia,Isaac Newton
theory,parole,24,0.00048,50000,1.1686476796216376,0.007720903933277867,1.2334677127902167,True,1939.2173913043478,2285.2421585731695,1.178435264050556,0.08190983087501792,1.045943793152125,1.1184997791853073,keyword,Isaac Newton,wikipedia,Isaac Newton
he,parole,134,0.00268,50000,1.143969678755136,0.013184697949801004,1.0512833615901367,True,371.36842105263156,343.8105863673276,0.9257938124970556,-0.03853277906564977,1.030090457390937,0.9939585924057416,appaiata,Isaac Newton,wikipedia,Isaac Newton
it,parole,45,0.0009,50000,1.130352222157814,0.014157872241743927,1.0508691671091743,True,1007.9772727272727,1282.8849118864393,1.2727319817592238,0.12000182333339351,0.980599877523867,1.1104950359388253,appaiata,Isaac Newton,wikipedia,Isaac Newton
on,parole,46,0.00092,50000,0.9859120242912299,0.006202694811305607,0.9902670642565962,True,1065.7555555555555,1076.0890921961036,1.0096959725770902,0.00482459670984796,1.0130315344793672,0.9992557512036724,appaiata,Isaac Newton,wikipedia,Isaac Newton
this,parole,35,0.0007,50000,1.0184277274131899,0.021292278287810346,1.137097063809309,True,1428.764705882353,1230.7455010738602,0.8614053076806629,-0.07445702005224641,0.935686403295648,0.9879934800890428,appaiata,Isaac Newton,wikipedia,Isaac Newton
also,parole,27,0.00054,50000,1.0969587276116222,0.017328555067032864,0.9669178463498562,True,1893.8076923076924,2068.6254377094133,1.092310188680614,0.04411878753925274,0.978159570783426,1.0787253904654188,appaiata,Isaac Newton,wikipedia,Isaac Newton
more,parole,24,0.00048,50000,1.1643059475766677,0.004703611784260905,1.1706125063163786,True,1793.5652173913043,2144.815966381328,1.1958394072231782,0.08918658012009788,0.999071025393279,1.1016967694732607,appaiata,Isaac Newton,wikipedia,Isaac Newton
later,parole,22,0.00044,50000,0.953514803238652,0.0043971316428340415,0.9629739634840929,True,1901.5714285714287,1442.0263718610895,0.7583340547688097,-0.13744029160770885,1.070971723474926,0.964711612628708,appaiata,Isaac Newton,wikipedia,Isaac Newton
vocali,vc,15487,0.30974,50000,1.065198386602156,0.006375405828665538,1.0157421084136597,True,3.228593568384347,1.586282388421607,0.49132303426331064,-0.3410910674949559,0.8480686964142486,1.0634058899082628,vocali,Albert Einstein,wikipedia,Albert Einstein
spazio,lettere,8060,0.1612,50000,1.1996094211375161,0.010201407955961842,1.1338905593480717,True,6.202878769078049,3.115691262665296,0.502297623193495,-0.33129412516044515,1.0199745036563594,0.9844488925643562,spazio,Albert Einstein,wikipedia,Albert Einstein
e,lettere,5078,0.10156,50000,0.9864698072851094,0.026596638430842263,1.084402806996669,True,9.847350797715187,8.264451688743133,0.8392563501099887,-0.08739600104161596,0.9335311292737375,0.9847012621211398,lettera,Albert Einstein,wikipedia,Albert Einstein
i,lettere,3611,0.07222,50000,0.8980852913202826,0.008288560991677713,0.8705743496134303,True,13.845983379501385,11.87370464281729,0.8575558930971994,-0.07668361820612363,0.9644842320978414,0.922398667713871,lettera,Albert Einstein,wikipedia,Albert Einstein
t,lettere,3577,0.07154,50000,1.1065069271326582,0.010415024504701926,1.0317346090001722,True,13.980425055928412,12.073673953207775,0.8636127946687803,-0.07318430401496562,0.9725529331838884,0.9281631570036676,lettera,Albert Einstein,wikipedia,Albert Einstein
a,lettere,3167,0.06334,50000,1.0825717063174263,0.011098662720199774,1.0004322484530759,True,15.789639924194567,13.511423990791275,0.8557145099989033,-0.0777519867542459,1.0149523779559166,0.9169713979722381,lettera,Albert Einstein,wikipedia,Albert Einstein
n,lettere,3130,0.0626,50000,1.0370631642773325,0.011417664702917225,0.9943611901627567,True,15.974432726110578,13.703542238804292,0.8578421828028696,-0.07651770344812674,0.9904411240830786,0.9514273288682027,lettera,Albert Einstein,wikipedia,Albert Einstein
o,lettere,2650,0.053,50000,1.0764812740368308,0.007246088795261695,1.0951022067278495,True,18.83691959229898,16.504136958080235,0.8761590172539439,-0.06600772195062499,0.9923176337240159,0.95885177496969,lettera,Albert Einstein,wikipedia,Albert Einstein
s,lettere,2556,0.05112,50000,1.061917305572804,0.008776473570145792,1.0126775576840081,True,19.548727984344424,18.325652920408036,0.937434544850392,-0.0322929387812889,0.9695070409437663,0.9626401651497026,lettera,Albert Einstein,wikipedia,Albert Einstein
r,lettere,2377,0.04754,50000,1.0053994693892203,0.014466172740614167,1.0542883531857676,True,21.032828282828284,17.78147397115666,0.8454152590440674,-0.0837669138142968,1.038360247683017,0.990447037023351,lettera,Albert Einstein,wikipedia,Albert Einstein
h,lettere,2196,0.04392,50000,1.1578493540801635,0.011708714111624541,1.0700518289077658,True,22.760364464692483,19.98921714462299,0.8782467950208664,-0.06482279394906726,0.9823255781882757,0.9341472106626751,lettera,Albert Einstein,wikipedia,Albert Einstein
l,lettere,1601,0.03202,50000,0.9075774541301398,0.004411883719008792,0.8985432908182286,True,31.2425,29.602599377946643,0.9475105826341248,-0.026952057582598683,0.9607105720513464,1.0179839691812202,lettera,Albert Einstein,wikipedia,Albert Einstein
d,lettere,1534,0.03068,50000,1.217206655883103,0.014657307247599905,1.1046376481585063,True,32.51598173515982,30.205765820515854,0.9289513712530504,-0.0368327733947986,1.0153306839701612,1.0033983065696706,lettera,Albert Einstein,wikipedia,Albert Einstein
c,lettere,1301,0.02602,50000,1.2331338297610692,0.009795165344043294,1.1574431718378368,True,38.41153846153846,39.36605833487193,1.0248498214745871,0.012272426928180948,0.958606877946982,1.0151608280065083,lettera,Albert Einstein,wikipedia,Albert Einstein
m,lettere,1073,0.02146,50000,1.1027437743087003,0.005726214112662659,1.0791272573867408,True,46.59235074626866,48.7827828653308,1.0470126980926706,0.022966490699581527,1.0197778341648984,1.0369855245613684,lettera,Albert Einstein,wikipedia,Albert Einstein
u,lettere,981,0.01962,50000,1.106510283237209,0.005072038102056664,1.1477402410129853,True,50.820408163265306,50.35518777128979,0.9908457958369609,-0.004598148275562806,1.0283783998352638,0.9752960840995227,lettera,Albert Einstein,wikipedia,Albert Einstein
f,lettere,847,0.01694,50000,1.1039654329209356,0.006305346393711562,1.0856100428717548,True,58.90543735224586,55.962671783270906,0.9500425478317451,-0.02561864725659582,1.0001595872416107,0.9908500561101068,lettera,Albert Einstein,wikipedia,Albert Einstein
p,lettere,836,0.01672,50000,1.2664475680026177,0.01939726266352895,1.1250665112525868,True,59.82155688622755,60.410014058369754,1.0098368749121889,0.00489436482879665,0.9941802758367199,1.0311335932780121,lettera,Albert Einstein,wikipedia,Albert Einstein
w,lettere,738,0.01476,50000,1.0726627067219432,0.01311862417253573,0.995192332196516,True,67.75305291723203,65.91643935892945,0.9728925342958906,-0.013739960607526856,0.9528147053945171,0.9932212072471135,lettera,Albert Einstein,wikipedia,Albert Einstein
g,lettere,685,0.0137,50000,1.0770944514018048,0.0036611630421592906,1.083950392949461,True,73.01169590643275,76.20168494419869,1.043691479812413,0.02137870624993912,0.9911149957942998,1.0509190406799023,lettera,Albert Einstein,wikipedia,Albert Einstein
y,lettere,610,0.0122,50000,1.0575709772922155,0.004644776555016011,1.0474134693263852,True,81.95566502463055,77.62794831840172,0.9471944165796446,-0.027118803839377936,1.042354383958173,0.9835728764276221,lettera,Albert Einstein,wikipedia,Albert Einstein
the,parole,465,0.0093,50000,1.225905026588989,0.00536242409175795,1.1940498641164723,True,107.34482758620689,109.2072635380699,1.017350029747519,0.008600406221864535,1.006255901649573,1.164711369422056,funzione,Albert Einstein,wikipedia,Albert Einstein
of,parole,322,0.00644,50000,1.2489555866367763,0.01254791109669773,1.1550328221201904,True,155.1557632398754,159.48462123977274,1.0279000786661388,0.013758113113980577,1.0221358244180248,1.0132683332577788,funzione,Albert Einstein,wikipedia,Albert Einstein
in,parole,276,0.00552,50000,0.9403603582779234,0.01539022713505784,1.0309429404011314,True,180.36727272727273,168.65416073229815,0.9350596601153603,-0.033559864444059645,0.9775782403596128,0.9513962549396107,funzione,Albert Einstein,wikipedia,Albert Einstein
to,parole,252,0.00504,50000,1.0638704063484077,0.005309117256344562,1.0385392421449566,True,197.70517928286853,182.18461168020676,0.9214964035896319,-0.04085544800589376,0.9492806822540917,0.9400174478667721,funzione,Albert Einstein,wikipedia,Albert Einstein
and,parole,200,0.004,50000,0.9445542754439951,0.005720707300113568,0.9492688985744028,True,247.86934673366835,217.0410588514276,0.8756268643602582,-0.06631016968407694,1.0660702348953166,0.9221438843198754,funzione,Albert Einstein,wikipedia,Albert Einstein
he,parole,184,0.00368,50000,1.1317149897986094,0.0045958237204049715,1.1338472463130358,True,271.0382513661202,307.84183833568255,1.1357874277304416,0.0635772202642535,0.9697785410465584,1.0794082638748153,funzione,Albert Einstein,wikipedia,Albert Einstein
einstein,parole,152,0.00304,50000,1.1157795708997087,0.022936456639696377,0.941817704218068,True,329.6423841059603,272.54116127956064,0.8267782737305861,-0.0948236185859963,0.9333268157165389,0.9498377022111556,keyword,Albert Einstein,wikipedia,Albert Einstein
physics,parole,27,0.00054,50000,1.1605101414490442,0.011313391048490867,1.079889654515365,True,1762.3461538461538,2501.5826341307647,1.4194615675650877,0.17336979978864803,1.0480829827153568,1.137786079155251,keyword,Albert Einstein,wikipedia,Albert Einstein
german,parole,27,0.00054,50000,1.231130376865149,0.009178895864641004,1.1733431377299623,True,1901.8846153846155,2347.3991450441163,1.2342489791734317,0.10484461729958712,0.9361165821427204,1.1321376816895359,keyword,Albert Einstein,wikipedia,Albert Einstein
einstein's,parole,24,0.00048,50000,0.8861949585162802,0.00923879726025789,0.9367876026169699,True,1670.391304347826,1217.864626718363,0.7290894196757425,-0.15667817826047514,0.9378559556558579,0.869580338886991,keyword,Albert Einstein,wikipedia,Albert Einstein
theory,parole,24,0.00048,50000,1.299381159568374,0.012594895625781151,1.2479846183645547,True,1564.8260869565217,2770.618468077511,1.7705599946037274,0.278124276718267,1.0054067354389762,1.1964761286642236,keyword,Albert Einstein,wikipedia,Albert Einstein
university,parole,19,0.00038,50000,1.1066356992846178,0.005788570718173269,1.1483284139851322,True,2495.3333333333335,2988.6838535500183,1.1977092653820538,0.08996151970432888,0.9240357243277956,1.1213955028118097,keyword,Albert Einstein,wikipedia,Albert Einstein
letter,parole,17,0.00034,50000,1.2922694341533267,0.009696637689793208,1.2293259627559214,True,2956.125,3667.7400103242503,1.240725615569115,0.1074319916265044,0.9979324016492696,1.1998252057038814,keyword,Albert Einstein,wikipedia,Albert Einstein
was,parole,118,0.00236,50000,1.0848718574140035,0.008298934489800307,1.0235395145325525,True,426.4273504273504,404.4520626349227,0.9484665142364699,-0.026448227561007936,0.9588643504418218,1.0334180519491607,appaiata,Albert Einstein,wikipedia,Albert Einstein
be,parole,27,0.00054,50000,0.9594447857485663,0.007984669895967507,0.9810822378548585,True,1785.0384615384614,1272.0564604063527,0.7126213175877523,-0.16780048190514413,1.0325057113626868,0.9336207533914673,appaiata,Albert Einstein,wikipedia,Albert Einstein
later,parole,24,0.00048,50000,1.067360084202435,0.00854473878905331,0.9957913134564317,True,1941.9565217391305,2142.613919285186,1.1033274408050886,0.04912570377798046,0.995289109051385,1.0668063500834553,appaiata,Albert Einstein,wikipedia,Albert Einstein
their,parole,25,0.0005,50000,1.0643450906081475,0.011730902123714098,1.1558136410187665,True,1514.125,1678.5623588033018,1.1086022348242726,0.05150437243718626,0.9641141854596721,1.094040190470656,appaiata,Albert Einstein,wikipedia,Albert Einstein
but,parole,22,0.00044,50000,1.038630546989387,0.014564094912341992,1.063732668147128,True,2119.809523809524,1877.5452489633271,0.8857141303852518,-0.06060614796973472,0.9401640657736189,1.0055698733239196,appaiata,Albert Einstein,wikipedia,Albert Einstein
it,parole,20,0.0004,50000,1.0104694249942245,0.009043303862472001,0.9769278850254591,True,2484.1052631578946,2745.6842679767833,1.105301095206553,0.050017118903470555,0.9152425046685995,1.073545756296345,appaiata,Albert Einstein,wikipedia,Albert Einstein
also,parole,17,0.00034,50000,0.9389223723370107,0.0033686414535957936,0.9604884556058515,True,3082.5625,2625.3068130220513,0.8516637742209773,-0.08010969801546719,1.0816287921204393,0.907078061553881,appaiata,Albert Einstein,wikipedia,Albert Einstein
vocali,vc,15568,0.31136,50000,1.229127808674612,0.012556951798499166,1.1702262818773776,True,3.211794179996146,1.6897844882980673,0.5261185473286134,-0.31051418220484245,1.021107679149956,0.8782179939044212,vocali,Napoleon,wikipedia,Napoleon
spazio,lettere,7939,0.15878,50000,1.089965787751684,0.01844263044706535,0.9398318162126302,True,6.297178130511464,2.912351057935342,0.4624851000838367,-0.36753529993936374,0.9693641295846968,0.9876454070268261,spazio,Napoleon,wikipedia,Napoleon
e,lettere,4852,0.09704,50000,1.009304642937316,0.015455806665383267,1.0475485208181898,True,10.304885590599877,8.550783098056025,0.8297795276694827,-0.0930278592346698,1.014213749861548,0.9964505009572537,lettera,Napoleon,wikipedia,Napoleon
a,lettere,3698,0.07396,50000,1.026884299204252,0.01063703535863524,1.1045297747744773,True,13.523397349202055,11.752938130044836,0.8690817718772654,-0.07004414150978701,1.0024218655911645,0.9322253794864075,lettera,Napoleon,wikipedia,Napoleon
t,lettere,3354,0.06708,50000,1.1933888178909369,0.012286556270339687,1.1641588008849852,True,14.904861318222487,13.295528466212131,0.8920263115737409,-0.057067752052797405,0.9394154864094565,0.9829215015275944,lettera,Napoleon,wikipedia,Napoleon
n,lettere,3301,0.06602,50000,1.0760934672833524,0.0022936476192716234,1.084535895861143,True,15.148484848484848,12.818068985624594,0.8461617854083049,-0.08332867455474476,0.9873079426775928,0.9930760829490749,lettera,Napoleon,wikipedia,Napoleon
o,lettere,3068,0.06136,50000,1.1576322420537775,0.008081256424126153,1.0910318500661282,True,16.298011085751547,14.352741201455672,0.8806437255404423,-0.06346564893638117,1.0346218625522126,1.0499224393272628,lettera,Napoleon,wikipedia,Napoleon
i,lettere,2907,0.05814,50000,1.1490500893109776,0.005241973719880599,1.106113148035104,True,17.193048864418444,15.550558258925006,0.904467752145309,-0.0501621766748624,1.0375572898581595,1.0008477050528406,lettera,Napoleon,wikipedia,Napoleon
r,lettere,2842,0.05684,50000,1.005540866778904,0.007758661202893842,1.0436009913178488,True,17.58746920098557,14.404499907031633,0.8190206187382794,-0.09949275967374835,0.9263386496354356,1.0011227763234851,lettera,Napoleon,wikipedia,Napoleon
s,lettere,2236,0.04472,50000,1.1522146667795528,0.009701139616015982,1.073399413249576,True,22.34496644295302,20.924203824101717,0.9364168828591205,-0.032835448659690965,0.9594399542921569,0.9377290586959476,lettera,Napoleon,wikipedia,Napoleon
h,lettere,1795,0.0359,50000,1.1181624167182262,0.0069851079373881506,1.1124027935413767,True,27.81382385730212,24.881602711001555,0.8945768420284739,-0.05564469892847011,1.0138014813914475,0.9863760468352547,lettera,Napoleon,wikipedia,Napoleon
d,lettere,1645,0.0329,50000,1.0238885069239787,0.007824496948245784,1.0855790436465174,True,30.366788321167885,27.61466248353088,0.9093705330794376,-0.04746562563443094,0.9251509955545343,0.9279297041768526,lettera,Napoleon,wikipedia,Napoleon
l,lettere,1615,0.0323,50000,1.1884059595835,0.0066257697214196914,1.1426513546603538,True,30.956009913258985,29.941023624162252,0.9672119794527525,-0.016667253397048044,0.9879147810656854,0.9879608581677032,lettera,Napoleon,wikipedia,Napoleon
c,lettere,1300,0.026,50000,1.2099228680501615,0.011037278899476442,1.1308405303158724,True,38.3679753656659,35.67770155316197,0.9298823097423233,-0.03633262500190428,1.0273333232518762,0.9427281329451792,lettera,Napoleon,wikipedia,Napoleon
f,lettere,1065,0.0213,50000,1.0819152204850848,0.016584699677898048,0.9425612699138057,True,46.84492481203007,44.43233900418551,0.9484984591708642,-0.026431399309933785,0.9368246443402294,1.0253537784876723,lettera,Napoleon,wikipedia,Napoleon
u,lettere,1043,0.02086,50000,1.0682750349964956,0.009060908211778818,1.0883805841866283,True,47.90403071017275,43.197649132309664,0.9017539545609958,-0.05166075516939492,0.9351551567903371,0.9606778426861166,lettera,Napoleon,wikipedia,Napoleon
p,lettere,1014,0.02028,50000,1.1584640334148608,0.0093355154186872,1.0822091201861188,True,49.339585389930896,47.934977189603934,0.9715318199529579,-0.014439624944892543,0.9554363008516878,0.9021803874032986,lettera,Napoleon,wikipedia,Napoleon
m,lettere,866,0.01732,50000,0.9170798916413515,0.02313508161394519,1.0671549521692552,True,57.53526011560694,57.106596786089206,0.9925495543314411,-0.0037391520087231797,0.8961638704226226,0.9653792567612874,lettera,Napoleon,wikipedia,Napoleon
b,lettere,673,0.01346,50000,1.117131526954193,0.00899054310609859,1.0507684192168625,True,74.38541666666667,73.40006514617336,0.9867534314567487,-0.006667444652927336,1.0266681734347163,1.0243650770173798,lettera,Napoleon,wikipedia,Napoleon
g,lettere,618,0.01236,50000,0.8919770312906513,0.00818094967700888,0.9502703928676682,True,80.64991896272285,77.73985070199677,0.9639172822718999,-0.01837282967761193,0.9126458696066799,0.9117537199970539,lettera,Napoleon,wikipedia,Napoleon
y,lettere,567,0.01134,50000,1.150732374961515,0.010791109298539416,1.0715128709631236,True,88.1148409893993,90.2926562869606,1.0247156469115493,0.012206971852689453,0.9024881836943006,1.0025626209862366,lettera,Napoleon,wikipedia,Napoleon
the,parole,659,0.01318,50000,1.1920655713175798,0.006825735515914728,1.1609678422044163,True,75.76595744680851,67.13227767176153,0.8860480344208906,-0.06041837933045972,0.9652541621167837,1.0787170614044748,funzione,Napoleon,wikipedia,Napoleon
of,parole,347,0.00694,50000,1.1557655776244449,0.007799881617366324,1.0929741626314775,True,143.89017341040463,134.60901865461412,0.9354983419936626,-0.03332560747114743,0.90654615680922,0.9770950661379505,funzione,Napoleon,wikipedia,Napoleon
and,parole,273,0.00546,50000,1.026604589252985,0.007900514033082036,1.0158096022923915,True,181.1433823529412,150.51909452233542,0.8309389643010134,-0.09233570260684686,0.9520097983992342,0.9484484371598324,funzione,Napoleon,wikipedia,Napoleon
in,parole,271,0.00542,50000,1.110922520817209,0.005175543238528592,1.074739004420367,True,184.22592592592594,177.6400773892659,0.9642512393217224,-0.01819968849332229,1.0389202756209432,1.0479749268337881,funzione,Napoleon,wikipedia,Napoleon
to,parole,221,0.00442,50000,1.0584131551063685,0.00649983395653917,1.0169535633957303,True,225.93636363636364,243.66836049131348,1.078482261861525,0.03775940901763337,1.0763669785044563,1.0874309039894625,funzione,Napoleon,wikipedia,Napoleon
was,parole,100,0.002,50000,1.1458384329038185,0.003712339486898374,1.1425998096344279,True,493.27272727272725,595.1037436255799,1.2064395834650534,0.09356230961957948,0.9629381458871782,1.1237119270938536,funzione,Napoleon,wikipedia,Napoleon
french,parole,111,0.00222,50000,1.1667831453448152,0.010437021330169235,1.1162567100375576,True,452.3545454545455,507.2130288454008,1.1212732002852566,0.05717000538589208,0.9469683992677306,1.1026230634996435,keyword,Napoleon,wikipedia,Napoleon
napoleon,parole,108,0.00216,50000,1.469013465645524,0.024913366537303715,1.284202445822242,True,465.25233644859816,1179.3880096198432,2.534942690717995,0.43421996479558966,0.8904275270595935,1.4266174932693136,keyword,Napoleon,wikipedia,Napoleon
bonaparte,parole,82,0.00164,50000,1.5479003732598615,0.03301198861732227,1.2946398650935835,True,352.82716049382714,620.2223147816325,1.75786442833242,0.27480119056855634,1.0205292379815514,1.528159980758085,keyword,Napoleon,wikipedia,Napoleon
france,parole,53,0.00106,50000,1.0871797929159484,0.00926296944477978,1.0859075439720767,True,947.0769230769231,1124.7361842507319,1.1875869391861205,0.08575062130143776,0.9710439468520459,1.0936871143552453,keyword,Napoleon,wikipedia,Napoleon
army,parole,46,0.00092,50000,1.1504781669132558,0.014074839930916752,1.0510984900517626,True,1091.8222222222223,1438.042676836832,1.3171033228376097,0.13685333740287128,0.9614687549113771,1.132028194491819,keyword,Napoleon,wikipedia,Napoleon
battle,parole,42,0.00084,50000,1.2291625751582613,0.00946865109532719,1.197845306146479,True,1182.9512195121952,1712.0680323985305,1.4472854029471505,0.1827679772896556,1.0110466168083347,1.2245770319225526,keyword,Napoleon,wikipedia,Napoleon
austria,parole,25,0.0005,50000,1.1958542639131022,0.010074803300414624,1.1957162659794138,True,1917.75,2555.140143352985,1.332363521498102,0.1425007373141479,0.9969680731872996,1.2162049770706727,keyword,Napoleon,wikipedia,Napoleon
on,parole,97,0.00194,50000,1.0380653173990433,0.016361647405339252,0.929065615888849,True,514.9895833333334,596.3975624714858,1.1580769432485007,0.07324898388958803,0.9669149266351879,1.0387945700146168,appaiata,Napoleon,wikipedia,Napoleon
he,parole,91,0.00182,50000,1.348406764459226,0.013251157300943712,1.2568663123861672,True,507.1111111111111,668.5057535816616,1.318262879543154,0.1372850690711452,0.9794830138420835,1.2451761684430371,appaiata,Napoleon,wikipedia,Napoleon
with,parole,67,0.00134,50000,0.9972237910368188,0.004808196038293551,0.9677543686756397,True,713.4545454545455,615.2053861377249,0.8622909336792779,-0.07394605420145282,1.0620355674193764,0.9607336456621053,appaiata,Napoleon,wikipedia,Napoleon
from,parole,46,0.00092,50000,1.0125766554382487,0.007297505612065149,1.03094068742505,True,1097.1333333333334,1036.9904575698415,0.9451817988422934,-0.02818153099639973,0.9816984694050168,0.9526977298283947,appaiata,Napoleon,wikipedia,Napoleon
that,parole,42,0.00084,50000,0.9799350512201849,0.01808634254605609,1.0909240320512286,True,1140.6097560975609,1081.9545710899506,0.9485755888952845,-0.02639077046729802,0.9835274807704256,0.9835341147363503,appaiata,Napoleon,wikipedia,Napoleon
had,parole,41,0.00082,50000,1.0162525820687311,0.008253939788125211,1.0571729861744479,True,1116.65,979.4535773871114,0.8771356981929086,-0.06545307402409486,1.000094244978788,0.986123320011319,appaiata,Napoleon,wikipedia,Napoleon
but,parole,26,0.00052,50000,1.085304477034882,0.004481720151123003,1.0517643679502207,True,1684.32,2310.180308980232,1.3715804057306402,0.15668050083090612,0.9938571955445901,1.0949981798735833,appaiata,Napoleon,wikipedia,Napoleon
vocali,vc,15489,0.30978,50000,1.3371934300131343,0.00888416348289705,1.279158992608838,True,3.228047520661157,1.7965647423828017,0.5565484184739746,-0.2848941775680715,0.9732889501081748,0.9117176757111429,vocali,Brazil,wikipedia,Brazil
spazio,lettere,7701,0.15402,50000,1.0981979979742207,0.007310521879843404,1.0563793273226176,True,6.491818181818182,3.143378226002195,0.4842061404008422,-0.3475217124892479,1.0000694286532605,0.8874099421885765,spazio,Brazil,wikipedia,Brazil
e,lettere,4543,0.09086,50000,1.2267410869138284,0.009075258062539558,1.1501650833796,True,11.00330250990753,9.443103189927335,0.8582062686565812,-0.07630677698979607,0.9735287118620667,1.0249994299114455,lettera,Brazil,wikipedia,Brazil
a,lettere,3538,0.07076,50000,1.1397226235461293,0.004499784566771095,1.1055949139584171,True,14.132315521628499,12.321417502889368,0.8718611952890748,-0.06845529200210622,1.0186469135474014,1.0398834662729495,lettera,Brazil,wikipedia,Brazil
t,lettere,3477,0.06954,50000,1.204306129620438,0.003726101279736577,1.174216648791698,True,14.376294591484465,12.44570142398818,0.8657099605735794,-0.07197798278631448,1.0305919895753985,0.9323995677528112,lettera,Brazil,wikipedia,Brazil
i,lettere,3335,0.0667,50000,1.2314102750982419,0.008485097578464409,1.2020487590911226,True,14.990401919616076,13.622858220103327,0.9087720458166492,-0.047794053974800244,0.925065016357859,0.9796327257165541,lettera,Brazil,wikipedia,Brazil
o,lettere,2959,0.05918,50000,1.1769843495985872,0.005600396592111789,1.1309235802188755,True,16.884043272481406,14.772347862148328,0.8749295191765564,-0.06670676393125055,0.9231690935487702,0.9694246128465641,lettera,Brazil,wikipedia,Brazil
n,lettere,2947,0.05894,50000,1.2150865225692353,0.011914120940449654,1.143608959648968,True,16.947386286490158,14.821643020425423,0.8745680761546516,-0.06691243995931585,1.049762715439809,0.9761612697689642,lettera,Brazil,wikipedia,Brazil
r,lettere,2896,0.05792,50000,1.1076814776556925,0.008435277588605966,1.039932158871829,True,17.26908462867012,14.232342241484265,0.8241515139636145,-0.09640015354552015,1.0245667317067007,0.9628590550625103,lettera,Brazil,wikipedia,Brazil
s,lettere,2474,0.04948,50000,1.241951174717655,0.004198213462182508,1.2094118691621711,True,20.194904973716135,18.041888241305543,0.8933881226372313,-0.05630746073038257,1.0507558613694925,1.110563729805868,lettera,Brazil,wikipedia,Brazil
l,lettere,1852,0.03704,50000,1.098413284031297,0.008351781786207598,1.0827026363462662,True,26.959481361426256,27.231658455139215,1.0100957837453948,0.005022538640712585,1.0117939720360707,0.9380387988540027,lettera,Brazil,wikipedia,Brazil
h,lettere,1574,0.03148,50000,1.1390126425374332,0.009128900647884795,1.0953577846160807,True,31.768595041322314,29.422881566326176,0.926162505079466,-0.038333990369876794,1.0179692969425835,0.9785016052424189,lettera,Brazil,wikipedia,Brazil
d,lettere,1508,0.03016,50000,1.1030173572120794,0.0072747370761173736,1.095113852635827,True,33.15262110152621,29.32800828250176,0.8846361858595736,-0.061212776771453925,1.0090539734549637,0.9729959703686714,lettera,Brazil,wikipedia,Brazil
c,lettere,1458,0.02916,50000,1.1704852528247782,0.003802382745626801,1.167716892745223,True,34.29718599862731,31.475159384580547,0.9177184211509448,-0.042905975111650035,0.9895060366043399,1.003392951435825,lettera,Brazil,wikipedia,Brazil
u,lettere,1114,0.02228,50000,1.2496849858739913,0.00921554396799318,1.2314006182300004,True,44.866127583108714,43.31579551613866,0.9654453782734366,-0.017581064377845138,0.891896186991232,0.963362995455746,lettera,Brazil,wikipedia,Brazil
m,lettere,918,0.01836,50000,1.1345863354791015,0.008801159879330923,1.1263279425061696,True,54.402399127589966,53.57085780968023,0.9847149881026473,-0.007701363666309002,0.9978794135289887,1.013498207374693,lettera,Brazil,wikipedia,Brazil
f,lettere,880,0.0176,50000,1.1503491353001494,0.01578749230900475,1.0339831312405203,True,56.81797497155859,52.82779084145427,0.9297725036469234,-0.036391593423763254,1.0130279113877345,0.989449626647994,lettera,Brazil,wikipedia,Brazil
p,lettere,857,0.01714,50000,1.2015829180556261,0.006008785360181363,1.1577837111609777,True,58.26985981308411,63.30783108329927,1.0864592996512394,0.041438287181394605,0.9520223205476815,0.9528032499948728,lettera,Brazil,wikipedia,Brazil
g,lettere,797,0.01594,50000,1.2554165515305076,0.013012698971630255,1.169807766336741,True,62.53894472361809,62.127823122406404,0.9934261506485507,-0.0032977641781766383,0.9730267848423323,0.9769971642671852,lettera,Brazil,wikipedia,Brazil
b,lettere,610,0.0122,50000,1.0869979779618857,0.010251439698195221,1.0042095996810485,True,81.85550082101807,75.17192229439542,0.9183490607279199,-0.04256312938224997,0.9991687347582955,0.9975073566703861,lettera,Brazil,wikipedia,Brazil
y,lettere,519,0.01038,50000,1.1523052439116885,0.01746334658469722,1.0295960534248485,True,96.23552123552123,91.35503960873464,0.9492860685521474,-0.02601666952122678,0.9818390933591976,1.0068914913534002,lettera,Brazil,wikipedia,Brazil
the,parole,682,0.01364,50000,1.1273743999218362,0.012343198068526934,1.2044024040101957,True,73.38032305433187,69.24488191247028,0.9436437321378424,-0.02899516353244974,1.0156901070615982,0.9948113157001108,funzione,Brazil,wikipedia,Brazil
of,parole,353,0.00706,50000,1.1027246141818328,0.006823965007496039,1.0792640170834622,True,141.7840909090909,137.02489626459197,0.966433507356263,-0.01706973183591895,0.9452168429773183,1.0014345233312827,funzione,Brazil,wikipedia,Brazil
and,parole,309,0.00618,50000,0.9850601832603734,0.009178654636468228,0.9809525627839808,True,161.13636363636363,125.00473310553446,0.7757698528411165,-0.12627207675596572,0.9614597354349487,0.9358679802691835,funzione,Brazil,wikipedia,Brazil
in,parole,291,0.00582,50000,1.1725142150561698,0.009056221158322202,1.241995881854462,True,171.83448275862068,186.71917050430193,1.086622239650176,0.04151313927560656,0.9572207946924475,1.0709460965602469,funzione,Brazil,wikipedia,Brazil
to,parole,109,0.00218,50000,1.2771644302989849,0.016008449989529903,1.1585208603880977,True,432.4259259259259,577.2058251223816,1.3348085545205177,0.14339871843979723,0.9504803868237661,1.1539944792010763,funzione,Brazil,wikipedia,Brazil
is,parole,88,0.00176,50000,1.350698671296835,0.016658625194658088,1.2346184669253766,True,573.816091954023,1348.156316662368,2.3494571441373746,0.40288831475254366,0.9909574028338732,1.326540879835148,funzione,Brazil,wikipedia,Brazil
brazil,parole,129,0.00258,50000,1.1096713766858692,0.02553631478298642,0.926717331354516,True,387.78125,359.4690077318002,0.9269891407379811,-0.03788856808713405,1.0411067116230974,0.9567199025880454,keyword,Brazil,wikipedia,Brazil
country,parole,46,0.00092,50000,0.9966070078958874,0.011592209669442941,0.9298973472881259,True,1106.4888888888888,1364.5123108512605,1.2331911549708132,0.10442059760614662,0.9570660810452867,1.0651697154545545,keyword,Brazil,wikipedia,Brazil
world,parole,49,0.00098,50000,1.334552909137317,0.015776141958329503,1.2173222230916538,True,1034.9791666666667,1612.4246773050422,1.5579295982334995,0.21811765211161577,0.9311284156648315,1.1734018485162083,keyword,Brazil,wikipedia,Brazil
brazilian,parole,33,0.00066,50000,1.0880474532593494,0.0019468901981664062,1.0768808837123156,True,1484.46875,1450.758399760555,0.9772913035458342,-0.01148475007877839,0.9930284161796529,1.0177047956255052,keyword,Brazil,wikipedia,Brazil
largest,parole,43,0.00086,50000,1.4816799582463853,0.009027802515378717,1.4083450620042048,True,1184.3333333333333,2407.2242051756916,2.0325563229741275,0.3404904024870561,0.9951848158735489,1.2902382376066865,keyword,Brazil,wikipedia,Brazil
federal,parole,31,0.00062,50000,1.454761393320802,0.011309988647973232,1.3605961919092657,True,1368.8666666666666,3878.6278211131116,2.8334591787218955,0.4782779972977787,0.988350356313008,1.41868449032209,keyword,Brazil,wikipedia,Brazil
portuguese,parole,26,0.00052,50000,1.3957438856128095,0.021482000824569525,1.2652092238567423,True,1518.68,5271.219480347978,3.470921774401439,0.5526649534663896,0.9916284428543305,1.3531831335270865,keyword,Brazil,wikipedia,Brazil
by,parole,75,0.0015,50000,1.249358215102501,0.012451684664453722,1.154335306231786,True,658.3918918918919,1012.1784159360359,1.5373494546348938,0.21177589616335069,1.0361718607917292,1.171227697731688,appaiata,Brazil,wikipedia,Brazil
are,parole,36,0.00072,50000,1.3331872641393296,0.010501620814388029,1.2702453711555606,True,702.6,909.7382364304193,1.2948167327503832,0.1284707090300146,1.00454995273724,1.343905878472502,appaiata,Brazil,wikipedia,Brazil
from,parole,35,0.0007,50000,1.0279759585779722,0.005765841589463327,0.9987655529609992,True,1389.0588235294117,1947.464986905494,1.402003251350614,0.1673616599496995,0.9545106950699345,1.0309529625782723,appaiata,Brazil,wikipedia,Brazil
has,parole,33,0.00066,50000,1.1037046014857552,0.017088315249030976,1.040522339034272,True,1534.21875,3311.839336277428,2.1586487169951667,0.36681784547963064,0.9687705667963469,1.1016727732925886,appaiata,Brazil,wikipedia,Brazil
on,parole,34,0.00068,50000,1.0814891935234467,0.007327939650163876,1.0234511212542658,True,1276.5454545454545,1452.6927817614494,1.1379875088574236,0.0645408395913251,0.9769987142922784,1.0529374386956072,appaiata,Brazil,wikipedia,Brazil
which,parole,29,0.00058,50000,1.1120273615009386,0.0173860877519043,1.221544363820392,True,1710.0,1958.4810251636154,1.145310541031354,0.06773403582005255,1.0154922435385934,1.1992590690640867,appaiata,Brazil,wikipedia,Brazil
that,parole,25,0.0005,50000,0.9500158595220684,0.007948750447122788,0.9637573073561482,True,1846.5833333333333,2204.747445196717,1.1939604378519157,0.0884065339126263,1.0034769910670558,0.972531630143224,appaiata,Brazil,wikipedia,Brazil
vocali,vc,15917,0.31834,50000,1.4423359758580623,0.007695226197115027,1.3913094336219347,True,3.141430007539583,1.5861607155199944,0.5049167772998706,-0.32897714356564633,0.9821690255011678,1.0125433206634327,vocali,Artificial intelligence,wikipedia,Artificial intelligence
spazio,lettere,7386,0.14772,50000,1.4321808084195096,0.009933700120445008,1.3537134393005956,True,6.768720379146919,3.395813782727802,0.501692135664169,-0.3318309076150546,1.0701899574381912,0.8926291622973896,spazio,Artificial intelligence,wikipedia,Artificial intelligence
e,lettere,4990,0.0998,50000,1.0624436416992358,0.010313153525139387,1.1260458196821375,True,10.018440569252355,8.509020444383761,0.8493358208361127,-0.08146934562472799,0.9946230224215938,0.9829892979652133,lettera,Artificial intelligence,wikipedia,Artificial intelligence
a,lettere,3669,0.07338,50000,1.1485611230531898,0.00785777478352268,1.1889876320152917,True,13.627862595419847,11.614208412313536,0.8522399115043121,-0.07977373102584928,0.9507257663814919,0.9831234272101597,lettera,Artificial intelligence,wikipedia,Artificial intelligence
t,lettere,3449,0.06898,50000,1.2629772431228345,0.00442194751166479,1.2332194062569206,True,14.491299303944315,12.995700556343081,0.8967933298297032,-0.05441113090563373,1.0414867712041334,0.955324121834526,lettera,Artificial intelligence,wikipedia,Artificial intelligence
i,lettere,3223,0.06446,50000,1.3202100567753543,0.005974868991281065,1.3018338632611843,True,15.513966480446927,14.281801190221103,0.9205770302663224,-0.04135370176881899,1.028416197262531,0.968882610598612,lettera,Artificial intelligence,wikipedia,Artificial intelligence
n,lettere,3179,0.06358,50000,1.2841759263016164,0.0027195277749781557,1.2725237469566688,True,15.726242920075519,14.051434714825394,0.8935023315001621,-0.05624374827965654,0.9995803571555616,1.0468478641276246,lettera,Artificial intelligence,wikipedia,Artificial intelligence
o,lettere,2939,0.05878,50000,1.171999961177554,0.0024377916307336896,1.1689209831685436,True,17.00204220558203,14.542108766984091,0.8553154139453727,-0.07798382149316165,0.9142039701357066,0.9659804535286711,lettera,Artificial intelligence,wikipedia,Artificial intelligence
s,lettere,2877,0.05754,50000,1.1757225366916026,0.005100587748950778,1.2026693397986454,True,17.368219749652294,16.09993848527398,0.9269768990340128,-0.03789516158838929,0.9276594021211189,1.009064403692452,lettera,Artificial intelligence,wikipedia,Artificial intelligence
r,lettere,2533,0.05066,50000,1.1859710842265643,0.0075832618782946835,1.1354618634679543,True,19.744865718799367,17.896749209331084,0.9064001479782835,-0.049097694479817426,1.032912966492403,0.9649918824096039,lettera,Artificial intelligence,wikipedia,Artificial intelligence
l,lettere,1750,0.035,50000,1.2014562189213123,0.003964912348809969,1.1955487850900692,True,28.566037735849058,29.744772656165928,1.0412635077785959,0.020214689392797133,1.1206600881543367,0.923203231671699,lettera,Artificial intelligence,wikipedia,Artificial intelligence
c,lettere,1636,0.03272,50000,0.8960902116716191,0.006766250410860542,0.9358251840795863,True,30.576146788990826,27.905278558634535,0.9126486326485731,-0.04567036823196618,1.0208226059367442,0.9632556621753445,lettera,Artificial intelligence,wikipedia,Artificial intelligence
d,lettere,1465,0.0293,50000,1.2497892417799594,0.014724395161521645,1.145226297859947,True,34.06352459016394,32.54517961975268,0.9554260755843895,-0.022794993363423017,1.0142725231025957,0.976937035819617,lettera,Artificial intelligence,wikipedia,Artificial intelligence
h,lettere,1408,0.02816,50000,1.1948235171966888,0.004480050936808023,1.1886608963136407,True,35.48045486851457,35.25948529614599,0.9937720761138079,-0.0031236889917383697,1.0765716647731611,1.079231942321884,lettera,Artificial intelligence,wikipedia,Artificial intelligence
m,lettere,1150,0.023,50000,1.244491025394945,0.005188959184269107,1.2009227814899497,True,43.46475195822455,43.57593618823872,1.0025580320835843,0.0012773822494036922,1.0450176986812265,0.9883977610421489,lettera,Artificial intelligence,wikipedia,Artificial intelligence
u,lettere,1096,0.02192,50000,1.0326012461088407,0.013965453128923378,1.0164500574867865,True,45.568949771689496,42.830738508046316,0.939910590931715,-0.030975349765694483,1.041292676825018,1.0681490881536508,lettera,Artificial intelligence,wikipedia,Artificial intelligence
p,lettere,1062,0.02124,50000,1.0806690781475274,0.004836957902149298,1.058842766690211,True,46.9990574929312,45.895934368565506,0.976528824550756,-0.011874947209322263,0.9614529974944769,0.9641802231300559,lettera,Artificial intelligence,wikipedia,Artificial intelligence
g,lettere,974,0.01948,50000,1.2799957495550338,0.010078169181996197,1.2082682852341544,True,51.35971223021583,54.71668613394719,1.0653620076507437,0.031646756069213314,0.9954177412708877,1.1089332685073585,lettera,Artificial intelligence,wikipedia,Artificial intelligence
f,lettere,789,0.01578,50000,1.0783205604652197,0.015152870641365286,1.114267590481538,True,63.34390862944162,61.88274152421875,0.9769327921683738,-0.011668180083312404,1.0492322780326877,0.9945392737675727,lettera,Artificial intelligence,wikipedia,Artificial intelligence
b,lettere,575,0.0115,50000,1.0887090106766564,0.004956441204463697,1.1152162470887186,True,86.14808362369338,89.97228982850369,1.0443910768986455,0.021713593548836545,0.9912844156306256,1.0808879763235395,lettera,Artificial intelligence,wikipedia,Artificial intelligence
y,lettere,562,0.01124,50000,1.1129746342502387,0.007531741890936855,1.0758059530969522,True,88.70766488413547,90.83187036105497,1.0239461322727186,0.011831407907002494,0.8806865043367355,0.9607183143486625,lettera,Artificial intelligence,wikipedia,Artificial intelligence
the,parole,342,0.00684,50000,1.2898518229479703,0.004161367446438112,1.2717790711850057,True,145.7565982404692,160.15603418921663,1.0987909715414135,0.04707041953246943,0.9988965373771789,1.0365549550156,funzione,Artificial intelligence,wikipedia,Artificial intelligence
and,parole,249,0.00498,50000,1.246667958922667,0.009905553292918916,1.1689266777730203,True,200.34677419354838,205.9946559723023,1.0281905301519738,0.013899350052611411,0.9318280129366654,1.0661325370869206,funzione,Artificial intelligence,wikipedia,Artificial intelligence
of,parole,209,0.00418,50000,1.068976492750032,0.004551178668622615,1.082406458125037,True,238.87019230769232,236.14821243796024,0.9886047738169614,-0.0057302619067771884,0.9210754374149285,1.0243836961017034,funzione,Artificial intelligence,wikipedia,Artificial intelligence
to,parole,198,0.00396,50000,1.2307243871919407,0.0189809171467809,1.09581527385327,True,251.1522842639594,241.2994945683459,0.9607696592348797,-0.020007623322990713,0.9627282912481604,0.9673909314665504,funzione,Artificial intelligence,wikipedia,Artificial intelligence
in,parole,163,0.00326,50000,1.1236497339849507,0.004440063822082106,1.0985995963909418,True,306.54938271604937,310.7493458260107,1.013700771708458,0.0068037773540872894,1.0117916708511032,1.0630277202911393,funzione,Artificial intelligence,wikipedia,Artificial intelligence
that,parole,96,0.00192,50000,1.0151119264460653,0.009737737523760746,1.0817455710015622,True,511.05263157894734,518.9454808494481,1.0154442982635958,0.007662974499916372,1.0320694580936403,0.9715862851107527,funzione,Artificial intelligence,wikipedia,Artificial intelligence
ai,parole,115,0.0023,50000,1.534913143057042,0.01720243884650403,1.402826655460954,True,437.8421052631579,749.6102064235049,1.7120560069775925,0.26255210259139594,0.9615677558225292,1.3248548998353868,keyword,Artificial intelligence,wikipedia,Artificial intelligence
learning,parole,49,0.00098,50000,1.2687590855761537,0.008968461100474764,1.210914913415406,True,1031.8125,1749.303285703294,1.6953693483101766,0.257986664701863,0.9060292147284409,1.1471144791674293,keyword,Artificial intelligence,wikipedia,Artificial intelligence
data,parole,47,0.00094,50000,1.257580947391038,0.014089989529723117,1.1515304169246723,True,912.7391304347826,1383.0385779914313,1.5152616250084752,0.2048540874974543,0.9832764010055305,1.2179390350257613,keyword,Artificial intelligence,wikipedia,Artificial intelligence
used,parole,44,0.00088,50000,1.1717207267717065,0.00563178704365296,1.1489391738577854,True,1101.2558139534883,1247.0021020531267,1.132345533392838,0.062065707138119916,1.0300654494281307,1.1354883531242737,keyword,Artificial intelligence,wikipedia,Artificial intelligence
search,parole,27,0.00054,50000,1.467702729256662,0.009386054665940878,1.3875406642498458,True,1318.3846153846155,2429.16044882874,1.8425279091413511,0.2964009276502954,1.0456230394848343,1.33147747551084,keyword,Artificial intelligence,wikipedia,Artificial intelligence
models,parole,24,0.00048,50000,1.3023166746191785,0.009412142927211289,1.2312945644930429,True,1795.4347826086957,3383.5598228934587,1.8845350751071448,0.3066473632927792,0.9693230260948317,1.334043795490988,keyword,Artificial intelligence,wikipedia,Artificial intelligence
knowledge,parole,22,0.00044,50000,1.6788562393095847,0.012337793192687381,1.6188025461946087,True,1152.3809523809523,2035.3969508720031,1.7662535524095897,0.277000476598442,1.0027860890309566,1.2871556566248794,keyword,Artificial intelligence,wikipedia,Artificial intelligence
is,parole,92,0.00184,50000,1.1874465491912678,0.008218385754608627,1.1453827339532499,True,536.2417582417582,668.044348838198,1.245789494329194,0.10944458282926028,0.9558955683820501,1.141554601825711,appaiata,Artificial intelligence,wikipedia,Artificial intelligence
on,parole,48,0.00096,50000,1.135370756695094,0.005970505456597059,1.0900968324724927,True,1026.6170212765958,1178.2808691736022,1.1477316708702265,0.06878497573692158,0.9966284057239072,1.1027095520899666,appaiata,Artificial intelligence,wikipedia,Artificial intelligence
it,parole,46,0.00092,50000,1.2403834854912477,0.007213668911329492,1.2149703634605278,True,1095.4444444444443,1408.8578151944018,1.2861061301095058,0.12514997722166168,0.99196216910929,1.0483841653610255,appaiata,Artificial intelligence,wikipedia,Artificial intelligence
be,parole,45,0.0009,50000,1.145177028611229,0.007294279167300741,1.158679139174551,True,1033.1818181818182,1115.9400307453234,1.0801003377209464,0.03850792015576906,1.0031706295439127,1.067280279659464,appaiata,Artificial intelligence,wikipedia,Artificial intelligence
an,parole,27,0.00054,50000,1.1008395227893348,0.007405084490467639,1.096540633387958,True,1836.6538461538462,2414.418570874697,1.3145746412317993,0.13591034638847727,0.941480971187791,1.0605138071524565,appaiata,Artificial intelligence,wikipedia,Artificial intelligence
has,parole,24,0.00048,50000,0.9500730573840128,0.008433342471885513,1.0172532178266456,True,1994.7391304347825,2279.0282661574565,1.1425194559955862,0.06651956209627993,0.954773232940826,0.9608040279625802,appaiata,Artificial intelligence,wikipedia,Artificial intelligence
other,parole,22,0.00044,50000,1.0763042134164535,0.00580061061413955,1.108675702750448,True,2240.904761904762,2657.9031379032967,1.1860848274712432,0.08512241845916704,0.928504966956014,1.0744198917573518,appaiata,Artificial intelligence,wikipedia,Artificial intelligence
vocali,vc,14931,0.29862,50000,1.1509916818419788,0.00550260878890369,1.1808450990183783,True,3.3485599464166107,1.6929181520199195,0.505566028116522,-0.32840404382796806,0.9566782560925748,0.8866895392762069,vocali,Olympic Games,wikipedia,Olympic Games
spazio,lettere,7935,0.1587,50000,1.2574783854765996,0.009832526011054185,1.1906016613387775,True,6.301361230148727,2.8900269557053773,0.45863534086541585,-0.3711446198838085,0.9621614209219889,1.034674845158849,spazio,Olympic Games,wikipedia,Olympic Games
e,lettere,4956,0.09912,50000,1.1419784747465598,0.009161361465771603,1.0651209492193436,True,10.089001009081736,8.853421620788033,0.8775320383870038,-0.06522816074990073,0.9748822137028195,0.9690531463148447,lettera,Olympic Games,wikipedia,Olympic Games
t,lettere,3790,0.0758,50000,1.2142874596860456,0.005756431365117146,1.2017641821789997,True,13.195830034309845,11.116388841481351,0.8424167947433516,-0.08553070385932934,1.047231606138095,1.0001262392144172,lettera,Olympic Games,wikipedia,Olympic Games
o,lettere,3075,0.0615,50000,1.1661938688218954,0.0027074936806528254,1.1505541875068332,True,16.262524398178268,13.45541555948804,0.8273878784154396,-0.09445839256317902,0.9509970986132338,1.0047760534771082,lettera,Olympic Games,wikipedia,Olympic Games
i,lettere,3039,0.06078,50000,1.1189983674610358,0.008819286202230044,1.1793727157247194,True,16.4486504279131,13.75580207416398,0.8362875808230809,-0.08915401971162829,0.9310819318087672,0.9475028463282946,lettera,Olympic Games,wikipedia,Olympic Games
a,lettere,2957,0.05914,50000,1.1088939530426989,0.014326049198756071,1.2098092955431654,True,16.897496617050066,14.851662944199562,0.8789268186160666,-0.06443741192278607,0.9433378436076388,0.967757326042661,lettera,Olympic Games,wikipedia,Olympic Games
n,lettere,2775,0.0555,50000,1.05726546731692,0.006972403874482618,1.0826165365623037,True,18.020187454938718,16.073071394549387,0.8919480685060414,-0.05711146795867433,0.9616897844468472,0.9289668858697447,lettera,Olympic Games,wikipedia,Olympic Games
s,lettere,2738,0.05476,50000,1.1739941274949341,0.007431418852006643,1.1201323687783982,True,18.251370113262695,15.79389198043495,0.8653537724796905,-0.07218267628736118,1.0147775918470303,0.9266008644059941,lettera,Olympic Games,wikipedia,Olympic Games
r,lettere,2390,0.0478,50000,1.1813628163675272,0.005563010304001552,1.1468342678174663,True,20.915027208036836,18.13419812840224,0.8670415748459542,-0.07121342499564633,0.9145561260118059,0.9692225339455923,lettera,Olympic Games,wikipedia,Olympic Games
h,lettere,1925,0.0385,50000,1.3309912845877951,0.006383205000387619,1.2912531136625436,True,25.975571725571726,22.734212912490353,0.8752151118240679,-0.06654430597807567,0.9124690234664473,0.933542412290913,lettera,Olympic Games,wikipedia,Olympic Games
l,lettere,1619,0.03238,50000,1.1115511261744435,0.010432665020350765,1.1511069335560455,True,30.88875154511743,29.161673486668345,0.9440871523756329,-0.028760463519365776,0.9175808401567483,0.9342799740370289,lettera,Olympic Games,wikipedia,Olympic Games
c,lettere,1587,0.03174,50000,1.1292559337714683,0.002970777839797523,1.1405785352345863,True,31.508196721311474,29.667562860532943,0.9415823800689436,-0.03008763394782253,0.9324295183776448,1.049221036620026,lettera,Olympic Games,wikipedia,Olympic Games
m,lettere,1457,0.02914,50000,1.1333322121274865,0.0070207042413968305,1.08098605137049,True,34.28914835164835,35.02373538382786,1.021423309341079,0.010598131149512831,0.9612186030265552,0.8591945157986479,lettera,Olympic Games,wikipedia,Olympic Games
d,lettere,1290,0.0258,50000,1.2084224961000156,0.011744870171033968,1.1358182343795225,True,38.78044996121024,36.846572812925864,0.9501326789601793,-0.02557124526850667,0.9971492802211493,0.963366185087144,lettera,Olympic Games,wikipedia,Olympic Games
p,lettere,1049,0.02098,50000,1.2000223611286058,0.012675645189322484,1.2593011583223113,True,47.66889312977099,45.17477580013206,0.9476783041123046,-0.02686362310306791,1.0059703400544973,0.9934136107361756,lettera,Olympic Games,wikipedia,Olympic Games
g,lettere,928,0.01856,50000,1.1157355100046498,0.008915113411466015,1.0504538331391395,True,53.87162891046386,51.29278726824575,0.9521298744000444,-0.024521998370967912,0.9073905271249466,0.9414467403378675,lettera,Olympic Games,wikipedia,Olympic Games
u,lettere,904,0.01808,50000,1.2055288248210434,0.010105620945120707,1.1373500011236435,True,55.310077519379846,54.1294455146501,0.9786543057308847,-0.010787985656357715,0.9560048960390365,0.9943347731203221,lettera,Olympic Games,wikipedia,Olympic Games
f,lettere,856,0.01712,50000,1.1130078077064434,0.0050120604928383305,1.1145086882644117,True,58.35087719298246,54.24889229102657,0.9297014012593249,-0.03642978063590472,0.9883986682418794,1.0014679656753722,lettera,Olympic Games,wikipedia,Olympic Games
y,lettere,761,0.01522,50000,1.0912561211383782,0.005743354739085035,1.1096732988620561,True,65.58815789473684,63.19001285956846,0.9634363105758026,-0.018622294610348016,0.9625990666265177,1.1298155041484792,lettera,Olympic Games,wikipedia,Olympic Games
b,lettere,535,0.0107,50000,1.4174049344689967,0.017052910646790497,1.2873454163732443,True,93.4625468164794,100.48688928078602,1.0751567628271401,0.03621739049957286,1.0526864016271573,0.9703760854095754,lettera,Olympic Games,wikipedia,Olympic Games
the,parole,862,0.01724,50000,1.3037782291703746,0.019837051967567614,1.1515729714955931,True,57.96864111498258,47.78856233342316,0.824386451264798,-0.09625896345231778,1.001050769806368,1.072670718605716,funzione,Olympic Games,wikipedia,Olympic Games
of,parole,279,0.00558,50000,1.1271626280894254,0.004693115633323893,1.1299392196540927,True,178.86330935251797,193.63739239095568,1.0825998528816203,0.039661893170370534,1.0446995688621403,1.0672289641640997,funzione,Olympic Games,wikipedia,Olympic Games
and,parole,237,0.00474,50000,1.251582203545728,0.020188816526787386,1.0855434843616625,True,210.27966101694915,189.08680368879874,0.8992158479538247,-0.05306619158362545,0.9637216503635022,0.8961892560034107,funzione,Olympic Games,wikipedia,Olympic Games
to,parole,195,0.0039,50000,1.2501399003199452,0.015970548095847543,1.166502527828052,True,255.8762886597938,275.9839958464198,1.0785837065714232,0.03780637090677731,0.9788701331445616,1.0537963210014496,funzione,Olympic Games,wikipedia,Olympic Games
in,parole,192,0.00384,50000,1.321457423083359,0.01644923548488316,1.207151993425976,True,258.9528795811518,307.50868687700887,1.1875082732209603,0.08571774356988689,0.9960451602425828,1.1391312475176367,funzione,Olympic Games,wikipedia,Olympic Games
for,parole,104,0.00208,50000,1.2720937549198543,0.017003621940202666,1.1800363701183014,True,479.54368932038835,660.2209787030316,1.3767691941451674,0.15852157419125287,0.9661277252928911,1.2299367228983584,funzione,Olympic Games,wikipedia,Olympic Games
games,parole,197,0.00394,50000,1.2864299327553117,0.008547685134057357,1.2244603165520647,True,254.51530612244898,270.10754699565206,1.0612624879452301,0.029720857146291753,0.9594387210114083,1.0528873654956825,keyword,Olympic Games,wikipedia,Olympic Games
olympic,parole,174,0.00348,50000,1.1806302294474844,0.004793100092665009,1.201029986908894,True,288.1329479768786,322.9314487537036,1.1207723761588606,0.056947354424524955,1.042873511730485,1.062558361633602,keyword,Olympic Games,wikipedia,Olympic Games
olympics,parole,91,0.00182,50000,1.0851572626335138,0.005426427295935996,1.086906447226432,True,539.4333333333333,567.2223678653211,1.0515152342556777,0.025110822184251706,0.961436891262737,1.0013050482953754,keyword,Olympic Games,wikipedia,Olympic Games
ioc,parole,80,0.0016,50000,1.3043231644945348,0.013486851649484165,1.2250490666363438,True,616.873417721519,1175.8669509496408,1.9061721856857083,0.3118095308148089,1.0233607585374764,1.2278698014635283,keyword,Olympic Games,wikipedia,Olympic Games
summer,parole,53,0.00106,50000,1.2495081483013768,0.011123663186644579,1.1800107064675234,True,927.8846153846154,1633.9545635779182,1.7609458509026268,0.275610566811317,1.0096273334520716,1.2145947842657596,keyword,Olympic Games,wikipedia,Olympic Games
sports,parole,46,0.00092,50000,1.4475941050667207,0.02577073398767895,1.4692471610912052,True,1103.2444444444445,2096.637146778747,1.9004284656375865,0.31044670685910186,1.1266377747399121,1.2650167477995256,keyword,Olympic Games,wikipedia,Olympic Games
host,parole,40,0.0008,50000,1.2128924461922033,0.003885857169906699,1.1921218037158547,True,1147.2564102564102,1757.4144542772385,1.5318410414324544,0.21006099226970096,0.9874944527661288,1.1932900593682185,keyword,Olympic Games,wikipedia,Olympic Games
was,parole,70,0.0014,50000,1.238919265326237,0.012438993879043481,1.143491670482666,True,711.2173913043479,1213.901062805915,1.7067932781841326,0.2611183069947214,1.0044617744679671,1.2493169933103159,appaiata,Olympic Games,wikipedia,Olympic Games
that,parole,69,0.00138,50000,1.0805319486226213,0.015906247956611625,1.0299395691628026,True,704.4852941176471,667.1835096893543,0.9470510105182359,-0.027194454174917032,1.0282892911651447,0.9936102965017936,appaiata,Olympic Games,wikipedia,Olympic Games
as,parole,60,0.0012,50000,1.1391327107513585,0.0028075491117198204,1.1376038622096516,True,797.8983050847457,1109.25148255425,1.3902166171871178,0.1632557544706291,0.9864435521962781,1.1745849637246897,appaiata,Olympic Games,wikipedia,Olympic Games
were,parole,59,0.00118,50000,1.257871737686401,0.011704459185664956,1.304375017330772,True,802.0689655172414,1034.234013732054,1.289457712735579,0.1264306875490257,0.9227530922244663,1.1284725800124547,appaiata,Olympic Games,wikipedia,Olympic Games
by,parole,54,0.00108,50000,0.9612715217442871,0.012576514422397973,1.0621065316115597,True,912.3018867924528,866.3388612410109,0.9496186227203338,-0.025841657795291403,1.0280963226037647,0.9695293887808442,appaiata,Olympic Games,wikipedia,Olympic Games
from,parole,46,0.00092,50000,1.0509231428727235,0.008819879489671544,1.0494806186025325,True,1081.7111111111112,1095.0073188261476,1.0122918287317755,0.006108372829562372,0.9677646961326595,1.007144578135034,appaiata,Olympic Games,wikipedia,Olympic Games
first,parole,39,0.00078,50000,1.1168888816979103,0.006434427829969488,1.1634427681944033,True,1272.2105263157894,1385.4178052202653,1.0889847054106008,0.04259710718806361,0.9620431441797992,1.0279325795462328,appaiata,Olympic Games,wikipedia,Olympic Games
vocali,vc,15820,0.3164,50000,1.1137745406057593,0.004618792653638187,1.078046643027701,True,3.1604399772425564,1.5862843690497668,0.5019188405640216,-0.33162987638462005,0.9349988259146471,0.9494233737425182,vocali,World War II,wikipedia,World War II
spazio,lettere,7726,0.15452,50000,1.1487142262704382,0.007407885750275587,1.1696074838504533,True,6.471715210355987,2.95089866354462,0.45596855974481315,-0.3736560357804285,1.0548347759305756,0.9296835551479198,spazio,World War II,wikipedia,World War II
e,lettere,4839,0.09678,50000,1.1192105134729033,0.006518699997737402,1.1579685992694462,True,10.330095080611823,8.583918381309447,0.8309621851806852,-0.09232184923722693,1.001836233543838,0.9624401861705097,lettera,World War II,wikipedia,World War II
a,lettere,4053,0.08106,50000,1.1872867530806948,0.005888707140889819,1.1536058369629936,True,12.32847976307996,11.002342532771268,0.892433028581507,-0.056840569676127994,0.9786505724253068,0.9155462148989161,lettera,World War II,wikipedia,World War II
t,lettere,3647,0.07294,50000,1.0624465220157995,0.01422028495076822,1.1338319779417299,True,13.704607789358201,12.044941707528558,0.8788972214791587,-0.06445417936458674,0.9969918794599334,0.9870501369668245,lettera,World War II,wikipedia,World War II
n,lettere,3487,0.06974,50000,1.160298271811327,0.01384507086918122,1.0730871579908876,True,14.333620195065977,11.955956952953278,0.8341198378528855,-0.09044128890798234,1.0061083785885947,1.0292138094425383,lettera,World War II,wikipedia,World War II
i,lettere,3287,0.06574,50000,1.023813078508343,0.009896250874618208,1.052701703704194,True,15.211199026171638,13.299516795514283,0.8743240274899954,-0.0670513586054295,0.9539673831219956,1.0579700635629012,lettera,World War II,wikipedia,World War II
o,lettere,2638,0.05276,50000,1.2665723215291063,0.008911130250126357,1.2032640025294614,True,18.95601061812666,17.196080838912106,0.9071571643069444,-0.04868127149174646,1.0026378163921648,0.9582621421899469,lettera,World War II,wikipedia,World War II
r,lettere,2585,0.0517,50000,1.1827311553347442,0.0237249929993763,0.982467237947258,True,19.343653250773993,16.92612030423256,0.8750219043321249,-0.06665420568107537,1.0088970299121636,1.0064643616207414,lettera,World War II,wikipedia,World War II
s,lettere,2377,0.04754,50000,1.2556837347785212,0.009567661015579772,1.1933992368949056,True,21.033670033670035,19.639458738359057,0.9337152625728573,-0.03427843732222973,1.024000144491495,0.999456272392441,lettera,World War II,wikipedia,World War II
h,lettere,1659,0.03318,50000,1.0420362387562294,0.009225356497389212,0.9836264509010392,True,30.128468033775633,25.63849272438844,0.8509723327334902,-0.08051317927936173,0.9553240228388616,0.9054276725120404,lettera,World War II,wikipedia,World War II
d,lettere,1631,0.03262,50000,1.2183483477920354,0.018184615561528887,1.0956082900374227,True,30.65276073619632,28.601552055324053,0.9330824163433312,-0.03461703603059602,1.013377652343866,0.9469416429753911,lettera,World War II,wikipedia,World War II
l,lettere,1513,0.03026,50000,1.1941308352709261,0.010196788266910548,1.119598030656779,True,33.04100529100529,33.11232170792995,1.0021584215218802,0.0010780473206707727,1.0516185290359055,0.9404559545403103,lettera,World War II,wikipedia,World War II
c,lettere,1269,0.02538,50000,1.172088415910712,0.007809680994921341,1.1432330900281686,True,39.39826498422713,37.793313575976164,0.9592633988097318,-0.020791794107426296,0.9860246014281197,0.9772341328256776,lettera,World War II,wikipedia,World War II
u,lettere,1003,0.02006,50000,0.9258638558578368,0.00996908237341435,0.9634582990357151,True,49.699600798403196,46.88119807670461,0.9432912402429369,-0.02918181206331882,0.9487217896965058,0.9811692748231806,lettera,World War II,wikipedia,World War II
m,lettere,985,0.0197,50000,1.120506076961986,0.008358671019289544,1.0564657662014632,True,50.6890243902439,47.88051890916174,0.9445934200772916,-0.02849262953924125,1.036724947674492,0.9374488246587857,lettera,World War II,wikipedia,World War II
p,lettere,918,0.01836,50000,1.1532241864392423,0.006770333195091498,1.1017431506938653,True,54.3020719738277,55.85290770582752,1.028559420950775,0.014078671127804183,1.029627267187836,0.9551135431835635,lettera,World War II,wikipedia,World War II
f,lettere,891,0.01782,50000,1.0081464609324655,0.0072118818066105855,1.0582132183618858,True,56.06404494382023,55.07915716424623,0.9824328091103502,-0.008861430666865002,0.9721140589996651,1.0261860448265654,lettera,World War II,wikipedia,World War II
g,lettere,865,0.0173,50000,1.237940638536714,0.004466801121927731,1.2151583005233397,True,57.64351851851852,58.847704965667035,1.0208902315142623,0.010337143100844775,0.8955481122374985,1.1169135020463299,lettera,World War II,wikipedia,World War II
y,lettere,612,0.01224,50000,1.1647399810079802,0.015834269683003065,1.0805524649330367,True,81.47463175122749,81.6166404279251,1.0017429802828839,0.0008707313076914397,0.9333310458736963,1.066262697262126,lettera,World War II,wikipedia,World War II
w,lettere,589,0.01178,50000,1.1763070018951216,0.0030499505271958213,1.1529807114539485,True,84.99489795918367,94.47497694439382,1.1115370359025865,0.052822675617863094,1.0058588741005374,0.9871700135753075,lettera,World War II,wikipedia,World War II
the,parole,726,0.01452,50000,1.0807100484324588,0.0036161196158357896,1.0651521234930812,True,68.87172413793104,56.26210207866868,0.8169114797531601,-0.10076909210332784,1.0102239220747105,0.9295184955926749,funzione,World War II,wikipedia,World War II
and,parole,292,0.00584,50000,1.1301739155026198,0.013637686615890291,1.0348561464825072,True,170.97938144329896,153.08687950591144,0.8953528677765095,-0.055212479956967014,1.0164352404430261,1.0001736761329951,funzione,World War II,wikipedia,World War II
of,parole,260,0.0052,50000,1.1986187855762291,0.01514106407005701,1.1219973798010294,True,192.02316602316603,196.29332446289948,1.0222377254170378,0.010996593099583243,0.9739640610816515,1.0112464630199283,funzione,World War II,wikipedia,World War II
in,parole,249,0.00498,50000,1.2719977545782708,0.01763219379999812,1.1336029716912672,True,200.2016129032258,260.279046140361,1.3000846614865968,0.1304667895540181,0.9693539682730631,1.110013077954295,funzione,World War II,wikipedia,World War II
to,parole,204,0.00408,50000,1.0651027816306935,0.014762423547094132,0.9748961998877762,True,240.92118226600985,218.02480487134804,0.9049632034040864,-0.04988904584933033,0.9764594639177694,0.997831630535614,funzione,World War II,wikipedia,World War II
on,parole,88,0.00176,50000,1.2031067231453398,0.006238436216013414,1.1822439377648657,True,571.2068965517242,732.0233529432037,1.2815380160188896,0.12339834534519481,0.9671109873225374,1.100831038950199,funzione,World War II,wikipedia,World War II
germany,parole,78,0.00156,50000,1.2287793317852094,0.008398397499573535,1.1640041338042908,True,635.2727272727273,1006.0766507939279,1.583692495525645,0.22591407318652076,0.9323060902771373,1.2110642281315076,keyword,World War II,wikipedia,World War II
soviet,parole,71,0.00142,50000,1.3640703468977418,0.006340679027801203,1.3170035001896285,True,689.1428571428571,1069.4444350156402,1.5518472315732756,0.2162540236521324,0.9813773226473215,1.3199164582134177,keyword,World War II,wikipedia,World War II
japan,parole,57,0.00114,50000,1.41711195948349,0.015799737174537965,1.3032911769595317,True,859.0,1431.3863718278674,1.6663403630126512,0.24990821586624634,1.0632490531641279,1.364362705124247,keyword,World War II,wikipedia,World War II
united,parole,52,0.00104,50000,1.1676128514489095,0.00953435576701131,1.1443971370626858,True,934.1960784313726,1134.3113509016446,1.2142112101415472,0.09674380165740977,0.8497480502991426,1.1183021518005405,keyword,World War II,wikipedia,World War II
german,parole,52,0.00104,50000,1.184200118829155,0.004887128938389946,1.2137201840083574,True,959.4509803921569,1406.8583910788673,1.4663160701590416,0.18907392925067024,0.9514284841293809,1.1223386777452944,keyword,World War II,wikipedia,World War II
japanese,parole,53,0.00106,50000,1.4565644815224086,0.015339640782728058,1.3477959394771186,True,934.0192307692307,2154.6017555718095,2.306806631590811,0.3951868909135891,0.99570783182755,1.3861134761873644,keyword,World War II,wikipedia,World War II
forces,parole,47,0.00094,50000,1.1645014380337808,0.006385093020268077,1.15910057351605,True,1026.3478260869565,1260.6941865036335,1.2283303520115043,0.10246701159250984,1.0470489615528804,1.071365874032587,keyword,World War II,wikipedia,World War II
was,parole,70,0.0014,50000,0.9224166806724429,0.007112888230959081,0.9540397598703704,True,719.6376811594203,587.2598125044649,0.8160492812971116,-0.10129169984390606,1.0934803693753163,0.9275659534832309,appaiata,World War II,wikipedia,World War II
with,parole,67,0.00134,50000,0.9480446099529094,0.013243126368373449,0.9787935330440984,True,751.939393939394,685.8364657911227,0.9120900850772566,-0.045975822796649975,1.0102358567800829,0.9364386479173713,appaiata,World War II,wikipedia,World War II
an,parole,49,0.00098,50000,0.9627766160293693,0.012076479883433806,0.9312331889476982,True,1029.3541666666667,984.7536140618126,0.9566713245555871,-0.02214407442918601,0.8857270570187984,0.9546859503828524,appaiata,World War II,wikipedia,World War II
for,parole,45,0.0009,50000,1.142894987082834,0.010041032343766123,1.0737916401284837,True,1113.2727272727273,1216.612574506857,1.0928252751572292,0.04435404916937243,0.9712955145606249,1.087019666543754,appaiata,World War II,wikipedia,World War II
its,parole,42,0.00084,50000,1.0860951151931222,0.006591784908621893,1.0926982284734184,True,1113.0243902439024,1446.9955509227539,1.300057360473176,0.1304564684471378,0.9713919930248472,1.0948076482677684,appaiata,World War II,wikipedia,World War II
against,parole,39,0.00078,50000,0.9730445688578763,0.0028034539411101508,0.9925348011324459,True,1247.9473684210527,1342.3494117035982,1.0756458530795143,0.03644448929825047,0.9534727071892438,1.0336671512832358,appaiata,World War II,wikipedia,World War II
had,parole,39,0.00078,50000,1.0648126965486067,0.006266051047734224,1.0975907955031345,True,1258.6842105263158,1198.548471327853,0.9522233307643405,-0.024472952701038456,0.9160315211359363,0.9985927094732872,appaiata,World War II,wikipedia,World War II
vocali,vc,15371,0.30742,50000,1.2262789620261532,0.008822528858530175,1.1682027627279084,True,3.2529603122966817,1.6792838247159991,0.5162324970175789,-0.3190589200099518,0.9789743921690622,1.02631788805111,vocali,World War I,wikipedia,World War I
spazio,lettere,7753,0.15506,50000,1.1498363693324967,0.009364895534591059,1.0910735849251225,True,6.4489164086687305,3.0044857638071325,0.46589001522309353,-0.36435883949698666,0.936969762526891,0.9578082943448888,spazio,World War I,wikipedia,World War I
e,lettere,4888,0.09776,50000,1.2325227009014448,0.008099014908640071,1.185218200102371,True,10.226723961530592,8.542264358025175,0.835288445269299,-0.08974695784483738,0.9697313407863172,0.9692124364098942,lettera,World War I,wikipedia,World War I
a,lettere,3715,0.0743,50000,1.1748030792544433,0.01479617492133089,1.0676644011207312,True,13.457996768982229,11.652107067399573,0.865812889348819,-0.07191884642731418,0.9877442439818669,0.9142971048606756,lettera,World War I,wikipedia,World War I
t,lettere,3533,0.07066,50000,1.0369572501017985,0.006479933902636513,1.0380331230782003,True,14.150056625141563,12.125540684790936,0.8569252410797068,-0.07704928327491664,1.0493705084110612,0.9434473092727093,lettera,World War I,wikipedia,World War I
n,lettere,3182,0.06364,50000,1.0437386534092887,0.0018426455631428405,1.0538235128854578,True,15.698208110657026,12.99167948272407,0.8275899638446265,-0.09433737302468087,1.0424934132076957,0.9807613237919185,lettera,World War I,wikipedia,World War I
i,lettere,3030,0.0606,50000,1.161966260377897,0.006698523447574893,1.147160246379957,True,16.49488279960383,15.315173775763505,0.9284803027597954,-0.037086039788871435,1.0468321908879898,0.9872846227311937,lettera,World War I,wikipedia,World War I
r,lettere,2864,0.05728,50000,1.0668090600474276,0.0047789685436793235,1.0783717682934069,True,17.451973454418443,14.827627649142029,0.8496246964774067,-0.08130044100783347,0.9613845719275674,0.959669212244194,lettera,World War I,wikipedia,World War I
o,lettere,2640,0.0528,50000,1.1901972336476099,0.003552086225609151,1.2001783656931082,True,18.945812807881772,17.083118074155248,0.9016830392754851,-0.05169997244229109,0.9153354605529304,1.0301862641170378,lettera,World War I,wikipedia,World War I
s,lettere,2579,0.05158,50000,1.1710061538997976,0.004858784305853144,1.1313057555861454,True,19.377812257564003,17.745429717206758,0.9157602252173718,-0.043971982335665204,1.0556871006318522,1.0166460754997848,lettera,World War I,wikipedia,World War I
h,lettere,1704,0.03408,50000,1.2134347127087532,0.00839771763929088,1.1521653010930648,True,29.347034644744568,25.575421314155637,0.8714823021730972,-0.06867160735512848,1.047840727503767,1.0034511831227084,lettera,World War I,wikipedia,World War I
d,lettere,1610,0.0322,50000,1.1333905256458636,0.00612569939457663,1.10572421547919,True,31.067743940335614,27.530372371789987,0.8861400565377708,-0.060366643011247195,0.9918693483455847,1.0490166713658757,lettera,World War I,wikipedia,World War I
l,lettere,1495,0.0299,50000,1.0101048104330772,0.009130426044510535,0.9449167593734731,True,33.44645247657296,34.60982612543395,1.0347831701934864,0.017094288326642112,0.9489488154666369,1.0154446437626317,lettera,World War I,wikipedia,World War I
c,lettere,1190,0.0238,50000,1.0567687158633308,0.010775011718921245,1.1269602795324631,True,41.886459209419684,39.542838637816885,0.9440482529238052,-0.028781048511550354,0.9671646633510603,0.9717622101851552,lettera,World War I,wikipedia,World War I
u,lettere,1098,0.02196,50000,1.0917040506192721,0.010789363054853625,1.0085780648746192,True,45.31358249772106,44.20869683180458,0.9756168988410474,-0.012342018927483574,1.0067202549534313,0.9888755647709638,lettera,World War I,wikipedia,World War I
m,lettere,1003,0.02006,50000,0.9699798213798927,0.0038771992170052207,0.9886382854163771,True,49.771457085828345,48.300411322665944,0.9704439883962879,-0.014999671027323769,1.0203054480533431,0.962210225832211,lettera,World War I,wikipedia,World War I
f,lettere,996,0.01992,50000,1.1060385868449096,0.004964788497467697,1.1191798645677415,True,50.196984924623116,51.21836895946592,1.0203475176123933,0.01007129587113779,0.995524519493255,0.8742011946963378,lettera,World War I,wikipedia,World War I
g,lettere,858,0.01716,50000,0.9993561514085033,0.00882506925317185,0.9415109086850687,True,57.964994165694286,55.180512502838354,0.9519627026115723,-0.024609741428029106,0.9057188138653157,0.9684111227873684,lettera,World War I,wikipedia,World War I
p,lettere,761,0.01522,50000,1.0857782327258303,0.0073700144941562275,1.093662695429036,True,65.43026315789474,72.18422033436255,1.1032237507614682,0.049078825172117944,0.9645558959964551,1.0730369835515026,lettera,World War I,wikipedia,World War I
w,lettere,695,0.0139,50000,1.1142449598928363,0.008948462135768361,1.0954803295162732,True,72.01296829971182,70.61748761751758,0.9806218141656603,-0.009783889935849685,1.0184493391439766,0.9656021576311883,lettera,World War I,wikipedia,World War I
b,lettere,675,0.0135,50000,1.0879634515741592,0.0098368880804345,1.1558244332905294,True,73.97626112759644,74.86963032888579,1.0120764308397316,0.006001974206661515,1.0457205960630478,0.9551189789759174,lettera,World War I,wikipedia,World War I
the,parole,679,0.01358,50000,1.248229030038119,0.025007534132280927,1.058353630067407,True,73.71386430678466,62.48491090736391,0.847668365984888,-0.08244533316665438,0.9554333450021858,0.9835566873100108,funzione,World War I,wikipedia,World War I
of,parole,271,0.00542,50000,1.097148070234015,0.002439710086430966,1.1122549049296888,True,183.88148148148147,188.97381073254164,1.027693540480709,0.013657655818217837,0.9703329681554412,1.0482159318481037,funzione,World War I,wikipedia,World War I
and,parole,249,0.00498,50000,1.1505162307790053,0.01547564597922896,1.0900279452736406,True,200.88709677419354,170.26546121343992,0.8475679321744902,-0.08250417490527953,0.9817020254477007,0.9959417305551255,funzione,World War I,wikipedia,World War I
to,parole,218,0.00436,50000,1.1000893875314788,0.009726417272134412,1.041428644118479,True,224.38709677419354,232.36869533884442,1.0355706664037059,0.017474542638477576,1.0020683794027316,0.9974597803009058,funzione,World War I,wikipedia,World War I
in,parole,212,0.00424,50000,1.1467308204716435,0.005342425107870363,1.1089788200661879,True,235.27014218009478,246.1384976167428,1.0461952177013967,0.022576153683562146,0.974284483632781,1.0610520567143433,funzione,World War I,wikipedia,World War I
on,parole,93,0.00186,50000,1.1064500643360484,0.00769325061059873,1.0714611586618,True,520.7065217391304,629.6549471611194,1.2092319202342758,0.09470799254615518,0.9983933865308328,1.0254578259021,funzione,World War I,wikipedia,World War I
german,parole,70,0.0014,50000,1.3071117494124935,0.017074997790264872,1.1805244482380532,True,702.5652173913044,1032.0059205008706,1.4689112056142102,0.18992631429916312,0.9981201029575845,1.1462597071385803,keyword,World War I,wikipedia,World War I
germany,parole,46,0.00092,50000,1.1634624367780595,0.016934586730936785,1.0363232259362212,True,1019.5777777777778,1398.4337096923975,1.3715811977977352,0.15668078248503056,0.9695058414655766,1.1257937969070355,keyword,World War I,wikipedia,World War I
british,parole,37,0.00074,50000,1.3677896406876093,0.004987095091979383,1.3282433484834437,True,1188.0,2384.5541901400115,2.0072004967508517,0.3349296123883617,1.073727935920753,1.3556135950651311,keyword,World War I,wikipedia,World War I
french,parole,34,0.00068,50000,1.3340914632965615,0.01033839493603242,1.2568168547393834,True,1351.2727272727273,2428.696683315036,1.797340118169093,0.28503509923239706,0.9741132993132847,1.319938042811682,keyword,World War I,wikipedia,World War I
army,parole,33,0.00066,50000,1.1146010825731054,0.004211640755202935,1.0851819372307987,True,1484.84375,1715.2048332370327,1.1551416324020845,0.07198674558997141,0.9762078338668632,1.1023774261561836,keyword,World War I,wikipedia,World War I
powers,parole,30,0.0006,50000,1.1576272068542675,0.004511808256259732,1.1329901674780443,True,1579.4137931034484,2476.739050174664,1.5681381668245584,0.22122570123516672,1.019944580745827,1.1531211610667575,keyword,World War I,wikipedia,World War I
russian,parole,31,0.00062,50000,1.2055793079769768,0.007073561160724306,1.1475910462897483,True,1484.6666666666667,1851.6165971897383,1.247159809512621,0.10998764238589101,1.0525677405875158,1.1488742171122166,keyword,World War I,wikipedia,World War I
as,parole,61,0.00122,50000,1.0377011671525382,0.008646877655276426,0.986180774510218,True,827.9,1161.7973611928098,1.4033063911013526,0.16781313967901165,1.0340077669674768,1.0283611782460238,appaiata,World War I,wikipedia,World War I
were,parole,44,0.00088,50000,1.0437113744626465,0.003716499410422722,1.057604411894529,True,1071.3255813953488,973.502652940603,0.9086898230066193,-0.04783919099518564,0.9887617878612831,0.9558563289640737,appaiata,World War I,wikipedia,World War I
from,parole,35,0.0007,50000,1.1858118605559167,0.008684122016436317,1.120967223413718,True,1280.735294117647,1390.954442510904,1.0860592730593808,0.04125447161104281,0.9887372613292128,1.0784313227880338,appaiata,World War I,wikipedia,World War I
an,parole,34,0.00068,50000,0.8656879558288786,0.006372105862815789,0.9109449957773329,True,1396.969696969697,1055.8322394220734,0.7558018199767553,-0.13908071927302,0.9357550152959792,0.9068704416268328,appaiata,World War I,wikipedia,World War I
this,parole,30,0.0006,50000,1.0517801392768267,0.007564306328827204,1.0610793689564022,True,1590.448275862069,1629.5913726673693,1.024611361085656,0.012156091563399399,0.9408505934741124,1.0549762060188408,appaiata,World War I,wikipedia,World War I
after,parole,29,0.00058,50000,1.0432263776283957,0.01102007971899073,0.9833868102000174,True,1503.2857142857142,1634.4908564407328,1.0872789123904905,0.04181468603567349,0.9975470143272956,1.053841512818588,appaiata,World War I,wikipedia,World War I
that,parole,27,0.00054,50000,0.9322346639960917,0.016364275516058634,0.9896872243528211,True,1731.3076923076924,1308.102374257635,0.7555574205957815,-0.13923929604151733,0.9724320628478681,0.9651072132920616,appaiata,World War I,wikipedia,World War I
vocali,vc,15770,0.3154,50000,1.1217210948166085,0.005548850411574779,1.1686754150443057,True,3.170587862261399,1.5472254395493692,0.4879932387194032,-0.3440921288871179,0.9857107114288267,0.9744373608470122,vocali,Hinduism,wikipedia,Hinduism
spazio,lettere,7556,0.15112,50000,1.2833235536832837,0.00883793798302715,1.2354990612874464,True,6.616148246194573,3.3170803771514925,0.5013612533635996,-0.3321244274282867,1.0107257646811265,0.9580126824188794,spazio,Hinduism,wikipedia,Hinduism
e,lettere,4310,0.0862,50000,1.2978650798061102,0.006321055090228197,1.2617561816573284,True,11.598050591784636,10.894380069113176,0.9393285520611628,-0.031284770120232654,1.0254985988373175,1.0455864507654178,lettera,Hinduism,wikipedia,Hinduism
i,lettere,3884,0.07768,50000,1.2793177038569328,0.01469232909006041,1.194219745562242,True,12.87355137780067,11.683937834902057,0.9075924344427599,-0.048441985766332636,0.9812225559628556,1.0078413337826209,lettera,Hinduism,wikipedia,Hinduism
a,lettere,3781,0.07562,50000,1.199089334395019,0.00840863771329606,1.1407250271824598,True,13.222222222222221,12.054051915967412,0.9116509852412329,-0.046216079943912095,0.9556691121483037,1.084312453860167,lettera,Hinduism,wikipedia,Hinduism
t,lettere,3426,0.06852,50000,1.1862691638125429,0.0056229227050670905,1.2007773540102227,True,14.58978102189781,12.873697220356982,0.882377686206177,-0.0624860327742643,0.9336740036275613,0.9147781658771391,lettera,Hinduism,wikipedia,Hinduism
n,lettere,3156,0.06312,50000,1.2386727074416348,0.008798834859977752,1.1748960761937124,True,15.837400950871633,13.107230389633667,0.8276124618106794,-0.0943239016976992,0.9624959764036504,1.0936121977247437,lettera,Hinduism,wikipedia,Hinduism
s,lettere,3044,0.06088,50000,1.2875373849580538,0.0073887281121285675,1.2455827664878814,True,16.42589549786395,14.921204828325768,0.9083952123198485,-0.048000952364996,0.922769542823468,0.9379218767747579,lettera,Hinduism,wikipedia,Hinduism
o,lettere,2646,0.05292,50000,1.2329411066257274,0.005480149718030738,1.2040191515116734,True,18.88506616257089,18.710420253539944,0.9907521685374296,-0.004645395649306063,0.9399149812972322,1.0025992780079391,lettera,Hinduism,wikipedia,Hinduism
r,lettere,2449,0.04898,50000,1.0711698686624358,0.013647402862515454,1.1601991129366123,True,20.415849673202615,18.58402609122055,0.9102744381789569,-0.04696998505962185,0.9445587646828869,0.9725393784406249,lettera,Hinduism,wikipedia,Hinduism
h,lettere,2168,0.04336,50000,1.0896673484054271,0.015655224321247118,1.139734469216679,True,23.06552838024919,20.43489193484363,0.8859494392654733,-0.06047381672063614,0.9839628681854435,0.944257570536362,lettera,Hinduism,wikipedia,Hinduism
d,lettere,1890,0.0378,50000,1.1543809765697512,0.004978055393934412,1.1729421833692035,True,26.45262043409211,21.955728875871777,0.8300020381941161,-0.09289495763274742,1.0105356553491822,1.0109326329473982,lettera,Hinduism,wikipedia,Hinduism
l,lettere,1447,0.02894,50000,0.9866853457142115,0.01887462436681851,1.0535550368418842,True,34.54495159059474,37.22685136276231,1.0776350710793223,0.03736703916871752,0.9951224535961257,1.037924714095399,lettera,Hinduism,wikipedia,Hinduism
c,lettere,1239,0.02478,50000,1.18480205330082,0.004516994756128081,1.1620222423487148,True,40.266558966074314,44.7310478471565,1.110873364789965,0.05252487744616408,0.9449665803544791,1.000590278039531,lettera,Hinduism,wikipedia,Hinduism
m,lettere,1157,0.02314,50000,1.2876178094734156,0.012517346421875965,1.1969362496552587,True,43.24134948096886,43.02021737035866,0.994886095987649,-0.0025635067699537853,0.9122410649489338,0.9683412264064227,lettera,Hinduism,wikipedia,Hinduism
u,lettere,1149,0.02298,50000,1.1143171775505671,0.007435150745048079,1.0596742582672607,True,43.47996515679443,38.7878514312942,0.8920856144070067,-0.05703462082862167,0.8762044385634616,0.9467776083633277,lettera,Hinduism,wikipedia,Hinduism
f,lettere,837,0.01674,50000,1.2779460161121434,0.012683053518699977,1.1892981985284834,True,59.68421052631579,58.491748039508124,0.9800204697977551,-0.010090567500186281,1.0270132503606775,0.9750401127849981,lettera,Hinduism,wikipedia,Hinduism
p,lettere,699,0.01398,50000,1.0531552373078266,0.012426113076440088,1.105095987463172,True,71.40974212034384,83.18312940914055,1.1648708837087736,0.07615737499611201,1.021749017495563,0.9332984224935852,lettera,Hinduism,wikipedia,Hinduism
g,lettere,666,0.01332,50000,1.00903541662974,0.008941875196209086,0.9607953715911376,True,74.9593984962406,72.88981104279605,0.9723905541538153,-0.013997960894732464,0.9420348410007504,0.9634787265595111,lettera,Hinduism,wikipedia,Hinduism
v,lettere,553,0.01106,50000,1.3403811184876522,0.014181976417611097,1.2254112334451692,True,90.09057971014492,102.52589837939388,1.138031287058625,0.06455999399733771,1.0727973977084713,1.0073041032316348,lettera,Hinduism,wikipedia,Hinduism
y,lettere,531,0.01062,50000,1.0533776751249708,0.007635459542285364,1.0755221434247217,True,93.90943396226415,84.39653068096665,0.8987013031606591,-0.05335157071347386,0.9429565596165075,0.9686372450446648,lettera,Hinduism,wikipedia,Hinduism
the,parole,538,0.01076,50000,1.0404155284768226,0.011134834845804594,1.1138744933264575,True,92.60893854748603,91.50158914180504,0.9880427373097124,-0.006014590363619939,1.0222110026341784,0.983376664998813,funzione,Hinduism,wikipedia,Hinduism
and,parole,344,0.00688,50000,0.9696450583786332,0.016191747686501747,1.011848854691106,True,144.932944606414,116.51259824116136,0.8039069278387179,-0.10870465051998195,0.9319649802542312,0.9532895984486083,funzione,Hinduism,wikipedia,Hinduism
of,parole,339,0.00678,50000,1.110935592444665,0.01128747815811001,1.0532419248914624,True,147.5207100591716,134.75440188721467,0.9134609088660415,-0.04522647456918442,1.0034366523866565,1.015850278012642,funzione,Hinduism,wikipedia,Hinduism
to,parole,189,0.00378,50000,1.2074488056849504,0.007779422808250325,1.1751208670147486,True,261.51063829787233,310.21845829162237,1.186255596754231,0.08519387990624268,0.9312661953366158,1.0693627355915731,funzione,Hinduism,wikipedia,Hinduism
in,parole,177,0.00354,50000,1.1738662602943037,0.008084953527931617,1.1184358812943058,True,282.1306818181818,319.7474538651508,1.1333310216547487,0.06249898412452117,0.9610869742154087,1.0510601010144858,funzione,Hinduism,wikipedia,Hinduism
as,parole,133,0.00266,50000,1.058024146007244,0.008694354623189616,0.9852385413889816,True,376.57575757575756,375.71920084166726,0.9977254065965253,-0.001138591618229386,0.9891445960005735,0.9610958029094684,funzione,Hinduism,wikipedia,Hinduism
hinduism,parole,131,0.00262,50000,1.2133755020474806,0.017131934227712413,1.0925024924769615,True,376.83846153846156,391.65219113305136,1.039310556396266,0.019276395286126985,0.9943838401669391,1.1329618641357735,keyword,Hinduism,wikipedia,Hinduism
hindu,parole,83,0.00166,50000,1.0991426540260874,0.0031296005287017392,1.093265187434412,True,601.8170731707318,611.8534708803775,1.0166768244987932,0.008269458098690634,0.9267966500358947,1.0433409592527914,keyword,Hinduism,wikipedia,Hinduism
dharma,parole,43,0.00086,50000,1.4094073982587443,0.00419128424187294,1.3945995437081435,True,1019.6904761904761,2808.2772124308353,2.754048682422189,0.46724185827298353,0.9536902884085018,1.3282431815170432,keyword,Hinduism,wikipedia,Hinduism
religion,parole,38,0.00076,50000,1.262582506814199,0.005274253313797306,1.2380768563039881,True,930.918918918919,1064.6648501961745,1.1436708703187335,0.06702095564575714,1.0402314670358994,1.2325914559874132,keyword,Hinduism,wikipedia,Hinduism
hindus,parole,32,0.00064,50000,1.1022870747611777,0.008785187252665791,1.165336574593251,True,1561.4516129032259,2000.838921364564,1.2813966855139238,0.12334404064873722,0.9623177403476147,0.9638230400537927,keyword,Hinduism,wikipedia,Hinduism
traditions,parole,30,0.0006,50000,1.2194532219679957,0.007610109187183326,1.1528581323216263,True,1274.2758620689656,1736.9807116404136,1.363111994305677,0.1536583941771095,0.9300138400597104,1.253917264395412,keyword,Hinduism,wikipedia,Hinduism
life,parole,30,0.0006,50000,1.309332892966202,0.007391523561186772,1.2489273237130103,True,1616.0,2756.966500651447,1.7060436266407468,0.2609136156157326,0.9902731481722213,1.215483622484664,keyword,Hinduism,wikipedia,Hinduism
is,parole,124,0.00248,50000,1.2792353862890404,0.00630930972286888,1.2398745224788426,True,406.3170731707317,518.5620616235803,1.2762497464773872,0.12136179121157416,0.959010056430051,1.151566304263441,appaiata,Hinduism,wikipedia,Hinduism
that,parole,78,0.00156,50000,1.1884592906743625,0.010374243267873557,1.1032263029102058,True,640.1298701298701,801.0924342265273,1.2514529810396144,0.11168475786845233,0.9921908250754896,1.0940325636948645,appaiata,Hinduism,wikipedia,Hinduism
by,parole,43,0.00086,50000,1.057393595439166,0.007109272893722491,1.1101972640651356,True,1013.4761904761905,1045.4948702932616,1.0315929275082691,0.015550815855131772,0.9894896373585832,1.203058297417986,appaiata,Hinduism,wikipedia,Hinduism
it,parole,40,0.0008,50000,1.1630317303830713,0.0091895585145339,1.220929303277587,True,1251.4871794871794,1580.6296858463331,1.2630011012130593,0.11621784057996264,0.9936812675365371,1.0488215797848166,appaiata,Hinduism,wikipedia,Hinduism
which,parole,32,0.00064,50000,1.139161147142952,0.003286744145210014,1.135872937131335,True,1355.483870967742,1667.2105819995213,1.229974489338057,0.10312875346225259,0.9971886002377163,1.1482612436814847,appaiata,Hinduism,wikipedia,Hinduism
an,parole,31,0.00062,50000,1.0314910240092827,0.01324953304896714,1.1315388678309675,True,1652.7,1714.5470126598134,1.0374218022991548,0.01836723365624428,0.9929382859666913,1.040034238406829,appaiata,Hinduism,wikipedia,Hinduism
have,parole,29,0.00058,50000,1.0635286200046243,0.006663282609834878,1.1168824229582035,True,1698.7142857142858,1841.2856993022638,1.083929013128908,0.04027441078853888,1.0743203966233634,1.0573383105115284,appaiata,Hinduism,wikipedia,Hinduism
vocali,vc,15135,0.3027,50000,1.1320302247619114,0.022285549567948572,0.9982187026391621,True,3.303687062243954,1.6589200536876334,0.5021420075304741,-0.33143204169358526,1.039877766788379,0.9114204875628668,vocali,Adolf Hitler,wikipedia,Adolf Hitler
spazio,lettere,7872,0.15744,50000,1.0584798116681093,0.005188726205929501,1.077558076278327,True,6.351670689874222,3.083146290041673,0.48540713783490036,-0.34643219966962047,1.0130097277113264,0.886030249463241,spazio,Adolf Hitler,wikipedia,Adolf Hitler
e,lettere,4992,0.09984,50000,1.2067186089334918,0.00846009201297269,1.2504086783852262,True,10.015628130635143,8.290115090732897,0.8277179406627169,-0.09426074751710047,0.9527289643212266,0.9388711264023987,lettera,Adolf Hitler,wikipedia,Adolf Hitler
t,lettere,3417,0.06834,50000,1.1380789952204649,0.008305771182317803,1.1031880187052283,True,14.625,12.515532077854337,0.8557628771182453,-0.07772389708847714,1.032511886983462,0.9757931667040255,lettera,Adolf Hitler,wikipedia,Adolf Hitler
a,lettere,3412,0.06824,50000,1.0117462648032727,0.003677652011757685,0.9997610727597643,True,14.657285253591322,11.891251700199275,0.8112860938751045,-0.10418779604339415,1.0176377340441842,0.8853550333718007,lettera,Adolf Hitler,wikipedia,Adolf Hitler
i,lettere,3215,0.0643,50000,1.0814980405721486,0.006382815079743755,1.1238651538912503,True,15.551337896701929,13.936642788529722,0.896170019653766,-0.05475773758156617,1.0138468826760576,1.069158356506453,lettera,Adolf Hitler,wikipedia,Adolf Hitler
n,lettere,3000,0.06,50000,1.31338092481326,0.01657262279026347,1.2053133084219887,True,16.631543847949317,14.810633180955111,0.8905146339004045,-0.057912995824693156,0.9531659754900632,0.9665303635207868,lettera,Adolf Hitler,wikipedia,Adolf Hitler
r,lettere,2894,0.05788,50000,0.9845573199749907,0.006509876775509931,1.0228068728962534,True,17.272381610784652,14.756921194123283,0.8543651666953243,-0.0785362214089755,0.9582366801339023,0.9699813974730885,lettera,Adolf Hitler,wikipedia,Adolf Hitler
o,lettere,2612,0.05224,50000,1.135475002372866,0.009248599768059154,1.0884181401454385,True,19.14094216775182,16.737460374908583,0.8744324196907839,-0.06698965456963787,1.001030773627604,1.0111918256824508,lettera,Adolf Hitler,wikipedia,Adolf Hitler
s,lettere,2346,0.04692,50000,1.1123481303024618,0.00741097200825501,1.1603685784580966,True,21.300639658848613,19.995829866449654,0.9387431639003891,-0.031596158397986816,0.941561121124132,0.9635721044011297,lettera,Adolf Hitler,wikipedia,Adolf Hitler
h,lettere,2030,0.0406,50000,1.153941210231067,0.0031860778404501013,1.1600184340650206,True,24.61754558896008,21.056714242325537,0.8553539249570264,-0.07796144611402048,0.9850437153172006,0.9562575479460138,lettera,Adolf Hitler,wikipedia,Adolf Hitler
l,lettere,1770,0.0354,50000,1.0336816448931954,0.008188368282485604,0.9722779669471149,True,28.254381006218203,28.121318547866657,0.9952905548232587,-0.0023602803939291326,0.9122670718394247,1.019718241399977,lettera,Adolf Hitler,wikipedia,Adolf Hitler
d,lettere,1549,0.03098,50000,1.20566919095284,0.007593493520035926,1.150132161740059,True,32.26808785529716,28.75532320287236,0.891138121720214,-0.05756421333242608,1.0084778153051268,1.0591223123367264,lettera,Adolf Hitler,wikipedia,Adolf Hitler
c,lettere,1259,0.02518,50000,1.1269015091744996,0.015212281740697072,1.0313774505304647,True,39.67806041335453,38.29698682734226,0.9651930167043287,-0.01771173772744391,0.9355577403050215,0.9767709006919546,lettera,Adolf Hitler,wikipedia,Adolf Hitler
m,lettere,1159,0.02318,50000,0.9658874345128228,0.006877481590061561,1.0261031195104884,True,43.08117443868739,42.54749107836741,0.9876121445788458,-0.006232531560516834,0.941457955713338,1.0434565093188886,lettera,Adolf Hitler,wikipedia,Adolf Hitler
p,lettere,908,0.01816,50000,1.2401541384532953,0.007258747292104884,1.1911805307003602,True,55.07717750826902,58.86193106660781,1.068717275095852,0.0332173351685614,0.9586146341040157,1.040198061856392,lettera,Adolf Hitler,wikipedia,Adolf Hitler
u,lettere,904,0.01808,50000,1.065782682341864,0.014645693860821271,0.9963818781292951,True,55.10077519379845,54.3749794653718,0.9868278490479688,-0.006629739440356079,0.9755341708325053,0.9263624369981632,lettera,Adolf Hitler,wikipedia,Adolf Hitler
f,lettere,900,0.018,50000,1.1325941223379994,0.005538608014179481,1.0977049820879445,True,55.59288097886541,54.38367977916936,0.9782489919859388,-0.01099508105510295,0.9903485520454259,0.9895749643822297,lettera,Adolf Hitler,wikipedia,Adolf Hitler
g,lettere,869,0.01738,50000,1.0978669815783995,0.0032442335041430793,1.0862665369556288,True,57.42626728110599,54.40431619506686,0.9473768498438798,-0.02702258176702621,0.9621596770286912,1.0279721819281884,lettera,Adolf Hitler,wikipedia,Adolf Hitler
w,lettere,605,0.0121,50000,1.150281004969082,0.009833662204683282,1.0963603600150842,True,82.68543046357615,79.92351476205566,0.9665973112066322,-0.01698501701544237,0.9911878839665299,0.9608942272938772,lettera,Adolf Hitler,wikipedia,Adolf Hitler
y,lettere,604,0.01208,50000,1.055802852757669,0.003207180446135501,1.0630759938320231,True,82.67661691542288,80.11295949823366,0.9689917474512557,-0.01574828974721843,0.9527682851379309,1.0352516378071817,lettera,Adolf Hitler,wikipedia,Adolf Hitler
the,parole,594,0.01188,50000,1.206894715491497,0.006212353387272055,1.164476852542513,True,84.04384485666104,76.98061422379784,0.9159577879271263,-0.04386433386081999,0.9683851450865522,0.9798906556288766,funzione,Adolf Hitler,wikipedia,Adolf Hitler
of,parole,301,0.00602,50000,1.1530381078196572,0.004629955008053504,1.1420638496412305,True,166.05333333333334,165.94354871488432,0.9993388592914986,-0.000330679667145434,1.0413920855840422,1.02834464709334,funzione,Adolf Hitler,wikipedia,Adolf Hitler
in,parole,254,0.00508,50000,0.9906790282388566,0.00709761728057673,0.9698233305526275,True,194.62845849802372,187.4021339841697,0.9628711825104066,-0.01891556502557016,1.0481871562564924,0.9843575678605476,funzione,Adolf Hitler,wikipedia,Adolf Hitler
and,parole,227,0.00454,50000,1.0332976784967574,0.019017915386396612,0.8967229404473217,True,219.53982300884957,192.9928972969722,0.8790792242243574,-0.06435107909064139,0.9268368540932435,0.9277622713376416,funzione,Adolf Hitler,wikipedia,Adolf Hitler
to,parole,211,0.00422,50000,1.0965905921537318,0.01395602608857143,0.984341096384293,True,237.1095238095238,229.7466930579503,0.9689475537157746,-0.015771088582640827,1.0294601973324382,0.9802408961500292,funzione,Adolf Hitler,wikipedia,Adolf Hitler
his,parole,113,0.00226,50000,1.2135942492776246,0.010375992019080309,1.2040136711721785,True,430.70535714285717,593.4028854627747,1.3777467022913155,0.15886751180321265,0.9939360495710448,1.1449036270327537,funzione,Adolf Hitler,wikipedia,Adolf Hitler
hitler,parole,196,0.00392,50000,0.9628028572178257,0.021227268335854862,0.7912646396020531,True,256.06666666666666,196.06752641396116,0.7656893767793328,-0.13270206317266084,0.9726608352850596,0.8842362349211296,keyword,Adolf Hitler,wikipedia,Adolf Hitler
party,parole,68,0.00136,50000,1.4362079179157412,0.006129613537291243,1.3946877467872592,True,699.820895522388,2076.9514440084736,2.967832851658585,0.4959465091469303,0.9731773105961032,1.3875404278241164,keyword,Adolf Hitler,wikipedia,Adolf Hitler
german,parole,56,0.00112,50000,1.2489402271954895,0.00833370813397124,1.1884221713861176,True,900.9636363636364,1151.7734789451208,1.2783795399265765,0.12218312842448875,0.9695583893521368,1.117534679330119,keyword,Adolf Hitler,wikipedia,Adolf Hitler
germany,parole,45,0.0009,50000,1.1436072350912148,0.00992884272363443,1.0621200950208567,True,1115.7272727272727,1665.478189082243,1.4927287606864397,0.19766641620115682,0.986887134309416,1.1520542631790978,keyword,Adolf Hitler,wikipedia,Adolf Hitler
hitler's,parole,35,0.0007,50000,1.0592751961455646,0.006727339112338454,1.0105085118299282,True,1333.3823529411766,1389.117444141617,1.0417997816436522,0.020472027678445193,1.0162688539056128,1.0343305839732515,keyword,Adolf Hitler,wikipedia,Adolf Hitler
nazi,parole,35,0.0007,50000,1.2048800330563343,0.025907928935430393,0.995477216939001,True,1148.3823529411766,2040.3075973490752,1.7766796852316187,0.2797152618512536,0.9802582269402332,1.201285619635328,keyword,Adolf Hitler,wikipedia,Adolf Hitler
political,parole,24,0.00048,50000,1.1807402528596882,0.004517776340564621,1.1853146783324702,True,1877.9130434782608,2338.2843149517566,1.2451504733258567,0.1091911104571547,1.0978801741418376,1.1655768550814265,keyword,Adolf Hitler,wikipedia,Adolf Hitler
was,parole,102,0.00204,50000,1.1910398072009207,0.008740521639240656,1.1156118662659542,True,490.61386138613864,612.3536228405452,1.248137631314479,0.1103747510197557,0.9420713350336504,1.1681298785925114,appaiata,Adolf Hitler,wikipedia,Adolf Hitler
that,parole,61,0.00122,50000,1.228425292336382,0.016905014048245938,1.2945407283527257,True,735.1833333333333,910.9899716962166,1.2391330575541928,0.10679716274449455,1.0026724882777616,1.1490346427582867,appaiata,Adolf Hitler,wikipedia,Adolf Hitler
with,parole,49,0.00098,50000,1.0282031433399457,0.006658932618867872,0.9843193435745243,True,964.0,1154.605578781426,1.1977236294413132,0.08996746760718811,1.0406148975362932,1.0384504683545768,appaiata,Adolf Hitler,wikipedia,Adolf Hitler
from,parole,40,0.0008,50000,0.9973525413484783,0.0045923194006933414,0.992210212474889,True,1250.7179487179487,1362.9806723099261,1.0897586252016713,0.04295167112565889,0.972101296474804,0.9561776115410585,appaiata,Adolf Hitler,wikipedia,Adolf Hitler
war,parole,32,0.00064,50000,1.163854755493626,0.00938912371030484,1.150285517384792,True,1529.741935483871,2345.8920260424316,1.5335214205920327,0.21058492588839436,0.9619632700712987,1.1466293629375566,appaiata,Adolf Hitler,wikipedia,Adolf Hitler
had,parole,29,0.00058,50000,1.0375689783300972,0.011033245087332638,1.1022096953310032,True,1379.357142857143,1329.630168973082,0.9639491670873154,-0.01835629634251214,0.951188434307087,1.0821850458504765,appaiata,Adolf Hitler,wikipedia,Adolf Hitler
which,parole,23,0.00046,50000,1.0870874877617422,0.009658479317872184,1.0083685654488215,True,2162.318181818182,2807.519043506861,1.2983838674223989,0.12982333876065347,0.9491113218637173,1.068680083303656,appaiata,Adolf Hitler,wikipedia,Adolf Hitler
vocali,vc,14887,0.29774,50000,1.2269045575454212,0.01327786834472132,1.1325652757562634,True,3.358726320032245,1.5726158744848495,0.46821792686870417,-0.36219560012145974,0.901828646361766,0.9570199527910672,vocali,wrnpc_0,letterario,Guerra e pace
spazio,lettere,7917,0.15834,50000,1.149875641897014,0.013487976208011298,1.063207993593701,True,6.315816068721577,3.535765458234,0.5598271735214886,-0.2821933313834832,1.0188993020181125,0.9697705029200924,spazio,wrnpc_0,letterario,Guerra e pace
e,lettere,4871,0.09742,50000,0.9584793447328688,0.010947164983455758,1.0037709482005146,True,10.26652977412731,8.477775232962546,0.825768338424089,-0.09542922719664368,0.9832920646574367,0.9735749285011802,lettera,wrnpc_0,letterario,Guerra e pace
a,lettere,3285,0.0657,50000,1.0216172841095952,0.005296833616918247,1.0371273769508458,True,15.204323995127893,13.32544325311354,0.8764245787832181,-0.06585685490056588,0.9887537204887334,0.9882137692905868,lettera,wrnpc_0,letterario,Guerra e pace
t,lettere,3264,0.06528,50000,1.1541792073620167,0.013059113589127841,1.1707193251862973,True,15.29788538155072,14.306023558556745,0.9351634687896039,-0.03350442081823181,0.9088273712886125,0.9190553692261917,lettera,wrnpc_0,letterario,Guerra e pace
o,lettere,2864,0.05728,50000,1.1288221949832093,0.010666425080535245,1.071830613585674,True,17.450925602514843,16.07389095138339,0.921091025055255,-0.04107508385370516,1.1329241233395442,1.0421690523662492,lettera,wrnpc_0,letterario,Guerra e pace
i,lettere,2859,0.05718,50000,1.0992947925867522,0.003451320487652795,1.1052624522911818,True,17.48775367389783,15.554099828777602,0.8894281174599117,-0.058521349141738045,0.9650074220862033,0.9765357993940068,lettera,wrnpc_0,letterario,Guerra e pace
n,lettere,2850,0.057,50000,1.0530725437813884,0.006116908553872764,1.068281406515437,True,17.533520533520534,15.402705794199655,0.8784719397768865,-0.06469516932871926,1.0085610584824976,0.9694810060448681,lettera,wrnpc_0,letterario,Guerra e pace
s,lettere,2480,0.0496,50000,1.136109508227487,0.007664368800058259,1.0823020129542957,True,20.156514723678903,19.41099253696373,0.963013338519314,-0.018841777972117467,0.9575486750916338,0.8656723779568409,lettera,wrnpc_0,letterario,Guerra e pace
h,lettere,2386,0.04772,50000,0.9380775458456321,0.00477180777758836,0.9771309628657987,True,20.952201257861635,18.096642952049834,0.8637108210890088,-0.07312785726669464,1.0405271861801453,0.9538726204010022,lettera,wrnpc_0,letterario,Guerra e pace
r,lettere,2278,0.04556,50000,0.9658894749146547,0.009086399592379064,1.030131443908612,True,21.953008344312693,19.82336290845652,0.9029907244394642,-0.05097727188823289,0.9174314151209261,1.0292291874311228,lettera,wrnpc_0,letterario,Guerra e pace
d,lettere,1706,0.03412,50000,0.880372672737343,0.007321441553949269,0.9224410644614434,True,29.29032258064516,26.437201816014294,0.9025916919564352,-0.0511976944161886,1.0135628062215796,0.9824257643355206,lettera,wrnpc_0,letterario,Guerra e pace
l,lettere,1619,0.03238,50000,1.1954485612379888,0.0029063051422599,1.1817909087876575,True,30.868355995055623,32.75205252885353,1.0610235457340078,0.029608369036014572,1.0261001595659156,0.991726608773566,lettera,wrnpc_0,letterario,Guerra e pace
u,lettere,1008,0.02016,50000,1.0084739967359517,0.014301435854793418,1.0765583352062396,True,49.61866931479643,46.215692439375786,0.9314174095675342,-0.03550894285861397,0.9719377714771874,0.9292084402573195,lettera,wrnpc_0,letterario,Guerra e pace
c,lettere,941,0.01882,50000,1.0561482087540635,0.0043214739142865945,1.0734635331283777,True,53.001063829787235,46.90623505511793,0.885005538865355,-0.0610048399135547,0.9294010602977663,1.021640509805468,lettera,wrnpc_0,letterario,Guerra e pace
m,lettere,939,0.01878,50000,1.1095455913419054,0.015534363471619576,1.0129858952338366,True,53.227078891257996,53.019303709539194,0.9960964383910061,-0.0019555977025540877,0.9776202505792706,0.9752717596445603,lettera,wrnpc_0,letterario,Guerra e pace
p,lettere,890,0.0178,50000,1.181997681969238,0.01983279834305409,1.0342172262332308,True,56.06299212598425,56.535650799361726,1.0084308499324353,0.004197729751422059,0.9880846675208733,0.9131625191459087,lettera,wrnpc_0,letterario,Guerra e pace
w,lettere,887,0.01774,50000,1.107669209039261,0.011602279805365974,1.0207837301880502,True,56.35891647855531,53.56826643633473,0.950484320554984,-0.025386350929971598,0.9905062654764499,1.0132777122255672,lettera,wrnpc_0,letterario,Guerra e pace
g,lettere,796,0.01592,50000,1.0068187759638232,0.009450020123852258,0.9583097356841688,True,62.78993710691824,60.64549837306932,0.9658474138905828,-0.017372958790238077,1.013554860632099,0.9301601842166719,lettera,wrnpc_0,letterario,Guerra e pace
y,lettere,773,0.01546,50000,1.1518125041829146,0.004949799192669772,1.1782564602704964,True,64.67746113989638,67.82217811401729,1.0486215277887754,0.023733777630100414,0.964150567360934,1.0555232169048798,lettera,wrnpc_0,letterario,Guerra e pace
f,lettere,689,0.01378,50000,1.046787561544154,0.00828565544219276,1.1064587894012268,True,72.46220930232558,83.2129991510786,1.148364091465922,0.06905910038958384,0.9580676979864492,1.0067181681486705,lettera,wrnpc_0,letterario,Guerra e pace
the,parole,455,0.0091,50000,1.263060884146508,0.01771175686384154,1.1352846914845247,True,109.23568281938326,103.24870616316296,0.9451921157840015,-0.02817607771040569,1.092510124968608,0.9789148646403921,funzione,wrnpc_0,letterario,Guerra e pace
and,parole,299,0.00598,50000,1.1088222638071468,0.006259479760686593,1.0884232828579785,True,167.04697986577182,141.76992484365178,0.8486829570793135,-0.08185126732587415,0.966888905398589,0.9932718154928306,funzione,wrnpc_0,letterario,Guerra e pace
to,parole,298,0.00596,50000,1.0447061847949124,0.012280475979268294,1.1194576149362372,True,165.5151515151515,161.41923532581094,0.9752535272339365,-0.012528251399058303,1.0325085285073887,1.0188189793518778,funzione,wrnpc_0,letterario,Guerra e pace
of,parole,181,0.00362,50000,1.153978424032379,0.003928980285281977,1.1391001025942167,True,269.5777777777778,276.24804568292876,1.0247433893110043,0.012220506283230416,0.9199370353148014,1.0664606502460872,funzione,wrnpc_0,letterario,Guerra e pace
he,parole,145,0.0029,50000,1.1717886384773148,0.010836190701255844,1.2038115340531101,True,339.6666666666667,426.99706030661326,1.2571061638074972,0.1139096458687555,0.9746806701429901,1.109509039315045,funzione,wrnpc_0,letterario,Guerra e pace
her,parole,134,0.00268,50000,1.434647986978926,0.01266073336198642,1.335451811801349,True,374.3383458646617,610.3873693937522,1.6305766591553827,0.239710428875259,0.9453234850780934,1.1856423060032955,funzione,wrnpc_0,letterario,Guerra e pace
prince,parole,81,0.00162,50000,1.3000514991885335,0.027406216895488802,1.1192565828836212,True,619.1,806.5658660038446,1.302803853987796,0.13149355011866365,0.9591090380389011,1.2034380860527047,keyword,wrnpc_0,letterario,Guerra e pace
anna,parole,61,0.00122,50000,1.148603511869423,0.019108821731181218,0.9930321903672026,True,758.7333333333333,930.6022082804752,1.2265207911613327,0.1017375593619234,1.0043184577188873,1.1135811603761971,keyword,wrnpc_0,letterario,Guerra e pace
pávlovna,parole,59,0.00118,50000,1.1764182799338192,0.019470374827403176,1.0161991388828482,True,784.8965517241379,1003.8936773515895,1.2790139989102933,0.12242750551058634,0.9748836502119577,1.1693737188320208,keyword,wrnpc_0,letterario,Guerra e pace
pierre,parole,59,0.00118,50000,1.3087647979752801,0.018749608293295018,1.177812001190308,True,724.6551724137931,1367.4211039394895,1.8869955752674372,0.30723828705046435,0.99733542460508,1.3158951116318074,keyword,wrnpc_0,letterario,Guerra e pace
princess,parole,45,0.0009,50000,1.1200508636450857,0.007421564729800152,1.0814024360860928,True,1095.9545454545455,1144.443156046083,1.0442432679280753,0.021642858568842318,0.9467507620902494,1.0637282329901738,keyword,wrnpc_0,letterario,Guerra e pace
vicomte,parole,41,0.00082,50000,1.4255201988342987,0.01766185671078774,1.2824625429800673,True,784.3,1076.9672566029442,1.3731572824211964,0.15724085596235127,0.9966019835472304,1.307074974300065,keyword,wrnpc_0,letterario,Guerra e pace
andrew,parole,35,0.0007,50000,1.321913952655663,0.008748266617050473,1.2691371215718892,True,887.4117647058823,1196.2838195123657,1.3480594545744542,0.14823281152288117,0.9234308665668644,1.288857443886146,keyword,wrnpc_0,letterario,Guerra e pace
with,parole,77,0.00154,50000,0.9277238717594595,0.008699649539284843,0.9942647083699195,True,655.671052631579,634.3715501850714,0.9675149568354122,-0.016510696933576194,0.9493710095490805,0.930227199234441,appaiata,wrnpc_0,letterario,Guerra e pace
at,parole,62,0.00124,50000,0.9571468695756848,0.019558604975207717,1.0712626712642617,True,815.0983606557377,762.1813149314283,0.9350789447279244,-0.03354956419165813,0.9566895658409035,1.0314192795717931,appaiata,wrnpc_0,letterario,Guerra e pace
for,parole,51,0.00102,50000,1.1266858759887808,0.004046772923393925,1.0955679886828478,True,969.16,1107.2015718993207,1.1424342439837805,0.06648243435417141,0.9511199383663058,1.0604347856171275,appaiata,wrnpc_0,letterario,Guerra e pace
on,parole,49,0.00098,50000,1.086199233497505,0.00339966897335639,1.0786318577990441,True,916.5833333333334,894.2677935187103,0.9756535614350871,-0.012323232696337711,0.9573289001703568,1.097707158729991,appaiata,wrnpc_0,letterario,Guerra e pace
all,parole,45,0.0009,50000,0.9765742172766866,0.011717328035363898,0.9961001797922289,True,1105.7272727272727,1065.1552646649932,0.9633074004205315,-0.018689177034431338,0.9821332131672732,0.9406911881841312,appaiata,wrnpc_0,letterario,Guerra e pace
who,parole,39,0.00078,50000,0.9245195443242226,0.0049174296693579485,0.9265693729770819,True,1164.3947368421052,958.5285045451725,0.8231989326443953,-0.09697299849730046,1.014772858074312,0.9645619630906879,appaiata,wrnpc_0,letterario,Guerra e pace
very,parole,33,0.00066,50000,1.054306399804776,0.008769053982379394,1.0420008109603027,True,1416.0,1811.0721472599166,1.2790057537146304,0.12242433054847239,0.9731957985076404,1.0175170955539994,appaiata,wrnpc_0,letterario,Guerra e pace
vocali,vc,14627,0.29254,50000,1.1190106747128061,0.008214206102712836,1.0742121313164896,True,3.418296184876248,1.5543237503001597,0.4547071600106036,-0.3748471547946611,0.9491922373820216,0.9836129531434258,vocali,wrnpc_1,letterario,Guerra e pace
spazio,lettere,8093,0.16186,50000,1.0700087046712174,0.00999147653094348,1.0095795759522326,True,6.178324270884825,3.348052006824946,0.541902927077257,-0.2970985169546864,1.0496747037826355,0.9312123087406722,spazio,wrnpc_1,letterario,Guerra e pace
e,lettere,4868,0.09736,50000,1.0271007327538608,0.002832590526768363,1.0180588249319262,True,10.2697760427368,8.716156840311967,0.8487192713882389,-0.08183001657042364,0.9616945182298527,0.9686932165161438,lettera,wrnpc_1,letterario,Guerra e pace
t,lettere,3534,0.07068,50000,1.1660750513263844,0.01046266737654616,1.0879465132458652,True,14.15058024341919,12.554793737230414,0.8872281928558438,-0.05975525777489821,0.9718380510980055,0.9217682462820053,lettera,wrnpc_1,letterario,Guerra e pace
a,lettere,3022,0.06044,50000,1.0748915788014661,0.013280860601496924,1.004461196374516,True,16.53723932472691,14.120426477246614,0.853856329945796,-0.07883225236686872,0.9548085541988067,1.0241107991058054,lettera,wrnpc_1,letterario,Guerra e pace
i,lettere,2951,0.05902,50000,1.162363477341131,0.0023734898762206714,1.176352772647832,True,16.93050847457627,13.81933953611415,0.8162388954156921,-0.10117672573147353,1.045360291357591,0.9225933209038901,lettera,wrnpc_1,letterario,Guerra e pace
n,lettere,2890,0.0578,50000,1.0238597690799873,0.006728220352598304,1.0384404221454422,True,17.29664243682935,14.669568929361272,0.8481165626761,-0.08218282352492448,0.9122615166609472,1.0217235349450033,lettera,wrnpc_1,letterario,Guerra e pace
o,lettere,2844,0.05688,50000,1.10573926472292,0.005326267792228101,1.1348712768499805,True,17.585297221245163,16.673206069672027,0.9481333104525967,-0.026623788664315504,1.0041195683435478,1.0182982453542724,lettera,wrnpc_1,letterario,Guerra e pace
h,lettere,2666,0.05332,50000,1.1352595988200747,0.012832385448860428,1.0492240098184957,True,18.74971857410882,15.340260654738051,0.8181595149871298,-0.10001349359830913,0.9992073872301542,1.0056692803692473,lettera,wrnpc_1,letterario,Guerra e pace
s,lettere,2551,0.05102,50000,0.9388932481699102,0.011150891884064611,1.0213246645699314,True,19.59843137254902,19.220048805324268,0.9806932218180103,-0.009747485359832062,1.0075523130574522,0.9028590066329483,lettera,wrnpc_1,letterario,Guerra e pace
r,lettere,2269,0.04538,50000,1.074247438016949,0.005398562559693317,1.0831060653760642,True,22.006172839506174,19.77939553384463,0.8988112416501627,-0.05329058314500979,1.0265244140153187,1.03719986598306,lettera,wrnpc_1,letterario,Guerra e pace
d,lettere,1760,0.0352,50000,1.2316187992528131,0.01489499440579513,1.1173547681368974,True,28.37521318931211,25.826214946031044,0.9101681377237659,-0.0470282487191318,1.037196656995406,1.0202702702897077,lettera,wrnpc_1,letterario,Guerra e pace
l,lettere,1561,0.03122,50000,1.0437343452365957,0.012342109410630617,1.1058370504599775,True,31.9474358974359,34.199521073506425,1.0704934562917858,0.0340466935925691,1.0761268058437592,1.015044739351999,lettera,wrnpc_1,letterario,Guerra e pace
c,lettere,979,0.01958,50000,1.059426363901602,0.0063667654221048866,1.0156439944471913,True,50.93353783231084,49.336858108554544,0.9686517019686898,-0.015923740090723688,1.0210952469346222,1.0862259954650277,lettera,wrnpc_1,letterario,Guerra e pace
u,lettere,942,0.01884,50000,1.1965467475866391,0.012641935172149291,1.1282864015049232,True,53.07757704569607,50.416703337283394,0.9498682144793111,-0.025710345524082478,0.9291774171880282,0.9999488035769656,lettera,wrnpc_1,letterario,Guerra e pace
w,lettere,933,0.01866,50000,0.9545629683732618,0.011390099053787763,0.8815694108522112,True,53.62339055793991,49.526119681481646,0.9235917230554234,-0.039721670679269766,0.953740782346931,0.907824650642478,lettera,wrnpc_1,letterario,Guerra e pace
m,lettere,922,0.01844,50000,1.0033818174291431,0.008967627432481503,1.052440694471513,True,54.19761129207383,54.603631376541834,1.0074914756349673,0.0037317596243330664,0.9892627688515012,0.9343539068063212,lettera,wrnpc_1,letterario,Guerra e pace
g,lettere,814,0.01628,50000,0.9727245200302989,0.0074286251123580034,1.0301254695585065,True,61.398523985239855,57.453310217615446,0.9357441594431026,-0.03319438689428008,1.0404731572003827,0.9464568376184341,lettera,wrnpc_1,letterario,Guerra e pace
p,lettere,809,0.01618,50000,0.9833646333605875,0.00297266392902522,0.9794561422960529,True,61.79579207920792,64.6074343792338,1.045498928089181,0.022243437757107194,0.9513502068046389,1.0220071288808998,lettera,wrnpc_1,letterario,Guerra e pace
y,lettere,746,0.01492,50000,1.188821563441038,0.004475033956210602,1.1863554767955062,True,66.94093959731543,63.76849722522307,0.952608338168298,-0.02427095127339215,1.007016970406399,0.9453049827947092,lettera,wrnpc_1,letterario,Guerra e pace
f,lettere,682,0.01364,50000,1.1508224974565144,0.006497075909733242,1.1568919714751478,True,72.81497797356828,78.00428614943758,1.071267043131607,0.03440746250848288,1.010261325818118,0.9300255147984849,lettera,wrnpc_1,letterario,Guerra e pace
the,parole,556,0.01112,50000,1.2791609330081581,0.019267361896756922,1.1376658295023372,True,89.64684684684684,83.40041708747378,0.9303218129908741,-0.03609666872134924,0.9998666347147926,1.0138577014223205,funzione,wrnpc_1,letterario,Guerra e pace
and,parole,321,0.00642,50000,1.022533540893922,0.004057584659365127,1.001089152841002,True,155.15,123.98949293132371,0.7991588329444003,-0.11163059279592039,0.9861250618989557,0.9115124298534223,funzione,wrnpc_1,letterario,Guerra e pace
to,parole,227,0.00454,50000,1.2230437237799308,0.011541142807081064,1.1625703287838456,True,220.33185840707964,237.07512274588285,1.0759911183968174,0.036604741573028295,1.0281623933183577,1.1381754276397846,funzione,wrnpc_1,letterario,Guerra e pace
of,parole,186,0.00372,50000,0.9933834433270479,0.010966697787457715,1.0831031257679806,True,267.05945945945945,294.78832075585024,1.1038302906495627,0.049352978284909504,0.9360189375570789,0.958059813379634,funzione,wrnpc_1,letterario,Guerra e pace
in,parole,141,0.00282,50000,1.1695045819795329,0.010485970553148071,1.1062717384573377,True,352.12142857142857,419.53332188350237,1.1914450182301222,0.08736017405754445,1.0400642336900303,1.0783997086026256,funzione,wrnpc_1,letterario,Guerra e pace
his,parole,128,0.00256,50000,1.148030703143264,0.012638958333444934,1.2236316707622863,True,390.25984251968504,508.03737227545224,1.3017925928410798,0.1311119836685981,1.0040882921762193,1.0642322919886338,funzione,wrnpc_1,letterario,Guerra e pace
pierre,parole,90,0.0018,50000,1.405719770372618,0.02912754314402297,1.1863383881430924,True,412.3707865168539,538.1182571538797,1.3049378732649053,0.13229765400703233,0.9848698793103191,1.3165626123744896,keyword,wrnpc_1,letterario,Guerra e pace
princess,parole,63,0.00126,50000,1.1550297415452895,0.008383033146666545,1.1029761076739462,True,781.6129032258065,1121.556417894036,1.434925668787252,0.1786196902691788,0.9813817827872203,1.1750268719506647,keyword,wrnpc_1,letterario,Guerra e pace
prince,parole,58,0.00116,50000,1.1889072383968864,0.006900047143833876,1.1419163535641865,True,806.3157894736842,1097.8676760933106,1.3615852379747326,0.1531112373842681,0.9832581073300924,1.248882890628347,keyword,wrnpc_1,letterario,Guerra e pace
anna,parole,51,0.00102,50000,1.2915783739364928,0.026590295708051877,1.1102380892746957,True,586.0,536.0400914034665,0.914744183282366,-0.04452595676331211,0.9985116275193286,1.2758147954199082,keyword,wrnpc_1,letterario,Guerra e pace
mikháylovna,parole,51,0.00102,50000,1.2915783739364928,0.026590295708051874,1.1102380892746946,True,586.0,536.0400914034665,0.914744183282366,-0.04452595676331211,1.043734226475337,1.2396389371358107,keyword,wrnpc_1,letterario,Guerra e pace
will,parole,39,0.00078,50000,1.2919647391927378,0.010592460947137608,1.2813250302821437,True,1230.7894736842106,1866.3390983839117,1.5163755770491478,0.20520608360643863,1.001966287687366,1.194410144143394,keyword,wrnpc_1,letterario,Guerra e pace
vasíli,parole,38,0.00076,50000,1.2315173300230458,0.016927365893831446,1.0959448394083435,True,1056.945945945946,1406.5860353262342,1.3308022427460726,0.14192634479205432,1.0265322817872038,1.2275533421316125,keyword,wrnpc_1,letterario,Guerra e pace
not,parole,85,0.0017,50000,1.1769125944813106,0.009828312127337951,1.1078720764197636,True,575.1190476190476,739.3795739210085,1.285611347740938,0.12496059228233697,0.8651537577236429,1.1374223243449506,appaiata,wrnpc_1,letterario,Guerra e pace
him,parole,62,0.00124,50000,1.2377630919640252,0.007682824989702638,1.1964964838993468,True,718.4590163934427,914.163088545483,1.2723942043826602,0.11987101703450316,0.935640311457865,1.190857224692149,appaiata,wrnpc_1,letterario,Guerra e pace
had,parole,57,0.00114,50000,1.0702487561925744,0.007493688919651457,1.0223609867930101,True,873.4285714285714,887.8409943051915,1.0165009748342069,0.008182973893956847,0.9891093618821918,1.0391777335020747,appaiata,wrnpc_1,letterario,Guerra e pace
this,parole,55,0.0011,50000,0.9784890833185866,0.008007717260111952,0.9995959114550194,True,918.2407407407408,860.0473206635626,0.9366250946018428,-0.03272440575866162,0.9937190483115592,0.9720479094231544,appaiata,wrnpc_1,letterario,Guerra e pace
said,parole,45,0.0009,50000,1.1296931003594535,0.0053764529600633625,1.1242415374900652,True,1052.090909090909,1072.7678571174056,1.019653195220899,0.009730975232482567,1.0170684975879014,1.1211381134573317,appaiata,wrnpc_1,letterario,Guerra e pace
be,parole,39,0.00078,50000,1.069483624980307,0.005917828691906236,1.05364657579448,True,1271.7894736842106,1554.0245251446538,1.221919631590317,0.09987743410479713,1.0032027458062773,1.055401104011206,appaiata,wrnpc_1,letterario,Guerra e pace
one,parole,37,0.00074,50000,1.0424812377947585,0.00815458946077492,1.0186667947286667,True,1349.388888888889,1414.7105969122706,1.04840836363872,0.02363218413770246,0.9398340053585343,1.0363390285256875,appaiata,wrnpc_1,letterario,Guerra e pace
vocali,vc,14540,0.2908,50000,1.3545522068518332,0.017701454177509058,1.2284537617217146,True,3.438682165210812,1.5940304521202835,0.4635585307206081,-0.366532296467341,1.0097507074043712,0.9636609825063281,vocali,wrnpc_2,letterario,Guerra e pace
spazio,lettere,8013,0.16026,50000,1.0561495333121258,0.005693072940527663,1.086103262712519,True,6.2403894158761855,3.357324494289741,0.5379991969328655,-0.30039079603453217,0.9866397174533663,0.9515002462185004,spazio,wrnpc_2,letterario,Guerra e pace
e,lettere,4818,0.09636,50000,1.036066557014912,0.011422003995411524,1.0969403955172232,True,10.377413327797385,8.53921312725327,0.8228652803468632,-0.09717378544805615,0.9056376895084907,0.9965308168265675,lettera,wrnpc_2,letterario,Guerra e pace
t,lettere,3518,0.07036,50000,1.177496019615844,0.010187580084090979,1.1344613535916361,True,14.211259596246801,12.233600781811296,0.8608385976597173,-0.07478424110253251,0.9564475322099476,1.0136641757287619,lettera,wrnpc_2,letterario,Guerra e pace
a,lettere,3072,0.06144,50000,1.0906477883039882,0.009854494583931001,1.0249201276884157,True,16.275805926408335,14.445059256773725,0.8875172954314889,-0.05959293980551176,0.9671648330325535,0.9053339128565376,lettera,wrnpc_2,letterario,Guerra e pace
o,lettere,2893,0.05786,50000,1.1346421244462155,0.004631016237931697,1.1175306636254154,True,17.283886583679116,15.76426049860022,0.912078450774269,-0.04598218717967793,0.9787919344033692,0.9285828655258529,lettera,wrnpc_2,letterario,Guerra e pace
n,lettere,2817,0.05634,50000,1.1327627781453018,0.0036430457412909216,1.1225869066624012,True,17.750355113636363,16.45392403698521,0.9269630906902141,-0.03790259899769277,1.004347560895188,0.938806526351212,lettera,wrnpc_2,letterario,Guerra e pace
i,lettere,2700,0.054,50000,1.2740415824194942,0.01464666582703279,1.1843812755015917,True,18.520933679140423,16.393597070954463,0.8851388032028906,-0.06092983530016879,1.01312791267808,0.9793888101410371,lettera,wrnpc_2,letterario,Guerra e pace
h,lettere,2586,0.05172,50000,1.346088479865388,0.01217672321329608,1.2510549529069424,True,19.31644100580271,16.243230922330405,0.8409018471596759,-0.08642402803049842,1.0008851532830036,0.9620533857933764,lettera,wrnpc_2,letterario,Guerra e pace
s,lettere,2522,0.05044,50000,1.18775598024561,0.002158975163150494,1.1812260454979964,True,19.83181277270924,18.934166319448845,0.9547370447901941,-0.02315552126586117,1.013951952797182,0.9901727860109327,lettera,wrnpc_2,letterario,Guerra e pace
r,lettere,2303,0.04606,50000,1.0627103072034734,0.01304213711083934,1.1376797992037004,True,21.697654213727194,18.871964671371046,0.8697698140765626,-0.06965038420398033,0.9213139767260939,1.0188436016628328,lettera,wrnpc_2,letterario,Guerra e pace
d,lettere,1868,0.03736,50000,1.0976371531029396,0.003150546972350081,1.0760943556984917,True,26.74076057846813,25.154341666461598,0.9406741290192049,-0.03056972321817767,0.9963642034502237,1.005909062142053,lettera,wrnpc_2,letterario,Guerra e pace
l,lettere,1467,0.02934,50000,1.1273789570027326,0.02069678294092402,0.9847986350446749,True,34.09072305593452,37.56337019988704,1.1018648721018547,0.04846404421802359,0.978231518110844,0.9806212055921092,lettera,wrnpc_2,letterario,Guerra e pace
u,lettere,1057,0.02114,50000,1.2993266744339078,0.007962357961516469,1.2411995927396924,True,47.285037878787875,47.595682662928816,1.0065696211333754,0.003274055913227996,1.0241209819247752,0.9988938956391925,lettera,wrnpc_2,letterario,Guerra e pace
f,lettere,942,0.01884,50000,1.0293472455327959,0.023229260847947027,1.1669786736125447,True,53.04994686503719,58.67139515163865,1.1059652010755603,0.05031669137811094,1.0081883114834642,0.9626657534206022,lettera,wrnpc_2,letterario,Guerra e pace
c,lettere,929,0.01858,50000,1.1998573893677158,0.012115267471838633,1.0987775353292095,True,53.77047413793103,52.03276818958168,0.9676828970506784,-0.01642393853082784,0.9858183528750865,1.0393843203895063,lettera,wrnpc_2,letterario,Guerra e pace
w,lettere,917,0.01834,50000,1.1046290654150832,0.002932541148888463,1.1169749641554148,True,54.448689956331876,53.5950673493704,0.9843224399403167,-0.007900711973077788,1.0198508072407944,1.0485214991047922,lettera,wrnpc_2,letterario,Guerra e pace
g,lettere,878,0.01756,50000,1.1358022567014887,0.013485329631414324,1.0821263781504842,True,56.72976054732041,54.12231362827021,0.9540374065764788,-0.02352185954518072,0.9556583394555597,0.9830609763805481,lettera,wrnpc_2,letterario,Guerra e pace
m,lettere,845,0.0169,50000,1.1190358883863574,0.004823247924583793,1.1535947363767303,True,59.09834123222749,61.80264419897776,1.0457593717584,0.022367915009998532,0.883451315265282,1.030096731223782,lettera,wrnpc_2,letterario,Guerra e pace
y,lettere,684,0.01368,50000,1.2778292547567371,0.004972805084547439,1.2544142779311254,True,73.17276720351391,77.89599063491082,1.0645489245781876,0.03126538868115018,0.9654232550446734,1.071621375896724,lettera,wrnpc_2,letterario,Guerra e pace
p,lettere,613,0.01226,50000,1.1666772303664368,0.015224372227593558,1.0590968833542642,True,81.27941176470588,90.71336866551275,1.1160682231327785,0.054850888957135226,0.9528842352454122,0.9894725627327746,lettera,wrnpc_2,letterario,Guerra e pace
the,parole,694,0.01388,50000,1.2693046323248092,0.009168132013125581,1.3163503314987823,True,71.98701298701299,68.21028437616704,0.9475359727520949,-0.02693866916037877,1.0227234386358366,1.0191563734683327,funzione,wrnpc_2,letterario,Guerra e pace
and,parole,306,0.00612,50000,1.2325279350222131,0.012793094038406404,1.131658831637381,True,163.37704918032787,142.18288398342102,0.8702745256862013,-0.06936172873669581,0.9567521108088531,0.9477476574265933,funzione,wrnpc_2,letterario,Guerra e pace
of,parole,258,0.00516,50000,1.0337069296423163,0.01136164945468103,1.094125315234801,True,192.21400778210116,208.24256467042363,1.0833891196238563,0.04002570563434241,1.0318139288193293,1.0021312497464994,funzione,wrnpc_2,letterario,Guerra e pace
to,parole,211,0.00422,50000,1.2174246283881878,0.006505852032891583,1.2200046130645494,True,233.8095238095238,261.17031768003943,1.1170217253117776,0.05527658214964406,1.0164467178758523,1.0670799401965108,funzione,wrnpc_2,letterario,Guerra e pace
he,parole,152,0.00304,50000,1.3084575747142388,0.013896865789711594,1.2142778056489987,True,324.1523178807947,526.8312664518481,1.6252583658697992,0.2381702212622562,0.9509996831267667,1.240033633292432,funzione,wrnpc_2,letterario,Guerra e pace
his,parole,143,0.00286,50000,1.3043036054488404,0.007859979514851498,1.2412210453921857,True,341.16901408450707,498.57321210368883,1.4613672154300419,0.18744347147300136,0.9590049248902464,1.154415394888947,funzione,wrnpc_2,letterario,Guerra e pace
bridge,parole,51,0.00102,50000,1.3807591140757753,0.006617575868250008,1.3617719796073195,True,957.4,2801.093744105203,2.9257298350795935,0.49054059142624357,0.9546187914713057,1.4012735482995307,keyword,wrnpc_2,letterario,Guerra e pace
prince,parole,38,0.00076,50000,1.3655854379393784,0.01407326712589199,1.2502861788113333,True,1301.2702702702702,3110.086937411599,2.3900391859145778,0.41003631807269736,0.9601202125350481,1.304757889481113,keyword,wrnpc_2,letterario,Guerra e pace
nesvítski,parole,28,0.00056,50000,1.379633539747566,0.01961969084451236,1.2256347552912488,True,1028.2592592592594,1932.3271659719728,1.879221751296447,0.30536784841270176,0.9811949450912163,1.3501597308253324,keyword,wrnpc_2,letterario,Guerra e pace
andrew,parole,26,0.00052,50000,1.383444785146669,0.02701119120770909,1.1923940705253437,True,679.76,744.5958232490966,1.0953804625884085,0.04551940055343734,0.912089213140165,1.3766938042957657,keyword,wrnpc_2,letterario,Guerra e pace
rostóv,parole,25,0.0005,50000,1.4980743893468567,0.026563190628958996,1.28713844465589,True,596.5833333333334,768.9804609191069,1.2889740928941587,0.1262461177657028,0.9602316183267959,1.4706988952916655,keyword,wrnpc_2,letterario,Guerra e pace
will,parole,23,0.00046,50000,1.0745159396872948,0.024089580345140197,1.2179951252472316,True,2261.6363636363635,3503.2478338366786,1.5489881088593724,0.21537491954210605,0.9541864326142284,1.1200336432010427,keyword,wrnpc_2,letterario,Guerra e pace
officer,parole,21,0.00042,50000,1.2234869754178377,0.007829963827226514,1.199207489225768,True,1750.6,2848.581076144476,1.6272027168653467,0.2387340393792281,0.9377323506859069,1.1878726669645658,keyword,wrnpc_2,letterario,Guerra e pace
said,parole,53,0.00106,50000,1.1579500193081356,0.004818708839069841,1.1253825001411628,True,953.9807692307693,1250.3946277528237,1.3107126140090477,0.13446614352875605,1.037308962155956,1.1895901721514937,appaiata,wrnpc_2,letterario,Guerra e pace
an,parole,37,0.00074,50000,1.2313094732385246,0.0036512172621467887,1.2358307008030334,True,1362.5277777777778,1628.5229150738514,1.1952218087838913,0.088930334056785,0.9837792535033906,1.1095531411048531,appaiata,wrnpc_2,letterario,Guerra e pace
been,parole,28,0.00056,50000,1.062255919946502,0.005746749299770667,1.1047144638403654,True,1686.9259259259259,2237.8408021663327,1.3265791744459785,0.14036882046954016,0.9975745050365759,1.102976769290356,appaiata,wrnpc_2,letterario,Guerra e pace
now,parole,25,0.0005,50000,1.0205807091270382,0.006043214594517979,1.0190614044208086,True,1985.0,1814.9743560291638,0.9143447637426518,-0.04474389246892363,0.9272719032046108,0.967501274866283,appaiata,wrnpc_2,letterario,Guerra e pace
only,parole,24,0.00048,50000,1.1226919339198245,0.0037289268486581746,1.1186318609094101,True,1711.0,1794.4814647336782,1.0487910372493736,0.02381455031884487,0.9568921610218432,1.0649427285614106,appaiata,wrnpc_2,letterario,Guerra e pace
no,parole,22,0.00044,50000,0.9811698589449483,0.011976298549586926,0.9757560032681607,True,2244.8571428571427,2276.297262786965,1.0140053989759932,0.006954002696871643,0.9911046709055228,0.9800922350052303,appaiata,wrnpc_2,letterario,Guerra e pace
colonel,parole,22,0.00044,50000,1.4990642948424846,0.02225344327802425,1.3264013691427374,True,948.4761904761905,1945.0703231258146,2.0507318398253895,0.34441959994934485,0.9621260633511947,1.4575576565044466,appaiata,wrnpc_2,letterario,Guerra e pace
vocali,vc,14678,0.29356,50000,1.1541930901740112,0.005176232941134449,1.1842729131252514,True,3.4064863391701303,1.5774046416232224,0.4630591420506037,-0.3669987374514658,0.9802395566789448,0.9597210636561267,vocali,wrnpc_3,letterario,Guerra e pace
spazio,lettere,8105,0.1621,50000,1.267625065483229,0.014599391014321207,1.1645822376470014,True,6.169422507403751,3.375624283906724,0.5471540131763925,-0.29269612654391775,0.9759823198640477,0.9984422047048599,spazio,wrnpc_3,letterario,Guerra e pace
e,lettere,5008,0.10016,50000,1.1283678279570077,0.005047841696726203,1.0989266801953241,True,9.984621529858199,8.359456116499649,0.8372331481470154,-0.08859346567807519,0.9208100861565747,0.977291835957215,lettera,wrnpc_3,letterario,Guerra e pace
t,lettere,3346,0.06692,50000,1.094116331274552,0.0071337442386173785,1.1265509403878182,True,14.935127055306427,13.908309220108015,0.9312481352588436,-0.03559970543709633,0.937395242709064,0.9892930129867693,lettera,wrnpc_3,letterario,Guerra e pace
a,lettere,3128,0.06256,50000,1.0826716267993224,0.009617708704079077,1.0822737584788613,True,15.983050847457626,13.599801728999989,0.8508889735005296,-0.08056184278706968,0.9056608464599826,0.9808295160176851,lettera,wrnpc_3,letterario,Guerra e pace
i,lettere,2802,0.05604,50000,1.1981963273448448,0.009312093663563755,1.1239615930588176,True,17.839343091752944,15.885075030076962,0.8904517923320039,-0.057948162503980445,0.885286476376344,1.0042654699667128,lettera,wrnpc_3,letterario,Guerra e pace
n,lettere,2792,0.05584,50000,1.2565025619294334,0.010028569384886504,1.1781224860648267,True,17.907918308849876,15.519456340076221,0.8666253705438612,-0.07145227508467786,0.9604260608377894,1.0313555673669814,lettera,wrnpc_3,letterario,Guerra e pace
o,lettere,2769,0.05538,50000,1.0639761631967701,0.015162646855272932,0.9863523894769,True,18.061054913294797,16.694654413455098,0.9243454766956116,-0.03931441844543344,0.9080220682923108,0.9394361914137779,lettera,wrnpc_3,letterario,Guerra e pace
h,lettere,2714,0.05428,50000,1.22973591148799,0.005788030340808531,1.1883349529791274,True,18.424990785108736,16.03516353598093,0.8702942499673169,-0.0693504511575918,0.9778438762029742,0.9950681436454069,lettera,wrnpc_3,letterario,Guerra e pace
s,lettere,2531,0.05062,50000,1.0566091180876227,0.00806160987895826,1.0519577875370165,True,19.757707509881424,19.18681415368259,0.971105283550062,-0.01465914413150834,0.9655700273228818,0.9174097521431525,lettera,wrnpc_3,letterario,Guerra e pace
r,lettere,2220,0.0444,50000,1.1281919821769812,0.008339098135942736,1.1371404413811426,True,22.5191527715187,21.86622101058351,0.971005491744743,-0.014710516219612835,0.9915286809684654,1.0264742603408112,lettera,wrnpc_3,letterario,Guerra e pace
d,lettere,1775,0.0355,50000,0.9418091862930565,0.006932970382942518,0.996989943015992,True,28.170800450958286,25.82265482547055,0.916646116265828,-0.0434894491094522,0.9893375341349122,0.9582139472522585,lettera,wrnpc_3,letterario,Guerra e pace
l,lettere,1600,0.032,50000,1.0486818293622666,0.005885460249979499,1.0140920552605746,True,31.256410256410255,31.4367958774522,1.005771156046461,0.0028772754205102693,0.9486719996047065,1.004725319226703,lettera,wrnpc_3,letterario,Guerra e pace
m,lettere,987,0.01974,50000,1.0942433578060449,0.00510150643371358,1.0710181968274763,True,50.581135902636916,50.2698505795183,0.9938458218155123,-0.0030865867948024228,1.0287191341682873,0.8881428733886993,lettera,wrnpc_3,letterario,Guerra e pace
u,lettere,971,0.01942,50000,1.0365422880855724,0.009533209465851109,0.965811857022773,True,51.47422680412371,46.88045371832508,0.9107558603399826,-0.04670619701469249,1.0339952656224491,0.8873973283293272,lettera,wrnpc_3,letterario,Guerra e pace
w,lettere,913,0.01826,50000,1.1197697227922487,0.015069130077313798,1.005118668931445,True,54.73135964912281,51.59935141052517,0.9427748870359403,-0.029455349328386254,1.0034178970494525,0.9553961056288349,lettera,wrnpc_3,letterario,Guerra e pace
c,lettere,897,0.01794,50000,1.299184032062587,0.008283281886014914,1.2312486798350748,True,55.643973214285715,55.64636372701728,1.0000429608561985,2.1479966700312656e-05,0.9968766231700245,0.9788732946113337,lettera,wrnpc_3,letterario,Guerra e pace
f,lettere,814,0.01628,50000,1.2106285982761271,0.007131999459855742,1.1628350464563966,True,61.398523985239855,61.30384311023826,0.9984579291348379,-0.0007716303869502327,0.891849373615929,0.9587430740196101,lettera,wrnpc_3,letterario,Guerra e pace
p,lettere,786,0.01572,50000,1.167212464880507,0.007788637847869384,1.1052039284987545,True,63.39108280254777,66.44775968624481,1.0482193511856874,0.023542083594598303,0.8831467558229251,0.9440013449870185,lettera,wrnpc_3,letterario,Guerra e pace
g,lettere,753,0.01506,50000,1.073955326432702,0.012361359009239984,0.9817141974921131,True,66.42420212765957,61.27002164157518,0.9224050824701114,-0.04036345837693392,0.9844510971784564,1.0201401850177054,lettera,wrnpc_3,letterario,Guerra e pace
y,lettere,705,0.0141,50000,1.063256532706988,0.014342703344088251,1.1686725869031613,True,70.7627840909091,77.24767012044597,1.0916426072383718,0.0438137026474943,1.017468486135716,1.0033440657838264,lettera,wrnpc_3,letterario,Guerra e pace
the,parole,405,0.0081,50000,1.4614103773318021,0.0097159628800523,1.3823688692223932,True,122.9430693069307,161.8195215198043,1.3162150776943555,0.136522329355151,0.9945086876304772,1.1056748121242481,funzione,wrnpc_3,letterario,Guerra e pace
and,parole,344,0.00688,50000,1.1525293818690177,0.008316377424045174,1.10595152480277,True,145.39941690962098,140.74455605151675,0.9679856979000291,-0.016267548150442516,0.9314436351624712,1.0804531898702878,funzione,wrnpc_3,letterario,Guerra e pace
to,parole,255,0.0051,50000,1.028642991775049,0.010928875403753887,1.112121883910984,True,195.6535433070866,201.8495654745311,1.03166833609407,0.015587355244681834,0.9708060617927364,0.9333274245141324,funzione,wrnpc_3,letterario,Guerra e pace
he,parole,221,0.00442,50000,1.2500960729145947,0.004370430290215071,1.2357750267307428,True,226.91363636363636,295.1256628807906,1.3006078771213305,0.1306645431021781,1.0128789029691472,1.2131539347976255,funzione,wrnpc_3,letterario,Guerra e pace
of,parole,211,0.00422,50000,1.2721082142227238,0.007858015138356987,1.221197063815233,True,235.76666666666668,293.4867241576326,1.244818567047784,0.10905940045290653,0.9704181578371376,1.1297855345313306,funzione,wrnpc_3,letterario,Guerra e pace
his,parole,145,0.0029,50000,1.2344193577788996,0.012508675365859628,1.13569994359878,True,335.6388888888889,432.8759671691222,1.2897074251500784,0.1265259578441947,0.8956696830485807,1.128687249980734,funzione,wrnpc_3,letterario,Guerra e pace
prince,parole,90,0.0018,50000,1.3604045794268906,0.02388754704793583,1.173530140019872,True,526.8876404494382,764.0083953340827,1.4500404577385402,0.18368694946121045,1.0015177439565963,1.2160436109361124,keyword,wrnpc_3,letterario,Guerra e pace
pierre,parole,93,0.00186,50000,1.3260120877088457,0.02748375074122316,1.1153753277410192,True,399.64130434782606,397.67786349049896,0.9950869921703133,-0.0024625531863862495,0.9576796444970023,1.2769079550773645,keyword,wrnpc_3,letterario,Guerra e pace
vasíli,parole,57,0.00114,50000,1.1720660243148324,0.0173171909340255,1.0386342809261622,True,828.4821428571429,1026.9335464216922,1.2395361267294915,0.10695792037938603,1.002225454029474,1.180441240767987,keyword,wrnpc_3,letterario,Guerra e pace
princess,parole,39,0.00078,50000,1.2928160752006461,0.01010802876721019,1.2239664115906561,True,1203.3947368421052,2020.1124606033857,1.6786781583443473,0.2533630836650524,0.9993160219391726,1.2983297025211842,keyword,wrnpc_3,letterario,Guerra e pace
hélène,parole,37,0.00074,50000,1.3359273581322315,0.027132413169826845,1.1402941794242822,True,771.8055555555555,813.512799774426,1.0540385384876492,0.0263084345668786,0.971296077601154,1.259857362496964,keyword,wrnpc_3,letterario,Guerra e pace
thought,parole,30,0.0006,50000,1.1644624887639603,0.005055416933577817,1.127759301205787,True,1634.9310344827586,1949.5474553824477,1.1924340625164191,0.08777188140178242,0.9589438581271329,1.0948981279835945,keyword,wrnpc_3,letterario,Guerra e pace
will,parole,24,0.00048,50000,0.9899096279606939,0.0208226584828913,1.1222290339621885,True,1515.3478260869565,1501.7866513739757,0.9910507841965237,-0.004494720011417323,1.0368986482602454,1.1064625622520405,keyword,wrnpc_3,letterario,Guerra e pace
with,parole,90,0.0018,50000,0.9515580040873006,0.0038035091432721993,0.9761408174816769,True,523.3033707865169,494.5201853701309,0.9449971335496553,-0.028279150391323955,1.0326257841564426,0.9718835902332383,appaiata,wrnpc_3,letterario,Guerra e pace
at,parole,78,0.00156,50000,1.1239936576130731,0.013916669718836566,1.0741198130915468,True,638.8181818181819,665.8487801942152,1.0423134455865044,0.02071838956843035,0.9182265157673886,1.0407864576081478,appaiata,wrnpc_3,letterario,Guerra e pace
so,parole,48,0.00096,50000,1.1018327307729827,0.017333345123654035,1.031491047098295,True,1008.8510638297872,1016.067119032635,1.0071527457932732,0.003563628033922418,1.0847991310056067,1.1061881964762277,appaiata,wrnpc_3,letterario,Guerra e pace
from,parole,40,0.0008,50000,1.3228421811775102,0.009324992582715899,1.3131402414332611,True,1219.6666666666667,1645.6577845529275,1.349268475993108,0.14867116277353593,1.0532900713016782,1.1694440473025693,appaiata,wrnpc_3,letterario,Guerra e pace
himself,parole,32,0.00064,50000,1.1964187982793884,0.005126256888893035,1.1759023510481894,True,1481.4516129032259,2112.49007632714,1.4259595507053093,0.1755839459818975,0.9751508587131609,1.1875037135635051,appaiata,wrnpc_3,letterario,Guerra e pace
would,parole,30,0.0006,50000,1.155092566524007,0.00842555037125368,1.1211956165412775,True,1617.0344827586207,2241.722511863822,1.386317073485965,0.16188840861856954,1.0193532019402751,1.1653787624729341,appaiata,wrnpc_3,letterario,Guerra e pace
if,parole,24,0.00048,50000,1.164656974136062,0.008919822975840533,1.1012957524803169,True,1838.0434782608695,2623.7175304978805,1.427451288029598,0.17609057291385122,0.9557185387493705,1.197087539024004,appaiata,wrnpc_3,letterario,Guerra e pace
vocali,vc,14514,0.29028,50000,1.200544688721304,0.0018025559058739385,1.197352310995985,True,3.4446358437263145,1.6109672039395564,0.4676741684824528,-0.3627002797684734,0.9529089041127916,0.9377795083507311,vocali,wrnpc_4,letterario,Guerra e pace
spazio,lettere,7963,0.15926,50000,1.2718808697289647,0.007298178926301486,1.2518653477662456,True,6.279326802310977,3.3828441981480095,0.5387272082897522,-0.2997755477547825,0.9816703680368679,0.9909432692614001,spazio,wrnpc_4,letterario,Guerra e pace
e,lettere,4726,0.09452,50000,0.865421272401864,0.014112452287216875,0.9503217110648575,True,10.579894179894179,9.09858846264125,0.8599886074410863,-0.07527540330020457,0.94968681209788,0.964245553289567,lettera,wrnpc_4,letterario,Guerra e pace
t,lettere,3573,0.07146,50000,1.137921933504204,0.00957808332517056,1.070167137219874,True,13.994120940649497,12.136958520263045,0.867289812038722,-0.07107101806354525,1.04178086562622,0.9159307925222828,lettera,wrnpc_4,letterario,Guerra e pace
a,lettere,3090,0.0618,50000,1.0638163371330205,0.00320492446532275,1.0587497386522982,True,16.179022337325996,14.802936979358206,0.9149463218928207,-0.0444156983069418,1.037813563097603,1.0884873648808637,lettera,wrnpc_4,letterario,Guerra e pace
o,lettere,3064,0.06128,50000,0.9668887041270796,0.01553413317406616,1.0976465966096418,True,16.314397649363368,13.931321644087935,0.8539280421812921,-0.07879052179762205,1.0036008909440521,0.9213298002867063,lettera,wrnpc_4,letterario,Guerra e pace
n,lettere,2890,0.0578,50000,1.2579287549936173,0.005380255841746446,1.2201053157335517,True,17.29802699896158,15.178307695499878,0.8774588972725647,-0.06526965938133403,0.9671568783288391,1.0517019692948748,lettera,wrnpc_4,letterario,Guerra e pace
i,lettere,2616,0.05232,50000,1.0723926184052528,0.009212942679998714,1.070183061803834,True,19.113957934990438,16.756115951524638,0.8766429228585105,-0.06573284434611111,0.9636691620200258,0.9536242960898154,lettera,wrnpc_4,letterario,Guerra e pace
h,lettere,2570,0.0514,50000,1.290478217298647,0.010942542568375615,1.1963415495958447,True,19.44881276761386,16.544703895137587,0.8506793752823725,-0.08068422154153229,0.9842610026004129,0.9379935248098601,lettera,wrnpc_4,letterario,Guerra e pace
s,lettere,2481,0.04962,50000,1.2155404170155317,0.011754067349373955,1.2454874171467698,True,20.143951612903226,19.393585991289243,0.9627498300217652,-0.018978562325399264,1.0019441527185025,0.9183485413694593,lettera,wrnpc_4,letterario,Guerra e pace
r,lettere,2341,0.04682,50000,1.2312513209450116,0.012546367245414275,1.1278670637595758,True,21.344444444444445,19.26645787945827,0.9026450854509339,-0.05116819489536723,0.9803590223722042,0.9477461201069017,lettera,wrnpc_4,letterario,Guerra e pace
d,lettere,1801,0.03602,50000,1.213326733864281,0.01944164384285193,1.076879911295256,True,27.775555555555556,26.946752555505253,0.9701607048545774,-0.015145614807917445,0.929530543139588,0.9307826645896143,lettera,wrnpc_4,letterario,Guerra e pace
l,lettere,1560,0.0312,50000,1.0697666557128724,0.00547929017314974,1.0465896729998199,True,32.017960230917254,35.55474089627488,1.110462397974448,0.05234037719907542,1.0372433090052964,1.00938817867964,lettera,wrnpc_4,letterario,Guerra e pace
u,lettere,1018,0.02036,50000,1.0480171756351957,0.002110385099267912,1.0367072516427112,True,49.073746312684364,46.884989424056045,0.9553986183430512,-0.02280935520694125,0.9575854787091432,0.9451388756736403,lettera,wrnpc_4,letterario,Guerra e pace
m,lettere,984,0.01968,50000,1.1193105284812097,0.006376507883384674,1.0743121296774079,True,50.81688708036623,50.56184372035593,0.9949811298042135,-0.0025157482047356715,0.9822796297530574,0.9776510948936545,lettera,wrnpc_4,letterario,Guerra e pace
w,lettere,926,0.01852,50000,1.1770600144899872,0.009262798332661666,1.2186088981226424,True,53.90378378378379,53.507559412095354,0.992649414496063,-0.003688850356948467,0.9827899727930464,1.0279962156158045,lettera,wrnpc_4,letterario,Guerra e pace
g,lettere,909,0.01818,50000,1.1865665830617906,0.007276578052722217,1.1706106507530603,True,54.94273127753304,53.54777176605603,0.9746106631570493,-0.012857895136835601,1.036572641992824,0.9157227927357169,lettera,wrnpc_4,letterario,Guerra e pace
f,lettere,887,0.01774,50000,1.1566092568333288,0.0046247932498665895,1.1256793597778059,True,56.20203160270881,60.44599622096374,1.0755126549206522,0.03638265213253494,0.9950345937958098,0.9968275084848873,lettera,wrnpc_4,letterario,Guerra e pace
c,lettere,872,0.01744,50000,1.2039014323060362,0.01485323370627367,1.0849794338837568,True,57.28358208955224,57.13749252444906,0.9974497131678184,-0.0012767714828410244,0.9802700281374209,0.9843216831395476,lettera,wrnpc_4,letterario,Guerra e pace
y,lettere,701,0.01402,50000,1.260300126145419,0.011086860131708603,1.295760971037072,True,71.25142857142858,75.94179071733433,1.065828324286912,0.03186534113846796,1.012121076003499,1.1132475094428431,lettera,wrnpc_4,letterario,Guerra e pace
p,lettere,624,0.01248,50000,1.1052459263144796,0.0019815708474695696,1.0935088017246242,True,80.15088282504013,83.85439279692838,1.0462067271295385,0.022581651461169014,1.0058466175877174,0.9956356865847847,lettera,wrnpc_4,letterario,Guerra e pace
the,parole,646,0.01292,50000,1.298235100663482,0.015517898884590705,1.1681326226506261,True,77.3922480620155,72.91991013331965,0.9422120685121835,-0.029753667184286674,1.0587636754572392,0.9655763115500173,funzione,wrnpc_4,letterario,Guerra e pace
and,parole,330,0.0066,50000,1.1443752802748632,0.005773809359932579,1.1048241003370298,True,151.80547112462006,143.21342113910197,0.9434009201258319,-0.029123728041923223,1.0500223072861543,1.022690688419748,funzione,wrnpc_4,letterario,Guerra e pace
to,parole,237,0.00474,50000,1.1001144343358316,0.015310679078696394,1.0105581244882986,True,210.61864406779662,215.20068494281276,1.021755153231075,0.01076052814620346,0.942141748806128,0.9315979921130403,funzione,wrnpc_4,letterario,Guerra e pace
of,parole,237,0.00474,50000,1.1518240960368948,0.005014894159023394,1.1631143348748445,True,210.49576271186442,226.8922979644439,1.07789484710447,0.037487386434889115,0.963569727173574,1.0261941856755838,funzione,wrnpc_4,letterario,Guerra e pace
he,parole,170,0.0034,50000,1.3326187377486474,0.017035209870427667,1.2408595896469083,True,293.4437869822485,486.7849194800435,1.658869402164207,0.24780058833574722,0.9390118888529736,1.264306641075996,funzione,wrnpc_4,letterario,Guerra e pace
in,parole,148,0.00296,50000,1.213185641235157,0.011689424410328747,1.1627671177455998,True,331.9047619047619,369.48253954952116,1.1132185553141958,0.05357635869204368,1.0343650858508042,1.006528864897332,funzione,wrnpc_4,letterario,Guerra e pace
kutúzov,parole,48,0.00096,50000,1.4184142015318122,0.013470935576334544,1.3119831931188453,True,990.6808510638298,2934.10162612876,2.961702169753269,0.49516649301162435,1.0075690115659055,1.335295492118305,keyword,wrnpc_4,letterario,Guerra e pace
prince,parole,34,0.00068,50000,1.2092684904753233,0.020315910935954282,1.0464658443527939,True,1413.3636363636363,2674.568199006405,1.8923425862912753,0.30851898060785643,0.9734686125358077,1.2255916551346013,keyword,wrnpc_4,letterario,Guerra e pace
rostóv,parole,33,0.00066,50000,1.5538901762825574,0.021974854602562773,1.3869849577419382,True,319.1875,261.8458592994322,0.8203512333641895,-0.098689067990358,1.0548772911305468,1.544488900742374,keyword,wrnpc_4,letterario,Guerra e pace
andrew,parole,29,0.00058,50000,1.2672209062822815,0.025870124493270003,1.063955736998271,True,1665.75,4480.574530165788,2.6898241213662244,0.45796874479224126,1.0324203879013292,1.2672558778069283,keyword,wrnpc_4,letterario,Guerra e pace
front,parole,28,0.00056,50000,1.1504248029325632,0.013005430155605874,1.0517749333588444,True,1551.4444444444443,2208.5796572829568,1.423563483173144,0.1747688831400353,0.9779615320194811,1.121802483105934,keyword,wrnpc_4,letterario,Guerra e pace
horse,parole,29,0.00058,50000,1.1517577613847232,0.024073489158459235,1.0089068926341995,True,1422.25,2427.5169851028772,1.7068145439288995,0.261124111924923,0.9878957584531644,1.1146649486381002,keyword,wrnpc_4,letterario,Guerra e pace
emperor,parole,28,0.00056,50000,1.3242724926956357,0.028941197192260862,1.1396887423804438,True,1447.0740740740741,3211.965285351321,2.219627414309479,0.37881010979373075,1.0136513823474034,1.31192987877748,keyword,wrnpc_4,letterario,Guerra e pace
by,parole,40,0.0008,50000,1.1175923645812502,0.00905975000233711,1.1749803179636318,True,1198.8974358974358,1393.6537324765734,1.1624461699122348,0.07512148610794225,0.987872775311411,1.0829585827281205,appaiata,wrnpc_4,letterario,Guerra e pace
for,parole,35,0.0007,50000,1.2253662430931203,0.01271264158234646,1.1446676674199328,True,1324.735294117647,1571.334162111805,1.1861495417908432,0.08514950063221832,0.936091220242656,1.1760944023664595,appaiata,wrnpc_4,letterario,Guerra e pace
one,parole,30,0.0006,50000,1.0268717108059768,0.003628762515579584,1.043250690204452,True,1531.0,1597.6291810054047,1.0435200398467699,0.021296605366313493,0.9836669889949344,0.9854382631862914,appaiata,wrnpc_4,letterario,Guerra e pace
there,parole,27,0.00054,50000,1.0850469987422104,0.013572782555806141,1.1867917211432126,True,1628.6538461538462,1982.8936823200117,1.2175046815520205,0.09808533139140432,0.9816099163549147,1.0750640461066625,appaiata,wrnpc_4,letterario,Guerra e pace
who,parole,27,0.00054,50000,0.9411155821302759,0.003306330016489658,0.959295854822128,True,1891.9615384615386,1805.7020901747712,0.9544073986002327,-0.023328094967518618,1.0559273836314524,0.9855208417289988,appaiata,wrnpc_4,letterario,Guerra e pace
are,parole,26,0.00052,50000,1.13470088625362,0.006082260108704961,1.149040474048983,True,1936.24,2236.02173289975,1.1548267430172654,0.07185113305233604,0.950467122715304,1.1577539973603728,appaiata,wrnpc_4,letterario,Guerra e pace
this,parole,25,0.0005,50000,0.9112422554780212,0.0077989451804599845,0.9581926567855739,True,1908.4583333333333,1471.5431704629777,0.7710638187697633,-0.1292647835746896,1.0477049965122875,0.9810485341667458,appaiata,wrnpc_4,letterario,Guerra e pace
vocali,vc,14189,0.28378,50000,1.2847886877626808,0.006693140459861774,1.2349073770537213,True,3.523963913166056,1.6307654907495628,0.4627645262361454,-0.3672740650514822,0.833161515680556,1.0044092883628162,vocali,wrnpc_5,letterario,Guerra e pace
spazio,lettere,8157,0.16314,50000,1.20105902636319,0.013570397480851952,1.1043628317038934,True,6.129352623835214,3.331004289207911,0.5434512408789526,-0.2957973319980329,0.9968419119826408,1.003634091589103,spazio,wrnpc_5,letterario,Guerra e pace
e,lettere,4438,0.08876,50000,1.2715406269386151,0.006314604311965629,1.2269990152030799,True,11.266621591165201,9.89436526916826,0.8782016143088532,-0.06484840858576654,0.9590554160554862,0.9951461194409102,lettera,wrnpc_5,letterario,Guerra e pace
t,lettere,3353,0.06706,50000,1.1380037063164814,0.006809632453358204,1.0867798419767913,True,14.912291169451073,13.247750704098431,0.8883779530296071,-0.05911001385676672,0.9359893864558905,1.0762271578648706,lettera,wrnpc_5,letterario,Guerra e pace
a,lettere,3168,0.06336,50000,1.0943080499165811,0.00582616756433092,1.0480072217628402,True,15.780233659614778,13.733809081414433,0.8703172194821416,-0.06933731837948073,1.077947250126942,0.9815425905592928,lettera,wrnpc_5,letterario,Guerra e pace
o,lettere,3021,0.06042,50000,1.1874903374784929,0.008477562486060158,1.1584427189975224,True,16.544370860927152,15.335176006648817,0.9269120074469503,-0.037930114229703264,0.952581066024211,0.8899602321244005,lettera,wrnpc_5,letterario,Guerra e pace
n,lettere,2820,0.0564,50000,1.0452260151501027,0.004273872827222808,1.0231614457007976,True,17.726144022703085,15.038424681005532,0.8483754087603481,-0.08203127488118989,0.8307807626572262,1.0448647344852116,lettera,wrnpc_5,letterario,Guerra e pace
h,lettere,2753,0.05506,50000,1.1367673582088536,0.008899757074081397,1.0712072368332206,True,18.16497093023256,15.082652489069186,0.8303152560495779,-0.0927079329036778,0.9624460109361438,0.9516346230019898,lettera,wrnpc_5,letterario,Guerra e pace
s,lettere,2617,0.05234,50000,1.211716999821351,0.011218342700694417,1.125015609655423,True,19.087920489296636,18.55449086545562,0.9720540734576021,-0.01417097376716468,0.9571084566479503,0.9626762352667156,lettera,wrnpc_5,letterario,Guerra e pace
i,lettere,2581,0.05162,50000,1.1791080038254333,0.015361176155166427,1.2429508318687905,True,19.36860465116279,16.86762154089821,0.8708743786499646,-0.06901886242261404,0.9837483898967406,0.8636479345571487,lettera,wrnpc_5,letterario,Guerra e pace
d,lettere,1940,0.0388,50000,1.2499235155454849,0.013248273475664473,1.1583573723345102,True,25.74058793192367,24.81525667287858,0.9640516657392473,-0.018303151025928954,0.8952652122194711,1.006628609141937,lettera,wrnpc_5,letterario,Guerra e pace
r,lettere,1933,0.03866,50000,1.1820434952357486,0.006600925508051559,1.1923826492280454,True,25.84368530020704,24.807334168867342,0.9598992512367656,-0.020460617420987023,1.0201587418497986,1.0238110456314258,lettera,wrnpc_5,letterario,Guerra e pace
l,lettere,1611,0.03222,50000,1.0726214789994637,0.00773232120879415,1.0260446984576985,True,31.053416149068322,31.84101867070687,1.025362830223179,0.012522610687184523,0.9805566531195717,1.005084978874535,lettera,wrnpc_5,letterario,Guerra e pace
u,lettere,981,0.01962,50000,1.1467851853086266,0.003692114071476336,1.125521877814437,True,50.88775510204081,51.14163126533304,1.0049889440550708,0.002488265119796981,0.9665156103328574,1.0474977032038546,lettera,wrnpc_5,letterario,Guerra e pace
w,lettere,954,0.01908,50000,1.0812092300526188,0.006437690431499396,1.1147547575152754,True,52.26547743966422,51.650854302888746,0.9882403611928161,-0.005914596160863012,1.0429974047036021,1.0487994625483197,lettera,wrnpc_5,letterario,Guerra e pace
m,lettere,943,0.01886,50000,1.0584308961952207,0.007638138086184281,1.1066301823464888,True,52.83864118895966,55.190881917426324,1.044517434126564,0.02177405454386952,0.9931553537453587,0.9698030187374552,lettera,wrnpc_5,letterario,Guerra e pace
c,lettere,858,0.01716,50000,1.1624484150190224,0.01337651619617607,1.0516062297468216,True,58.28821470245041,57.945912290095315,0.9941274164236719,-0.0029449389883321304,1.0156374963301564,1.0151752949478487,lettera,wrnpc_5,letterario,Guerra e pace
g,lettere,785,0.0157,50000,1.1892183795920883,0.006878216486100449,1.1419925560041975,True,63.641581632653065,63.403533230437255,0.9962595461000663,-0.001873731252652587,1.0185586086386431,0.9584766410859128,lettera,wrnpc_5,letterario,Guerra e pace
y,lettere,748,0.01496,50000,1.1679309169335481,0.009400565183743239,1.0966286502765543,True,66.82329317269077,70.19294239305424,1.050426266955376,0.024593065241137788,1.0077586240279877,1.0549341216487056,lettera,wrnpc_5,letterario,Guerra e pace
f,lettere,747,0.01494,50000,1.0655429611625205,0.0069644046228093375,1.1209610560749543,True,66.80965147453082,72.64277744399435,1.087309630281296,0.04182878716921823,0.9607173516157733,0.9581126936376118,lettera,wrnpc_5,letterario,Guerra e pace
p,lettere,609,0.01218,50000,1.118330704632398,0.005404708179780506,1.0932143613768939,True,82.16282894736842,98.8596002420777,1.203215633013377,0.09223592551194602,1.0107552671481932,0.9932920306329462,lettera,wrnpc_5,letterario,Guerra e pace
the,parole,425,0.0085,50000,1.3409091733592302,0.011169815036816562,1.3576649932024614,True,117.59198113207547,140.0486778995383,1.1909713277322898,0.08716286028715393,1.018273440859375,1.1022796363973104,funzione,wrnpc_5,letterario,Guerra e pace
and,parole,360,0.0072,50000,1.0360791665294466,0.005785178093893544,1.007826442299346,True,138.61559888579387,111.8829315423949,0.8071453172782945,-0.10671786096989705,0.9146154618715041,1.0029136545746955,funzione,wrnpc_5,letterario,Guerra e pace
to,parole,240,0.0048,50000,1.0043148714838912,0.0057915167974836755,0.9733267814086592,True,207.32217573221757,192.06054490584998,0.9263868866296295,-0.03821304737967904,0.9289610334757438,0.9786773907358451,funzione,wrnpc_5,letterario,Guerra e pace
he,parole,209,0.00418,50000,1.2498456864589889,0.015371429852257834,1.1440387645833798,True,237.00480769230768,295.91207562131285,1.2485488311506394,0.11053743984001041,0.9514726425401329,1.1015020064691916,funzione,wrnpc_5,letterario,Guerra e pace
of,parole,162,0.00324,50000,1.168763263533954,0.004662073662696489,1.1895330260439965,True,304.167701863354,327.76422997378853,1.0775773626387037,0.03734030031024871,0.9804032571715312,1.031412033002166,funzione,wrnpc_5,letterario,Guerra e pace
with,parole,133,0.00266,50000,1.087498500917823,0.006960649843543822,1.1282426240730727,True,372.7121212121212,417.89509860698405,1.1212275502280966,0.05714971513313646,1.0087631661390024,1.0470571005262095,funzione,wrnpc_5,letterario,Guerra e pace
nicholas,parole,53,0.00106,50000,1.2723191980129354,0.020957036272538594,1.113396359960499,True,797.4230769230769,960.9692889780475,1.2050934024709032,0.09300894113650113,0.9728958600567514,1.1926341754368446,keyword,wrnpc_5,letterario,Guerra e pace
dólokhov,parole,61,0.00122,50000,1.4096409276551958,0.030746839820999378,1.1728595325194981,True,641.4833333333333,1063.552210661169,1.6579576668572875,0.24754256813850714,1.0024564556294915,1.3318526758506775,keyword,wrnpc_5,letterario,Guerra e pace
natásha,parole,49,0.00098,50000,1.25228762361658,0.02056807264558455,1.1002581947226915,True,822.375,1335.9418324864425,1.6244922723653352,0.23794784192772978,0.9780157766119316,1.2510355224294816,keyword,wrnpc_5,letterario,Guerra e pace
rostóv,parole,49,0.00098,50000,1.4547798574783173,0.025478507812368306,1.2512208691983029,True,804.5416666666666,1394.1193355058258,1.7328118520969402,0.26815305690899993,0.9978094971006394,1.3827889601230996,keyword,wrnpc_5,letterario,Guerra e pace
denísov,parole,39,0.00078,50000,1.4137435906471476,0.007719405491953026,1.3505429286817776,True,1015.8947368421053,1828.7971795022363,1.800183732801911,0.2857611532516239,1.0432473437012726,1.4044774822819346,keyword,wrnpc_5,letterario,Guerra e pace
sónya,parole,34,0.00068,50000,1.3204402309597623,0.021516530800492505,1.1537552177435764,True,977.2727272727273,1378.312312048853,1.4103660867476637,0.17025052294084322,0.9463543597445582,1.2661428064325568,keyword,wrnpc_5,letterario,Guerra e pace
love,parole,27,0.00054,50000,1.1737378631053652,0.020092854179235745,1.3104180809024226,True,1791.8461538461538,3642.2575932221785,2.032684326946352,0.340518239162127,0.933873239541092,1.1787759017005253,keyword,wrnpc_5,letterario,Guerra e pace
is,parole,49,0.00098,50000,1.1299173383373582,0.0069069678984237754,1.1469914303022026,True,966.4166666666666,1351.5243062389259,1.3984902711793663,0.16614212530594252,1.0289361190426325,1.1155826600617627,appaiata,wrnpc_5,letterario,Guerra e pace
what,parole,45,0.0009,50000,1.0402388215723917,0.013665118157518141,1.1209836147406234,True,1077.8181818181818,1464.1511116688976,1.3584397965888895,0.15198174535017434,0.9977326440924057,1.071341440550244,appaiata,wrnpc_5,letterario,Guerra e pace
this,parole,42,0.00084,50000,1.1536941906392864,0.004852635152496767,1.140885622601153,True,1186.8536585365853,1498.3347516655883,1.2624427121984572,0.11599971605178758,0.9717716104601983,1.0798716413945717,appaiata,wrnpc_5,letterario,Guerra e pace
so,parole,41,0.00082,50000,1.0499742004047823,0.004920837852322798,1.0477854035888585,True,1179.625,1349.341086823396,1.1438729145477553,0.06710888204775188,0.9908094172563019,1.0476053689199043,appaiata,wrnpc_5,letterario,Guerra e pace
up,parole,36,0.00072,50000,1.0015795203423659,0.009139257144682344,0.9236765065593451,True,1424.142857142857,1343.0445032891225,0.9430546216294371,-0.029307142340038183,0.9473523474931757,1.0238698120481295,appaiata,wrnpc_5,letterario,Guerra e pace
which,parole,31,0.00062,50000,1.0654516954809912,0.006663578531795417,1.0488598978481953,True,1538.4333333333334,1996.0037261269438,1.2974262081296624,0.1294606142635578,1.0221417538553796,1.101874862443753,appaiata,wrnpc_5,letterario,Guerra e pace
did,parole,27,0.00054,50000,1.1861899584836235,0.009008423865652728,1.1755767032708742,True,1840.7692307692307,2502.6720489539543,1.3595794666277228,0.15239133570764143,1.01670297259105,1.076737143891545,appaiata,wrnpc_5,letterario,Guerra e pace
vocali,vc,14424,0.28848,50000,1.132749260311639,0.006575509667133296,1.0961382936149526,True,3.4666158219510503,1.6227066216046486,0.46809531397435644,-0.3623093684467237,0.983733405446198,0.9827344952474911,vocali,wrnpc_6,letterario,Guerra e pace
spazio,lettere,8131,0.16262,50000,1.101787942191364,0.007598640731965328,1.0508768563797557,True,6.149569495694957,3.291962714419795,0.53531596264167,-0.30266345733733724,0.9340246931867299,0.9426372695512981,spazio,wrnpc_6,letterario,Guerra e pace
e,lettere,4792,0.09584,50000,1.1105983876716208,0.010628951991018957,1.0851283465976052,True,10.434147359632645,8.82093937749568,0.8453914894495259,-0.08378087329133249,0.9938927160513269,0.9067185063731492,lettera,wrnpc_6,letterario,Guerra e pace
t,lettere,3472,0.06944,50000,1.4111895186421055,0.01459210402632337,1.3014465044978087,True,14.399596658023624,13.03306324658289,0.9050991882693266,-0.04981410538360755,0.9626314958522056,0.9277215030579734,lettera,wrnpc_6,letterario,Guerra e pace
a,lettere,3068,0.06136,50000,1.100414584013423,0.006752630863738742,1.0495169611786035,True,16.29703293120313,14.134550561279452,0.8673082162223972,-0.07106046159109235,0.9339794729477308,0.9310647976894136,lettera,wrnpc_6,letterario,Guerra e pace
o,lettere,2996,0.05992,50000,1.2844094071622292,0.009603836318123435,1.220511899021417,True,16.687813021702837,14.811678050503739,0.8875745450431912,-0.05956080264593536,1.041142222602168,0.992284291366993,lettera,wrnpc_6,letterario,Guerra e pace
n,lettere,2780,0.0556,50000,1.1580346589357093,0.007374908688411574,1.2037750807619674,True,17.98596617488305,15.180868429170786,0.8440396407711745,-0.08457538318623295,0.8741926989248685,1.01802199699584,lettera,wrnpc_6,letterario,Guerra e pace
i,lettere,2630,0.0526,50000,1.095891475908882,0.005331698913424761,1.0859813907043403,True,19.01445416508178,16.971632822977824,0.8925648180921543,-0.05676697615891875,0.941851594116191,0.9936203923175168,lettera,wrnpc_6,letterario,Guerra e pace
s,lettere,2611,0.05222,50000,1.1596417648007664,0.01635376951895784,1.0534400995760196,True,19.118390804597702,18.25571540574663,0.9548771961161286,-0.023082168012149035,0.9664699399843993,0.9862264256890656,lettera,wrnpc_6,letterario,Guerra e pace
h,lettere,2446,0.04892,50000,1.213911022936214,0.006043369325077347,1.1889917240884287,True,20.43885480572597,17.807574254110328,0.8712608618914165,-0.06879807125258727,0.9775809651843845,0.9759190571994102,lettera,wrnpc_6,letterario,Guerra e pace
r,lettere,2272,0.04544,50000,1.1759624455211701,0.008286577695536337,1.196040300650998,True,22.007045354469398,20.421719966162403,0.9279628245058789,-0.037364400692001754,0.9688212006986253,1.0529542310550108,lettera,wrnpc_6,letterario,Guerra e pace
d,lettere,1939,0.03878,50000,1.1070840455665067,0.006340997064610953,1.0987354823018556,True,25.79360165118679,22.913942396474,0.8883576131144797,-0.05912142176363928,0.9724567980521787,0.9699501448345776,lettera,wrnpc_6,letterario,Guerra e pace
l,lettere,1407,0.02814,50000,1.087576454397476,0.005906078698305743,1.124657192819564,True,35.54125177809388,36.703167388767405,1.0326920283485816,0.016083119278596104,0.9971239231046741,0.9333551598799851,lettera,wrnpc_6,letterario,Guerra e pace
w,lettere,1002,0.02004,50000,1.1572421508971635,0.010253451571772668,1.1816781785422665,True,49.905094905094906,47.791254262845875,0.9576427888521414,-0.021636843753652678,1.0157027564425007,1.0223558156774113,lettera,wrnpc_6,letterario,Guerra e pace
u,lettere,938,0.01876,50000,1.1332635122267407,0.0024522205828495947,1.1328858673569275,True,53.224119530416225,52.819853239659814,0.9924044532004821,-0.00381225146697341,0.940524547125079,1.0156109538917781,lettera,wrnpc_6,letterario,Guerra e pace
m,lettere,898,0.01796,50000,1.153306538122594,0.005530459360783702,1.1137011065990703,True,55.41917502787068,53.8751904847221,0.9721398858360468,-0.014126844836943455,0.9348221035556809,0.9976008204342669,lettera,wrnpc_6,letterario,Guerra e pace
f,lettere,843,0.01686,50000,1.3006603801635352,0.006080344373867222,1.2516372393143282,True,59.24465558194775,64.06482300692467,1.0813603755077894,0.03908999924529646,1.0381162363274659,0.9869471165885851,lettera,wrnpc_6,letterario,Guerra e pace
g,lettere,802,0.01604,50000,1.0416054808686421,0.006567208601267132,1.0549820809773582,True,62.28714107365793,66.25948948596967,1.0637747750794055,0.030902003382104415,0.9540239211541667,0.9883498351413245,lettera,wrnpc_6,letterario,Guerra e pace
c,lettere,799,0.01598,50000,1.1106229330277864,0.005701450423308642,1.0802797802185704,True,62.56390977443609,58.351423574117725,0.9326690704672104,-0.03483831275703752,0.9745157105043639,1.0240536281882904,lettera,wrnpc_6,letterario,Guerra e pace
p,lettere,668,0.01336,50000,1.267473047866895,0.014366478674293817,1.1577963991348583,True,74.85457271364318,82.7583850169906,1.1055889041486286,0.050146970256438696,0.9282238004999614,1.1144627716064779,lettera,wrnpc_6,letterario,Guerra e pace
y,lettere,649,0.01298,50000,1.2617243068029382,0.007916883567798317,1.2039275589141922,True,77.06172839506173,77.30370794820429,1.0031400743038363,0.0015675759993607687,0.963002225515588,0.9762978945121721,lettera,wrnpc_6,letterario,Guerra e pace
the,parole,550,0.011,50000,1.2445640162008127,0.003619128116254219,1.234392886907836,True,90.89981785063752,98.29996073747262,1.0814098758590989,0.039112851727724725,1.0043078688584879,1.1543490403773877,funzione,wrnpc_6,letterario,Guerra e pace
and,parole,350,0.007,50000,0.9600492329282089,0.006058008129389442,0.9289063992924421,True,143.11747851002866,115.30893266457942,0.8056942720416876,-0.10760721289690534,0.9204812684168511,0.9424969991109368,funzione,wrnpc_6,letterario,Guerra e pace
to,parole,263,0.00526,50000,1.0834773333296506,0.005610311599430916,1.0500360065463537,True,189.7824427480916,190.4992291819427,1.0037768848554791,0.0018848829348340913,1.0041373146175556,0.9525164030016565,funzione,wrnpc_6,letterario,Guerra e pace
of,parole,184,0.00368,50000,1.3017394481527274,0.014231296152783469,1.1910448923956967,True,270.8032786885246,386.2427702515721,1.4262854280129487,0.1756946742915004,0.9966656778895576,1.1674172887921024,funzione,wrnpc_6,letterario,Guerra e pace
he,parole,168,0.00336,50000,1.205482886891074,0.00726217515455557,1.2520514179913416,True,294.21556886227546,487.9177927963221,1.6583683680747707,0.24765881808606185,1.0136732254890897,1.2409904685472644,funzione,wrnpc_6,letterario,Guerra e pace
in,parole,149,0.00298,50000,1.1430967474518887,0.006132883106229921,1.0932116233328713,True,333.5,391.62446436405804,1.1742862499671904,0.08015791387625272,0.9062317969766437,1.0949320220911538,funzione,wrnpc_6,letterario,Guerra e pace
rostóv,parole,83,0.00166,50000,1.445495933033418,0.024791346611682703,1.2547521264847128,True,434.609756097561,629.1928742365598,1.4477191673886833,0.18291280035459567,1.0097341313422568,1.389470421889876,keyword,wrnpc_6,letterario,Guerra e pace
denísov,parole,70,0.0014,50000,1.5038993791033117,0.028106173139292697,1.2900150197754248,True,488.6666666666667,915.8375733634833,1.8741560164327762,0.30414355081451855,0.9916402619249046,1.4557770473166878,keyword,wrnpc_6,letterario,Guerra e pace
pierre,parole,40,0.0008,50000,1.4949694037083487,0.015921457690118254,1.376628177683153,True,371.46153846153845,408.7008200675485,1.100250706332187,0.04773273306369295,1.044622049644166,1.5161577015680174,keyword,wrnpc_6,letterario,Guerra e pace
prince,parole,35,0.0007,50000,1.506468750062434,0.011266980514212288,1.4310491484466255,True,1432.3235294117646,5924.2195277833,4.136090349794292,0.6105987504522572,1.0033703228931274,1.448509966245922,keyword,wrnpc_6,letterario,Guerra e pace
andrew,parole,31,0.00062,50000,1.4495099247487186,0.019725074918939624,1.3057436843071994,True,462.2,453.45899711987795,0.9810882672433534,-0.00954613333961231,0.8750736128664508,1.427782877689477,keyword,wrnpc_6,letterario,Guerra e pace
went,parole,22,0.00044,50000,1.0106429066805935,0.005792897367701797,1.0003676588473231,True,2148.285714285714,2024.3342150657124,0.9423021349554453,-0.029705916502984313,0.878253289113958,1.0186038881508472,keyword,wrnpc_6,letterario,Guerra e pace
regiment,parole,22,0.00044,50000,1.3936002207931564,0.022835253840917256,1.2430460034059037,True,1602.4285714285713,2832.063162633005,1.767356881379249,0.27728873227106104,0.9189655273628045,1.3384644066358626,keyword,wrnpc_6,letterario,Guerra e pace
it,parole,90,0.0018,50000,1.0530358677704887,0.01832303534512726,1.1652274108232197,True,535.4157303370787,687.9639890316136,1.2849155339505918,0.12469412094983495,0.9950800592474774,1.1029184309784965,appaiata,wrnpc_6,letterario,Guerra e pace
for,parole,62,0.00124,50000,1.0701661957940982,0.013945091583768379,1.1458583740872752,True,780.4590163934427,832.540781258802,1.0667322226681843,0.032288760941672434,0.9393095385147788,1.0721219600702654,appaiata,wrnpc_6,letterario,Guerra e pace
who,parole,37,0.00074,50000,1.0378781531910397,0.014367628160663368,1.1190260916437482,True,1177.0,1443.4371479215852,1.2263697093641335,0.10167660313200465,1.0080422793979464,1.005592635048736,appaiata,wrnpc_6,letterario,Guerra e pace
all,parole,33,0.00066,50000,1.1219832003576082,0.006237724982022795,1.0839208485189726,True,1424.46875,1371.7769024005606,0.9630094745150153,-0.018843783468810663,1.0285984796018817,1.0228751088932533,appaiata,wrnpc_6,letterario,Guerra e pace
this,parole,30,0.0006,50000,0.9207445161871806,0.018865273154960224,0.9860179287406404,True,1608.551724137931,1482.0652478938903,0.9213662362571348,-0.040925963129260376,1.0231677030706754,0.966896521571103,appaiata,wrnpc_6,letterario,Guerra e pace
their,parole,22,0.00044,50000,1.309358931698387,0.00980518710845518,1.3412779752492063,True,2045.952380952381,2431.250017505203,1.1883218984664088,0.08605767670578364,0.932540955257096,1.1416798686644951,appaiata,wrnpc_6,letterario,Guerra e pace
an,parole,23,0.00046,50000,1.038058294981853,0.002900018023259599,1.0338666093023605,True,2187.2727272727275,2429.039751126793,1.1105335520529809,0.052372326393703365,0.9117310337025671,0.9894295054985826,appaiata,wrnpc_6,letterario,Guerra e pace
vocali,vc,14560,0.2912,50000,1.4132758542672788,0.017915700586907776,1.2710985733163094,True,3.433821004189848,1.5924585833586573,0.4637570162846537,-0.36634699458278414,0.9335193992903007,0.8499857573344841,vocali,wrnpc_7,letterario,Guerra e pace
spazio,lettere,7925,0.1585,50000,1.2842052265674417,0.015269950670857525,1.1651554000490498,True,6.3083038869257955,3.4515052151105996,0.5471368020592632,-0.292710507136776,1.0278125432810057,0.9153320362413396,spazio,wrnpc_7,letterario,Guerra e pace
e,lettere,4882,0.09764,50000,1.32894919681575,0.013286482657664564,1.224160596986122,True,10.2360172095882,8.706603252687225,0.850585054168495,-0.08073930214390508,0.9199267125681801,1.0524360286952907,lettera,wrnpc_7,letterario,Guerra e pace
t,lettere,3408,0.06816,50000,1.1601781584512885,0.012171257974472887,1.0931010755696393,True,14.670384502494864,13.140829428204192,0.8957385831277597,-0.05499778176177674,0.9637629379419602,0.9733811604614054,lettera,wrnpc_7,letterario,Guerra e pace
a,lettere,3252,0.06504,50000,1.0930956857734946,0.01049258618274925,1.0161557649248716,True,15.377729929252538,13.458862080678726,0.8752177429697465,-0.06654280949402615,1.049392952897729,1.0014362669170778,lettera,wrnpc_7,letterario,Guerra e pace
n,lettere,2919,0.05838,50000,1.2092606935829104,0.009218463344495527,1.1616717567001977,True,17.126799177518848,14.564964282152914,0.8504195168745439,-0.0808359843599712,0.9636380045733701,0.921861861288412,lettera,wrnpc_7,letterario,Guerra e pace
o,lettere,2737,0.05474,50000,1.170553104729789,0.006242319837607821,1.1234092964193447,True,18.257309941520468,17.19232911937396,0.9416682509330387,-0.030042078011488754,1.028392538397351,1.0165848113073155,lettera,wrnpc_7,letterario,Guerra e pace
s,lettere,2687,0.05374,50000,0.9981752102781409,0.007025711169763303,1.0341375029628235,True,18.60759493670886,17.39948419646116,0.9350743207621984,-0.0335520339147637,1.0331782868070138,0.9775649804926486,lettera,wrnpc_7,letterario,Guerra e pace
i,lettere,2678,0.05356,50000,1.156891739083043,0.01859171726655158,1.0436248036116558,True,18.660440791931265,16.37511442559623,0.8775309548248611,-0.0652287755152154,0.9619803189261885,0.9882003674036731,lettera,wrnpc_7,letterario,Guerra e pace
h,lettere,2583,0.05166,50000,1.240037473686826,0.015187178560560273,1.1356243151775756,True,19.33694810224632,16.221596702963183,0.8388912571513166,-0.08761189234118275,1.0005747738482353,1.0126834371469748,lettera,wrnpc_7,letterario,Guerra e pace
r,lettere,2295,0.0459,50000,1.3194663507601778,0.008459846110352599,1.2529941888021177,True,21.783347863993026,21.22074008623205,0.9741725752499714,-0.013082658058279614,0.9646635485726985,0.9734415671853353,lettera,wrnpc_7,letterario,Guerra e pace
d,lettere,1868,0.03736,50000,1.1027725134899935,0.009392240848862312,1.0611334374434491,True,26.76164970540975,24.88568649538689,0.9299010625027484,-0.03632255500514902,0.9923080004223598,0.9422943691481827,lettera,wrnpc_7,letterario,Guerra e pace
l,lettere,1475,0.0295,50000,1.1375736969058632,0.007979213644519223,1.0955437671567,True,33.84396200814111,36.95394568015558,1.0918918320280102,0.04392762121879152,0.9241035631817697,0.9300787190678581,lettera,wrnpc_7,letterario,Guerra e pace
u,lettere,1011,0.02022,50000,1.3412846077952267,0.012395586470455593,1.2481370585699954,True,49.464356435643566,50.470523605904816,1.0203412566697465,0.01006822812858665,0.9904672041042321,0.9103138782474831,lettera,wrnpc_7,letterario,Guerra e pace
c,lettere,948,0.01896,50000,1.2801264768429628,0.012217366540121687,1.1810414287049769,True,52.57972544878564,52.98640308584157,1.0077344952562002,0.003852349638099489,1.035534981881676,1.0292794769403362,lettera,wrnpc_7,letterario,Guerra e pace
m,lettere,926,0.01852,50000,1.0100080439875687,0.0027002366049271418,1.0069831045255346,True,53.956756756756754,52.88039135951804,0.9800513325496732,-0.010074823375735025,0.9276988671116104,0.9261021761565437,lettera,wrnpc_7,letterario,Guerra e pace
w,lettere,881,0.01762,50000,0.9905038208579593,0.008694496630591258,1.0626931881806878,True,56.73863636363637,57.456932343811744,1.0126597328771145,0.0062900512542263635,0.9402172402605412,1.0130928442893858,lettera,wrnpc_7,letterario,Guerra e pace
g,lettere,859,0.01718,50000,1.1037214624896687,0.004300845531170814,1.0660540649239103,True,57.99650349650349,54.44904900533313,0.9388333041252351,-0.03154819743637634,0.9964932840459261,0.9094965212224513,lettera,wrnpc_7,letterario,Guerra e pace
p,lettere,735,0.0147,50000,1.2270055103907613,0.013469943026550949,1.1435493339782725,True,67.28882833787466,76.38879485046999,1.1352374047427611,0.06333600396956965,0.9984318021201881,0.9897171690091654,lettera,wrnpc_7,letterario,Guerra e pace
f,lettere,702,0.01404,50000,0.9929524177169838,0.008244356163241318,0.9626297150885564,True,70.23680456490727,72.38992323760287,1.0306551342424164,0.01509617941790644,0.9457062853837996,0.9967053570909715,lettera,wrnpc_7,letterario,Guerra e pace
y,lettere,697,0.01394,50000,1.1852408353243902,0.007228162106054985,1.1894389932573424,True,71.7514367816092,76.9363934105714,1.0722627568384968,0.034871425739824075,0.9466760019558432,1.0657374571987217,lettera,wrnpc_7,letterario,Guerra e pace
the,parole,456,0.00912,50000,1.3043967487134696,0.01166701813530569,1.2127576191227052,True,108.20879120879121,116.18600426790935,1.0737205634588962,0.03554990231467483,0.979663642583481,1.0268369599213718,funzione,wrnpc_7,letterario,Guerra e pace
and,parole,372,0.00744,50000,1.096155282796621,0.008524392189643045,1.0428451502071001,True,134.44474393531,129.03449797726603,0.9597585907810039,-0.020533860348053948,0.9188111624659124,0.9877160411146316,funzione,wrnpc_7,letterario,Guerra e pace
to,parole,256,0.00512,50000,1.072221269286431,0.00467110993195113,1.0485479332916108,True,191.38039215686274,194.6386122479257,1.017024837572662,0.008440569127125947,1.0734366442395766,1.039886429072366,funzione,wrnpc_7,letterario,Guerra e pace
of,parole,187,0.00374,50000,1.0679829763761972,0.0068934603075426065,1.014124634792419,True,264.4623655913978,275.66285946697434,1.0423519386228346,0.020736846486601433,0.9864299830112997,1.000238291292534,funzione,wrnpc_7,letterario,Guerra e pace
her,parole,173,0.00346,50000,1.3715909468029595,0.012083816314606541,1.3135231648163341,True,283.8720930232558,542.1307927148473,1.909771358435132,0.3126607717124567,1.0310818090614176,1.2677474916589715,funzione,wrnpc_7,letterario,Guerra e pace
he,parole,160,0.0032,50000,1.442490540749874,0.011626979621063082,1.3822991182481843,True,312.50314465408803,605.5954165400794,1.9378858321903203,0.3192383522579181,1.0579341572245047,1.2524158309273155,funzione,wrnpc_7,letterario,Guerra e pace
natásha,parole,66,0.00132,50000,1.2985256897119033,0.024668824321195378,1.0918801894034844,True,683.8615384615384,1373.7453580099354,2.0088062871621744,0.3352845583534237,1.005714226405836,1.2821070591630293,keyword,wrnpc_7,letterario,Guerra e pace
prince,parole,49,0.00098,50000,1.294581076405898,0.029803477644699837,1.0763263582919398,True,790.0,1520.3534723382795,1.9244980662509867,0.3161219618914408,1.0030790392313411,1.2790477770293414,keyword,wrnpc_7,letterario,Guerra e pace
andrew,parole,45,0.0009,50000,1.3128289409417373,0.03137407897376845,1.086784909917183,True,581.6590909090909,574.6658460066999,0.9879770728048606,-0.006047819846421133,0.9785833538154062,1.339040327104609,keyword,wrnpc_7,letterario,Guerra e pace
countess,parole,28,0.00056,50000,1.1867825089602728,0.004045841498822342,1.171913413205579,True,1700.888888888889,3929.2482578471504,2.3101146015563336,0.39579131216192637,0.9796183821398362,1.2054358696479017,keyword,wrnpc_7,letterario,Guerra e pace
speránski,parole,30,0.0006,50000,1.617974730508647,0.030274722505218395,1.3775292094798013,True,738.0689655172414,1712.784698567021,2.320629614018109,0.3977045824210695,0.9283034537533004,1.550431492385755,keyword,wrnpc_7,letterario,Guerra e pace
ball,parole,23,0.00046,50000,1.1976150484719779,0.011303375281401745,1.1137384363706404,True,1665.7272727272727,2224.4534734202143,1.3354247780179205,0.1436247406360894,1.0540882376951528,1.163955353264071,keyword,wrnpc_7,letterario,Guerra e pace
room,parole,22,0.00044,50000,0.9949066609489143,0.0046312683815843,0.9853289061364162,True,2215.809523809524,1825.241096925215,0.8237355590868546,-0.0966502188515758,1.0222372847604049,1.0315356055770757,keyword,wrnpc_7,letterario,Guerra e pace
on,parole,60,0.0012,50000,1.0011744779569944,0.009942341689135712,0.9702740736001596,True,820.7457627118644,734.5361565528683,0.8949618626428885,-0.05543021177777987,1.001978792631007,1.0283952362543067,appaiata,wrnpc_7,letterario,Guerra e pace
one,parole,49,0.00098,50000,0.904842353284582,0.015894701361931548,1.0369182313480254,True,1017.6458333333334,849.420515600309,0.8346916852378822,-0.09010141381912037,0.9549581343960121,0.8519606809096759,appaiata,wrnpc_7,letterario,Guerra e pace
were,parole,41,0.00082,50000,1.1994607980019352,0.015295068562987001,1.07924744705638,True,1042.475,1225.1651691370705,1.1752465710324667,0.08056400288877917,0.9884909056139985,1.1793269833603797,appaiata,wrnpc_7,letterario,Guerra e pace
from,parole,27,0.00054,50000,0.9673045200361904,0.011110154632530326,0.9062918984673319,True,1801.6153846153845,1531.6362773693518,0.8501460913625197,-0.08099571668263343,0.8417301470420262,0.9567131129896577,appaiata,wrnpc_7,letterario,Guerra e pace
about,parole,24,0.00048,50000,0.8953672491208166,0.010869585566729716,0.9665848745836612,True,2036.7826086956522,2001.408139661168,0.9826321823038651,-0.008759979713409647,1.0025301159160367,0.9457356539965923,appaiata,wrnpc_7,letterario,Guerra e pace
very,parole,23,0.00046,50000,1.0518960576387981,0.0035952356603251847,1.0613018650084842,True,2122.0454545454545,2306.6244451944995,1.086981638519417,0.04167820018825137,0.9411779729247943,0.9917489139382667,appaiata,wrnpc_7,letterario,Guerra e pace
their,parole,21,0.00042,50000,0.9736373430599553,0.0063570582405210515,0.9881042636131149,True,2106.75,2258.265470269279,1.071919055544929,0.034711324919985194,0.9994844085319284,1.0279224413175883,appaiata,wrnpc_7,letterario,Guerra e pace
vocali,vc,14215,0.2843,50000,1.199217283359438,0.014209600194281828,1.1175498729626692,True,3.5173068805403123,1.643513235881528,0.46726466916331716,-0.36308059618205496,1.0318663974578064,0.9499817114675811,vocali,wrnpc_8,letterario,Guerra e pace
spazio,lettere,8014,0.16028,50000,1.1598193662769583,0.008637819026015923,1.0988788823253555,True,6.239111443903656,3.4099547097434186,0.5465449271747412,-0.2932052375960648,0.9234698121295031,1.0067513015185765,spazio,wrnpc_8,letterario,Guerra e pace
e,lettere,4615,0.0923,50000,1.146289767939381,0.009165343043405303,1.076741632876709,True,10.833766796705678,9.564067389336168,0.8828016671213932,-0.06224677560318437,1.046147311717946,1.0293241329633638,lettera,wrnpc_8,letterario,Guerra e pace
t,lettere,3342,0.06684,50000,1.1569257646643147,0.005420351834649424,1.1736378441782167,True,14.957497755163125,13.658955131846007,0.9131845015407822,-0.045377483661037915,0.9905819050897886,0.9733320338027179,lettera,wrnpc_8,letterario,Guerra e pace
a,lettere,3271,0.06542,50000,1.1112254216641493,0.01538940042552499,1.0730710290008239,True,15.27645259938838,13.571312018225777,0.8883811166192556,-0.059108239538305886,0.963940059369144,1.0064567490945393,lettera,wrnpc_8,letterario,Guerra e pace
o,lettere,2821,0.05642,50000,1.220378225707295,0.010497640354940144,1.1410707394892434,True,17.726241134751774,16.196762145346067,0.9137166769999981,-0.04508678010543456,0.8747890642669177,1.0555994402871605,lettera,wrnpc_8,letterario,Guerra e pace
n,lettere,2815,0.0563,50000,1.1070837587713351,0.004648366231716892,1.0779277965689384,True,17.748045486851456,15.0151998382331,0.8460199095926946,-0.0834119337538887,0.9787916597578604,0.9110588622585348,lettera,wrnpc_8,letterario,Guerra e pace
h,lettere,2769,0.05538,50000,1.269731752149123,0.007533882127608467,1.2606593658142873,True,18.03721098265896,15.080738825030325,0.8360903933279377,-0.08927098974412369,1.0047742670743063,1.0121658032679977,lettera,wrnpc_8,letterario,Guerra e pace
s,lettere,2736,0.05472,50000,1.2518219872259888,0.013122513766303539,1.1399573091537016,True,18.275685557586836,16.44533999104934,0.8998480488860425,-0.05271576912305202,1.0150542501603006,1.0173865790785146,lettera,wrnpc_8,letterario,Guerra e pace
i,lettere,2489,0.04978,50000,1.1973340361348772,0.013446492653059944,1.0897018340932505,True,20.088022508038584,17.955242158694997,0.8938282576848907,-0.05606196965552666,0.9272211486056214,0.9678232881028016,lettera,wrnpc_8,letterario,Guerra e pace
r,lettere,2149,0.04298,50000,1.170331882053002,0.004749133811582994,1.1408349532019009,True,23.262104283054004,22.123898853061036,0.951070401192289,-0.025078335860054254,0.9375965760594371,1.0311804870961854,lettera,wrnpc_8,letterario,Guerra e pace
d,lettere,1839,0.03678,50000,1.0866188649875888,0.019369331369977122,0.9470610825258451,True,27.178454842219804,22.770845693903038,0.8378270886294148,-0.08824165906245728,1.0113355252291598,1.016686334835941,lettera,wrnpc_8,letterario,Guerra e pace
l,lettere,1598,0.03196,50000,0.9977457165173126,0.005129961063348983,0.9644952508908899,True,31.292423293675643,32.13704635342152,1.0269912960022043,0.013315940751910865,0.9632969262834828,0.934987479089518,lettera,wrnpc_8,letterario,Guerra e pace
u,lettere,1019,0.02038,50000,1.0931736038687017,0.013884136656412116,0.9904361210067857,True,49.0098231827112,46.716744114892414,0.9532118477703936,-0.023954468780749767,0.9774684202317762,0.960222433233286,lettera,wrnpc_8,letterario,Guerra e pace
m,lettere,998,0.01996,50000,1.2845818603819972,0.019083851214044,1.1699515369798412,True,50.08826479438315,53.379374887230554,1.065706210952959,0.031808110274619876,0.913232541185967,1.0042188819211015,lettera,wrnpc_8,letterario,Guerra e pace
w,lettere,970,0.0194,50000,1.1341916237961722,0.013036159990938302,1.1670969714267023,True,51.43962848297214,48.48243183418142,0.9425113140198975,-0.029595032762580662,0.9888771943131536,1.007467653341796,lettera,wrnpc_8,letterario,Guerra e pace
g,lettere,969,0.01938,50000,1.10753749022791,0.0043864429679659825,1.0753802915288897,True,51.52479338842975,50.19753539188475,0.9742404013823169,-0.013047853037374171,0.8925656612494882,1.043377805893983,lettera,wrnpc_8,letterario,Guerra e pace
c,lettere,817,0.01634,50000,1.034974399290474,0.011342723631545383,0.9866056201114932,True,61.23039215686274,62.359620865166036,1.0184422909690074,0.009136892866109012,1.0199667438356201,0.9540176783706937,lettera,wrnpc_8,letterario,Guerra e pace
y,lettere,752,0.01504,50000,1.1265118864172268,0.009726809390415356,1.0521286452685417,True,66.49400798934754,69.61108841782753,1.0468776138291942,0.02290201109850337,0.95300654555282,1.0184280347127974,lettera,wrnpc_8,letterario,Guerra e pace
f,lettere,736,0.01472,50000,1.240922638388188,0.01323995202562799,1.1489093675200333,True,67.65986394557824,70.81328796225367,1.0466070109040104,0.02277281894164118,1.056644384700663,0.9029218201298662,lettera,wrnpc_8,letterario,Guerra e pace
p,lettere,520,0.0104,50000,1.0784213793692403,0.0036903932150613447,1.0491026741627414,True,96.16763005780346,109.26101736399401,1.136151710282561,0.06373691045780232,0.9972903655509033,0.9502024615574732,lettera,wrnpc_8,letterario,Guerra e pace
the,parole,530,0.0106,50000,1.342372704028615,0.007164223278154505,1.3524746633292577,True,94.2703213610586,109.7316315135767,1.1640103685793193,0.07579001051043607,0.9989774776629786,1.118500790227808,funzione,wrnpc_8,letterario,Guerra e pace
and,parole,406,0.00812,50000,0.8989264555358327,0.00920038311322926,0.9442069189845974,True,123.15802469135802,107.17116279439334,0.8701922839617735,-0.06940875392943269,0.9572710158281694,1.013341158491339,funzione,wrnpc_8,letterario,Guerra e pace
to,parole,218,0.00436,50000,1.1341001008010314,0.009929970211915362,1.086214330328721,True,229.74193548387098,237.52888273096755,1.0338943224740234,0.016664741181240103,0.9833281866183556,1.0598836287751146,funzione,wrnpc_8,letterario,Guerra e pace
of,parole,164,0.00328,50000,1.2043015176630665,0.012695117510208185,1.1409904826726565,True,305.0920245398773,329.3995249461736,1.0796726838171384,0.038310203541695384,1.0488250633854834,1.0438714041577202,funzione,wrnpc_8,letterario,Guerra e pace
in,parole,156,0.00312,50000,1.026737752981032,0.002865736488729842,1.0340754520396578,True,321.0709677419355,368.07087667397826,1.1463847985465303,0.06820063142715972,1.0100762083353125,1.1099555054048478,funzione,wrnpc_8,letterario,Guerra e pace
her,parole,144,0.00288,50000,1.3044281331436072,0.006304550139706285,1.3082429344049338,True,348.6293706293706,557.0244093865349,1.597755256193575,0.23010453150596286,0.9998998058805935,1.1936670315745788,funzione,wrnpc_8,letterario,Guerra e pace
natásha,parole,75,0.0015,50000,1.2459142356642532,0.020512437110055043,1.1017836461243056,True,623.2567567567568,876.802379458994,1.406807659850514,0.16902375151813365,0.9259519311500156,1.1484152392106814,keyword,wrnpc_8,letterario,Guerra e pace
nicholas,parole,68,0.00136,50000,1.054460312984968,0.01913719137630472,0.9523972279319576,True,717.2537313432836,910.4812637361923,1.2693991316448494,0.11870945392033806,0.9510596717010006,1.0514682874048276,keyword,wrnpc_8,letterario,Guerra e pace
sónya,parole,42,0.00084,50000,1.2451475090082902,0.006576329321408945,1.1967025377769465,True,858.8780487804878,1147.5866676448004,1.336146230858091,0.14388920796906662,0.9584669657713446,1.2450613623559554,keyword,wrnpc_8,letterario,Guerra e pace
thought,parole,28,0.00056,50000,1.1644272077908722,0.009201557757567737,1.098167232636445,True,1609.148148148148,1960.9711625327132,1.2186392935849024,0.09854657051152405,1.0486783527736432,1.1622555725134376,keyword,wrnpc_8,letterario,Guerra e pace
uncle,parole,30,0.0006,50000,1.4784839435133958,0.021224380550426622,1.310370809817865,True,1176.7931034482758,3371.757928305886,2.865208776653989,0.48256352617222714,0.9450561192627509,1.456282666931395,keyword,wrnpc_8,letterario,Guerra e pace
went,parole,23,0.00046,50000,1.043751186925674,0.016748366315537236,0.9487413342350882,True,2161.8636363636365,3369.1871464996616,1.5584642295787,0.2182810387271515,0.9670017429384302,1.0373665356350419,keyword,wrnpc_8,letterario,Guerra e pace
countess,parole,23,0.00046,50000,1.2012476472933904,0.011951956457448367,1.1185218761262736,True,1402.3181818181818,2230.8444138265895,1.5908261354311035,0.22804545907237894,1.0530875449629038,1.2029957379967515,keyword,wrnpc_8,letterario,Guerra e pace
not,parole,74,0.00148,50000,1.1873832485497493,0.00879492150310936,1.1164252238076073,True,676.1643835616438,962.3426135925152,1.423237657865754,0.17465792366338384,1.0219986383994886,1.1893375555626775,appaiata,wrnpc_8,letterario,Guerra e pace
at,parole,68,0.00136,50000,0.9927449194582494,0.0034843108103191924,1.0079151670120867,True,723.8358208955224,699.8314428449122,0.9668372614926515,-0.016860946839181302,1.0337520500174526,0.9702298069028403,appaiata,wrnpc_8,letterario,Guerra e pace
them,parole,36,0.00072,50000,1.131194520270428,0.017647660897126362,1.0030830610442842,True,1345.1714285714286,1634.0221304159486,1.2147315172693485,0.09695600373904537,0.940691904900823,1.071137268692331,appaiata,wrnpc_8,letterario,Guerra e pace
have,parole,29,0.00058,50000,1.0746454180582652,0.012740268376999696,1.0819031737832592,True,1602.25,1781.481793235516,1.111862564041514,0.05296867606168486,0.9146381194644286,1.0036892424370152,appaiata,wrnpc_8,letterario,Guerra e pace
out,parole,25,0.0005,50000,1.05469276356149,0.012045859321899912,0.9602004487194823,True,2010.2916666666667,2390.738733914808,1.1892496862800876,0.08644499869800394,0.9407685928838788,1.0875839768410394,appaiata,wrnpc_8,letterario,Guerra e pace
did,parole,23,0.00046,50000,1.0307196905840788,0.0058981572624909285,1.0649012840236423,True,2182.4545454545455,2569.8918029341,1.177523631952143,0.08152546743797845,0.9789505827612657,1.0400401554517438,appaiata,wrnpc_8,letterario,Guerra e pace
do,parole,23,0.00046,50000,1.3895942806006425,0.013568241377084976,1.285417471202522,True,2082.181818181818,3198.802181120207,1.5362741875795616,0.21144172432371885,0.9854624727546636,1.1832792235488763,appaiata,wrnpc_8,letterario,Guerra e pace
vocali,vc,14306,0.28612,50000,1.1502670199788148,0.003343540641297206,1.135427723554542,True,3.494931842013282,1.6681875588320312,0.47731619220106425,-0.3538063215973997,1.0252901142866107,1.0122037834384734,vocali,wrnpc_9,letterario,Guerra e pace
spazio,lettere,7997,0.15994,50000,1.0514077897887848,0.007299953621298885,1.0647151653504912,True,6.251375687843922,3.414729798340787,0.5462365355806212,-0.2934631629623134,0.9370681750967597,0.9824426123283111,spazio,wrnpc_9,letterario,Guerra e pace
e,lettere,4606,0.09212,50000,1.2141503210381166,0.006184999196184525,1.2072960790373757,True,10.855374592833876,9.086270558282044,0.837029664944064,-0.08871404646636359,0.9594396522786921,1.0320107619584051,lettera,wrnpc_9,letterario,Guerra e pace
a,lettere,3396,0.06792,50000,1.187961044863906,0.015779584568577882,1.0951015053079434,True,14.71899852724595,13.00188015725978,0.8833399998778683,-0.06194314363295897,0.9543203019059114,0.9582664172199945,lettera,wrnpc_9,letterario,Guerra e pace
t,lettere,3395,0.0679,50000,1.1872221480720824,0.010077329979299129,1.1027792869474136,True,14.726281673541544,13.281738321787143,0.9019071219892671,-0.051576061142320266,0.968250851845666,0.9868245788625017,lettera,wrnpc_9,letterario,Guerra e pace
o,lettere,2901,0.05802,50000,1.128130792864946,0.004027335213245243,1.1426331727487329,True,17.229310344827585,15.812266477947007,0.9177538834393341,-0.04288669013834263,0.9755460744769655,1.0037589446526498,lettera,wrnpc_9,letterario,Guerra e pace
n,lettere,2824,0.05648,50000,1.209511798543278,0.015974428224660737,1.1118864193328801,True,17.709528869996458,15.019710811257006,0.8481146461611099,-0.08218394576028346,1.0686421470022862,0.9911797985014315,lettera,wrnpc_9,letterario,Guerra e pace
h,lettere,2694,0.05388,50000,1.145420998077824,0.012227578848326705,1.106264675193757,True,18.551429632380245,16.022274231325657,0.8636678977753757,-0.07315257315284622,1.0333665036187651,0.9082420015901814,lettera,wrnpc_9,letterario,Guerra e pace
i,lettere,2460,0.0492,50000,1.156424103529201,0.003635478557213273,1.1313010722726733,True,20.318015453436356,18.553699162431553,0.9131649301553018,-0.0453881777132771,0.9234279431497363,0.9992772162302712,lettera,wrnpc_9,letterario,Guerra e pace
s,lettere,2355,0.0471,50000,1.2298088062177734,0.020355363431195875,1.099457141106508,True,21.228122344944776,20.723325634950356,0.9762203787131163,-0.012032879299811986,0.9597342942273749,0.9212632503036767,lettera,wrnpc_9,letterario,Guerra e pace
r,lettere,2170,0.0434,50000,1.1682956905657755,0.006399551992607129,1.1294540424513366,True,23.009681881051176,22.321687829247033,0.9700998016678051,-0.015176996772895815,1.0016741315719766,1.0115287105125947,lettera,wrnpc_9,letterario,Guerra e pace
d,lettere,1935,0.0387,50000,0.8799675230892207,0.008879051586043228,0.8786907574060486,True,25.821096173733196,22.614359593912653,0.8758094327892,-0.06620638804771183,0.9532746319496778,0.9705391105232328,lettera,wrnpc_9,letterario,Guerra e pace
l,lettere,1533,0.03066,50000,1.3272978887158298,0.0153692322674712,1.2292581487871939,True,32.55874673629243,36.78437987433269,1.1297848830689192,0.06093802435197365,0.961354497581343,1.037401178855193,lettera,wrnpc_9,letterario,Guerra e pace
m,lettere,950,0.019,50000,1.1428403750380352,0.017497004747500648,1.0327419633427153,True,52.61222339304531,52.82521631875291,1.0040483543931684,0.0020200881801548743,0.9370580086244443,1.077401810109808,lettera,wrnpc_9,letterario,Guerra e pace
w,lettere,949,0.01898,50000,1.0142876144724577,0.006193789313797851,0.9916194592120917,True,52.68354430379747,49.33097348925105,0.9363639850194216,-0.032863663790947885,0.9425664703003176,0.9853830525700493,lettera,wrnpc_9,letterario,Guerra e pace
u,lettere,943,0.01886,50000,1.1513024182649028,0.005761045611837173,1.1435305400080664,True,53.05307855626327,48.69462135446387,0.9178472329899344,-0.04283592853325913,0.9400353395542944,0.9794248294436532,lettera,wrnpc_9,letterario,Guerra e pace
y,lettere,883,0.01766,50000,1.3288872939657235,0.012235486025656916,1.2339278622247298,True,56.55215419501134,55.71165937946815,0.9851377046991902,-0.0074867830406061915,1.0059852084632437,0.9207753903002062,lettera,wrnpc_9,letterario,Guerra e pace
g,lettere,791,0.01582,50000,1.2186577521892292,0.010376993795056303,1.1382116028867535,True,63.21898734177215,64.05304276883813,1.0131931158997682,0.006553328538415794,0.9775693802006408,0.9894768880522666,lettera,wrnpc_9,letterario,Guerra e pace
c,lettere,702,0.01404,50000,0.9894236268770245,0.020616991826860255,1.1013571279558256,True,71.19115549215407,71.63832159998537,1.0062812031177186,0.00313076906066694,0.9118658469539187,1.051166452177163,lettera,wrnpc_9,letterario,Guerra e pace
f,lettere,640,0.0128,50000,1.0778896232141193,0.013127855263637283,0.9731627943809052,True,77.96870109546165,74.82570525012471,0.9596890059578037,-0.02057009756121697,1.0403280864579614,0.8650666961261501,lettera,wrnpc_9,letterario,Guerra e pace
p,lettere,524,0.01048,50000,1.258059411386011,0.027683112335418095,1.0554956442419465,True,95.30975143403441,103.4298568493118,1.0851970054805722,0.040858012579457384,0.9980001684674892,0.9765543666209148,lettera,wrnpc_9,letterario,Guerra e pace
and,parole,338,0.00676,50000,1.0504676533851296,0.007725880378872109,1.0039287789780544,True,147.6379821958457,131.58357648535875,0.8912582963292579,-0.05749701343375401,0.9640372289622677,0.9547840463621559,funzione,wrnpc_9,letterario,Guerra e pace
the,parole,319,0.00638,50000,1.3934525451081703,0.011013922996479285,1.3081440290641844,True,156.6761006289308,179.98599348207946,1.1487775912189404,0.0692382458877669,0.9217072792427615,1.000653852327966,funzione,wrnpc_9,letterario,Guerra e pace
to,parole,290,0.0058,50000,1.2469616141910296,0.00538414740369031,1.2288457695527175,True,170.32179930795849,174.30460120807712,1.0233839820639596,0.011556868232250562,1.0308150979160768,0.9260609352283273,funzione,wrnpc_9,letterario,Guerra e pace
her,parole,169,0.00338,50000,1.436203178254407,0.00636936885536724,1.3888406171247594,True,295.82142857142856,793.190686359395,2.6813158539252764,0.45671600064757817,1.0978373574293785,1.4057594775000926,funzione,wrnpc_9,letterario,Guerra e pace
she,parole,174,0.00348,50000,1.4846207439431454,0.013035841716882152,1.3828575193942512,True,287.1271676300578,1010.6875831388832,3.519999836591847,0.5575221078972356,0.942709963601692,1.47155190141454,funzione,wrnpc_9,letterario,Guerra e pace
you,parole,149,0.00298,50000,1.4950370134454023,0.0074434904907064075,1.4383932919264073,True,330.0878378378378,713.5729579949676,2.1617668880776044,0.36744229704548964,0.996513929455625,1.308613116243136,funzione,wrnpc_9,letterario,Guerra e pace
natásha,parole,115,0.0023,50000,1.4419869216061725,0.027633904921339915,1.2431519287750468,True,423.780701754386,1474.380042256681,3.479110861237847,0.5534828089860495,0.9957037484381432,1.3881625229917842,keyword,wrnpc_9,letterario,Guerra e pace
anatole,parole,69,0.00138,50000,1.3129421673741986,0.018080150468936244,1.1918527478871372,True,717.8970588235294,1354.0078610378946,1.8860752309764393,0.30701737136514473,0.9789804106827313,1.287231384405873,keyword,wrnpc_9,letterario,Guerra e pace
sónya,parole,62,0.00124,50000,1.6611944713464684,0.01812932903976957,1.522226963719021,True,585.9508196721312,2029.2217837242397,3.463126452932843,0.551883635587841,1.0330908011080637,1.5445648920217117,keyword,wrnpc_9,letterario,Guerra e pace
márya,parole,39,0.00078,50000,1.3956415460887164,0.029439431622669418,1.1953326711458723,True,1162.657894736842,2742.797322091285,2.3590751282105167,0.40459801473226886,0.9742903599264521,1.382041908390453,keyword,wrnpc_9,letterario,Guerra e pace
don’t,parole,37,0.00074,50000,1.2799360210753927,0.002561051783806506,1.2887009799919351,True,954.4444444444445,1386.1749929612463,1.452337012415741,0.18445140701528387,0.9899393954637237,1.2644374643239198,keyword,wrnpc_9,letterario,Guerra e pace
went,parole,36,0.00072,50000,1.024502451827199,0.0034009116439132248,1.014063196123702,True,1277.4857142857143,1198.6790860194835,0.9383111471345931,-0.03182608373098491,0.9058831358215439,1.0307867169276863,keyword,wrnpc_9,letterario,Guerra e pace
dólokhov,parole,40,0.0008,50000,1.4698378513415744,0.025887259083625352,1.3027100276442192,True,704.3846153846154,1840.856431341053,2.613425096367117,0.4465085212335605,1.0519124362235492,1.454660364791635,keyword,wrnpc_9,letterario,Guerra e pace
of,parole,109,0.00218,50000,1.1351943438658358,0.009782819132793826,1.059644828311301,True,453.6666666666667,550.6926988785405,1.2138707543244829,0.09660489615607268,1.003957449147469,1.0567581385697993,appaiata,wrnpc_9,letterario,Guerra e pace
what,parole,67,0.00134,50000,1.0955110786796016,0.009696872828758536,1.1651456463180914,True,736.1515151515151,839.100878549346,1.1398480629040637,0.06535420216436813,0.9696647366656745,1.0240003665391246,appaiata,wrnpc_9,letterario,Guerra e pace
said,parole,62,0.00124,50000,1.2198092503932474,0.006600183506155939,1.1940221496558128,True,783.7213114754098,1146.8606880109362,1.4633526882813628,0.18809839552639768,0.9960965575678671,1.208568535517121,appaiata,wrnpc_9,letterario,Guerra e pace
from,parole,39,0.00078,50000,1.0766547607198171,0.0043824303459585965,1.0513644153288881,True,1293.1315789473683,1431.4223916441094,1.1069425686822312,0.0507572300601993,0.9867796102607796,1.030208056411271,appaiata,wrnpc_9,letterario,Guerra e pace
if,parole,37,0.00074,50000,1.2432391796008828,0.005534545415980718,1.1968355459597158,True,1257.111111111111,1601.6588860620686,1.274079014898234,0.1205230834560509,0.9467615915498921,1.1549249504692067,appaiata,wrnpc_9,letterario,Guerra e pace
me,parole,38,0.00076,50000,1.1896831867692819,0.004283799280033287,1.164630618512474,True,1177.2162162162163,1445.9150915430519,1.228249383270035,0.10243439759649837,0.9871443923547072,1.0921324833115162,appaiata,wrnpc_9,letterario,Guerra e pace
room,parole,34,0.00068,50000,1.0880185746039936,0.005960833299900075,1.079440992143158,True,1422.2424242424242,1438.3099681202032,1.011297331315607,0.005616937456093292,1.0610406963535617,1.122504633144327,appaiata,wrnpc_9,letterario,Guerra e pace
vocali,vc,14555,0.2911,50000,1.3019064466187031,0.009436547817125917,1.2271268213299258,True,3.4353442352617836,1.57244837531728,0.4577265821506399,-0.371999402692735,0.9849060823460961,1.0004020097658322,vocali,wrnpc_10,letterario,Guerra e pace
spazio,lettere,7899,0.15798,50000,1.170445835474605,0.012428465782395334,1.0806806085013392,True,6.329703722461383,3.408483548386503,0.5384902197382901,-0.2999757647729581,1.0629346323135307,1.012161094222023,spazio,wrnpc_10,letterario,Guerra e pace
e,lettere,4786,0.09572,50000,1.0755145165822066,0.006559964824022867,1.0649246775115688,True,10.447648902821317,8.79030535521429,0.8413668411885977,-0.08614967711105573,1.0320832776678923,0.9480466456028992,lettera,wrnpc_10,letterario,Guerra e pace
t,lettere,3525,0.0705,50000,1.0330070794407908,0.008534028423010593,1.0453110998808923,True,14.180192962542565,13.005933027536754,0.9171901300562231,-0.04319335294165554,0.9884174486456687,0.9716535129770527,lettera,wrnpc_10,letterario,Guerra e pace
a,lettere,3198,0.06396,50000,0.988280665583652,0.012095819755214001,1.0791885731550666,True,15.63747263059118,13.516490076879805,0.8643653866698284,-0.07275108962006914,0.9751798509808154,0.9397581105894425,lettera,wrnpc_10,letterario,Guerra e pace
n,lettere,2954,0.05908,50000,1.0951322701445831,0.005485948806244049,1.0524215135805506,True,16.927531324077208,14.797898798228047,0.8741911927334592,-0.06712698669928753,1.0013734282697582,0.9661826004030543,lettera,wrnpc_10,letterario,Guerra e pace
o,lettere,2920,0.0584,50000,0.9762456567533764,0.004232201655504153,0.9686029429745867,True,17.10962658444673,15.198266101514761,0.8882874226682735,-0.0591607908788956,0.8871350565747028,0.9717115926353074,lettera,wrnpc_10,letterario,Guerra e pace
h,lettere,2650,0.053,50000,1.2562567458148195,0.01042446425010056,1.182174741370708,True,18.865987164967912,16.314199529407922,0.8647413669241554,-0.07253479515979763,0.8750704459745605,0.9171853101259693,lettera,wrnpc_10,letterario,Guerra e pace
i,lettere,2625,0.0525,50000,1.1283235351114167,0.004057550894370719,1.1255094076121033,True,19.04344512195122,17.48403822201916,0.9181131938078502,-0.04269133148997721,1.0069535783289438,0.9579729868609771,lettera,wrnpc_10,letterario,Guerra e pace
s,lettere,2482,0.04964,50000,1.124974539216928,0.009260729441690096,1.0592906119326568,True,20.13018943974204,18.958623759206002,0.9418005635742766,-0.029971891819104052,0.927211386053496,0.9434446138937843,lettera,wrnpc_10,letterario,Guerra e pace
r,lettere,2450,0.049,50000,1.2512124047359106,0.01484558000249274,1.1306505820972241,True,20.410779910167417,17.63179544299027,0.8638472180187087,-0.07304932543023744,0.9373746309135917,1.0302142909943195,lettera,wrnpc_10,letterario,Guerra e pace
d,lettere,1885,0.0377,50000,1.0504376891825034,0.003911917124727466,1.0714799268488406,True,26.52972399150743,23.105743383416723,0.8709379483485475,-0.06898253988881556,0.966554097886176,0.9824430964133476,lettera,wrnpc_10,letterario,Guerra e pace
l,lettere,1525,0.0305,50000,1.189531136517251,0.014103873415812209,1.091054471768159,True,32.63254593175853,34.202423817011756,1.0481077354042854,0.023488869541713406,0.9668740099867456,0.9485867364134396,lettera,wrnpc_10,letterario,Guerra e pace
c,lettere,1032,0.02064,50000,1.1259970980653164,0.004062187006764346,1.1377678667268711,True,48.43258971871969,48.73328506063805,1.0062085332141995,0.003094659957533196,0.9108728822942872,1.0076401695084056,lettera,wrnpc_10,letterario,Guerra e pace
u,lettere,1026,0.02052,50000,1.1119010362309854,0.004994143296000736,1.0729507688839517,True,48.54243902439024,47.46837355741163,0.9778736814926225,-0.011186921952811289,1.0180694722910288,0.9873746033507228,lettera,wrnpc_10,letterario,Guerra e pace
m,lettere,988,0.01976,50000,1.0077653400773317,0.011436721175776692,1.0547670056544314,True,50.59067882472138,48.26369246535802,0.9540036541627454,-0.023539539314200126,0.9671433132168751,0.9112265168784317,lettera,wrnpc_10,letterario,Guerra e pace
w,lettere,929,0.01858,50000,1.0889774779915176,0.01344100586866273,1.0369813819002767,True,53.86530172413793,51.953470207249204,0.9645071789130627,-0.01806703557406956,1.0194337454603994,1.024692696139449,lettera,wrnpc_10,letterario,Guerra e pace
f,lettere,926,0.01852,50000,1.060716757295391,0.0043665797051218895,1.0906414487413372,True,53.956756756756754,53.29163281414943,0.9876730184950556,-0.006201714965310349,0.9676190847160603,0.8577351030487668,lettera,wrnpc_10,letterario,Guerra e pace
g,lettere,824,0.01648,50000,1.2399122495184425,0.014393866499612733,1.1324055912882727,True,60.61846901579587,62.06532740019292,1.0238682765811857,0.011793394292194332,0.9923087132831886,1.0020590993895617,lettera,wrnpc_10,letterario,Guerra e pace
p,lettere,714,0.01428,50000,1.39354648267069,0.015474556285045358,1.2631270498549754,True,70.01122019635343,78.6222471002891,1.1229949553769407,0.05793464325736132,0.9660475469842105,0.9964859162809464,lettera,wrnpc_10,letterario,Guerra e pace
y,lettere,689,0.01378,50000,1.2612297521157834,0.006474951614226875,1.2185272982006279,True,72.61191860465117,73.60023596438903,1.0136109522889616,0.006759474700656213,0.9617468387005559,1.0397847839842926,lettera,wrnpc_10,letterario,Guerra e pace
the,parole,570,0.0114,50000,1.374771030301007,0.017066223413197124,1.2427831653774086,True,87.69595782073814,86.34165267791177,0.9845568122353513,-0.007781680861659972,0.9884413817112995,1.0114250465795465,funzione,wrnpc_10,letterario,Guerra e pace
and,parole,336,0.00672,50000,0.9846598466646544,0.008369270850533888,0.9191056877169945,True,149.00298507462688,107.80664379412093,0.7235200270660812,-0.16041587483295214,1.0473277157444654,0.9433584130492699,funzione,wrnpc_10,letterario,Guerra e pace
to,parole,261,0.00522,50000,0.9845940278921907,0.022458177685862123,1.1236164564032733,True,191.53076923076924,191.68495663907117,1.0008050268315696,0.0004023514639227161,0.9053110557451145,1.0990706194612962,funzione,wrnpc_10,letterario,Guerra e pace
of,parole,234,0.00468,50000,1.1988821357801955,0.009618664610265993,1.1190307058344522,True,213.4978540772532,235.62292941491248,1.1036313710659285,0.04926308501161851,0.9591582823159305,1.0493574382128257,funzione,wrnpc_10,letterario,Guerra e pace
in,parole,161,0.00322,50000,1.0779773136634216,0.01275630550743743,1.0936898431770434,True,310.13125,325.3557148040593,1.0490903925485073,0.02395716300609478,0.9937877404227681,1.0670869109533132,funzione,wrnpc_10,letterario,Guerra e pace
he,parole,160,0.0032,50000,1.3066056549622616,0.004306810581423548,1.3169258433222546,True,303.34591194968556,498.6134190060762,1.643712340810377,0.24348804174854363,1.041716230271654,1.31242467866391,funzione,wrnpc_10,letterario,Guerra e pace
rostóv,parole,59,0.00118,50000,1.365446123809319,0.026539980182102792,1.1728648894733795,True,493.67241379310343,434.4783679403458,0.8800944833073746,-0.06377632494388964,0.9598996347652958,1.3244980604823573,keyword,wrnpc_10,letterario,Guerra e pace
prince,parole,28,0.00056,50000,1.305674939718945,0.006559360068229925,1.2514098787296244,True,746.3333333333334,842.0962397036794,1.1283111742344967,0.06028778864098537,0.9666602061783868,1.3131554698038819,keyword,wrnpc_10,letterario,Guerra e pace
pfuel,parole,30,0.0006,50000,1.4526569039997639,0.018596289105909127,1.3016910846468284,True,572.8620689655172,707.4680065526402,1.234970937821379,0.10513377773512594,0.9977263312869621,1.4067674108416057,keyword,wrnpc_10,letterario,Guerra e pace
andrew,parole,27,0.00054,50000,1.2883480952495416,0.008455561377084702,1.2165265491187391,True,1707.3846153846155,4479.498847656269,2.6236026770378222,0.4480631078363881,1.0618099983903135,1.2921234599300213,keyword,wrnpc_10,letterario,Guerra e pace
emperor,parole,31,0.00062,50000,1.5068684354885349,0.01940924510609608,1.356183740893227,True,1597.4,4345.399982383273,2.7202954691268766,0.4624082907937998,1.0681314233181773,1.366789572759566,keyword,wrnpc_10,letterario,Guerra e pace
ilyín,parole,21,0.00042,50000,1.2824937245919608,0.020972845636582253,1.1259984070431244,True,1137.55,1934.531154270229,1.700611976853966,0.2594271160976382,0.9841899837606696,1.2678336824174725,keyword,wrnpc_10,letterario,Guerra e pace
mary,parole,21,0.00042,50000,1.6451547270911073,0.031008080812282516,1.398021816307171,True,278.75,176.66139929254496,0.6337628674172017,-0.22416786419058402,0.9132618481190417,1.6266029229531398,keyword,wrnpc_10,letterario,Guerra e pace
from,parole,56,0.00112,50000,1.050393769803859,0.008010769273227983,1.0938691608726934,True,882.709090909091,979.1278370121652,1.1092304895192298,0.0517868910306371,0.9940842633907456,1.108353374526409,appaiata,wrnpc_10,letterario,Guerra e pace
could,parole,28,0.00056,50000,1.0709037852167584,0.0027874523996311916,1.0756711668784815,True,1619.3703703703704,1622.1052595113774,1.001688859566068,0.0008437173229979704,1.0368179628762226,1.0511025490239385,appaiata,wrnpc_10,letterario,Guerra e pace
what,parole,28,0.00056,50000,1.0249461492213672,0.0073420700990456614,1.0033888595678344,True,1798.6666666666667,1712.4434634126217,0.9520627113116873,-0.024557248294600764,1.0364815878622409,1.0176763537173577,appaiata,wrnpc_10,letterario,Guerra e pace
been,parole,26,0.00052,50000,1.196943569461947,0.016805350243001272,1.0646590507281677,True,1504.08,1743.8070640603182,1.1593845168211254,0.07381016006160804,0.9414305106668834,1.174240294154365,appaiata,wrnpc_10,letterario,Guerra e pace
now,parole,24,0.00048,50000,0.9797600646552501,0.005240152697531093,1.014097925868107,True,1772.1304347826087,1995.9560321343351,1.126303116835293,0.05940033471016947,0.9420484856730799,1.0535803762137046,appaiata,wrnpc_10,letterario,Guerra e pace
did,parole,21,0.00042,50000,1.218342019601632,0.012992745779901838,1.1156022814589766,True,2063.05,2563.6646975723925,1.24265756892581,0.10820090070283815,0.9720184092119077,1.151813124829053,appaiata,wrnpc_10,letterario,Guerra e pace
her,parole,21,0.00042,50000,1.3399791411688036,0.023343881377291965,1.2396954177090491,True,809.35,1825.889437910654,2.2559948574913866,0.38574841560378886,0.9222117814659944,1.316038246360212,appaiata,wrnpc_10,letterario,Guerra e pace
vocali,vc,14626,0.29252,50000,1.2511940059378532,0.012810886478746755,1.177547870859012,True,3.4181880341880344,1.578506351553441,0.4617962311509886,-0.36817974857223473,1.01374280489219,0.9695761578724794,vocali,wrnpc_11,letterario,Guerra e pace
spazio,lettere,8042,0.16084,50000,1.290924724037867,0.011173884511456927,1.2023761502218542,True,6.217758985200845,3.327551652807759,0.5351689669425604,-0.3027881901385723,1.009028738247784,0.9621418905101516,spazio,wrnpc_11,letterario,Guerra e pace
e,lettere,4890,0.0978,50000,1.1989999225108816,0.012449900369376612,1.1054566965932429,True,10.223767641644509,8.315697082167265,0.8133691388187372,-0.10291939858579358,1.0528734915569364,0.9122168621945242,lettera,wrnpc_11,letterario,Guerra e pace
t,lettere,3544,0.07088,50000,1.1903140051702938,0.005869765456219,1.1474086304270121,True,14.105560259666948,12.783924216333887,0.9063038958394222,-0.04915066499369433,0.9599317301656652,0.967254214870152,lettera,wrnpc_11,letterario,Guerra e pace
a,lettere,3181,0.06362,50000,1.160664459210772,0.0054657322004449125,1.1349590928824769,True,15.714779874213836,13.350152896779251,0.8495284696087492,-0.08135669867416624,0.9723280224599314,1.0078244241220182,lettera,wrnpc_11,letterario,Guerra e pace
o,lettere,3017,0.06034,50000,0.9992722389005725,0.010405402654918945,0.9436524503958051,True,16.57128647214854,14.780883550838409,0.8919575179441094,-0.057106188184021515,0.9295895335415937,0.9223645357046352,lettera,wrnpc_11,letterario,Guerra e pace
n,lettere,2907,0.05814,50000,1.0868293212468156,0.015258305910982484,0.965128608104637,True,17.203028217481073,14.871407645324645,0.8644645266705356,-0.07269404774972929,0.9781999174577093,1.039943147911983,lettera,wrnpc_11,letterario,Guerra e pace
i,lettere,2590,0.0518,50000,1.065012588938471,0.0032170817768943493,1.0880633960720227,True,19.296253379683275,17.983804469751473,0.9319842622239994,-0.035205119992905334,1.0001162830714974,1.046895935398806,lettera,wrnpc_11,letterario,Guerra e pace
h,lettere,2560,0.0512,50000,1.2304959798855102,0.00536834266447573,1.1890171433819074,True,19.53536537710043,16.606311024599297,0.8500640097607489,-0.08104367710965894,0.995685898298612,0.962587807291215,lettera,wrnpc_11,letterario,Guerra e pace
s,lettere,2507,0.05014,50000,1.104712153776116,0.00285576132618601,1.1214002826802794,True,19.941340782122904,19.1332169500133,0.9594749500076708,-0.02068158615254081,0.9484985479533848,1.007501566366339,lettera,wrnpc_11,letterario,Guerra e pace
r,lettere,2315,0.0463,50000,1.0716090383296262,0.007776102502923311,1.050427746861338,True,21.594641313742436,19.877834559304866,0.9204984824941257,-0.04139629280134954,0.9742954003883346,1.0150442654234786,lettera,wrnpc_11,letterario,Guerra e pace
d,lettere,1872,0.03744,50000,1.3598668630396324,0.017623553842456254,1.2407494076638483,True,26.694815606627472,25.223776446864218,0.9448942003780674,-0.028333571878213563,0.8641729003430813,1.0351965825695306,lettera,wrnpc_11,letterario,Guerra e pace
l,lettere,1598,0.03196,50000,1.0950106563056108,0.004954230341563663,1.0660195633283112,True,31.285535378835316,32.2421698433519,1.030577532170466,0.015058539595768038,1.0087961872787135,0.9556571861335623,lettera,wrnpc_11,letterario,Guerra e pace
c,lettere,1067,0.02134,50000,1.2926995844374256,0.011046798034922591,1.202241517752056,True,46.74765478424015,45.752601907970856,0.9787143787028061,-0.01075729854004913,1.0350283836641947,0.9925520494059773,lettera,wrnpc_11,letterario,Guerra e pace
m,lettere,955,0.0191,50000,1.2689812502366467,0.006005528683809819,1.2328202625526377,True,52.164570230607964,50.19440864746619,0.9622318064841303,-0.019247569727014864,0.9319483304776512,0.9085115413508059,lettera,wrnpc_11,letterario,Guerra e pace
u,lettere,948,0.01896,50000,1.144371616556046,0.012834261504454696,1.114484149538868,True,52.68426610348469,51.49207738445543,0.9773710671666658,-0.011443948588647416,0.8848818677692002,1.0403035206943423,lettera,wrnpc_11,letterario,Guerra e pace
w,lettere,932,0.01864,50000,1.1378576604936477,0.0036472074499113625,1.1189958841491998,True,53.575725026852844,50.35533320448849,0.9398908401006192,-0.03098584655220241,0.913973100515268,0.9325136738404628,lettera,wrnpc_11,letterario,Guerra e pace
f,lettere,863,0.01726,50000,1.1154358769762864,0.014757219452189245,1.0268408100853679,True,57.97911832946636,60.876177369434934,1.0499672834537779,0.02437467361410431,0.9174766376749265,0.9819584970006532,lettera,wrnpc_11,letterario,Guerra e pace
g,lettere,799,0.01598,50000,1.1501264708118308,0.021288175854222113,1.0258479176565913,True,62.3859649122807,62.89735042989011,1.008197124438621,0.0040818325745349895,1.0083870961981314,1.0268642399607908,lettera,wrnpc_11,letterario,Guerra e pace
p,lettere,795,0.0159,50000,1.1836522624734325,0.021182214074797066,1.0298982324993253,True,62.64861460957179,62.111998295436415,0.9914345062938809,-0.004301167665342811,0.9260894360690837,0.9858198119573126,lettera,wrnpc_11,letterario,Guerra e pace
y,lettere,651,0.01302,50000,1.1987379748075666,0.006315213926680394,1.1721890728187254,True,76.78923076923077,86.63516586218459,1.1282202594598598,0.06024764536937639,1.032557956283049,0.9974007008817027,lettera,wrnpc_11,letterario,Guerra e pace
the,parole,609,0.01218,50000,1.3539136369373876,0.0088105703055449,1.356241637736931,True,82.14802631578948,86.8480719837855,1.0572143468173945,0.02781156319753829,0.9441334097719133,0.9832750179627517,funzione,wrnpc_11,letterario,Guerra e pace
and,parole,345,0.0069,50000,1.2919428859186337,0.02371715475223058,1.128274623214801,True,144.46511627906978,122.61637039882707,0.8487610958064333,-0.08180554239086038,0.9518440847386561,1.0061760952518228,funzione,wrnpc_11,letterario,Guerra e pace
to,parole,294,0.00588,50000,1.1691386347623327,0.01341315432298517,1.1071190041519947,True,169.80204778156997,182.75569926059924,1.0762867800963896,0.036741928344237736,1.0468544217079554,1.0562079994267173,funzione,wrnpc_11,letterario,Guerra e pace
of,parole,249,0.00498,50000,1.1561746293171582,0.008155955951349924,1.098768917038303,True,200.58467741935485,215.4678200211643,1.0741988011910493,0.03577227079122922,1.0406246464294646,1.022865649232415,funzione,wrnpc_11,letterario,Guerra e pace
in,parole,152,0.00304,50000,1.0102930643484929,0.00842760800924479,0.990605724407562,True,326.3708609271523,304.4413378828843,0.932807962751421,-0.034763948898952575,0.9455242956975578,0.9602360606925976,funzione,wrnpc_11,letterario,Guerra e pace
he,parole,149,0.00298,50000,1.2908976948663862,0.011120858928340274,1.1955051185404313,True,335.35135135135135,511.84535909863877,1.5262958000201188,0.20832706922757321,0.9312791323380282,1.1682528513130084,funzione,wrnpc_11,letterario,Guerra e pace
prince,parole,77,0.00154,50000,1.3866943743885278,0.016330421481420568,1.2631768908345806,True,548.8421052631579,1139.7513536162944,2.0766470769763705,0.3499416897808326,0.9910307042970813,1.3505769245577322,keyword,wrnpc_11,letterario,Guerra e pace
andrew,parole,36,0.00072,50000,1.4997459197572705,0.03756208676765095,1.2135915368434802,True,1092.5714285714287,3456.1126605897957,3.163283031397564,0.5196098884181255,0.9835048570120734,1.4351193991618816,keyword,wrnpc_11,letterario,Guerra e pace
alpátych,parole,33,0.00066,50000,1.5128338734853564,0.02581771068111686,1.3170210292628861,True,1325.15625,4303.480392766699,3.2475267673277766,0.5291377524953776,0.9905181073666407,1.3526535517259832,keyword,wrnpc_11,letterario,Guerra e pace
moscow,parole,22,0.00044,50000,1.1810701607202436,0.006923270741150714,1.1460302462020897,True,1780.3809523809523,1845.7785749160291,1.0367323759825777,0.01803495462424557,0.9398999487560813,1.0866842086363715,keyword,wrnpc_11,letterario,Guerra e pace
napoleon,parole,28,0.00056,50000,1.5670757238369721,0.024869886995067474,1.4002044713844388,True,1520.2222222222222,4418.135469362729,2.9062431825949835,0.48799910642753014,0.9713347816387156,1.4715922179948058,keyword,wrnpc_11,letterario,Guerra e pace
away,parole,20,0.0004,50000,1.1835672787250402,0.0074726530217642554,1.1802440634572418,True,2346.8947368421054,3988.040829150419,1.6992840652566203,0.2590627915962374,1.0561759260153776,1.222782347324806,keyword,wrnpc_11,letterario,Guerra e pace
anna,parole,19,0.00038,50000,1.4164942088672958,0.026242336757490565,1.2281163157083117,True,474.1111111111111,420.79349258120993,0.8875419341998804,-0.059579108555164385,1.0183653914111124,1.4375011493438319,keyword,wrnpc_11,letterario,Guerra e pace
at,parole,75,0.0015,50000,1.0852991194664399,0.009176937746386952,1.0234793442933319,True,659.2297297297297,594.2465598542041,0.9014256078800218,-0.05184236065374278,0.946179031304356,0.9903321081149731,appaiata,wrnpc_11,letterario,Guerra e pace
all,parole,35,0.0007,50000,0.926488108000461,0.006558697988783924,0.9355713107712342,True,1408.6176470588234,1245.4624555417129,0.8841735428646825,-0.06147334865938932,1.0150851586802423,0.940725081039186,appaiata,wrnpc_11,letterario,Guerra e pace
you,parole,31,0.00062,50000,1.2283501498260831,0.01032531037310587,1.1609768939450782,True,1295.7,1934.727498409905,1.493190938033422,0.19781514945760267,0.8990337737855144,1.1981568045094988,appaiata,wrnpc_11,letterario,Guerra e pace
there,parole,23,0.00046,50000,1.0657454608366632,0.014893352900159711,1.1470173356266944,True,1867.590909090909,2016.9133810305507,1.0799545934887462,0.038440547567260556,0.9892821223687944,1.079830461048808,appaiata,wrnpc_11,letterario,Guerra e pace
did,parole,21,0.00042,50000,1.023539059861964,0.00832783272937255,1.0743157794121296,True,2451.5,3104.416573715244,1.2663334993739521,0.11751734660742724,0.9310976554283679,1.0651051335598236,appaiata,wrnpc_11,letterario,Guerra e pace
are,parole,20,0.0004,50000,1.2155155809000568,0.006283071309804766,1.2470264951524248,True,2025.6842105263158,2789.013825164562,1.3768255736366317,0.15854153448040972,0.9092459917601375,1.2119047491564914,appaiata,wrnpc_11,letterario,Guerra e pace
like,parole,19,0.00038,50000,0.8397866383956002,0.012052108768220052,0.9207533320278843,True,2570.777777777778,1796.8525932390964,0.6989529039699126,-0.17719566877141568,0.9665875831457938,0.8266489207659161,appaiata,wrnpc_11,letterario,Guerra e pace
vocali,vc,14576,0.29152,50000,1.1204662545040192,0.003223548032493829,1.112449358357171,True,3.4302572898799313,1.604826169010432,0.4678442558070055,-0.3625423760645647,0.9483630430119767,1.0211894215556114,vocali,wrnpc_12,letterario,Guerra e pace
spazio,lettere,8013,0.16026,50000,1.1818620210598416,0.010709387419777894,1.2301696851411883,True,6.2400149775337,3.38812591687293,0.5429675936790862,-0.2962035030373875,1.039251455561826,0.8963554660542092,spazio,wrnpc_12,letterario,Guerra e pace
e,lettere,4990,0.0998,50000,1.0932680553813852,0.002379006740083356,1.0939239005134114,True,10.019041892162758,8.563658400036221,0.8547382566326039,-0.07831926841856814,1.035563686129063,1.0384706993704886,lettera,wrnpc_12,letterario,Guerra e pace
t,lettere,3546,0.07092,50000,1.209433528608053,0.007901512687791124,1.20813190009214,True,14.102397743300424,12.513557316354989,0.8873354406912655,-0.059695037182934174,1.0802469317903987,0.9826137705472627,lettera,wrnpc_12,letterario,Guerra e pace
o,lettere,2988,0.05976,50000,1.162391634312149,0.01809841414570112,1.0707846151609017,True,16.719450954134583,15.546797533998749,0.9298629229301428,-0.03634303568222705,0.9700422219196841,0.9909467837632402,lettera,wrnpc_12,letterario,Guerra e pace
a,lettere,2921,0.05842,50000,1.185554340949428,0.00790124100833176,1.1327001102580168,True,17.121917808219177,14.819232770429467,0.865512434787864,-0.0720914868774001,1.004487775723341,0.979756472667798,lettera,wrnpc_12,letterario,Guerra e pace
n,lettere,2816,0.05632,50000,1.235461376458681,0.007826894842095079,1.1820367143505692,True,17.757726465364122,15.584202467308605,0.8776012232030431,-0.06518890980916275,0.9971105490486796,1.0111847107907763,lettera,wrnpc_12,letterario,Guerra e pace
i,lettere,2708,0.05416,50000,1.109883637963195,0.01122564516467499,1.166319117010155,True,18.461026967122276,17.30288243917766,0.9372654332823854,-0.03238305171807093,0.9755312637310775,0.9578381068818888,lettera,wrnpc_12,letterario,Guerra e pace
h,lettere,2588,0.05176,50000,1.1749982992258157,0.015827617698540568,1.0842547416265282,True,19.323540780827212,16.771520860513842,0.8679320757381339,-0.07070274448265366,0.9271930767611041,1.0845720723975667,lettera,wrnpc_12,letterario,Guerra e pace
s,lettere,2386,0.04772,50000,1.1012537939100089,0.005040092205382288,1.0682086741856838,True,20.950104821802935,19.067139659530863,0.9101214443417746,-0.04705384357861992,1.0027077163427771,0.9629493616626337,lettera,wrnpc_12,letterario,Guerra e pace
r,lettere,2330,0.0466,50000,1.0980535372191957,0.009254998103980885,1.1013330725347128,True,21.4628595963933,20.082743756818033,0.9356974855388241,-0.033219299472963114,0.9345629998143657,1.0055578388136925,lettera,wrnpc_12,letterario,Guerra e pace
d,lettere,1875,0.0375,50000,1.2034893094942098,0.016929277752242462,1.063422871768694,True,26.66221985058698,24.074710033469426,0.9029521985934496,-0.050998549242741095,0.9421850141927797,1.0125467072673426,lettera,wrnpc_12,letterario,Guerra e pace
l,lettere,1523,0.03046,50000,1.2233318970835683,0.003938813557905354,1.2035772388163464,True,32.80814717477004,36.131307567971525,1.1012907061011066,0.04820404230933332,0.9097815641881272,1.0347197175333076,lettera,wrnpc_12,letterario,Guerra e pace
w,lettere,1006,0.02012,50000,1.080955494646805,0.018092359361741882,1.1787406237313123,True,49.56716417910448,50.65818502058273,1.0220109594637286,0.01088567762736867,0.9279167403571202,0.9306866227585445,lettera,wrnpc_12,letterario,Guerra e pace
u,lettere,969,0.01938,50000,1.3218499988968075,0.012688172903914153,1.218083819724582,True,51.497933884297524,49.98864396239757,0.970692223783367,-0.014871818066226243,1.0673743438093632,1.0149569937323297,lettera,wrnpc_12,letterario,Guerra e pace
m,lettere,908,0.01816,50000,1.0762787381069054,0.012093086936690386,1.0818483194298305,True,54.76957001102536,56.00264933945414,1.022513949409874,0.01113166582432874,0.9605472630316982,0.9572627725499299,lettera,wrnpc_12,letterario,Guerra e pace
c,lettere,895,0.0179,50000,1.1152030385143652,0.00581228436599752,1.0859442371698182,True,55.844519015659955,54.845005960176124,0.9821018593569846,-0.009029879346776747,0.9660688752539005,0.9512436139586705,lettera,wrnpc_12,letterario,Guerra e pace
f,lettere,779,0.01558,50000,1.1577140663700287,0.01093161620357609,1.1086383443387193,True,64.20179948586119,71.62916906076426,1.115687872215151,0.054680973377242335,0.9481685776496969,1.0128710235476894,lettera,wrnpc_12,letterario,Guerra e pace
g,lettere,767,0.01534,50000,1.2116087935294968,0.01428610384330902,1.1148111832684853,True,65.14490861618799,72.59110043891616,1.1143019766379387,0.05406132988613866,1.0096064719540279,0.9968003650078359,lettera,wrnpc_12,letterario,Guerra e pace
y,lettere,745,0.0149,50000,1.2564479925011767,0.005267246855151599,1.2432475562982535,True,66.89381720430107,72.15844137442964,1.0787012072289106,0.037860759860637326,0.9798793402693957,0.9786395164190057,lettera,wrnpc_12,letterario,Guerra e pace
p,lettere,719,0.01438,50000,1.1271443106509222,0.006722601567131972,1.126003063470942,True,69.55153203342618,78.49133233348141,1.1285349156041422,0.06038656667638458,0.9853502255105208,1.0389393465757715,lettera,wrnpc_12,letterario,Guerra e pace
the,parole,544,0.01088,50000,1.4682147432189572,0.013255539272470968,1.3713376170406681,True,91.96685082872928,102.83441893788871,1.118168318380263,0.05578797367275555,0.921061540879626,1.0477374097648104,funzione,wrnpc_12,letterario,Guerra e pace
and,parole,347,0.00694,50000,1.1798761907462538,0.014430070249483026,1.0799386809783202,True,143.73699421965318,135.50734582445472,0.942745091895951,-0.029471137692167932,0.9200367916328083,1.0693249305674766,funzione,wrnpc_12,letterario,Guerra e pace
to,parole,249,0.00498,50000,1.0924656217373572,0.007960457873120257,1.065183368221664,True,199.96370967741936,205.39168341720122,1.0271447941655927,0.013390653812060744,1.0169027836787912,0.9371271226088814,funzione,wrnpc_12,letterario,Guerra e pace
of,parole,234,0.00468,50000,1.1245678467374465,0.003984452256466218,1.1442645779973273,True,211.90557939914163,235.81443539968893,1.1128278739443336,0.05340135622770857,0.9783083878722577,1.0540633052579536,funzione,wrnpc_12,letterario,Guerra e pace
he,parole,146,0.00292,50000,1.17335188379774,0.015693848767865098,1.257439699725614,True,338.8758620689655,430.22200152231835,1.26955634696331,0.11877050213975927,0.9337841137226697,1.1108452676705431,funzione,wrnpc_12,letterario,Guerra e pace
in,parole,123,0.00246,50000,1.007653545313046,0.005913791013169525,1.050523609970237,True,403.5327868852459,425.4612117664651,1.0543411231847564,0.026451849973442434,0.9758271367207296,1.0229874467515914,funzione,wrnpc_12,letterario,Guerra e pace
pierre,parole,89,0.00178,50000,1.2228697777449804,0.005869606327180474,1.1840740650667796,True,555.875,795.2627963320584,1.4306504094122932,0.17717496837252714,0.9873985136262737,1.1839393210740816,keyword,wrnpc_12,letterario,Guerra e pace
prince,parole,42,0.00084,50000,1.4264656066046355,0.01595737678040678,1.3037344308893797,True,752.6585365853658,1493.928238064936,1.9848685233047856,0.32995373686153495,0.9933092512360137,1.387636672357541,keyword,wrnpc_12,letterario,Guerra e pace
andrew,parole,40,0.0008,50000,1.4241871940572004,0.013608673573899322,1.319521180387291,True,789.7179487179487,1238.4420380104475,1.5682080418977062,0.22124688990454394,0.9513069667558202,1.4375338596705731,keyword,wrnpc_12,letterario,Guerra e pace
left,parole,27,0.00054,50000,1.2785713443254703,0.016628530187096,1.1819075035448072,True,1360.8461538461538,2142.04765012,1.5740557035532192,0.22301603759421149,0.9798439156105528,1.3000013889290003,keyword,wrnpc_12,letterario,Guerra e pace
will,parole,26,0.00052,50000,1.1384690375227697,0.013173885014344815,1.227886835606558,True,1709.0,2488.1861365259633,1.4559310336605988,0.18564488473482393,1.0209511762220165,1.1608819128857177,keyword,wrnpc_12,letterario,Guerra e pace
position,parole,23,0.00046,50000,1.0783047351744122,0.005948455438042565,1.0715584580266455,True,1700.4545454545455,2004.5892044974896,1.17885491844279,0.08208665796372348,0.9775158590089048,1.1211381352625505,keyword,wrnpc_12,letterario,Guerra e pace
battle,parole,22,0.00044,50000,1.1308721501374808,0.00958816938162908,1.2054781484552584,True,2155.0,2331.4208114366656,1.0818658057710746,0.039323286613448825,0.9882256742028931,1.118463929198726,keyword,wrnpc_12,letterario,Guerra e pace
was,parole,89,0.00178,50000,1.1604726073711615,0.016687220285884236,1.2344006120836641,True,565.7272727272727,752.3433388271169,1.3298693117625398,0.1415827532030089,0.9021128891719252,1.1357771268770067,appaiata,wrnpc_12,letterario,Guerra e pace
by,parole,42,0.00084,50000,0.8817684733514727,0.014243767442180064,0.9925698823512435,True,1208.3658536585365,1303.5957340390762,1.0788088144763566,0.03791056393813113,1.020901092079323,0.9151172863149565,appaiata,wrnpc_12,letterario,Guerra e pace
them,parole,37,0.00074,50000,0.8906418232287621,0.011013160074570085,0.95002876952935,True,1325.4166666666667,1429.8308866036268,1.07877841177262,0.0378964931165722,0.9608131186770228,0.9294991274013439,appaiata,wrnpc_12,letterario,Guerra e pace
yes,parole,27,0.00054,50000,1.1518702796059304,0.004088561948670278,1.1805107003410495,True,1580.1538461538462,2148.84133788063,1.3598937490238627,0.15250421726517466,0.9743312616808755,1.108319621715985,appaiata,wrnpc_12,letterario,Guerra e pace
could,parole,25,0.0005,50000,1.2893111824554135,0.01315463185289343,1.1809049481886966,True,1766.625,2644.737511632257,1.497056540936677,0.1990569828067349,1.0005994645263554,1.266018178119103,appaiata,wrnpc_12,letterario,Guerra e pace
see,parole,23,0.00046,50000,1.2533546146086523,0.012474595494764323,1.1641381698574411,True,2046.3181818181818,3400.704848317179,1.661865138341099,0.2486471342246813,0.9792716669572656,1.2192697867307718,appaiata,wrnpc_12,letterario,Guerra e pace
about,parole,22,0.00044,50000,1.0838792351473094,0.014730199341580628,0.9800258018681482,True,1727.5238095238096,1506.5006677412268,0.8720578318144816,-0.06834306398617569,0.9823635935748122,1.0683427325819463,appaiata,wrnpc_12,letterario,Guerra e pace
vocali,vc,14889,0.29778,50000,1.1810373698709493,0.0074023658505059636,1.192753388341798,True,3.3582751209027406,1.5343837019701707,0.45689636695331615,-0.3727812391916595,0.9242865878081066,0.9958872745499772,vocali,wrnpc_13,letterario,Guerra e pace
spazio,lettere,7996,0.15992,50000,1.17739624681014,0.008714947438773275,1.2010194806706638,True,6.252782989368355,3.4217023149830097,0.5472287013320231,-0.29263372523931475,0.9579797510970961,0.9278191079191358,spazio,wrnpc_13,letterario,Guerra e pace
e,lettere,4870,0.0974,50000,1.1716231368879884,0.014061385318346975,1.243385354837022,True,10.26494146642021,8.541673971143922,0.8321210597338887,-0.09163092109780963,0.9573875412875795,0.9989557696206653,lettera,wrnpc_13,letterario,Guerra e pace
t,lettere,3687,0.07374,50000,1.2039038499266252,0.013223311577828925,1.1299242586479434,True,13.559142702116114,11.897009497230313,0.8774160548788679,-0.0652939686983988,0.9361272448687311,0.9553356432523324,lettera,wrnpc_13,letterario,Guerra e pace
a,lettere,3141,0.06282,50000,1.033552357255186,0.013455426045766394,1.0508039709251564,True,15.921974522292993,13.694545666055127,0.8601034781760796,-0.07520899964183478,0.9423851388092764,0.9941517750987776,lettera,wrnpc_13,letterario,Guerra e pace
o,lettere,3136,0.06272,50000,1.1273772287915094,0.010100800615859195,1.0782750301136523,True,15.93524720893142,14.075893471494876,0.8833181742926204,-0.06195545038543777,0.8407806839028239,0.986821185152872,lettera,wrnpc_13,letterario,Guerra e pace
n,lettere,3009,0.06018,50000,1.0537487819933968,0.004889642157362787,1.0520942839982592,True,16.6156914893617,14.325887082211887,0.8621902429630524,-0.07400412366980805,0.9452640601303101,0.9219734843256634,lettera,wrnpc_13,letterario,Guerra e pace
i,lettere,2714,0.05428,50000,1.2867872697590463,0.00810659626207474,1.2499595107637769,True,18.426465167711022,16.779297670346274,0.9106086011411942,-0.046786871369370424,0.8954996202748173,0.9780612655960875,lettera,wrnpc_13,letterario,Guerra e pace
s,lettere,2563,0.05126,50000,1.1777506420450399,0.0052162815531501434,1.16205451465045,True,19.49648711943794,17.904171007632513,0.9183280504815715,-0.04257454792360766,0.9430494326563905,0.9441393591182453,lettera,wrnpc_13,letterario,Guerra e pace
h,lettere,2448,0.04896,50000,1.3290569035788995,0.01197059677406928,1.2466807755650524,True,20.422558234572946,17.380300532521208,0.8510344459734941,-0.08047692162106798,0.9902668006797596,1.048121310022134,lettera,wrnpc_13,letterario,Guerra e pace
r,lettere,2197,0.04394,50000,1.1306142175117166,0.010002373338848876,1.1978173840487965,True,22.731785063752277,20.689911723065016,0.9101754070364145,-0.04702426417631767,1.0177733344461475,0.9025749800318738,lettera,wrnpc_13,letterario,Guerra e pace
d,lettere,1764,0.03528,50000,1.23628010540519,0.006838799366056819,1.190852491658597,True,28.353942144072604,26.02878808868269,0.9179953868998075,-0.04275537556570581,0.952843007247966,0.9380558272837023,lettera,wrnpc_13,letterario,Guerra e pace
l,lettere,1501,0.03002,50000,1.0028730763459708,0.018751784301576552,1.1311840942450164,True,33.224,34.68049858332478,1.0438387485951355,0.02144922079849436,0.9420261754106557,0.9781435433726835,lettera,wrnpc_13,letterario,Guerra e pace
c,lettere,1067,0.02134,50000,1.066675801292157,0.009315677951596674,1.0703524985480783,True,46.85741088180112,49.18403044821102,1.0496531823381972,0.02422516295247276,1.0364252027553045,1.004084588903387,lettera,wrnpc_13,letterario,Guerra e pace
m,lettere,1055,0.0211,50000,1.2288948174694916,0.0046735119509321785,1.1954148987892834,True,47.39753320683112,50.75717693147937,1.0708822484492515,0.034228043869867816,1.0519369196507247,1.023417590795605,lettera,wrnpc_13,letterario,Guerra e pace
u,lettere,1028,0.02056,50000,1.1422906572205787,0.005855262693874288,1.1902859086994202,True,48.60467380720545,46.782953460309855,0.962519646688267,-0.019098078011591246,0.9819528679168116,0.9958771646210908,lettera,wrnpc_13,letterario,Guerra e pace
w,lettere,890,0.0178,50000,1.3049349195968998,0.01785475905903086,1.1739321598627244,True,55.97525309336333,53.522659337673396,0.9561843203888841,-0.02239854350862268,0.9191972184142032,0.9541267352753362,lettera,wrnpc_13,letterario,Guerra e pace
f,lettere,881,0.01762,50000,1.1811108005595496,0.008231449073721425,1.1110374618932197,True,56.76704545454545,54.577946726208914,0.9614371558215162,-0.01966050457646822,0.9735205387511362,0.9574677197306048,lettera,wrnpc_13,letterario,Guerra e pace
g,lettere,749,0.01498,50000,1.189688301325717,0.005780427290400954,1.1546278311984632,True,66.69919786096257,67.64480545351826,1.0141771958716332,0.0070387033974426945,0.9744230194266822,0.9687799750711136,lettera,wrnpc_13,letterario,Guerra e pace
y,lettere,709,0.01418,50000,1.1590480195947293,0.0049119875210628956,1.1799138957131472,True,70.47033898305085,68.64535242051906,0.9741027702027838,-0.01311848105788129,0.9733088591552552,1.0574766612940316,lettera,wrnpc_13,letterario,Guerra e pace
p,lettere,653,0.01306,50000,1.0984795442154276,0.0042593163145634265,1.1010628194250491,True,76.20092024539878,84.59778043091288,1.1101936847806129,0.05221970171523344,1.0777175644542696,0.9663048428572826,lettera,wrnpc_13,letterario,Guerra e pace
the,parole,586,0.01172,50000,1.3657000959299588,0.009652109788767745,1.2875100941997653,True,85.3982905982906,86.31046816511403,1.010681449949792,0.005312353157711127,1.0085424274216572,1.0016823093122027,funzione,wrnpc_13,letterario,Guerra e pace
and,parole,321,0.00642,50000,1.0656715494933209,0.007323708045297143,1.0195985620241037,True,156.05625,150.9916125003457,0.9675460771378633,-0.01649461897702873,0.9900738257037508,1.0706517359957186,funzione,wrnpc_13,letterario,Guerra e pace
of,parole,313,0.00626,50000,1.3520615391882953,0.012616820678302157,1.2503040382412718,True,160.0,192.82986520034513,1.205186657502157,0.09304729683725484,1.037421391423406,1.1172198929509112,funzione,wrnpc_13,letterario,Guerra e pace
to,parole,310,0.0062,50000,1.2357636655039412,0.005262883357758337,1.2177971502076244,True,161.02912621359224,182.87475965900245,1.1356626217820602,0.06352249667078004,0.9281472308307039,1.1203851719618265,funzione,wrnpc_13,letterario,Guerra e pace
that,parole,164,0.00328,50000,1.0579090360106504,0.010129899378181706,1.046474704085004,True,293.3803680981595,285.61169375956814,0.9735201288724536,-0.013417583504798263,0.9099528281401571,1.0032332769237085,funzione,wrnpc_13,letterario,Guerra e pace
in,parole,146,0.00292,50000,1.122458205329053,0.01190542815091886,1.0463449869888366,True,340.02758620689656,359.88570610117137,1.0584014965250252,0.02837225712457855,0.917689000214975,1.0715931161816563,funzione,wrnpc_13,letterario,Guerra e pace
moscow,parole,49,0.00098,50000,1.3885966317829619,0.01679121495246318,1.263836050287577,True,567.6875,859.9788754518358,1.5148807670625755,0.20473366920848707,0.9335723619893249,1.3864754708156317,keyword,wrnpc_13,letterario,Guerra e pace
hélène,parole,34,0.00068,50000,1.3805767250472445,0.038319634374943574,1.1330822128829108,True,478.8484848484849,259.3112417072534,0.5415308806694951,-0.2974115699397403,0.85761429187753,1.3718418800067005,keyword,wrnpc_13,letterario,Guerra e pace
army,parole,26,0.00052,50000,1.3596422553303442,0.005485031438027387,1.3171047387509787,True,989.92,1168.5542677456904,1.1804532363682827,0.08275950768329333,0.9753316221627837,1.2569626339605222,keyword,wrnpc_13,letterario,Guerra e pace
question,parole,25,0.0005,50000,1.218951230761608,0.007124026209607933,1.2722406057177325,True,1835.125,2793.9256520016856,1.5224715765965182,0.20712684394306266,0.9214140141858943,1.211516110521998,keyword,wrnpc_13,letterario,Guerra e pace
battle,parole,22,0.00044,50000,1.3144152376254419,0.011025310715906162,1.2360231847781749,True,1104.095238095238,1484.210999311146,1.3442780550993731,0.14685888235420066,0.9106678536219025,1.3460629870184686,keyword,wrnpc_13,letterario,Guerra e pace
kutúzov,parole,26,0.00052,50000,1.2742777953072537,0.005478555789317685,1.284428558618606,True,803.36,825.504637580351,1.027565023875163,0.013595136802310599,1.015918562383615,1.313965535854412,keyword,wrnpc_13,letterario,Guerra e pace
people,parole,19,0.00038,50000,1.0312247152479321,0.005872050911752453,0.9868415517064566,True,2322.8333333333335,2607.2540716465755,1.1224456073673998,0.05769081051706042,1.0318451065143257,1.0393833254091323,keyword,wrnpc_13,letterario,Guerra e pace
on,parole,52,0.00104,50000,1.1445178543600838,0.009241911062936408,1.079795135695034,True,834.2745098039215,881.0102854889125,1.0560196615571715,0.027246656539628555,1.0137987615493114,1.0860551645652847,appaiata,wrnpc_13,letterario,Guerra e pace
said,parole,31,0.00062,50000,1.2481373801268785,0.019965711695822865,1.1217234646765155,True,1201.5666666666666,1662.8700715066839,1.3839182773934176,0.1610450664496749,0.945674698740802,1.2372750336819487,appaiata,wrnpc_13,letterario,Guerra e pace
only,parole,26,0.00052,50000,1.0194134203637915,0.01419974093589658,0.9166179556423011,True,1716.6,2162.771871156703,1.259916038189854,0.11501136935956316,0.9527705999600471,1.0383847707624803,appaiata,wrnpc_13,letterario,Guerra e pace
an,parole,25,0.0005,50000,0.9302236629614707,0.0061197316423170015,0.9784290434130359,True,1842.4166666666667,1787.9116775351813,0.9704165783356178,-0.015013790479458333,1.0047599029790313,0.9263936935160096,appaiata,wrnpc_13,letterario,Guerra e pace
no,parole,21,0.00042,50000,0.8737611002283004,0.01542696649178555,0.9443715709494579,True,2404.25,1674.7520437051978,0.6965798247708008,-0.1788422630041529,1.0182826334240185,0.902004038715383,appaiata,wrnpc_13,letterario,Guerra e pace
there,parole,24,0.00048,50000,1.0404997438742198,0.02785233636999972,1.2331973205452469,True,2086.478260869565,2365.3674684643747,1.133665043544992,0.06264574842680713,1.074525373874854,1.0068815670665554,appaiata,wrnpc_13,letterario,Guerra e pace
do,parole,19,0.00038,50000,1.0132968015400565,0.005104258556316652,1.0112483898497824,True,2617.0555555555557,3291.8317709896314,1.257837940811628,0.11419683235500183,0.9667520965687877,1.0367256283279962,appaiata,wrnpc_13,letterario,Guerra e pace
vocali,vc,14615,0.2923,50000,1.2222985377065088,0.01889023659750627,1.0886716881893057,True,3.4213083344737925,1.5863779898168344,0.46367583238031196,-0.36642278006837586,1.0211600109744878,0.9526100149393365,vocali,wrnpc_14,letterario,Guerra e pace
spazio,lettere,7883,0.15766,50000,1.1121859134874044,0.0061815801329195815,1.065988501618236,True,6.342425780258818,3.462723949801522,0.5459620766205036,-0.29369279508591195,0.9617272695732536,1.0411419892219667,spazio,wrnpc_14,letterario,Guerra e pace
e,lettere,4807,0.09614,50000,1.223637542889178,0.004129966869650315,1.2109531499769894,True,10.40220557636288,8.784405070903611,0.844475241949128,-0.08431924403958005,0.9007431279477691,1.0061124235786092,lettera,wrnpc_14,letterario,Guerra e pace
t,lettere,3683,0.07366,50000,1.16431967806225,0.008034788899895055,1.1103116494723193,True,13.575502444323737,11.213973197359126,0.826044799693434,-0.09526338035943613,0.9865169170429823,0.9978222550400826,lettera,wrnpc_14,letterario,Guerra e pace
o,lettere,3086,0.06172,50000,1.1408604725917915,0.008880254396321419,1.0749950036017017,True,16.202917341977308,14.473632873439133,0.8932732648053401,-0.05637154296669013,0.9993270525032686,1.011068600269969,lettera,wrnpc_14,letterario,Guerra e pace
a,lettere,3010,0.0602,50000,1.092121548450615,0.010751539322595333,1.018373466726517,True,16.60551678298438,14.403553376654541,0.8673956712635295,-0.07101030101818055,0.9430351620171545,0.9649387808214612,lettera,wrnpc_14,letterario,Guerra e pace
n,lettere,2937,0.05874,50000,1.147452996918295,0.00685710660955062,1.1184443613248072,True,17.019073569482288,14.920789515126938,0.8767098546352203,-0.06569483559766555,1.0701060014272372,0.9630353380756317,lettera,wrnpc_14,letterario,Guerra e pace
i,lettere,2716,0.05432,50000,1.2751821544121134,0.006699695681436166,1.240827098217009,True,18.393001841620627,17.27278718800399,0.9390956047706275,-0.03140866034636635,0.9833868397075971,0.9932975753666433,lettera,wrnpc_14,letterario,Guerra e pace
h,lettere,2697,0.05394,50000,1.2051423040256883,0.00861810698893644,1.138121975130905,True,18.542284866468844,15.475292169369705,0.8345946727069559,-0.09015905788551515,1.0528011847788827,0.9403239802370749,lettera,wrnpc_14,letterario,Guerra e pace
s,lettere,2462,0.04924,50000,1.1093505975389792,0.00358520809078455,1.1191290181904112,True,20.309223892726536,19.039258549237932,0.9374685438401502,-0.03227482394935283,1.0365314603774318,0.9744515202296147,lettera,wrnpc_14,letterario,Guerra e pace
r,lettere,2301,0.04602,50000,1.3538528797826554,0.014362601360758129,1.241889068435596,True,21.72608695652174,20.159686934248533,0.9279023403796602,-0.03739694595014682,0.8414251924543502,0.9153241809478113,lettera,wrnpc_14,letterario,Guerra e pace
d,lettere,1871,0.03742,50000,1.1910845220082769,0.0035247190813332057,1.170976237789086,True,26.725133689839573,24.123419935022994,0.9026491771749039,-0.051165934315670736,1.0327605625647875,0.9951559809610068,lettera,wrnpc_14,letterario,Guerra e pace
l,lettere,1454,0.02908,50000,1.115061380729445,0.0082961383744605,1.1487286278385405,True,34.38609772883689,35.71156258007416,1.0385465330113834,0.01890883155580549,0.9535549139764381,0.9537905664560316,lettera,wrnpc_14,letterario,Guerra e pace
c,lettere,1163,0.02326,50000,1.0413918406365685,0.005960614367399689,1.061435360552301,True,42.92168674698795,40.346623405633125,0.9400055418014174,-0.030924890112877725,1.0847619650658826,0.9927987663075625,lettera,wrnpc_14,letterario,Guerra e pace
u,lettere,996,0.01992,50000,1.0188748770760245,0.008459033600547604,0.9739511767491901,True,50.208040201005026,45.107427501166924,0.8984104402518384,-0.053512958838703516,0.9960326022822135,1.037258484599544,lettera,wrnpc_14,letterario,Guerra e pace
m,lettere,964,0.01928,50000,1.038092271035434,0.01208566101453361,1.00084882505283,True,51.716510903426794,51.05180206670922,0.9871470672497837,-0.0064680329715126675,0.9486457472806314,1.0349261598607498,lettera,wrnpc_14,letterario,Guerra e pace
w,lettere,915,0.0183,50000,0.9602542184138398,0.02130729835795764,1.092084601819111,True,54.36761487964989,53.88981579926677,0.9912116968632743,-0.004413545355609237,0.9478765031584843,1.0289421085654107,lettera,wrnpc_14,letterario,Guerra e pace
f,lettere,909,0.01818,50000,1.259023062327525,0.004556496015662819,1.2290687760566557,True,55.01431718061674,60.44236791269658,1.0986661474731947,0.047013741367100834,1.0172480643410562,1.0104069705314493,lettera,wrnpc_14,letterario,Guerra e pace
g,lettere,809,0.01618,50000,1.1798428754129924,0.0033362093484917517,1.1864615206416358,True,61.757425742574256,63.41068571234638,1.0267702215546268,0.013208316004412553,0.9390211651123029,1.0208883893215395,lettera,wrnpc_14,letterario,Guerra e pace
p,lettere,703,0.01406,50000,1.0994946046306726,0.004678736558451524,1.096511950084592,True,71.05698005698005,77.83221759200485,1.0953493594801214,0.04550523236076416,1.0016213273896126,0.9740186559954139,lettera,wrnpc_14,letterario,Guerra e pace
y,lettere,679,0.01358,50000,1.2270874294933158,0.0053416671728669885,1.2034283693670278,True,73.33333333333333,66.20761699014352,0.9028311407746844,-0.05106541360562135,1.0461473766914937,0.9391105898034348,lettera,wrnpc_14,letterario,Guerra e pace
the,parole,681,0.01362,50000,1.185466064160671,0.0075427273033572195,1.1454163057055404,True,73.41617647058824,72.45941652260593,0.986967995420388,-0.006558739048464012,0.9582868972635575,1.0560279850599612,funzione,wrnpc_14,letterario,Guerra e pace
and,parole,351,0.00702,50000,1.0986951900890423,0.0043036576607775445,1.0829114278681178,True,142.56,119.22712235423222,0.8363294216767131,-0.08912920328523778,1.0639362936901122,0.9905422735211954,funzione,wrnpc_14,letterario,Guerra e pace
to,parole,256,0.00512,50000,1.1156640988188862,0.005017403608531528,1.1323257915701592,True,194.03529411764706,209.5790370365535,1.0801078122904897,0.03851137513986829,1.000312885358988,1.0536500217210099,funzione,wrnpc_14,letterario,Guerra e pace
of,parole,242,0.00484,50000,1.2163160269158462,0.005305360699277009,1.1793563388792285,True,207.27385892116183,225.8382526399444,1.0895645684188455,0.042862790541389355,0.911748607124423,1.0493099845518759,funzione,wrnpc_14,letterario,Guerra e pace
in,parole,164,0.00328,50000,1.0325547296809732,0.010319728628734308,1.0406849436111059,True,300.9447852760736,303.89557684157455,1.0098050928604527,0.004878628726379497,1.0380603528913188,0.9995099932295014,funzione,wrnpc_14,letterario,Guerra e pace
he,parole,158,0.00316,50000,1.3236307115449508,0.006490438471518739,1.2756574171211563,True,309.9363057324841,610.3973136674331,1.9694282417958693,0.3264696644797762,0.9729683096104015,1.2385413347236514,funzione,wrnpc_14,letterario,Guerra e pace
moscow,parole,56,0.00112,50000,1.3074692709324764,0.014802375744878339,1.191765897081695,True,850.5454545454545,1746.3250282742626,2.053182483007363,0.34494580290202176,0.965865043046403,1.2719964164796675,keyword,wrnpc_14,letterario,Guerra e pace
rostopchín,parole,55,0.0011,50000,1.3117161619577886,0.028500140459581328,1.0832634839130035,True,743.7592592592592,1580.2925443904508,2.1247366331470343,0.35994605792241496,0.9507132716620093,1.2757538606710324,keyword,wrnpc_14,letterario,Guerra e pace
count,parole,35,0.0007,50000,1.2174947564486693,0.006327240835762822,1.1948615185424043,True,843.9411764705883,936.254139973093,1.1093831727568537,0.05185552543016428,0.9625226068031499,1.256553082412102,keyword,wrnpc_14,letterario,Guerra e pace
crowd,parole,30,0.0006,50000,1.4169459394816986,0.03558395100695142,1.1611599367784249,True,1031.8620689655172,1941.7321193080954,1.8817748783563284,0.3059832622523465,0.9950853446935328,1.3892522904118827,keyword,wrnpc_14,letterario,Guerra e pace
french,parole,30,0.0006,50000,1.2797256199632145,0.022199609557690195,1.1370404146920485,True,1428.9655172413793,2099.686974676372,1.469375537297654,0.19007863737538774,0.9576134596956837,1.2532264391125392,keyword,wrnpc_14,letterario,Guerra e pace
people,parole,21,0.00042,50000,1.1126245324641864,0.004697210049564061,1.077380978661975,True,2185.8,2937.6030257409025,1.3439486804560812,0.14673899788162437,0.972423811569056,1.0419894203841495,keyword,wrnpc_14,letterario,Guerra e pace
thought,parole,18,0.00036,50000,1.152015373956625,0.011143813750272482,1.1638769552093944,True,2555.176470588235,3288.711359242669,1.2870779756693536,0.12552172629152927,1.0339768801292555,1.138970750023801,keyword,wrnpc_14,letterario,Guerra e pace
at,parole,52,0.00104,50000,1.0929714748502302,0.004118823426464561,1.069171782201062,True,946.8823529411765,1407.835184203873,1.4868110909775636,0.19575716577096275,1.0229870090625235,1.0925727479640586,appaiata,wrnpc_14,letterario,Guerra e pace
but,parole,48,0.00096,50000,1.2159033290769328,0.012244241116881969,1.1280831774431685,True,1011.9787234042553,1141.019138073726,1.1275129720468666,0.059935226587214334,1.0161086244841744,1.1128956856440009,appaiata,wrnpc_14,letterario,Guerra e pace
them,parole,33,0.00066,50000,1.041615955873771,0.014582885696693809,1.1310104243592527,True,1304.28125,1816.784224487535,1.3929390033687405,0.1642076972357287,1.0631228724614847,1.0841518366021479,appaiata,wrnpc_14,letterario,Guerra e pace
one,parole,32,0.00064,50000,1.0650367067772684,0.010241373218127138,1.005540796464834,True,1336.774193548387,1916.191860777993,1.433444683497051,0.17811980129918417,0.9370293040970882,1.1155566939009287,appaiata,wrnpc_14,letterario,Guerra e pace
when,parole,33,0.00066,50000,1.1225583850238259,0.008591391613360295,1.1538416837821683,True,1436.53125,2036.7962823429664,1.4178572741407236,0.1728213152239207,1.0086198788226477,1.0208965754040145,appaiata,wrnpc_14,letterario,Guerra e pace
or,parole,21,0.00042,50000,1.2364254397863546,0.008734150718321615,1.258903228985827,True,2204.15,3147.8177950848158,1.4281322936664091,0.17632165050609402,0.9226359131813634,1.2008300080309162,appaiata,wrnpc_14,letterario,Guerra e pace
any,parole,18,0.00036,50000,1.2144916097764706,0.007381855215768617,1.2231056084536218,True,2527.470588235294,4897.170153742453,1.937577503982631,0.3191668994984837,0.9965127329031374,1.133869684745723,appaiata,wrnpc_14,letterario,Guerra e pace
vocali,vc,14662,0.29324,50000,1.3180311942911518,0.014294929517517244,1.2210350227845954,True,3.4097946934042698,1.520033421269212,0.44578444098393544,-0.383332081398587,0.948195769904098,1.004531974743409,vocali,wrnpc_15,letterario,Guerra e pace
spazio,lettere,8106,0.16212,50000,1.0692615590857353,0.0030024514112664577,1.0844440602406058,True,6.16841455891425,3.2614956183013146,0.5287413138580289,-0.30826581441216677,0.876259487793169,0.9707813020510386,spazio,wrnpc_15,letterario,Guerra e pace
e,lettere,5036,0.10072,50000,1.2717288129842672,0.00893109878301858,1.2121202720394433,True,9.925521350546177,8.019754494908955,0.8079932742744691,-0.10619880530395306,0.9407727859665543,0.9663321684994323,lettera,wrnpc_15,letterario,Guerra e pace
t,lettere,3540,0.0708,50000,1.0728449422383737,0.008309461837213003,1.0244630363744862,True,14.121785815202035,12.665864067705174,0.8969024338317347,-0.05435048441580022,0.9995595418965739,0.9227844793095926,lettera,wrnpc_15,letterario,Guerra e pace
a,lettere,3210,0.0642,50000,1.0938395471133193,0.009205500362554726,1.0219011901932793,True,15.573075724524774,12.803608556356336,0.8221631219703742,-0.0975965740308277,1.003579178314969,0.9804755354915077,lettera,wrnpc_15,letterario,Guerra e pace
h,lettere,2861,0.05722,50000,1.1006672470781265,0.008685839349601852,1.125734785214525,True,17.476573426573427,14.777934526519179,0.8455853539372357,-0.08366703048078895,1.0406978099454127,0.974219912988772,lettera,wrnpc_15,letterario,Guerra e pace
n,lettere,2855,0.0571,50000,0.9993500784780913,0.0049192524156415705,1.0088432935645808,True,17.50770847932726,14.47508138897583,0.8267833226757064,-0.09482059266371096,0.9988755664009261,0.9066247339436947,lettera,wrnpc_15,letterario,Guerra e pace
o,lettere,2785,0.0557,50000,1.1200750828597321,0.006207712947031418,1.1225885247666967,True,17.955459770114942,15.807939042235185,0.8803973412335512,-0.06360499248950692,0.931251161011475,0.9415297592985898,lettera,wrnpc_15,letterario,Guerra e pace
i,lettere,2630,0.0526,50000,1.031801585441394,0.0046328986079917645,1.0326738731804361,True,18.99353366298973,16.32544411641768,0.8595264265242535,-0.07554266047098541,0.9636432965528966,1.0806019121089094,lettera,wrnpc_15,letterario,Guerra e pace
s,lettere,2562,0.05124,50000,1.149442254478996,0.00580510428023672,1.1265560038464826,True,19.520109332292073,18.3399241577778,0.9395400325672412,-0.031172322518515903,0.9273642569859349,0.9725305811767612,lettera,wrnpc_15,letterario,Guerra e pace
r,lettere,2469,0.04938,50000,1.1414066643664635,0.008212149932408978,1.0787374955290814,True,20.214343598055105,18.15596543179934,0.8981723964336983,-0.05364507657872185,0.9608461602035699,0.9891578631467862,lettera,wrnpc_15,letterario,Guerra e pace
d,lettere,1908,0.03816,50000,1.1762202870001455,0.0046607274731471264,1.1555935411789886,True,26.184058730991087,23.782950802845466,0.9082988640984179,-0.048053864951026204,0.9236394952438022,0.9984030853285905,lettera,wrnpc_15,letterario,Guerra e pace
l,lettere,1372,0.02744,50000,1.1795196609990257,0.0052846697231084885,1.1361576538514122,True,36.38584974471189,38.05406148158906,1.0458478158015154,0.02241017902084439,0.9505888451652472,0.909258045375304,lettera,wrnpc_15,letterario,Guerra e pace
u,lettere,1001,0.02002,50000,1.1835638819860004,0.006948285456430746,1.154533859486805,True,49.98,47.90858829931052,0.9585551880614351,-0.02116091095680929,0.9420089706436188,0.9860883008038356,lettera,wrnpc_15,letterario,Guerra e pace
w,lettere,996,0.01992,50000,1.0599929986749268,0.0057974935093085215,1.028678279142247,True,50.120603015075375,48.034083385009225,0.9583700214173688,-0.02125746315933776,1.035915652842099,0.9737085308125811,lettera,wrnpc_15,letterario,Guerra e pace
c,lettere,977,0.01954,50000,1.0477658948657307,0.006142136708915347,1.0725460531562372,True,51.01639344262295,51.47503988322304,1.0089901776595775,0.004474973426724742,0.9168680061158344,0.9480415959955679,lettera,wrnpc_15,letterario,Guerra e pace
m,lettere,945,0.0189,50000,1.182143176110619,0.010656462339614717,1.219306988321098,True,52.75635593220339,52.30256986304084,0.991398456903549,-0.004319348077544267,0.9667749476376698,1.0237901464983095,lettera,wrnpc_15,letterario,Guerra e pace
f,lettere,875,0.0175,50000,1.2523935664117396,0.006988729792460336,1.2073078281858851,True,56.97025171624714,61.09933348853309,1.072477857265784,0.03497159548010996,0.9348393242523404,0.9832595540954175,lettera,wrnpc_15,letterario,Guerra e pace
g,lettere,733,0.01466,50000,1.0978103058022743,0.006490407447656492,1.049549504688713,True,68.17213114754098,64.11244302672885,0.9404494468270915,-0.03068905158559115,1.0266094196540014,0.9407077100928273,lettera,wrnpc_15,letterario,Guerra e pace
p,lettere,722,0.01444,50000,1.137526831258789,0.008234154998657416,1.0862203369563757,True,68.85991678224688,71.95311795030736,1.0449201990447068,0.021966724699424185,0.8700119437748302,1.019514273721753,lettera,wrnpc_15,letterario,Guerra e pace
y,lettere,709,0.01418,50000,1.1292562963196584,0.015325206383257977,1.0643551927383839,True,70.60734463276836,69.73294016865805,0.9876159559793939,-0.006230602035242739,0.9212321437530013,0.9787961947729299,lettera,wrnpc_15,letterario,Guerra e pace
the,parole,475,0.0095,50000,1.3914716634288595,0.014790427530289967,1.2772228877754517,True,103.9873417721519,117.93627049651491,1.1341406414150552,0.06285463985452823,0.9458387113423582,1.0698612988884981,funzione,wrnpc_15,letterario,Guerra e pace
and,parole,362,0.00724,50000,1.0147056092671123,0.012061338936339065,0.9262475861808737,True,137.84764542936287,113.10885391833115,0.8205352624342895,-0.09857800684714181,0.9370992582470933,0.953480374143973,funzione,wrnpc_15,letterario,Guerra e pace
to,parole,257,0.00514,50000,1.1623544495433433,0.0026724793209889418,1.1567300300709271,True,194.83203125,227.82580013086667,1.1693446845941389,0.07806259917880293,1.007021311095869,1.0670934283862652,funzione,wrnpc_15,letterario,Guerra e pace
of,parole,215,0.0043,50000,1.2375966060544306,0.010263624563739948,1.1726495691556258,True,231.2289719626168,261.8942174400108,1.1326185262041977,0.062185770485752315,0.9847974680991655,1.0842206694442122,funzione,wrnpc_15,letterario,Guerra e pace
he,parole,190,0.0038,50000,1.4215335223006405,0.006658657338796501,1.366196920675555,True,261.4179894179894,480.38622525978025,1.8376173205573685,0.29518332669073316,0.9572446355459787,1.2585387429674786,funzione,wrnpc_15,letterario,Guerra e pace
was,parole,181,0.00362,50000,1.1339661282007747,0.00968382646013718,1.1741620071613446,True,270.19444444444446,292.7991112043136,1.083660738496483,0.04015084459327594,1.02634065029557,1.0252981258863234,funzione,wrnpc_15,letterario,Guerra e pace
pierre,parole,67,0.00134,50000,1.4947211492231698,0.03716355247736819,1.2167233036952947,True,320.8787878787879,222.4563926257158,0.6932723540134689,-0.18114489689713043,1.0249124822123903,1.471609343044226,keyword,wrnpc_15,letterario,Guerra e pace
sónya,parole,48,0.00096,50000,1.5261899861342132,0.01846514760352578,1.3850052697523578,True,591.9787234042553,1414.6616969893437,2.389717131815374,0.40998026613244465,1.0626265737117235,1.4623338406416202,keyword,wrnpc_15,letterario,Guerra e pace
nicholas,parole,40,0.0008,50000,1.4004342740107747,0.033316573183988216,1.1405670279549684,True,731.2307692307693,980.4553577302866,1.3408289133698426,0.14560180431092995,1.0033105265008249,1.3784218427147632,keyword,wrnpc_15,letterario,Guerra e pace
princess,parole,40,0.0008,50000,1.3328162560527905,0.0223560014975148,1.1899115412421575,True,707.4102564102565,912.9569863029726,1.2905622699559944,0.1268519410134074,1.0004938826522907,1.3082194403827867,keyword,wrnpc_15,letterario,Guerra e pace
mary,parole,32,0.00064,50000,1.2780173481721882,0.014886711319111845,1.19107928359434,True,878.5806451612904,1041.437492897631,1.1853635732055574,0.08482047357166317,0.964268502552732,1.2122097456110892,keyword,wrnpc_15,letterario,Guerra e pace
felt,parole,28,0.00056,50000,1.163954836739004,0.013108595860722364,1.232525523199559,True,1518.962962962963,1770.4110665970613,1.1655393250297634,0.07644253933254623,1.0110355717782333,1.082888532488388,keyword,wrnpc_15,letterario,Guerra e pace
eyes,parole,23,0.00046,50000,1.2147984841938122,0.012213872005459233,1.1367652302527098,True,2049.7727272727275,3116.7458904901832,1.5205324224588985,0.2065168524795624,1.0000928286021484,1.2230686070882666,keyword,wrnpc_15,letterario,Guerra e pace
at,parole,73,0.00146,50000,1.0984205862679202,0.012149248940665025,1.0036355394006466,True,690.2777777777778,906.5806245420163,1.3133562367610698,0.13545524540561027,1.0298499040346722,1.0638734006686172,appaiata,wrnpc_15,letterario,Guerra e pace
from,parole,46,0.00092,50000,1.109331804915092,0.012418108648193907,1.1175345701808286,True,1076.5111111111112,1130.0061066251374,1.0496929339250496,0.024244087054488873,0.9648395965712027,1.028412037319281,appaiata,wrnpc_15,letterario,Guerra e pace
by,parole,42,0.00084,50000,1.0583328159568228,0.011080873649464891,0.9734304346108797,True,1177.3902439024391,1455.6428799339621,1.2363299997367565,0.10567760561481326,0.9458180118079452,1.0669488051753115,appaiata,wrnpc_15,letterario,Guerra e pace
one,parole,38,0.00076,50000,1.0466019670740647,0.01636798644597604,0.9608490057942897,True,1337.945945945946,1789.8924229924785,1.3377912825372031,0.1444916340737649,0.9554895044823386,1.022395674241225,appaiata,wrnpc_15,letterario,Guerra e pace
up,parole,28,0.00056,50000,1.0132296995038619,0.0031683094490656274,1.0223205687243453,True,1657.3333333333333,1698.7364535034676,1.02498177001416,0.012336787611665866,0.9376307559293832,1.031431538690204,appaiata,wrnpc_15,letterario,Guerra e pace
an,parole,29,0.00058,50000,1.117873216351356,0.01690660636485181,0.9917732863986405,True,1643.5357142857142,1681.070150389061,1.0228376151349161,0.011289890480602416,1.0481845225895545,1.0206559662889345,appaiata,wrnpc_15,letterario,Guerra e pace
so,parole,24,0.00048,50000,1.031746930625527,0.006600141512198049,1.0212674955181695,True,2171.6521739130435,1943.090032272768,0.8947519568806291,-0.055547135200030615,0.9777409797235782,1.0175951859794707,appaiata,wrnpc_15,letterario,Guerra e pace
vocali,vc,14534,0.29068,50000,1.2946510856042697,0.010078083537484767,1.2156445088082686,True,3.440308263951008,1.584474882621791,0.4605618918585241,-0.3693360145492061,0.9951720118859774,0.9169324184671171,vocali,wrnpc_16,letterario,Guerra e pace
spazio,lettere,7882,0.15764,50000,1.0223521529775395,0.0036603514496217153,0.9988693191695646,True,6.343864991752316,3.3891085233119473,0.5342340241663625,-0.3035820927558395,0.9466077428482923,0.9682336099822827,spazio,wrnpc_16,letterario,Guerra e pace
e,lettere,4807,0.09614,50000,1.1636589812610596,0.008835010839143757,1.0988630627601974,True,10.39846025801082,8.85447086145759,0.8515174979522797,-0.08019503040718613,0.9340967779297715,0.9922520826647979,lettera,wrnpc_16,letterario,Guerra e pace
t,lettere,3721,0.07442,50000,1.09105989396958,0.006232594015180609,1.062573394762942,True,13.430645161290322,11.399632823743216,0.8487777531789114,-0.081795795390261,1.0147376547079265,0.9738773032539095,lettera,wrnpc_16,letterario,Guerra e pace
a,lettere,3130,0.0626,50000,1.1617774208700677,0.00644805653678946,1.1506906090810327,True,15.97571108980505,13.625683704223901,0.8528999822060612,-0.0793890761544515,1.0673544289881407,0.934829105291007,lettera,wrnpc_16,letterario,Guerra e pace
o,lettere,3078,0.06156,50000,1.086864293183771,0.008004140827708941,1.1296624472323187,True,16.24796880077998,14.794559764866863,0.9105482627561824,-0.04681993069087578,1.0382681532698321,1.036214533505644,lettera,wrnpc_16,letterario,Guerra e pace
n,lettere,2867,0.05734,50000,1.1097036281522499,0.004361455734217259,1.0729980679238116,True,17.441032798325192,15.155673109915991,0.8689664932785026,-0.07011014225923395,0.9466613513067478,1.018326581466737,lettera,wrnpc_16,letterario,Guerra e pace
h,lettere,2776,0.05552,50000,1.1632929049842036,0.007079582403579789,1.1387955249745916,True,17.99135135135135,15.074386480697717,0.8378684950513994,-0.08821714142505412,0.9929803790261446,0.9788188355526596,lettera,wrnpc_16,letterario,Guerra e pace
s,lettere,2604,0.05208,50000,0.9743778377433367,0.005611146770573639,0.9712654074945153,True,19.196311947752594,18.60622622513162,0.9692604639772976,-0.01560968525241096,0.9860603596022903,0.9322896185726264,lettera,wrnpc_16,letterario,Guerra e pace
i,lettere,2586,0.05172,50000,1.1943165461390373,0.0031820724610378786,1.1868150505427604,True,19.33036750483559,17.74245867521376,0.9178541831020748,-0.042832149399938575,0.8855526847573773,1.0247332607865496,lettera,wrnpc_16,letterario,Guerra e pace
r,lettere,2323,0.04646,50000,1.318417827497929,0.008222499561496429,1.253429022120872,True,21.523255813953487,20.718307703574077,0.96260100621684,-0.019055831350688706,0.9843018907954336,0.9931763443599033,lettera,wrnpc_16,letterario,Guerra e pace
d,lettere,1863,0.03726,50000,1.1726417194645578,0.014438474965898921,1.0815650886182424,True,26.81578947368421,24.68990721783488,0.9207227421763744,-0.04127470148752258,1.0102262770769828,1.1016374289338329,lettera,wrnpc_16,letterario,Guerra e pace
l,lettere,1438,0.02876,50000,1.075750731948461,0.004542378577708502,1.0990142284723206,True,34.78775226165623,37.707663308305996,1.0839350304868116,0.0402771819941067,0.9370065369282004,0.9389347127964119,lettera,wrnpc_16,letterario,Guerra e pace
m,lettere,976,0.01952,50000,1.088551388505932,0.005197428547990376,1.0958298378501619,True,51.11589743589744,51.54067694021479,1.0083101251396407,0.004137869463294639,1.0072148969874293,1.0062856931666893,lettera,wrnpc_16,letterario,Guerra e pace
c,lettere,941,0.01882,50000,1.0453053794814253,0.012664083700587515,1.092231195437549,True,53.13723404255319,55.02992986402703,1.0356190128368017,0.01749787785051378,0.9603011290135003,0.9008803361417755,lettera,wrnpc_16,letterario,Guerra e pace
w,lettere,933,0.01866,50000,1.1366744126312913,0.0049462706504076435,1.1156842002316967,True,53.56008583690987,53.216656203881904,0.9935879558880151,-0.0032163336927508663,0.9850547992235811,0.980231909932709,lettera,wrnpc_16,letterario,Guerra e pace
u,lettere,933,0.01866,50000,1.2203200703939014,0.013089089429326704,1.129796324166217,True,53.53004291845494,47.820737570443065,0.8933439049038472,-0.056332130058310434,0.9778576815819727,0.9692526752162559,lettera,wrnpc_16,letterario,Guerra e pace
f,lettere,910,0.0182,50000,1.228370710845513,0.010028569718012578,1.185125587757139,True,54.98679867986799,59.21817944748947,1.0769526662618876,0.03705075590402715,0.953206529283957,1.0043559847067527,lettera,wrnpc_16,letterario,Guerra e pace
g,lettere,842,0.01684,50000,1.1346934892229137,0.007696137218424934,1.147620276352972,True,59.22592152199762,59.520635426383855,1.004976096560638,0.002481873259822983,0.988291359863696,0.8582730846664807,lettera,wrnpc_16,letterario,Guerra e pace
p,lettere,690,0.0138,50000,1.203112862057962,0.009090019462086549,1.1312437137005718,True,72.29462989840349,79.24904802937354,1.0961955008379347,0.04589051965786659,0.9960705617187285,1.0603247594639076,lettera,wrnpc_16,letterario,Guerra e pace
y,lettere,618,0.01236,50000,1.0474611871437787,0.01003075303028227,1.097778846032142,True,80.96758508914101,81.04329201935262,1.000935027642584,0.0004672953542552009,1.0132915212409772,0.972622121482409,lettera,wrnpc_16,letterario,Guerra e pace
the,parole,615,0.0123,50000,1.2464309284371646,0.0027583820492317235,1.25226988300437,True,81.07328990228012,81.70948519334718,1.007847162633142,0.003908246991693801,1.0081229735868777,1.0364368563932127,funzione,wrnpc_16,letterario,Guerra e pace
and,parole,343,0.00686,50000,1.2045388471339589,0.009262991425352274,1.1353388151235468,True,144.78362573099415,135.29153910060828,0.9344395018258347,-0.03389121143994709,0.9479466107347904,1.05455400915797,funzione,wrnpc_16,letterario,Guerra e pace
of,parole,257,0.00514,50000,1.3332959325444818,0.005183187156861765,1.3165442676427836,True,194.484375,260.4769677635513,1.3393207951206942,0.14505098908556807,0.938020459721403,1.159650297882244,funzione,wrnpc_16,letterario,Guerra e pace
to,parole,248,0.00496,50000,0.9673888182862131,0.028693662357737418,1.1669140547035686,True,201.29554655870444,224.07972072512237,1.1131876713416176,0.05356252682931715,1.0492147177636892,1.0089918133119224,funzione,wrnpc_16,letterario,Guerra e pace
that,parole,164,0.00328,50000,1.0962813513683731,0.008195046490121349,1.1510224456471834,True,298.00613496932516,305.7768188157709,1.0260755834682587,0.012869995414298455,0.9790409859158243,0.9315250813581634,funzione,wrnpc_16,letterario,Guerra e pace
he,parole,159,0.00318,50000,1.3497545124791765,0.013030869883262361,1.2825325240137946,True,298.38607594936707,482.7476259684084,1.6178624435891087,0.23601791801635488,0.9778073591774312,1.269776839388351,funzione,wrnpc_16,letterario,Guerra e pace
pierre,parole,49,0.00098,50000,1.4757037000006556,0.021992165249875472,1.3040507981445215,True,509.1875,567.8434627063148,1.1151952133670107,0.054460795220711865,0.9988078838859686,1.4087979185788642,keyword,wrnpc_16,letterario,Guerra e pace
french,parole,32,0.00064,50000,1.1890103764641207,0.02235268997143088,1.0550731187540834,True,1582.7096774193549,2256.054124550922,1.4254377519378483,0.17540658448065172,0.9619524329912182,1.1772231958069788,keyword,wrnpc_16,letterario,Guerra e pace
army,parole,30,0.0006,50000,1.4499675034917348,0.014053547051720745,1.335783570468116,True,1122.5862068965516,2367.3576366495527,2.1088426190396876,0.35667377056938504,0.9886997758556673,1.4118910777479297,keyword,wrnpc_16,letterario,Guerra e pace
prisoners,parole,24,0.00048,50000,1.2265956943580625,0.020479571835599605,1.0889116230869853,True,1452.1304347826087,2347.2348394023866,1.616407715987152,0.23559314254452338,1.0182440742396757,1.2008900142039731,keyword,wrnpc_16,letterario,Guerra e pace
kutúzov,parole,26,0.00052,50000,1.3770943261807411,0.022290074229439325,1.2340982723467158,True,715.32,1092.1028919779797,1.5267333388944522,0.20846415836065996,0.9496171127354013,1.3945716560298163,keyword,wrnpc_16,letterario,Guerra e pace
moscow,parole,21,0.00042,50000,1.0896726747462642,0.010169851648615735,1.0746339158873435,True,2239.8,2317.2335048047,1.0345716156820697,0.01699208590919021,1.0295314715194834,1.0700892955069856,keyword,wrnpc_16,letterario,Guerra e pace
whole,parole,20,0.0004,50000,1.2771709492575831,0.014186656542569783,1.1689558185682851,True,2190.4210526315787,3348.9429396252035,1.5289037400374568,0.20914348445292066,0.9299058497127516,1.2874846434579326,keyword,wrnpc_16,letterario,Guerra e pace
by,parole,47,0.00094,50000,1.038528035056287,0.00505479785707049,1.028113263199855,True,966.2826086956521,997.8093708618447,1.032626854589414,0.01605157115569276,0.887742979652391,1.0194302697084343,appaiata,wrnpc_16,letterario,Guerra e pace
them,parole,31,0.00062,50000,1.1588261350793136,0.01212742986841122,1.146245542022948,True,1589.7666666666667,2425.737878259518,1.5258452256680337,0.20818584619687402,0.9890850138549038,1.0651302313348416,appaiata,wrnpc_16,letterario,Guerra e pace
be,parole,30,0.0006,50000,1.1668129693640403,0.010411505418734755,1.0917416362252157,True,1696.8275862068965,1919.493740341922,1.131224972970162,0.06157255786435424,0.8251516040759714,1.1452232050983826,appaiata,wrnpc_16,letterario,Guerra e pace
an,parole,24,0.00048,50000,1.0117464484772802,0.005908142543786397,1.0229209938091488,True,2102.1304347826085,1892.0549988245782,0.9000654609808952,-0.05259531372540939,0.9970753766748662,0.9878499775046969,appaiata,wrnpc_16,letterario,Guerra e pace
been,parole,23,0.00046,50000,0.9692761254475469,0.007334936207756021,0.9562329806862586,True,2044.1363636363637,2203.196601811506,1.0778129292177876,0.0374494393232412,0.9038628094991883,0.967045970116966,appaiata,wrnpc_16,letterario,Guerra e pace
did,parole,21,0.00042,50000,1.0299919671800732,0.0029214361690680555,1.0389980277865491,True,2422.0,1969.1727624617024,0.8130358226514048,-0.1031221639488494,0.9445451508138012,0.9188748584150597,appaiata,wrnpc_16,letterario,Guerra e pace
road,parole,20,0.0004,50000,1.2429942444471387,0.008097198793550716,1.175593823363779,True,1767.1052631578948,3410.836438547928,1.9301829436309943,0.3174487605467867,1.0120521186236437,1.2039842463163122,appaiata,wrnpc_16,letterario,Guerra e pace
vocali,vc,14592,0.29184,50000,1.2832314365776916,0.011690932600864883,1.199555141640937,True,3.4264957850729902,1.5708734409047764,0.4584489634419072,-0.3713198405517354,0.9686462793670939,0.9700958584506537,vocali,wrnpc_17,letterario,Guerra e pace
spazio,lettere,7924,0.15848,50000,1.1198765954133711,0.007213214589932248,1.0942049169030712,True,6.310488451344188,3.3876865107606635,0.5368342778662494,-0.3013764911443887,0.9567125943718328,0.9277019551283131,spazio,wrnpc_17,letterario,Guerra e pace
e,lettere,4988,0.09976,50000,1.0999940155750378,0.006055979384045896,1.1161650950843287,True,10.02346099859635,8.442750447037001,0.8422989273085707,-0.08560015443412107,0.9588156007849706,1.0285178456446185,lettera,wrnpc_17,letterario,Guerra e pace
t,lettere,3663,0.07326,50000,1.3064203635849414,0.00764031297121379,1.2534507742416667,True,13.648825778263245,11.788104480888695,0.8636716939901244,-0.07315038718970744,0.9819751763222112,0.9439814201921108,lettera,wrnpc_17,letterario,Guerra e pace
a,lettere,3134,0.06268,50000,1.0488959697121305,0.010165494886922305,1.0570421203067601,True,15.953399297797638,13.603573598667642,0.8527068961751375,-0.07950156828851074,0.960144988243235,1.0319766570380497,lettera,wrnpc_17,letterario,Guerra e pace
o,lettere,2904,0.05808,50000,1.2449479886837942,0.007264165248237979,1.1930735801440988,True,17.216672407853945,15.434134673298939,0.8964644449097002,-0.05459398691507218,0.9412281127993017,0.9757325672158675,lettera,wrnpc_17,letterario,Guerra e pace
n,lettere,2888,0.05776,50000,1.2270141403664523,0.017418219887634874,1.1163832859273242,True,17.295116037409077,14.730361924176561,0.8517064524062752,-0.08008480361507554,0.9560595480484751,0.9208756070219826,lettera,wrnpc_17,letterario,Guerra e pace
h,lettere,2686,0.05372,50000,1.0547307642726766,0.010202003279206538,0.9815488589409451,True,18.61564245810056,15.738920392864339,0.845467484041389,-0.08373624422804798,0.9077530688240959,0.9988460816572577,lettera,wrnpc_17,letterario,Guerra e pace
s,lettere,2619,0.05238,50000,0.9935582011377024,0.004014916989034108,1.0167116608363724,True,19.076394194041253,17.89107194001676,0.9378644495407449,-0.032063930206253914,1.005881199181226,0.9183584886745164,lettera,wrnpc_17,letterario,Guerra e pace
i,lettere,2569,0.05138,50000,1.2938415090953386,0.00435790182084652,1.2694456792127988,True,19.46417445482866,17.224459466555555,0.884931416255495,-0.06104656262406309,0.9594231489953667,1.0006663852603326,lettera,wrnpc_17,letterario,Guerra e pace
r,lettere,2400,0.048,50000,1.1344158073606614,0.006811489780909478,1.152058309307162,True,20.834097540641935,18.73105348913493,0.8990575882922449,-0.05315394979597696,0.8403602541442683,1.0030618131945976,lettera,wrnpc_17,letterario,Guerra e pace
d,lettere,1922,0.03844,50000,1.214325116666475,0.004808674524959191,1.196574099576355,True,25.96564289432587,24.14191691452495,0.9297638811708586,-0.03639622417770953,0.9607936488133361,1.0558798080977623,lettera,wrnpc_17,letterario,Guerra e pace
l,lettere,1483,0.02966,50000,0.9859087873670821,0.02186436794516269,1.089587194957306,True,33.70580296896086,33.807471437233865,1.0030163490947428,0.0015059033822195388,1.006705551858578,0.9675352958287906,lettera,wrnpc_17,letterario,Guerra e pace
f,lettere,999,0.01998,50000,1.0652830175329138,0.014814623491842331,1.1359990914841025,True,50.078156312625254,53.90529888193058,1.0764233919758035,0.03680530294117114,1.0259810362141797,0.9999296503954659,lettera,wrnpc_17,letterario,Guerra e pace
u,lettere,997,0.01994,50000,1.078133543857827,0.003549517572151525,1.102327568246457,True,50.17269076305221,48.71053147494506,0.9708574671625165,-0.014786727768518214,0.9128939570179232,0.9836657933157773,lettera,wrnpc_17,letterario,Guerra e pace
c,lettere,930,0.0186,50000,1.1530232168406764,0.02036196310768861,1.0206176941431413,True,53.78471474703983,55.10924635077725,1.024626543246849,0.012163499154444583,0.9442834236180891,1.0198782753136526,lettera,wrnpc_17,letterario,Guerra e pace
m,lettere,924,0.01848,50000,1.0293092632292844,0.007835142844530064,1.0893753811638605,True,54.011917659804986,54.25866853887436,1.0045684524779057,0.0022790204406631723,0.9687682798060869,1.0335805141140766,lettera,wrnpc_17,letterario,Guerra e pace
w,lettere,912,0.01824,50000,1.1666190401123229,0.0033716374336812,1.16563911913664,True,54.748627881448954,51.79780465228754,0.9461023345543739,-0.027695185648070164,0.9397329058616047,0.9790725378824853,lettera,wrnpc_17,letterario,Guerra e pace
g,lettere,804,0.01608,50000,1.211542419563515,0.026338999706070076,1.027974146020288,True,62.05977584059776,58.75407483889205,0.9467335974561608,-0.02736193725399488,0.9750365471367406,0.9722891424081931,lettera,wrnpc_17,letterario,Guerra e pace
y,lettere,745,0.0149,50000,1.168829791989919,0.011144687527221014,1.1008196736359561,True,67.18817204301075,61.70331977686322,0.9183658060731823,-0.04255402888665935,0.9453301225252471,0.9959051702591987,lettera,wrnpc_17,letterario,Guerra e pace
p,lettere,647,0.01294,50000,1.0462837502325437,0.015124398312149451,0.941714616822724,True,77.09752321981424,80.24457629562139,1.040819120308632,0.020001341570368567,0.9861279258768277,1.003183345550391,lettera,wrnpc_17,letterario,Guerra e pace
the,parole,529,0.01058,50000,1.563946506441225,0.01665706619120419,1.4427342555453206,True,93.86931818181819,122.14577397717453,1.3012321421211013,0.13090037141730881,1.0653588924882238,1.2004217261557821,funzione,wrnpc_17,letterario,Guerra e pace
and,parole,402,0.00804,50000,1.0750418106945907,0.02540460254905462,0.912581823685499,True,123.74812967581047,104.1432614370375,0.8415744279114934,-0.08602724369287378,0.9689613654734758,0.8523118159223292,funzione,wrnpc_17,letterario,Guerra e pace
of,parole,294,0.00588,50000,1.2597404448629503,0.007168340274806889,1.234178804643366,True,169.96245733788396,198.19364568134205,1.1661024957254809,0.07668265747039317,1.0495853861785382,1.1120123860928004,funzione,wrnpc_17,letterario,Guerra e pace
to,parole,249,0.00498,50000,1.2292694419212804,0.004766942213447285,1.2015477341391134,True,201.04032258064515,222.39309033019927,1.1062113683238282,0.050427687325775655,0.950185218154601,1.056476129752845,funzione,wrnpc_17,letterario,Guerra e pace
her,parole,141,0.00282,50000,1.7278277071025174,0.016525334550904262,1.603817554069404,True,123.41428571428571,153.46853007215424,1.2435232208647757,0.10854499681572656,1.0268182423855767,1.6670276634138572,funzione,wrnpc_17,letterario,Guerra e pace
that,parole,139,0.00278,50000,1.2365522250892784,0.015769566712816353,1.1639536742288519,True,353.39130434782606,360.14762655962966,1.0191185298808418,0.009468750644356741,0.9701555166697782,1.0473546571665935,funzione,wrnpc_17,letterario,Guerra e pace
natásha,parole,47,0.00094,50000,1.5214051646402587,0.02323353870310273,1.35310171457001,True,412.1521739130435,457.7252920641038,1.1105735236536092,0.05239027326666902,1.0586068123346,1.4758181109288009,keyword,wrnpc_17,letterario,Guerra e pace
french,parole,32,0.00064,50000,1.3445109228220522,0.017167008956971277,1.2287564848502512,True,1449.8709677419354,3579.869101349335,2.4690949615500686,0.4234807573251453,1.0389666857081228,1.3014339441320095,keyword,wrnpc_17,letterario,Guerra e pace
kutúzov,parole,35,0.0007,50000,1.3564952647504571,0.026326465262479375,1.1872609767963824,True,602.3235294117648,607.4040500652351,1.0084348699749983,0.00419972292908027,0.9962452135200967,1.3791440844528937,keyword,wrnpc_17,letterario,Guerra e pace
army,parole,29,0.00058,50000,1.5454640905617376,0.010027258371774985,1.4748007376969463,True,1753.6785714285713,4447.739850951945,2.536234360968871,0.4344266256572337,0.9461885067994783,1.443794054716596,keyword,wrnpc_17,letterario,Guerra e pace
life,parole,27,0.00054,50000,1.3321706588520674,0.010803421270147284,1.2589924185486119,True,1136.4615384615386,2343.8882947916986,2.0624440119325897,0.3469268361455276,0.9795586589269148,1.2613447273854907,keyword,wrnpc_17,letterario,Guerra e pace
russian,parole,23,0.00046,50000,1.453179396082322,0.014338114476077654,1.3385158517667086,True,2203.7272727272725,4579.593651986605,2.078112708710559,0.3502512125886993,0.9621037258339645,1.3833655182177484,keyword,wrnpc_17,letterario,Guerra e pace
mary,parole,25,0.0005,50000,1.574420396655047,0.02025107680259266,1.408253797542505,True,787.0833333333334,1440.1623071773865,1.8297456523164253,0.2932226971131475,0.9930267667469758,1.3649819375393861,keyword,wrnpc_17,letterario,Guerra e pace
all,parole,43,0.00086,50000,0.992004447120167,0.004187556487334481,1.0210972737965256,True,1135.7619047619048,1171.3002324813726,1.031290297350586,0.0154041484820746,0.9678130887082714,1.002371641654977,appaiata,wrnpc_17,letterario,Guerra e pace
this,parole,32,0.00064,50000,1.0375792610650554,0.01275054322772162,1.0025349861472554,True,1585.8064516129032,2415.630013327853,1.5232817415208186,0.2073814163952334,0.9639642150254852,1.003418350840075,appaiata,wrnpc_17,letterario,Guerra e pace
only,parole,31,0.00062,50000,1.1078438684918328,0.009277093046378183,1.0359164773708398,True,1652.6333333333334,2052.852691077557,1.2421706918720974,0.10800725062992293,0.9632113811901819,1.1362366730389757,appaiata,wrnpc_17,letterario,Guerra e pace
one,parole,30,0.0006,50000,1.0153052259306274,0.007225257982736186,1.0437453277596271,True,1684.2413793103449,1447.7516720559804,0.8595868085421335,-0.07550773688696287,1.022279688057728,1.037619983091458,appaiata,wrnpc_17,letterario,Guerra e pace
been,parole,27,0.00054,50000,0.9925045647591182,0.004708802523019531,0.9857808608785427,True,1890.0384615384614,2052.157781083496,1.0857756722120204,0.04112411193340516,0.866888270318879,0.9807950404283138,appaiata,wrnpc_17,letterario,Guerra e pace
now,parole,23,0.00046,50000,1.29663858023866,0.01603063317941862,1.1942995782236017,True,2031.1363636363637,3089.593906054484,1.52111594345303,0.20670050689508823,1.0014680733791994,1.2708334232858833,appaiata,wrnpc_17,letterario,Guerra e pace
or,parole,23,0.00046,50000,1.02634926219559,0.004166431001891442,1.0222467398260047,True,2237.1363636363635,3025.829871141289,1.3525460138795204,0.1498572235355118,0.9684802910377114,1.046909131254689,appaiata,wrnpc_17,letterario,Guerra e pace
vocali,vc,14659,0.29318,50000,1.2636784396611493,0.010981993836485283,1.1741938189248198,True,3.410901896575249,1.5486061245646618,0.4540166124741247,-0.3755001028474092,0.98611977467776,0.9620246269079841,vocali,wrnpc_18,letterario,Guerra e pace
spazio,lettere,8161,0.16322,50000,0.965529993804471,0.010881856434275052,0.9538921779689784,True,6.1252450980392155,3.2671994757724163,0.5333989780781665,-0.30429198701216825,0.9788693938569916,0.9793311633153543,spazio,wrnpc_18,letterario,Guerra e pace
e,lettere,4905,0.0981,50000,1.256192537044581,0.014344899406499552,1.1630314582937895,True,10.19331158238173,8.57695117737429,0.8414293145123534,-0.08611282781149777,0.9573775737079108,1.0143922567770935,lettera,wrnpc_18,letterario,Guerra e pace
t,lettere,3330,0.0666,50000,1.1693421953588303,0.006421401488281644,1.1540205313068135,True,15.013817963352357,13.612041345200184,0.9066342337722618,-0.04896889218390605,0.9498372813467743,1.0662276400946,lettera,wrnpc_18,letterario,Guerra e pace
a,lettere,3142,0.06284,50000,1.1029271048017122,0.005532853827956464,1.0657618768815547,True,15.909582935370901,14.107958651416517,0.8867585472684559,-0.06001904848688177,1.1001095848962532,1.0066518414454728,lettera,wrnpc_18,letterario,Guerra e pace
o,lettere,2940,0.0588,50000,1.0389078946271566,0.006053338995352768,1.0543610723749626,True,16.98707043211977,15.147959945013005,0.8917346875992633,-0.057230706351392505,0.9435528300222297,1.038083288478691,lettera,wrnpc_18,letterario,Guerra e pace
h,lettere,2847,0.05694,50000,1.1970561933896382,0.007392036361635251,1.1462970890237447,True,17.552705551651442,14.609571388552315,0.8323258967434668,-0.09150888690409002,1.0721671196537608,0.9231576413279169,lettera,wrnpc_18,letterario,Guerra e pace
s,lettere,2791,0.05582,50000,1.0910990110273702,0.0045460091080089604,1.055952607433727,True,17.90967741935484,16.71649197277424,0.9333776137536048,-0.03445906571611194,0.982739502475091,0.9940054623132587,lettera,wrnpc_18,letterario,Guerra e pace
n,lettere,2789,0.05578,50000,1.1010433613881034,0.006313217308823034,1.053884309538584,True,17.931133428981347,15.493378305001428,0.8640490221304206,-0.07293315586421709,0.9236880255742519,1.0187334784418853,lettera,wrnpc_18,letterario,Guerra e pace
i,lettere,2653,0.05306,50000,1.0900767217256546,0.013000735991029138,1.1350327108322047,True,18.845399698340874,16.822151042661574,0.8926396527499799,-0.056725191768029884,0.9790148004358711,0.974141862486376,lettera,wrnpc_18,letterario,Guerra e pace
r,lettere,2180,0.0436,50000,1.2103798324708377,0.007066676885063058,1.15056582522852,True,22.942175309775127,21.1436200652198,0.9216048513155156,-0.04079670626914564,0.9473777471543564,0.9208499353762591,lettera,wrnpc_18,letterario,Guerra e pace
d,lettere,1920,0.0384,50000,1.2371936239899664,0.007710787563937171,1.1841839737343767,True,26.038561750911935,25.09825474523563,0.9638879053815875,-0.018388063045480064,1.05680891283666,0.925918132961244,lettera,wrnpc_18,letterario,Guerra e pace
l,lettere,1542,0.03084,50000,0.9230942703342783,0.007421992439643152,0.9123292247287349,True,32.4315379623621,33.66378866153838,1.0379954444530615,0.01864353748016269,1.029238044006538,1.0390016897000367,lettera,wrnpc_18,letterario,Guerra e pace
u,lettere,1019,0.02038,50000,1.1954030450540516,0.009881998344507387,1.2314372141248322,True,49.024557956778,47.12935802092141,0.961341825100647,-0.019710065020088572,1.0040908030244402,0.8406900642844995,lettera,wrnpc_18,letterario,Guerra e pace
m,lettere,990,0.0198,50000,0.9832719119260627,0.009687223828926079,1.0594494537719525,True,50.44186046511628,50.03751534882756,0.9919839372981029,-0.004024160311638842,0.9645909915193626,0.9625257315957013,lettera,wrnpc_18,letterario,Guerra e pace
c,lettere,915,0.0183,50000,1.1605298870633698,0.005594620851011102,1.1609973303149106,True,54.510940919037196,59.66821730350526,1.0946099314654638,0.04516828171404279,1.0192645047311666,0.9479162863761056,lettera,wrnpc_18,letterario,Guerra e pace
w,lettere,913,0.01826,50000,1.1429181841252918,0.008542813519870714,1.1016527006593697,True,54.762061403508774,52.74337106552038,0.9631370644886087,-0.01877756585528785,0.9470731624940635,0.9402336691405444,lettera,wrnpc_18,letterario,Guerra e pace
f,lettere,896,0.01792,50000,1.175176013168536,0.011240625510141595,1.0796499177454042,True,55.74860335195531,54.49633565000144,0.9775372363313215,-0.011358958636020855,0.934068341752376,0.9707301066032151,lettera,wrnpc_18,letterario,Guerra e pace
y,lettere,763,0.01526,50000,1.3091654500787273,0.002681706609415158,1.309839917417318,True,65.2230971128609,66.01156743185645,1.0120888205850023,0.0060080949018381045,0.9731475100456417,1.0504755755474615,lettera,wrnpc_18,letterario,Guerra e pace
g,lettere,693,0.01386,50000,1.2489728102717474,0.010360738839729265,1.178845343333693,True,72.15895953757226,76.42707442672506,1.0591487864640072,0.02872487255550783,0.9645863253280956,1.0244292188854633,lettera,wrnpc_18,letterario,Guerra e pace
p,lettere,608,0.01216,50000,1.1579908696397763,0.0045867485494509586,1.1671410896385617,True,82.30313014827018,92.18411609823607,1.1200560164864346,0.05662870016302831,1.015693396999779,1.0204560334141908,lettera,wrnpc_18,letterario,Guerra e pace
the,parole,411,0.00822,50000,1.4459035665842728,0.009087723120548685,1.3781760753077585,True,121.46829268292683,131.8452275543669,1.0854291654409547,0.040964788858168205,0.9760892607207557,1.0005105822700218,funzione,wrnpc_18,letterario,Guerra e pace
and,parole,364,0.00728,50000,1.0240434105025642,0.008189188241021985,1.0503918876900655,True,136.78787878787878,128.60095746731488,0.9401487807756738,-0.030848778102676045,0.9336748550536579,1.003499444959776,funzione,wrnpc_18,letterario,Guerra e pace
to,parole,299,0.00598,50000,1.0819899453610908,0.0028126238924598254,1.0925039710829862,True,167.26510067114094,169.00855732172153,1.0104233139105832,0.00518463640889049,0.9184408664573204,1.0180969511128568,funzione,wrnpc_18,letterario,Guerra e pace
her,parole,222,0.00444,50000,1.4937384524537103,0.0059038548703592725,1.4595248319073872,True,207.79638009049773,437.8137723502585,2.1069364738672807,0.35627908171854233,0.9963285997337792,1.4356456928745531,funzione,wrnpc_18,letterario,Guerra e pace
of,parole,208,0.00416,50000,1.253308826122774,0.004437518517580653,1.2151494689923472,True,239.40579710144928,279.7393370001073,1.1684735306621106,0.07769222371401031,1.0639741397673672,1.0419602685383675,funzione,wrnpc_18,letterario,Guerra e pace
he,parole,202,0.00404,50000,1.4356407126161534,0.007731392777473888,1.3818552954705408,True,248.51243781094527,451.0410636455703,1.814963740320707,0.2895112745672023,0.9940812825498332,1.3742955588377075,funzione,wrnpc_18,letterario,Guerra e pace
nicholas,parole,64,0.00128,50000,1.1063031938360848,0.012232395075528198,1.0349536647722988,True,665.1904761904761,629.6266138046104,0.9465358214544219,-0.027466321429230344,0.9662929459466062,1.0680521185343244,keyword,wrnpc_18,letterario,Guerra e pace
countess,parole,42,0.00084,50000,1.201825487824186,0.0316932450871777,0.9612282116509,True,1094.121951219512,1404.284269567988,1.283480573625973,0.12414407063504368,0.8802974891162255,1.1577565378242027,keyword,wrnpc_18,letterario,Guerra e pace
mary,parole,42,0.00084,50000,1.2639513423157884,0.023772711259573365,1.119793621484556,True,890.1951219512196,1064.8664052244346,1.1962168506274815,0.08934311316818296,1.003044175442529,1.226500625095704,keyword,wrnpc_18,letterario,Guerra e pace
natásha,parole,31,0.00062,50000,1.327613572805589,0.020988243953993582,1.1570462251800662,True,1574.9,4206.811835254981,2.6711612389707162,0.45521325002855495,0.940570654573278,1.1769339738822029,keyword,wrnpc_18,letterario,Guerra e pace
sónya,parole,24,0.00048,50000,1.3889808858829338,0.005700152336680757,1.3577106863106527,True,1406.0869565217392,2834.1776571158803,2.015648921263613,0.3367928256177901,1.0355952931638464,1.3647689669853307,keyword,wrnpc_18,letterario,Guerra e pace
always,parole,22,0.00044,50000,1.0377540719709493,0.002092939709244346,1.0366055052050032,True,2139.5238095238096,1792.4227910581703,0.8377671625244063,-0.08827714456098254,1.040757831933839,1.0335317197722451,keyword,wrnpc_18,letterario,Guerra e pace
room,parole,20,0.0004,50000,1.257502437294258,0.02581418712187799,1.0532803676881146,True,1867.578947368421,2903.4231198475873,1.554645453644013,0.21711249709929503,0.9573704986671999,1.196227889554123,keyword,wrnpc_18,letterario,Guerra e pace
at,parole,64,0.00128,50000,0.9549526444132674,0.00860948334172034,0.9167567626783373,True,784.1587301587301,693.1238591159453,0.8839075973504019,-0.0616231936284321,0.9761091224174793,0.8232203926780599,appaiata,wrnpc_18,letterario,Guerra e pace
is,parole,43,0.00086,50000,1.0963624641186995,0.0023192250878830206,1.1055698423745421,True,1185.547619047619,1720.085295706695,1.4508782844914183,0.18396600408289146,1.0365359471876572,1.165001916804745,appaiata,wrnpc_18,letterario,Guerra e pace
all,parole,39,0.00078,50000,1.1272481120451698,0.008408457478552228,1.0722273029140041,True,1296.2368421052631,2222.1404392114705,1.714301250381385,0.26316211226775915,0.9889486129583972,1.0760922085203968,appaiata,wrnpc_18,letterario,Guerra e pace
no,parole,24,0.00048,50000,1.0090515445246928,0.009081721761784187,1.0852414808028192,True,1934.6521739130435,2430.4877102922,1.2562918249931592,0.1135898389358106,0.9930832851691657,1.0462819403602155,appaiata,wrnpc_18,letterario,Guerra e pace
could,parole,23,0.00046,50000,1.1925565840145083,0.007685488618021046,1.1637169619426773,True,1842.7272727272727,2344.7033761390635,1.2724093309092106,0.11987687570364677,0.8924534056459632,1.1984759127096671,appaiata,wrnpc_18,letterario,Guerra e pace
up,parole,22,0.00044,50000,0.8313572503155078,0.01801096447270226,0.930963118767208,True,2300.5714285714284,1555.577660273783,0.6761701205859714,-0.19319630832031606,0.9599785845315169,0.8423768652171462,appaiata,wrnpc_18,letterario,Guerra e pace
husband,parole,22,0.00044,50000,1.381492640169911,0.024463373722687722,1.1822210801446504,True,1283.5238095238096,1510.7440755815535,1.177028477673541,0.08131656498252174,0.9153284868406454,1.3028932445194619,appaiata,wrnpc_18,letterario,Guerra e pace
vocali,vc,15698,0.31396,50000,1.2843397302155732,0.0060101325676070174,1.2338292142234795,True,3.1850672102949606,1.434551162684571,0.45039902393510906,-0.37893087832736994,0.9884077093543172,0.864488740819129,vocali,wrnpc_19,letterario,Guerra e pace
spazio,lettere,7928,0.15856,50000,1.2529338478948042,0.006600638365560019,1.2045133620176505,True,6.305033430049199,3.6621177452098124,0.5808244771164103,-0.2651625964498031,0.9850342935778467,0.9703308721284265,spazio,wrnpc_19,letterario,Guerra e pace
e,lettere,5240,0.1048,50000,1.2310336816327243,0.015504792373534096,1.1152208194479285,True,9.536361901126169,8.030283735012262,0.8420699443111475,-0.08573510260920701,1.0509828729108033,0.9454728151918262,lettera,wrnpc_19,letterario,Guerra e pace
t,lettere,3855,0.0771,50000,1.3181826511560903,0.010081826569208311,1.2372223250499683,True,12.96497145822522,10.476231810509782,0.8080412551825146,-0.10616944954505919,0.9661208971382376,0.963781753972157,lettera,wrnpc_19,letterario,Guerra e pace
o,lettere,3428,0.06856,50000,1.044762862878766,0.014339724860753219,1.0167018208771368,True,14.58710242194339,12.076603495715068,0.8278959827928694,-0.09415416349029357,1.0310579975806922,0.952369892632122,lettera,wrnpc_19,letterario,Guerra e pace
i,lettere,3274,0.06548,50000,1.1587419150714657,0.007114778076751813,1.1026280822882575,True,15.263366941643753,13.920453563490508,0.9120172250796571,-0.04601568111745302,0.9766245615430135,0.9587745731881213,lettera,wrnpc_19,letterario,Guerra e pace
n,lettere,3178,0.06356,50000,1.096970108647018,0.012494862478065917,1.0471034830918315,True,15.73497009757633,13.225957761052824,0.8405454652303425,-0.08663439060968914,0.9773619608279295,1.0715722143590167,lettera,wrnpc_19,letterario,Guerra e pace
a,lettere,2871,0.05742,50000,1.1333171631864642,0.0065792303091448305,1.096708499291844,True,17.41498257839721,15.066608884998873,0.8651521077998994,-0.07229860322714637,1.0636142154624968,0.9980506371500383,lettera,wrnpc_19,letterario,Guerra e pace
s,lettere,2707,0.05414,50000,1.4118532822900658,0.010618081142372254,1.3312536337200473,True,18.475240206947525,18.725202615024024,1.0135295890757892,0.006719339586163865,1.009887590038395,1.0162676358793503,lettera,wrnpc_19,letterario,Guerra e pace
h,lettere,2035,0.0407,50000,1.273800862014304,0.003609466714731341,1.3017824456447638,True,24.559980334316617,21.631388335877503,0.880757559306873,-0.06340128216050987,0.9685289852533545,1.000884782984653,lettera,wrnpc_19,letterario,Guerra e pace
r,lettere,1999,0.03998,50000,1.2445264041833972,0.0055446502512442155,1.230121643649386,True,25.016516516516518,22.300250654339,0.8914210993211555,-0.057405989981720196,1.0285152864145848,0.9980243620381737,lettera,wrnpc_19,letterario,Guerra e pace
c,lettere,1480,0.0296,50000,1.1049564270034957,0.011890082128067464,1.166702645698753,True,33.75185936443543,34.309227528918335,1.0165137025034598,0.008189233965015181,0.9965740332644413,1.042152911928594,lettera,wrnpc_19,letterario,Guerra e pace
l,lettere,1472,0.02944,50000,1.1002831697972981,0.004261535910594912,1.1034642145442133,True,33.86199864038069,34.80029503475683,1.027709421535952,0.013665380868508525,0.9402872657181124,0.9394375210103755,lettera,wrnpc_19,letterario,Guerra e pace
f,lettere,1268,0.02536,50000,1.5012003683775672,0.010367325455904653,1.4224433179786784,True,39.43488555643252,37.12394782907392,0.9413986450131425,-0.030185122018801417,0.9027383112698399,0.9724900780529625,lettera,wrnpc_19,letterario,Guerra e pace
d,lettere,1248,0.02496,50000,1.3329187638659115,0.010845407583998231,1.2554881146061898,True,40.04089815557337,39.6990374542582,0.9914622119617068,-0.004287195602814358,0.9392086122833768,0.9835787067401408,lettera,wrnpc_19,letterario,Guerra e pace
m,lettere,1143,0.02286,50000,1.4069669657806643,0.01156353588523449,1.3174452506411742,True,43.69789842381786,46.360444083259544,1.0609307485137647,0.02956467535733785,0.9807789797592278,0.9717574145211133,lettera,wrnpc_19,letterario,Guerra e pace
u,lettere,885,0.0177,50000,1.1728738235391811,0.004865692786228196,1.1493260318074376,True,56.477375565610856,52.95255838946935,0.9375888638443078,-0.032210721954638144,1.0025149461455622,1.0891750302893584,lettera,wrnpc_19,letterario,Guerra e pace
w,lettere,841,0.01682,50000,1.1147572710193387,0.018262093841842506,1.2100115819038169,True,59.39642857142857,60.17135829529669,1.0130467393832645,0.006481091138133091,1.009437964295179,1.032927228457434,lettera,wrnpc_19,letterario,Guerra e pace
y,lettere,691,0.01382,50000,1.118225250282727,0.00771313168914095,1.1627884781999804,True,72.28985507246377,72.85446881952137,1.0078104147046862,0.0038900160331297967,0.9905324631118352,0.9551314070272552,lettera,wrnpc_19,letterario,Guerra e pace
p,lettere,646,0.01292,50000,1.305221046732977,0.013345918587741142,1.2166641982991067,True,77.4046511627907,85.74604445584517,1.1077634634062439,0.05112692447571564,0.9668683078826014,1.0431111487838718,lettera,wrnpc_19,letterario,Guerra e pace
b,lettere,545,0.0109,50000,1.2414041342438527,0.008077731691496145,1.1845887179884513,True,91.3970588235294,99.91377714940882,1.0931837242413194,0.044517699599013506,0.9088126291616078,1.0135742168687922,lettera,wrnpc_19,letterario,Guerra e pace
the,parole,741,0.01482,50000,1.3391903909658884,0.007917526587409721,1.3679091376502015,True,67.34189189189189,70.29657357386955,1.0438758341794288,0.02146697634254473,0.9351893484445184,1.125885669784659,funzione,wrnpc_19,letterario,Guerra e pace
of,parole,575,0.0115,50000,1.290073167028306,0.006990732906852053,1.306783992290498,True,87.04529616724739,83.35356287408433,0.9575883654175888,-0.02166524655113795,0.9554209958724037,1.070066363019713,funzione,wrnpc_19,letterario,Guerra e pace
and,parole,278,0.00556,50000,1.12784973769407,0.0054451645201585705,1.114527274641513,True,180.1768953068592,175.2280742773932,0.9725335425441889,-0.013924456473568866,0.9344716654025111,1.0359103194655637,funzione,wrnpc_19,letterario,Guerra e pace
to,parole,207,0.00414,50000,1.0574051399898627,0.00491659359998236,1.0194031426921752,True,241.90776699029126,252.96839914062352,1.0457225176683813,0.02235030277737455,1.0860875359228912,1.0151494447596132,funzione,wrnpc_19,letterario,Guerra e pace
is,parole,192,0.00384,50000,1.260940595797843,0.022634466471129783,1.1084537551667446,True,257.62303664921467,258.7063653382338,1.004205092460323,0.0020981348047374514,1.003594948118409,1.1397881836044226,funzione,wrnpc_19,letterario,Guerra e pace
in,parole,185,0.0037,50000,1.1304625048348862,0.013079321811886657,1.0485221135663456,True,270.6847826086956,274.73430500467276,1.0149602883359392,0.007424607036942797,0.9486376743247567,1.0015367912017752,funzione,wrnpc_19,letterario,Guerra e pace
free,parole,68,0.00136,50000,1.2493369399509386,0.015163071447007457,1.1337852747893467,True,606.7910447761194,702.4572787034364,1.1576592712613514,0.07306958673284168,1.007169619809635,1.1997385233796283,keyword,wrnpc_19,letterario,Guerra e pace
action,parole,65,0.0013,50000,1.3767842912997144,0.009342741512045753,1.3112153937668922,True,659.953125,1173.3665502561084,1.777954381617798,0.28004577280521814,1.024120508249028,1.3368165775196206,keyword,wrnpc_19,letterario,Guerra e pace
freedom,parole,61,0.00122,50000,1.393055210130674,0.008476863746533548,1.3427856540603749,True,639.6,1142.6484578841757,1.786504780932107,0.28225495477851476,0.9259122955076878,1.2582241998938055,keyword,wrnpc_19,letterario,Guerra e pace
will,parole,59,0.00118,50000,1.2712090801205884,0.013430618280519833,1.1732564655744704,True,776.8620689655172,1034.1728018808221,1.331218041393042,0.14207939176513898,0.940603523012272,1.1755710917964506,keyword,wrnpc_19,letterario,Guerra e pace
history,parole,46,0.00092,50000,1.4274932969269987,0.010866004515808233,1.3465001685148048,True,1027.6888888888889,2305.917672012817,2.2437896302507627,0.38343720525261404,0.9836996481914558,1.3678844423025043,keyword,wrnpc_19,letterario,Guerra e pace
inevitability,parole,45,0.0009,50000,1.4660357960162784,0.010822083961409467,1.3972009707415416,True,682.3863636363636,1173.462699755174,1.7196455883173243,0.2646100622112961,0.9961830688666812,1.372975457575027,keyword,wrnpc_19,letterario,Guerra e pace
time,parole,44,0.00088,50000,1.1645803550117833,0.01470458143953815,1.0683689611183609,True,1137.2790697674418,1566.8579770565616,1.377725150060981,0.15885988759099998,0.9912255405934344,1.1150138716608504,keyword,wrnpc_19,letterario,Guerra e pace
which,parole,68,0.00136,50000,0.9586245655409106,0.005858361969288419,0.9299503728364069,True,743.7313432835821,633.1239186975613,0.8512804044297935,-0.08033337100870636,0.951294259036191,0.8896565217873595,appaiata,wrnpc_19,letterario,Guerra e pace
not,parole,62,0.00124,50000,1.1659171798530423,0.014291992133432959,1.2040617971267598,True,789.8196721311475,994.267125545188,1.2588533314982975,0.11459501504092787,1.0039985902650665,1.0956269065266981,appaiata,wrnpc_19,letterario,Guerra e pace
for,parole,60,0.0012,50000,1.1757616844433814,0.004590526903017404,1.14121724654542,True,765.9491525423729,1199.1441117806628,1.5655662099767456,0.22044498706656718,0.9188918914842524,1.1855944949765604,appaiata,wrnpc_19,letterario,Guerra e pace
from,parole,60,0.0012,50000,1.3036146605665717,0.010493680573603717,1.306690405567814,True,819.1694915254237,1246.2751419321548,1.5213886196022663,0.20678629845030086,1.006868364840381,1.2420878718904889,appaiata,wrnpc_19,letterario,Guerra e pace
be,parole,49,0.00098,50000,1.0821099987262286,0.0065216032580449855,1.055637247223507,True,942.8333333333334,1318.698106101416,1.3986545229995573,0.166199225097674,0.9562965412166945,1.123117556466096,appaiata,wrnpc_19,letterario,Guerra e pace
are,parole,42,0.00084,50000,0.9093507403005484,0.014418825730642133,1.0308119210521254,True,1211.1463414634147,1208.8603426569923,0.9981125329548036,-0.0009446249968740471,0.9414907462843184,0.998405428786056,appaiata,wrnpc_19,letterario,Guerra e pace
laws,parole,41,0.00082,50000,1.404342477102041,0.022126375921546912,1.2438842828672478,True,1002.225,2337.9962436360775,2.3328057508404574,0.39990502011836554,0.9123466349071548,1.35534958267029,appaiata,wrnpc_19,letterario,Guerra e pace
