corpus,titolo,sequenza,tipo,n_eventi,mean_tau,cv_tau,J
wikipedia,Industrial Revolution,vocali,vocali,18093,3.3162171125359277,0.5246157258384266,-0.5979532582060024
wikipedia,Industrial Revolution,spazio,spazio,9332,6.429107276819205,0.47422867083163367,-1.0514935270019703
wikipedia,Industrial Revolution,e,lettera,5532,10.842162357620683,0.8632911857273119,-0.3183216102476537
wikipedia,Industrial Revolution,t,lettera,4044,14.833539450902794,0.8731229733862724,-0.31804797623144376
wikipedia,Industrial Revolution,n,lettera,3915,15.326009197751661,0.8636040278704775,-0.3257940481641333
wikipedia,Industrial Revolution,a,lettera,3831,15.662402088772845,0.8643821304182737,-0.4162184078019182
wikipedia,Industrial Revolution,i,lettera,3662,16.385140671947557,0.8878471477520239,-0.29937596643396974
wikipedia,Industrial Revolution,o,lettera,3619,16.57739082365948,0.9373471366843078,-0.2044887415706262
wikipedia,Industrial Revolution,r,lettera,3128,19.180364566677326,0.8358392317583405,-0.3828987737957681
wikipedia,Industrial Revolution,s,lettera,3013,19.904050464807437,0.8904226870486264,-0.18948589887149236
wikipedia,Industrial Revolution,d,lettera,2164,27.728155339805824,0.8791662244827895,-0.24176070706899375
wikipedia,Industrial Revolution,l,lettera,2044,29.36123348017621,0.9758450976610049,-0.05063208272289236
wikipedia,Industrial Revolution,h,lettera,2025,29.62401185770751,0.9068286330495745,-0.3370007983491509
wikipedia,Industrial Revolution,c,lettera,1790,33.427613191727225,0.9985778004342686,-0.1873218330897563
wikipedia,Industrial Revolution,u,lettera,1449,41.42955801104972,0.9899415409191964,-0.19776390673228955
wikipedia,Industrial Revolution,m,lettera,1222,49.07780507780508,0.977254888989848,-0.1264226016813101
wikipedia,Industrial Revolution,p,lettera,1118,53.572963294538944,1.0543193980482974,0.023506810521794427
wikipedia,Industrial Revolution,w,lettera,1047,57.2208413001912,1.0614561544713064,-0.15891928406590428
wikipedia,Industrial Revolution,f,lettera,1015,59.07297830374753,0.9731864651493802,-0.057931108763264676
wikipedia,Industrial Revolution,g,lettera,954,62.773347324239246,1.0136027646110692,-0.1634451078860807
wikipedia,Industrial Revolution,b,lettera,751,79.82266666666666,1.0138935393590418,-0.12870493311750503
wikipedia,Industrial Revolution,the,funzione,675,88.72255192878339,0.971826744803382,-0.4357497181510812
wikipedia,Industrial Revolution,and,funzione,368,162.6457765667575,0.9440087338295542,-0.42278971268325294
wikipedia,Industrial Revolution,in,funzione,332,180.62839879154077,0.9797989574249744,-0.17531588136743612
wikipedia,Industrial Revolution,of,funzione,331,181.0939393939394,0.9833626968380584,-0.3097023462582865
wikipedia,Industrial Revolution,to,funzione,200,300.4221105527638,0.8572181029823365,-0.28545978424090995
wikipedia,Industrial Revolution,was,funzione,177,336.6931818181818,1.2099018198938953,-0.23700193649832066
wikipedia,Industrial Revolution,iron,keyword,61,891.5333333333333,2.238565882357266,0.2834218268195844
wikipedia,Industrial Revolution,industrial,keyword,59,1023.1551724137931,1.1026618961308408,-0.0608894558763239
wikipedia,Industrial Revolution,cotton,keyword,46,893.8222222222222,4.893399611532834,0.020075909711263537
wikipedia,Industrial Revolution,revolution,keyword,46,1318.7333333333333,1.3107074536214982,0.31648170047070784
wikipedia,Industrial Revolution,century,keyword,47,1276.695652173913,0.9513968312259061,0.019781761283726277
wikipedia,Industrial Revolution,steam,keyword,43,1265.095238095238,1.7400458451285665,0.40728826676690816
wikipedia,Industrial Revolution,first,keyword,38,1603.4864864864865,1.3037026361404767,0.13591817457019856
wikipedia,Industrial Revolution,with,appaiata,62,959.5245901639345,1.12669413071591,-0.0369772598701337
wikipedia,Industrial Revolution,as,appaiata,71,826.2571428571429,1.1749986397853305,0.35293558966792415
wikipedia,Industrial Revolution,from,appaiata,46,1315.0666666666666,1.157438530502181,0.25433707309610426
wikipedia,Industrial Revolution,th,appaiata,47,1276.695652173913,1.0874517301435298,0.08882416717158127
wikipedia,Industrial Revolution,which,appaiata,43,1328.6666666666667,0.9289751476844416,-0.13022551333775617
wikipedia,Industrial Revolution,had,appaiata,38,1602.7567567567567,0.9414844211918251,-0.2381175899141203
wikipedia,Industrial Revolution,it,appaiata,38,1508.5945945945946,0.9928182120461707,0.026622429324843187
wikipedia,Protestantism,vocali,vocali,18658,3.215629522431259,0.4922286199283487,-0.6305475127917477
wikipedia,Protestantism,spazio,spazio,8871,6.762570462232244,0.5204162480710285,-0.9845172563469526
wikipedia,Protestantism,e,lettera,5872,10.218361437574519,0.8272242420128207,-0.3654324767388737
wikipedia,Protestantism,t,lettera,4710,12.740496920789976,0.8222551533320929,-0.41426798981936275
wikipedia,Protestantism,i,lettera,4029,14.889275074478649,0.8821731855025202,-0.26698683976469906
wikipedia,Protestantism,a,lettera,3934,15.251716247139589,0.8155344098841284,-0.46690072256133663
wikipedia,Protestantism,n,lettera,3789,15.835533262935586,0.8392437014734844,-0.3795088841774557
wikipedia,Protestantism,o,lettera,3573,16.793113101903696,0.8811819777367452,-0.3430027384181661
wikipedia,Protestantism,r,lettera,3331,18.017417417417416,0.8459069610775863,-0.38691367547652156
wikipedia,Protestantism,s,lettera,3196,18.773082942097027,0.9248012434234166,-0.16773893790046449
wikipedia,Protestantism,h,lettera,2754,21.778060297856882,0.9205017312431291,-0.32979261219436723
wikipedia,Protestantism,l,lettera,1955,30.614124872057317,0.977245294541938,-0.046174763705919976
wikipedia,Protestantism,c,lettera,1946,30.829820051413883,0.9929088368149397,-0.12977401617789946
wikipedia,Protestantism,d,lettera,1772,33.82778091473744,0.9282559558825417,-0.17057487552635692
wikipedia,Protestantism,m,lettera,1363,44.019823788546255,1.046739302012708,-0.005125082563409931
wikipedia,Protestantism,u,lettera,1250,47.91273018414732,0.9044489142081215,-0.25270772291312393
wikipedia,Protestantism,f,lettera,1175,50.941226575809196,1.03073008570599,-0.07455387576131318
wikipedia,Protestantism,p,lettera,953,62.92121848739496,1.09637130861543,0.06428134900544141
wikipedia,Protestantism,g,lettera,899,66.71158129175947,1.0568622174643454,-0.0984772500280857
wikipedia,Protestantism,y,lettera,648,92.65996908809892,0.9363587212794569,-0.2247577570518505
wikipedia,Protestantism,w,lettera,604,98.74792703150912,1.116585481025658,-0.11242442821621734
wikipedia,Protestantism,the,funzione,858,69.82263710618436,0.8953073287486796,-0.5773296106539005
wikipedia,Protestantism,of,funzione,466,128.59569892473118,1.0039207025303614,-0.34330890684659016
wikipedia,Protestantism,and,funzione,297,201.4391891891892,0.8785882792832571,-0.5045695283895613
wikipedia,Protestantism,in,funzione,233,254.8448275862069,1.063487948105617,-0.16350598653297962
wikipedia,Protestantism,to,funzione,167,355.5421686746988,1.1277021386766175,0.042813421353223115
wikipedia,Protestantism,as,funzione,134,446.02255639097746,0.9783329866738516,-0.10302356353017121
wikipedia,Protestantism,church,keyword,103,582.0882352941177,1.3142233057358603,0.12667701622354446
wikipedia,Protestantism,protestant,keyword,75,798.918918918919,1.1742817746244958,-0.010313970942014259
wikipedia,Protestantism,reformation,keyword,55,1034.7592592592594,1.317664946741493,0.11218130184575756
wikipedia,Protestantism,catholic,keyword,42,1430.1707317073171,1.2708307644456176,0.0725043331592726
wikipedia,Protestantism,churches,keyword,40,1481.7179487179487,1.773137647541117,0.3634406481003675
wikipedia,Protestantism,reformed,keyword,40,1320.4358974358975,1.377210988471028,0.359028767786012
wikipedia,Protestantism,movement,keyword,36,1678.5714285714287,1.4386238291399294,0.3541258928158982
wikipedia,Protestantism,that,appaiata,88,686.4942528735633,1.396049652819261,0.05088376278888297
wikipedia,Protestantism,by,appaiata,72,830.5492957746479,0.9587701775755653,-0.05609106258804647
wikipedia,Protestantism,was,appaiata,61,864.1166666666667,1.3067529166923808,0.16463277477446167
wikipedia,Protestantism,on,appaiata,40,1426.3589743589744,0.9597410678704874,0.10582201097354434
wikipedia,Protestantism,or,appaiata,39,1529.7368421052631,1.430663784039251,0.3245129086941392
wikipedia,Protestantism,for,appaiata,43,1386.404761904762,1.0178592590650004,0.00836646611330754
wikipedia,Protestantism,are,appaiata,37,1596.9166666666667,2.087975560117818,0.26334298260882494
wikipedia,Slavery,vocali,vocali,18451,3.251869918699187,0.5219368997928412,-0.6131395348057717
wikipedia,Slavery,spazio,spazio,9502,6.313756446689822,0.4622277490314717,-1.0665396723828935
wikipedia,Slavery,e,lettera,5999,10.002500833611204,0.8300592058272662,-0.3657713802670198
wikipedia,Slavery,a,lettera,4510,13.299179418939898,0.8561941704333909,-0.41387289631490776
wikipedia,Slavery,t,lettera,4102,14.62106803218727,0.8887654454600535,-0.25511076364521995
wikipedia,Slavery,n,lettera,3529,16.999149659863946,0.8756597683856517,-0.33857592863539915
wikipedia,Slavery,i,lettera,3451,17.38753623188406,0.900547852209235,-0.2945329345643526
wikipedia,Slavery,s,lettera,3445,17.406213704994194,0.9580918832195152,-0.198692231532771
wikipedia,Slavery,o,lettera,3244,18.494603761948813,0.9411469009042154,-0.279251739123239
wikipedia,Slavery,r,lettera,3206,18.709516380655227,0.8315339825925468,-0.3905751304923543
wikipedia,Slavery,l,lettera,2153,27.8796468401487,0.957761402098292,-0.09209442749578045
wikipedia,Slavery,h,lettera,2074,28.924746743849493,0.8703629150058241,-0.3154727079545203
wikipedia,Slavery,d,lettera,1847,32.44907908992416,0.8817530437762102,-0.21160294599317686
wikipedia,Slavery,c,lettera,1542,38.85788449059053,0.9327468298653502,-0.14350398640620682
wikipedia,Slavery,u,lettera,1247,48.0553772070626,0.9731698281061246,-0.19074347912711437
wikipedia,Slavery,m,lettera,1145,52.35489510489511,0.9670233065415522,-0.0760134850143789
wikipedia,Slavery,f,lettera,1044,57.45349952061361,1.0250177347489298,0.007776914389427757
wikipedia,Slavery,p,lettera,976,61.51179487179487,1.0266623856082915,0.10479638554783195
wikipedia,Slavery,v,lettera,819,73.23471882640587,0.8703059981599597,-0.30239572489787114
wikipedia,Slavery,y,lettera,819,73.32640586797066,1.0679505832148746,-0.0960220195528703
wikipedia,Slavery,b,lettera,755,79.43766578249337,1.0379788888538037,0.0056688581626785925
wikipedia,Slavery,the,funzione,760,79.0,1.0052043142780422,-0.5187172428203407
wikipedia,Slavery,of,funzione,378,158.93103448275863,1.0069838636743287,-0.2729806824503445
wikipedia,Slavery,in,funzione,362,165.90581717451525,1.1902152336583873,-0.12918222048127537
wikipedia,Slavery,and,funzione,302,198.1328903654485,0.8369644269902505,-0.43672305673429435
wikipedia,Slavery,to,funzione,240,248.88702928870293,1.0180562117141194,-0.1996396822431106
wikipedia,Slavery,as,funzione,156,381.6709677419355,1.3410635464155591,0.14831778338904222
wikipedia,Slavery,slavery,keyword,151,391.18666666666667,1.3194020740309937,-0.007820757795156673
wikipedia,Slavery,slaves,keyword,135,436.5074626865672,1.0430798384057396,-0.14829939954024138
wikipedia,Slavery,slave,keyword,106,558.6095238095238,1.3849569338231682,0.130639775154764
wikipedia,Slavery,labour,keyword,46,1221.0444444444445,1.403221782415239,0.3199263192572627
wikipedia,Slavery,trade,keyword,41,960.4,1.7207462201881383,0.23382565621415852
wikipedia,Slavery,african,keyword,39,1253.6052631578948,1.6458505069812626,-0.03585692817292417
wikipedia,Slavery,africa,keyword,33,1367.59375,1.3745706878055093,0.18150140863209654
wikipedia,Slavery,were,appaiata,118,507.05128205128204,1.302387711342481,0.033117812356951735
wikipedia,Slavery,was,appaiata,109,544.6203703703703,1.0098420267281114,-0.2543595495047552
wikipedia,Slavery,by,appaiata,77,778.2236842105264,1.1643018870703674,0.0666996252489342
wikipedia,Slavery,or,appaiata,48,1200.5106382978724,1.344234273123908,0.40258369978121616
wikipedia,Slavery,with,appaiata,41,1452.775,0.9175340374745667,-0.061709892666600166
wikipedia,Slavery,it,appaiata,40,1513.6153846153845,1.0714352347987302,0.0016449392861442853
wikipedia,Slavery,who,appaiata,33,1589.5625,0.9581993858349216,-0.022583244840381506
wikipedia,Sigmund Freud,vocali,vocali,18466,3.2492282696994312,0.5306203712956764,-0.5404032206246775
wikipedia,Sigmund Freud,spazio,spazio,9239,6.493180342065382,0.4937102024732337,-0.9925080903591669
wikipedia,Sigmund Freud,e,lettera,5946,10.087636669470143,0.828467424886316,-0.3595420772279583
wikipedia,Sigmund Freud,t,lettera,3973,15.088368580060424,0.8957293081258453,-0.28547469902569267
wikipedia,Sigmund Freud,i,lettera,3851,15.583636363636364,0.8822945615989605,-0.3419014912658457
wikipedia,Sigmund Freud,a,lettera,3749,15.994663820704377,0.8739452476294627,-0.3179166459834276
wikipedia,Sigmund Freud,n,lettera,3613,16.60825027685493,0.8680733731425377,-0.29343821858995645
wikipedia,Sigmund Freud,s,lettera,3470,17.295762467569904,0.9369762230512507,-0.11964889913008452
wikipedia,Sigmund Freud,o,lettera,3396,17.665095729013256,0.8910898383919073,-0.2648983951514762
wikipedia,Sigmund Freud,r,lettera,3156,19.011410459587957,0.8679276749789404,-0.3241842866715759
wikipedia,Sigmund Freud,h,lettera,2404,24.946733250104035,0.8438109266231061,-0.33390901784714905
wikipedia,Sigmund Freud,d,lettera,2110,28.435277382645804,0.9310180475840137,-0.18592502861082907
wikipedia,Sigmund Freud,l,lettera,1816,32.99393939393939,1.028963074827879,0.016833215512413274
wikipedia,Sigmund Freud,c,lettera,1723,34.79036004645761,1.101546579932308,-0.026833560792387207
wikipedia,Sigmund Freud,u,lettera,1524,39.3650689428759,0.8691494117256967,-0.3369292277608659
wikipedia,Sigmund Freud,f,lettera,1376,43.62472727272727,0.9022529676090477,-0.149927949035679
wikipedia,Sigmund Freud,p,lettera,1085,55.163284132841326,1.0073381737246176,-0.03806400677636245
wikipedia,Sigmund Freud,m,lettera,1056,56.7781990521327,1.0403591352607995,0.05840736693017266
wikipedia,Sigmund Freud,y,lettera,897,66.77232142857143,1.0822396084296866,-0.09831425128202104
wikipedia,Sigmund Freud,g,lettera,777,76.85309278350516,1.044085854580401,-0.061097973863755844
wikipedia,Sigmund Freud,w,lettera,728,81.9656121045392,1.0146252644097067,-0.07224541207854308
wikipedia,Sigmund Freud,the,funzione,581,103.19655172413793,1.012698705655612,-0.4021854364316848
wikipedia,Sigmund Freud,of,funzione,435,137.93548387096774,0.9658121528289909,-0.3623991410579445
wikipedia,Sigmund Freud,in,funzione,312,191.88745980707395,0.9966276116499379,-0.16753640669939618
wikipedia,Sigmund Freud,and,funzione,307,194.72222222222223,0.8642641067420183,-0.38816173008157706
wikipedia,Sigmund Freud,to,funzione,232,255.65800865800867,1.00855495161975,-0.1350166124841617
wikipedia,Sigmund Freud,his,funzione,197,296.46938775510205,1.1780889588076862,-0.12344264574356051
wikipedia,Sigmund Freud,freud,keyword,237,253.25,0.8665513211831161,-0.5476786048303446
wikipedia,Sigmund Freud,freud's,keyword,77,779.171052631579,1.1110044559534158,-0.03405148137768973
wikipedia,Sigmund Freud,psychoanalytic,keyword,36,823.2857142857143,2.3046442786769377,0.08763553772616461
wikipedia,Sigmund Freud,work,keyword,40,1478.6153846153845,1.2760151318335855,0.14166931925696777
wikipedia,Sigmund Freud,theory,keyword,31,1983.3666666666666,1.75173959287051,0.30302207745915666
wikipedia,Sigmund Freud,vienna,keyword,28,1851.6666666666667,1.1871276826261472,0.15264980840918446
wikipedia,Sigmund Freud,unconscious,keyword,27,2195.769230769231,2.116318174006387,0.17063417026301053
wikipedia,Sigmund Freud,he,appaiata,115,495.07894736842104,1.2594588003269847,0.07257354394335246
wikipedia,Sigmund Freud,that,appaiata,82,728.9382716049382,1.701936636511848,0.1336185158656689
wikipedia,Sigmund Freud,it,appaiata,44,1363.906976744186,1.2784521882786395,0.26364175421966396
wikipedia,Sigmund Freud,who,appaiata,29,1820.0,1.128477778925235,0.09074500060496718
wikipedia,Sigmund Freud,first,appaiata,25,2298.7916666666665,1.4287597237551657,
wikipedia,Sigmund Freud,him,appaiata,25,2113.0833333333335,1.2966877239220527,
wikipedia,Sigmund Freud,after,appaiata,24,2268.608695652174,1.0171053204412048,
wikipedia,Christianity,vocali,vocali,18466,3.2490658001624695,0.5037571494945694,-0.6018009456775524
wikipedia,Christianity,spazio,spazio,9071,6.613781697905182,0.5008406960761804,-1.0419815831720087
wikipedia,Christianity,e,lettera,5642,10.629675589434498,0.8812655549190418,-0.30221815922075446
wikipedia,Christianity,t,lettera,4637,12.93183779119931,0.811307153979877,-0.4489628284075162
wikipedia,Christianity,i,lettera,4309,13.925951717734447,0.879400931679588,-0.29786812844738486
wikipedia,Christianity,a,lettera,3913,15.334100204498977,0.8028121091437342,-0.44865583090876104
wikipedia,Christianity,n,lettera,3815,15.728106974305192,0.838919388419775,-0.3973686126363644
wikipedia,Christianity,s,lettera,3446,17.40145137880987,0.9124893576669754,-0.18598936553211487
wikipedia,Christianity,o,lettera,3360,17.850848466805598,0.8859009696222079,-0.28534100044189703
wikipedia,Christianity,r,lettera,3228,18.58444375581035,0.8262222924802055,-0.41139762025913823
wikipedia,Christianity,h,lettera,2798,21.443332141580264,0.8883577887906476,-0.3612659275276494
wikipedia,Christianity,c,lettera,2125,28.24387947269303,1.015524435817705,-0.09834683433359859
wikipedia,Christianity,d,lettera,1846,32.489430894308946,0.8716084769986487,-0.21516701037590008
wikipedia,Christianity,l,lettera,1778,33.72594259988745,1.038392775923941,0.025261200607353845
wikipedia,Christianity,u,lettera,1242,48.1651893634166,1.023604197210972,-0.24180813234416998
wikipedia,Christianity,m,lettera,1110,54.07303877366997,1.0071604360277486,-0.010129823961615601
wikipedia,Christianity,f,lettera,1057,56.660037878787875,0.9761423250830221,-0.06814253854886466
wikipedia,Christianity,p,lettera,921,65.09565217391304,1.047253629374404,0.04503315514420134
wikipedia,Christianity,g,lettera,885,67.78733031674209,1.009752481313207,-0.09423470718416187
wikipedia,Christianity,y,lettera,749,80.11229946524064,0.9962270142726167,-0.1955947739279031
wikipedia,Christianity,w,lettera,627,95.49680511182109,0.9964098724564564,-0.13938682648289744
wikipedia,Christianity,the,funzione,886,67.68022598870057,0.9284912534907995,-0.537912574813442
wikipedia,Christianity,of,funzione,449,133.55580357142858,0.8963974667405941,-0.45221220104011944
wikipedia,Christianity,and,funzione,372,160.67385444743934,0.8988649094668738,-0.42609165875794075
wikipedia,Christianity,in,funzione,279,214.78776978417267,1.0604024867929878,-0.19650594472748711
wikipedia,Christianity,to,funzione,179,331.4943820224719,1.1221222503632096,-0.15512871002293763
wikipedia,Christianity,as,funzione,113,531.4553571428571,1.0670154718606877,0.1234741227942721
wikipedia,Christianity,christian,keyword,79,757.0,1.1455667068426798,-0.06029144094352288
wikipedia,Christianity,church,keyword,63,884.741935483871,1.5504005907414715,0.24202145471222916
wikipedia,Christianity,christianity,keyword,59,1033.1724137931035,1.5315711918770927,0.20728145051043118
wikipedia,Christianity,jesus,keyword,55,934.074074074074,2.1648062968933646,0.12660791123151077
wikipedia,Christianity,christians,keyword,54,1069.8301886792453,1.1853373714030069,-0.040263198332884075
wikipedia,Christianity,god,keyword,53,1106.2692307692307,2.581304973754384,0.3979638178161049
wikipedia,Christianity,churches,keyword,35,1316.2058823529412,1.0649651416920975,0.1998456261253134
wikipedia,Christianity,that,appaiata,86,696.4588235294118,1.6452083953722068,-0.00459727647337287
wikipedia,Christianity,by,appaiata,66,886.6769230769231,1.0612786181753808,0.0918108027878434
wikipedia,Christianity,are,appaiata,58,999.0350877192982,2.0115593408450296,0.23639537803509475
wikipedia,Christianity,was,appaiata,53,1035.0961538461538,1.2193217494083144,0.025906951153177232
wikipedia,Christianity,from,appaiata,49,1231.1666666666667,1.1869434747626664,0.12791914831034312
wikipedia,Christianity,for,appaiata,47,1278.8478260869565,1.0193063412948555,0.024588090487141067
wikipedia,Christianity,this,appaiata,36,1682.6285714285714,1.2058344526883955,0.13742090501477855
wikipedia,Judaism,vocali,vocali,18387,3.263243772435549,0.5784937215931761,-0.6255667690552272
wikipedia,Judaism,spazio,spazio,9117,6.5807371654234315,0.49764299000161255,-0.997045442329048
wikipedia,Judaism,e,lettera,5539,10.831347056699169,0.8806503659626986,-0.3353587395561536
wikipedia,Judaism,t,lettera,4108,14.584124665205746,0.924885156791971,-0.30070928105634814
wikipedia,Judaism,a,lettera,4095,14.648998534440645,0.8729660925935762,-0.35765577383131525
wikipedia,Judaism,i,lettera,4035,14.870104115022311,0.917446545035625,-0.3080822286996291
wikipedia,Judaism,o,lettera,3573,16.789193729003358,0.8965040378712076,-0.28025763390440944
wikipedia,Judaism,s,lettera,3292,18.22880583409298,0.9033025744662495,-0.25233063810040063
wikipedia,Judaism,n,lettera,3255,18.427166564228642,0.8829279253189447,-0.33867724004923383
wikipedia,Judaism,r,lettera,3047,19.690085357846357,0.8346662045985485,-0.37454290071054225
wikipedia,Judaism,h,lettera,2585,23.189241486068113,0.9329183839087627,-0.28876101393458253
wikipedia,Judaism,d,lettera,1918,31.28325508607199,0.9006077334563567,-0.2228372597031673
wikipedia,Judaism,l,lettera,1902,31.495528669121516,1.0031988781638324,-0.015215431021312233
wikipedia,Judaism,c,lettera,1503,39.874833555259656,0.9857938290533926,-0.03497030477400132
wikipedia,Judaism,m,lettera,1367,43.88726207906296,1.0220278759302739,0.01715642816435377
wikipedia,Judaism,u,lettera,1145,52.40909090909091,0.9311174589275438,-0.2513546083200443
wikipedia,Judaism,f,lettera,869,68.92972350230414,1.0011477818652383,-0.08527212224206689
wikipedia,Judaism,w,lettera,839,71.49522673031026,0.994061381402122,-0.14088449930947122
wikipedia,Judaism,g,lettera,819,73.22738386308069,1.0873906703132727,0.006460280540802894
wikipedia,Judaism,b,lettera,768,77.99217731421122,1.147253435029561,0.2599909924150969
wikipedia,Judaism,p,lettera,762,78.67542706964521,1.131793070981151,0.22413151241836887
wikipedia,Judaism,the,funzione,768,77.98174706649283,1.1110522869328816,-0.5043458097376016
wikipedia,Judaism,of,funzione,428,140.00936768149882,1.053676282529189,-0.33649840394592756
wikipedia,Judaism,and,funzione,350,171.41833810888252,0.925767068964849,-0.3931862282789893
wikipedia,Judaism,in,funzione,215,275.7803738317757,1.1571454118603637,-0.187305528373869
wikipedia,Judaism,to,funzione,198,298.497461928934,0.9999266806236387,-0.12997156722468522
wikipedia,Judaism,is,funzione,152,396.64900662251654,1.1483577039182997,-0.06506510562159164
wikipedia,Judaism,jewish,keyword,141,426.8,1.316059338152265,-0.030487762742594845
wikipedia,Judaism,judaism,keyword,110,458.23853211009174,1.6186830420382419,-0.035783506819908405
wikipedia,Judaism,jews,keyword,73,824.5694444444445,1.3505299907039001,0.2672097243444283
wikipedia,Judaism,torah,keyword,55,1082.3703703703704,1.6091402612243468,0.32392292518744914
wikipedia,Judaism,religious,keyword,44,1292.3720930232557,1.038915941336608,0.12312705339303595
wikipedia,Judaism,god,keyword,42,1349.3658536585365,1.9350949055116522,0.09892417427046953
wikipedia,Judaism,hebrew,keyword,33,1857.0625,1.0192185287472868,0.2533601955448501
wikipedia,Judaism,as,appaiata,110,547.0733944954128,1.1518203850815325,0.1992931032139056
wikipedia,Judaism,are,appaiata,82,728.6666666666666,1.2350466385108834,0.022178291803820936
wikipedia,Judaism,or,appaiata,74,806.4794520547945,1.472551105842391,0.13092031906318954
wikipedia,Judaism,with,appaiata,53,1116.0384615384614,1.0413585972878652,0.15513322255619666
wikipedia,Judaism,from,appaiata,41,1381.425,1.072993430442448,0.0185271854194471
wikipedia,Judaism,for,appaiata,36,1670.8285714285714,1.3274983140068088,0.34465242548958
wikipedia,Judaism,be,appaiata,33,1798.90625,1.1529474445053338,-0.018300866073716723
wikipedia,Roman Empire,vocali,vocali,19092,3.1426850348331676,0.49073787415116166,-0.626742412636913
wikipedia,Roman Empire,spazio,spazio,9162,6.548957537386748,0.47970540808807455,-1.036402302239837
wikipedia,Roman Empire,e,lettera,6058,9.904903417533433,0.829113837067778,-0.34479972303708206
wikipedia,Roman Empire,t,lettera,4208,14.260042785833136,0.8241854558979523,-0.35463471130879426
wikipedia,Roman Empire,a,lettera,4158,14.430117873466441,0.829822527962156,-0.4604161989016377
wikipedia,Roman Empire,i,lettera,3916,15.32081736909323,0.9291073452358362,-0.23190492207611027
wikipedia,Roman Empire,n,lettera,3565,16.831369248035916,0.8460809153284929,-0.34816433290797616
wikipedia,Roman Empire,r,lettera,3515,17.05577689243028,0.8524776335224231,-0.3313922084291995
wikipedia,Roman Empire,o,lettera,3449,17.392691415313227,0.8829704429050599,-0.3438243125046931
wikipedia,Roman Empire,s,lettera,3056,19.630769230769232,0.8998005369307607,-0.16608607590015045
wikipedia,Roman Empire,l,lettera,2132,28.088221492257155,0.9836323294897068,-0.02948204437648832
wikipedia,Roman Empire,d,lettera,1968,30.484494153533298,0.9337081262641993,-0.1708845533105703
wikipedia,Roman Empire,h,lettera,1918,31.290558163797602,0.9833295685617087,-0.2450220266278196
wikipedia,Roman Empire,c,lettera,1703,35.20035252643948,0.9296353677470293,-0.16889680083222827
wikipedia,Roman Empire,u,lettera,1511,39.690066225165566,0.9951405828676032,-0.12347134034167168
wikipedia,Roman Empire,m,lettera,1441,41.643055555555556,0.9384703559341797,-0.12785040955058777
wikipedia,Roman Empire,p,lettera,1170,51.23609923011121,1.0041473801556826,-0.05080057112135014
wikipedia,Roman Empire,f,lettera,1004,59.72482552342971,0.9587400833307027,-0.07298094718143898
wikipedia,Roman Empire,g,lettera,936,63.97219251336898,1.0607640662741413,-0.1155991464913048
wikipedia,Roman Empire,y,lettera,715,83.75210084033614,0.9940879959223801,-0.15971803392348408
wikipedia,Roman Empire,w,lettera,694,86.4098124098124,1.0345185280469307,-0.14452825789913223
wikipedia,Roman Empire,the,funzione,754,79.55245683930943,1.03832586687791,-0.4972021240095971
wikipedia,Roman Empire,of,funzione,379,158.47619047619048,0.9505400994290925,-0.44682071534175355
wikipedia,Roman Empire,and,funzione,320,186.99686520376176,0.8548737593228587,-0.4176701374653786
wikipedia,Roman Empire,in,funzione,221,270.4909090909091,0.9261475518727512,-0.2651244051109071
wikipedia,Roman Empire,to,funzione,218,274.0230414746544,0.9613971589633836,-0.1837972651860454
wikipedia,Roman Empire,was,funzione,132,457.1145038167939,1.0583797103456942,-0.23096481142372796
wikipedia,Roman Empire,roman,keyword,100,583.070707070707,1.0435113529074476,-0.13049724722261627
wikipedia,Roman Empire,empire,keyword,86,658.2117647058824,1.6173285058777689,0.12819077032491413
wikipedia,Roman Empire,rome,keyword,39,1548.8684210526317,1.322814484263091,-0.06603963339402429
wikipedia,Roman Empire,slaves,keyword,33,1095.6875,2.2026405437829206,0.5686091292730306
wikipedia,Roman Empire,century,keyword,28,2138.3703703703704,0.9821506898417178,0.248889573368994
wikipedia,Roman Empire,military,keyword,25,2054.5,1.3506757732675696,
wikipedia,Roman Empire,imperial,keyword,26,2225.12,0.9715445321710241,-0.22112781748988578
wikipedia,Roman Empire,were,appaiata,94,621.6236559139785,1.2606501794118363,-0.06357680661127592
wikipedia,Roman Empire,by,appaiata,86,698.964705882353,1.341959425685085,-0.07151330669083744
wikipedia,Roman Empire,their,appaiata,36,1432.142857142857,1.0594277547233257,0.011507262945367032
wikipedia,Roman Empire,who,appaiata,33,1648.90625,1.46896910211155,0.22380418031529625
wikipedia,Roman Empire,most,appaiata,27,2195.1153846153848,1.43138593716409,0.3004112404862622
wikipedia,Roman Empire,be,appaiata,25,2048.5833333333335,1.07201912408022,
wikipedia,Roman Empire,its,appaiata,26,2251.28,1.0494725745959375,0.08474979926800542
wikipedia,Cold War,vocali,vocali,18711,3.206627471940139,0.5113973196459439,-0.6070493122393392
wikipedia,Cold War,spazio,spazio,9224,6.504716469695327,0.47387579156302345,-1.0457095472535796
wikipedia,Cold War,e,lettera,5974,10.044031474970701,0.824076819308999,-0.36090439367594374
wikipedia,Cold War,t,lettera,4531,13.243487858719647,0.8351009367101514,-0.36691296850962485
wikipedia,Cold War,a,lettera,3982,15.062044712383823,0.8714747399274115,-0.383105506886725
wikipedia,Cold War,n,lettera,3982,15.053504144687265,0.8677321276116136,-0.34453535617193376
wikipedia,Cold War,i,lettera,3817,15.713836477987421,0.8833322135834737,-0.29840071328991763
wikipedia,Cold War,o,lettera,3546,16.92327221438646,0.8824226447923235,-0.3090331426998676
wikipedia,Cold War,s,lettera,3079,19.482456140350877,0.9395162607140899,-0.12680239830462767
wikipedia,Cold War,r,lettera,3035,19.76170072511536,0.8466297076428462,-0.36833585892230963
wikipedia,Cold War,h,lettera,1990,30.162393162393162,0.8700330588280041,-0.25503608329097105
wikipedia,Cold War,l,lettera,1943,30.892378990731206,0.9667307871085847,-0.009028622108338817
wikipedia,Cold War,d,lettera,1914,31.342916884474647,0.9140968077727526,-0.15854059642890359
wikipedia,Cold War,c,lettera,1730,34.69809138230191,0.9562671043992229,-0.15776464560740697
wikipedia,Cold War,u,lettera,1392,43.05391804457225,0.8732947736680159,-0.3046758322242053
wikipedia,Cold War,m,lettera,1287,46.46811819595646,0.999053077926941,0.011023556951153092
wikipedia,Cold War,p,lettera,1071,56.02897196261682,1.0289691097865397,0.03963564821053884
wikipedia,Cold War,f,lettera,940,63.85942492012779,0.9163455605414192,-0.10142690634801582
wikipedia,Cold War,g,lettera,918,65.32933478735005,1.0077915298332025,-0.05994122587541916
wikipedia,Cold War,w,lettera,833,72.05889423076923,1.031532136075782,-0.07109960179635541
wikipedia,Cold War,b,lettera,650,92.03852080123266,1.1155847200060673,-0.017125980300998666
wikipedia,Cold War,the,funzione,854,70.33177022274326,0.8112412561843649,-0.6123222311936839
wikipedia,Cold War,of,funzione,373,161.19354838709677,0.9087654801572883,-0.3515517760258106
wikipedia,Cold War,in,funzione,297,201.0439189189189,0.9743071989273614,-0.2617199609517087
wikipedia,Cold War,and,funzione,295,203.1122448979592,0.9156560013762914,-0.334428616274336
wikipedia,Cold War,to,funzione,269,221.43283582089552,0.8797595547838053,-0.3448876815813884
wikipedia,Cold War,was,funzione,85,711.0238095238095,1.0336760116608403,-0.10128594192048936
wikipedia,Cold War,soviet,keyword,106,567.5428571428571,1.1713221109949545,-0.10056810404497808
wikipedia,Cold War,war,keyword,87,683.0232558139535,1.2456988724095936,0.06827857668098139
wikipedia,Cold War,us,keyword,61,919.9666666666667,1.5915238963812515,0.1456757787438468
wikipedia,Cold War,united,keyword,51,1164.42,1.04401950108042,-0.10841643047849968
wikipedia,Cold War,states,keyword,45,1323.2045454545455,0.8714688486320018,-0.3580598465285945
wikipedia,Cold War,cold,keyword,37,1631.6666666666667,1.3799302765119041,0.22889716159471615
wikipedia,Cold War,nuclear,keyword,38,1588.6756756756756,1.5211661465232416,0.43122335180577515
wikipedia,Cold War,as,appaiata,80,752.506329113924,1.051517865827945,0.17696820296419735
wikipedia,Cold War,by,appaiata,73,801.0694444444445,1.1853594616738061,0.13556748638063681
wikipedia,Cold War,for,appaiata,58,1041.8245614035088,1.0384802790415908,0.01859241018405971
wikipedia,Cold War,from,appaiata,50,1088.6530612244899,1.0656158050854951,-0.025626960554162845
wikipedia,Cold War,an,appaiata,45,1303.1818181818182,0.8463753574175349,-0.11680316163796302
wikipedia,Cold War,its,appaiata,36,1539.8,1.1211477749987333,0.20119797438260126
wikipedia,Cold War,communist,appaiata,41,1462.15,1.0913105130504182,0.02997809051679434
wikipedia,Moscow,vocali,vocali,17673,3.395088275237664,0.5859505660827382,-0.6022553644154449
wikipedia,Moscow,spazio,spazio,9528,6.296630628739372,0.479463656572466,-1.0432781867322036
wikipedia,Moscow,e,lettera,5346,11.223012160898035,0.8550180312917902,-0.31454176469523915
wikipedia,Moscow,t,lettera,4199,14.285373987613148,0.8470707304414226,-0.37680438007341616
wikipedia,Moscow,a,lettera,3812,15.731828916294935,0.8662727291779211,-0.3620220363297054
wikipedia,Moscow,o,lettera,3678,16.312754963285286,0.9552474581299102,-0.24746100541437158
wikipedia,Moscow,i,lettera,3542,16.93448178480655,0.8870773072179521,-0.26548488699191625
wikipedia,Moscow,s,lettera,3359,17.85705777248362,0.9520645820470426,-0.16018763228935112
wikipedia,Moscow,n,lettera,3266,18.367534456355283,0.8800133167580734,-0.32900383535262245
wikipedia,Moscow,r,lettera,3095,19.38202973497091,0.8605462569698578,-0.35062709616960236
wikipedia,Moscow,h,lettera,2134,28.117674636661977,0.8707395207780712,-0.3092366603726591
wikipedia,Moscow,l,lettera,1893,31.696088794926006,1.0250415643445767,0.0011377297167263162
wikipedia,Moscow,c,lettera,1763,34.032349602724175,0.9747591855969223,-0.17040198170273457
wikipedia,Moscow,d,lettera,1637,36.6442542787286,0.936364775534994,-0.18761489563300715
wikipedia,Moscow,m,lettera,1496,40.10167224080268,0.9741454103273147,-0.13567541049159143
wikipedia,Moscow,u,lettera,1295,46.32225656877898,0.9512446652796925,-0.1905086547782317
wikipedia,Moscow,f,lettera,1074,55.87884436160298,0.9799851373650564,-0.12794132647411824
wikipedia,Moscow,w,lettera,915,65.53391684901531,0.9364227934429701,-0.1424174404416465
wikipedia,Moscow,p,lettera,823,72.96715328467154,1.0932878668607453,0.09172137997906804
wikipedia,Moscow,y,lettera,796,75.31446540880503,0.9759671675903715,-0.15598873187761303
wikipedia,Moscow,g,lettera,765,78.47643979057591,1.0072696043151246,-0.10587868104916506
wikipedia,Moscow,the,funzione,898,66.67335562987736,0.9310137137388965,-0.5799611454241997
wikipedia,Moscow,of,funzione,453,132.4070796460177,0.9167160776489538,-0.3998886445056545
wikipedia,Moscow,in,funzione,312,192.43086816720256,1.0076493428581588,-0.27644464258772855
wikipedia,Moscow,and,funzione,267,223.28571428571428,0.9166782726414595,-0.4729733590581633
wikipedia,Moscow,to,funzione,131,451.4230769230769,1.1173241232389945,-0.008377659046746092
wikipedia,Moscow,is,funzione,122,495.5206611570248,2.1929862069843566,-0.05902786295707896
wikipedia,Moscow,moscow,keyword,214,280.09859154929575,1.106178229295712,-0.1025718433430164
wikipedia,Moscow,city,keyword,97,621.03125,1.5334485456387361,0.053576862148223915
wikipedia,Moscow,russian,keyword,51,1166.66,1.271176709063208,0.1494260693704327
wikipedia,Moscow,century,keyword,36,1434.942857142857,1.4092427499637907,0.2540657435124716
wikipedia,Moscow,first,keyword,28,2186.185185185185,1.177994214063643,-0.046885445086367154
wikipedia,Moscow,moscow's,keyword,27,2144.423076923077,0.9752235881662346,0.1751703077891571
wikipedia,Moscow,soviet,keyword,29,2040.607142857143,1.8675427732231193,0.40849420301771683
wikipedia,Moscow,was,appaiata,112,514.0900900900901,1.247926776952383,-0.09921471482452124
wikipedia,Moscow,from,appaiata,76,755.9733333333334,1.1877699474502263,-0.029273052889134333
wikipedia,Moscow,it,appaiata,50,1211.3673469387754,0.9948176219217956,0.2833081346274375
wikipedia,Moscow,has,appaiata,29,2088.1071428571427,1.7113438171351194,0.35682609817527106
wikipedia,Moscow,also,appaiata,28,1890.2592592592594,1.3843517853781606,0.24684059452340507
wikipedia,Moscow,an,appaiata,27,2261.923076923077,1.2484117336688305,0.3297923362966498
wikipedia,Moscow,world,appaiata,31,1935.8,1.797373321208821,0.4901168338304491
wikipedia,Nelson Mandela,vocali,vocali,18690,3.210284124351223,0.49778480909726613,-0.635572746545796
wikipedia,Nelson Mandela,spazio,spazio,9286,6.461066235864298,0.4745680381917575,-1.0293576232312733
wikipedia,Nelson Mandela,e,lettera,5828,10.295692466106058,0.8566377555231964,-0.3118216940397187
wikipedia,Nelson Mandela,a,lettera,4589,13.074324324324325,0.8642301026030896,-0.40793770630461024
wikipedia,Nelson Mandela,t,lettera,4004,14.967774169372971,0.8861479706042482,-0.27997278121957764
wikipedia,Nelson Mandela,n,lettera,3947,15.20501773948302,0.8522245380515809,-0.3422006938646804
wikipedia,Nelson Mandela,i,lettera,3833,15.646398747390396,0.8872450255519849,-0.28319826403195864
wikipedia,Nelson Mandela,o,lettera,3190,18.808717466290375,0.8969613003742548,-0.28641942712442525
wikipedia,Nelson Mandela,r,lettera,2969,20.211590296495956,0.857515067543994,-0.3336769203242026
wikipedia,Nelson Mandela,s,lettera,2800,21.418006430868168,0.9110731103290504,-0.1333158278095366
wikipedia,Nelson Mandela,d,lettera,2244,26.735621934908604,0.8907894350278508,-0.22847119631967278
wikipedia,Nelson Mandela,h,lettera,2221,27.016216216216215,0.9418824623734673,-0.24964513528983118
wikipedia,Nelson Mandela,l,lettera,2058,29.164316966456003,0.95247050386948,-0.04912686940124664
wikipedia,Nelson Mandela,c,lettera,1695,35.37367178276269,1.0371038101975654,-0.11421091097121186
wikipedia,Nelson Mandela,m,lettera,1444,41.5045045045045,0.9708713368531521,-0.04597906908604948
wikipedia,Nelson Mandela,u,lettera,1250,47.9679743795036,0.9527860958038925,-0.12893783758221736
wikipedia,Nelson Mandela,g,lettera,1020,58.51422963689892,0.9363558033411319,-0.17170730786213673
wikipedia,Nelson Mandela,f,lettera,1007,59.52286282306163,1.0139182658294,-0.031917837826728024
wikipedia,Nelson Mandela,p,lettera,976,61.41025641025641,1.0703965878838766,0.10733962078502117
wikipedia,Nelson Mandela,w,lettera,802,74.65543071161049,0.9514161507647354,-0.15564025100506826
wikipedia,Nelson Mandela,b,lettera,787,76.25063613231552,1.0185509906801733,-0.03497619030992102
wikipedia,Nelson Mandela,the,funzione,547,109.14835164835165,0.8907578090119205,-0.48021505917105256
wikipedia,Nelson Mandela,and,funzione,293,204.7705479452055,0.7660299107960796,-0.5147109631601835
wikipedia,Nelson Mandela,in,funzione,285,210.19718309859155,1.0973287439077182,-0.172381029524444
wikipedia,Nelson Mandela,of,funzione,249,240.73387096774192,0.9373044785121675,-0.2321484679089472
wikipedia,Nelson Mandela,to,funzione,237,252.02542372881356,0.8781907908706441,-0.32043100313848244
wikipedia,Nelson Mandela,was,funzione,164,363.67484662576686,1.0273038738728364,-0.2533063615180117
wikipedia,Nelson Mandela,mandela,keyword,209,285.90384615384613,0.7244428024394657,-0.633979361232902
wikipedia,Nelson Mandela,anc,keyword,89,671.2840909090909,1.328350307223501,-0.3549325615721749
wikipedia,Nelson Mandela,south,keyword,42,1439.6829268292684,0.8870840328328552,-0.17265518607509842
wikipedia,Nelson Mandela,president,keyword,33,1810.03125,1.5921445314276346,0.380592085986551
wikipedia,Nelson Mandela,national,keyword,33,1819.03125,1.6526875575994682,0.2558170359564572
wikipedia,Nelson Mandela,government,keyword,32,1912.741935483871,1.128701050202667,-0.15624029749747007
wikipedia,Nelson Mandela,african,keyword,32,1840.8709677419354,1.0201130587623284,-0.045718530741994785
wikipedia,Nelson Mandela,he,appaiata,161,365.50625,1.3504390289022739,-0.027243235024335247
wikipedia,Nelson Mandela,as,appaiata,76,793.3733333333333,1.0680345243418867,0.20400046306611122
wikipedia,Nelson Mandela,an,appaiata,44,1384.4186046511627,1.1085365969557297,-0.15020691250010892
wikipedia,Nelson Mandela,but,appaiata,34,1662.939393939394,0.9323328523433823,-0.32615773486790195
wikipedia,Nelson Mandela,him,appaiata,32,1813.225806451613,1.0743897856275333,0.14551975475303203
wikipedia,Nelson Mandela,although,appaiata,31,1878.3333333333333,0.8300559706454828,-0.7588659055656181
wikipedia,Nelson Mandela,de,appaiata,28,2147.5185185185187,2.6830617033449533,0.45077381671019834
wikipedia,Ancient Rome,vocali,vocali,18931,3.1695192815636557,0.5011111419661265,-0.6085901504176744
wikipedia,Ancient Rome,spazio,spazio,9468,6.3372768564487165,0.4659802868814705,-1.0964862612985256
wikipedia,Ancient Rome,e,lettera,6037,9.93870112657389,0.8403317343242741,-0.3532411516092011
wikipedia,Ancient Rome,a,lettera,4398,13.632249260859677,0.8444807507835257,-0.41529039918525795
wikipedia,Ancient Rome,t,lettera,4117,14.572643343051507,0.8729266567732196,-0.3307053486243202
wikipedia,Ancient Rome,i,lettera,3774,15.902199840975351,0.9280673160048744,-0.24196786519390567
wikipedia,Ancient Rome,n,lettera,3518,17.05743531418823,0.8453132373481952,-0.33048086005442423
wikipedia,Ancient Rome,r,lettera,3394,17.672855879752433,0.8445544603364308,-0.34794389090074185
wikipedia,Ancient Rome,o,lettera,3232,18.566078613432374,0.8881565491142979,-0.27695142116559923
wikipedia,Ancient Rome,s,lettera,3125,19.194622279129323,0.9591378548515778,-0.11553226630900179
wikipedia,Ancient Rome,h,lettera,2168,27.682510383018,0.8546829177348095,-0.3787045712787451
wikipedia,Ancient Rome,d,lettera,2097,28.6168893129771,0.8925408374743288,-0.19747703224543608
wikipedia,Ancient Rome,l,lettera,2009,29.84163346613546,0.9950905066208838,0.0008072312467171953
wikipedia,Ancient Rome,c,lettera,1655,36.24244256348247,0.9226770255972985,-0.2279682979168657
wikipedia,Ancient Rome,u,lettera,1490,40.22901276024177,1.0308772079103847,-0.027086198024621696
wikipedia,Ancient Rome,m,lettera,1387,43.22871572871573,0.9785383127687697,-0.12065140694666177
wikipedia,Ancient Rome,p,lettera,1068,56.19681349578257,1.0316279286058048,0.04180483134243268
wikipedia,Ancient Rome,f,lettera,1010,59.278493557978194,0.9355299107912097,-0.0848949894659756
wikipedia,Ancient Rome,g,lettera,843,71.22446555819478,0.9999865312488283,-0.10708621845829804
wikipedia,Ancient Rome,w,lettera,723,82.69667590027701,0.9393967770379751,-0.20894419019151353
wikipedia,Ancient Rome,b,lettera,675,88.73442136498517,1.0934363751398304,0.0038000368490339153
wikipedia,Ancient Rome,the,funzione,896,66.9854748603352,0.9304832178384874,-0.5363650779234018
wikipedia,Ancient Rome,and,funzione,398,149.14357682619647,0.8504949189120055,-0.4800011266292226
wikipedia,Ancient Rome,of,funzione,394,152.14503816793894,0.9105877389080541,-0.33092879852621615
wikipedia,Ancient Rome,in,funzione,237,249.29237288135593,1.1133022174215055,-0.12703297422050144
wikipedia,Ancient Rome,to,funzione,196,306.0820512820513,0.8976457143119001,-0.24002432791953313
wikipedia,Ancient Rome,was,funzione,134,418.203007518797,1.1639140219244903,-0.1592627565345266
wikipedia,Ancient Rome,roman,keyword,95,634.0531914893617,1.0878077187979038,-0.019829939361371462
wikipedia,Ancient Rome,rome,keyword,84,715.3253012048193,1.1334257637271796,-0.11484135195742128
wikipedia,Ancient Rome,empire,keyword,63,951.258064516129,2.1645026993007277,0.27681425241463853
wikipedia,Ancient Rome,bc,keyword,53,1095.9615384615386,3.4331923536074247,0.3454501653859222
wikipedia,Ancient Rome,ad,keyword,38,1588.3243243243244,2.1584349296543146,0.3927272952029903
wikipedia,Ancient Rome,emperor,keyword,31,1286.8333333333333,1.284496248389892,0.05139010601498671
wikipedia,Ancient Rome,century,keyword,29,2035.357142857143,1.4942425029194295,0.3592294639115476
wikipedia,Ancient Rome,by,appaiata,95,609.3297872340426,0.941213753796933,-0.05284210654944541
wikipedia,Ancient Rome,were,appaiata,85,676.6666666666666,1.1660941324351073,-0.014474775797382072
wikipedia,Ancient Rome,with,appaiata,59,998.7586206896551,0.9689057989817517,-0.08257408159560499
wikipedia,Ancient Rome,from,appaiata,55,1089.7962962962963,1.1723361297794122,-0.043267998636599775
wikipedia,Ancient Rome,after,appaiata,39,1415.6842105263158,1.0519540900226731,-0.17351803763082496
wikipedia,Ancient Rome,on,appaiata,31,1918.3666666666666,1.0185102723266597,-0.06007377333361006
wikipedia,Ancient Rome,military,appaiata,27,2265.769230769231,0.9624022133501107,-0.08176411114793782
wikipedia,Ottoman Empire,vocali,vocali,18461,3.2501083423618633,0.5422853436387151,-0.6336625793235127
wikipedia,Ottoman Empire,spazio,spazio,9362,6.409251148381583,0.4697461188850291,-1.0710064386844602
wikipedia,Ottoman Empire,e,lettera,5758,10.421573736321001,0.8560510101682042,-0.3275744647572013
wikipedia,Ottoman Empire,t,lettera,4851,12.371340206185566,0.9023333367753658,-0.20262429045088734
wikipedia,Ottoman Empire,a,lettera,4229,14.181646168401135,0.8799609178726986,-0.36861758012970647
wikipedia,Ottoman Empire,n,lettera,3726,16.09476510067114,0.83898751335568,-0.36848548955886434
wikipedia,Ottoman Empire,i,lettera,3676,16.319455782312925,0.8955163574107332,-0.2350680308023261
wikipedia,Ottoman Empire,o,lettera,3494,17.174634984254222,0.905102084377964,-0.28069140133901915
wikipedia,Ottoman Empire,r,lettera,3070,19.53567937438905,0.8669535605198262,-0.335161207662875
wikipedia,Ottoman Empire,s,lettera,2947,20.358112695179905,0.9483257691752857,-0.1092003094943703
wikipedia,Ottoman Empire,h,lettera,2252,26.636605952909818,0.8298325886401479,-0.39558193869288105
wikipedia,Ottoman Empire,d,lettera,1828,32.752599890530924,0.9247111116178504,-0.1556259637314772
wikipedia,Ottoman Empire,l,lettera,1794,33.44227551589515,1.0236211927753731,0.0008839662623132104
wikipedia,Ottoman Empire,m,lettera,1508,39.74319840743198,0.9334575208015552,-0.12042322201849953
wikipedia,Ottoman Empire,c,lettera,1397,42.913323782234954,0.9730310074631664,-0.0797034396805092
wikipedia,Ottoman Empire,u,lettera,1304,45.98695318495779,0.9177669534573404,-0.2733490224370179
wikipedia,Ottoman Empire,f,lettera,1030,58.1622934888241,0.9228515749001917,-0.10111297363832611
wikipedia,Ottoman Empire,p,lettera,952,63.06098843322818,0.9720093396001228,-0.047323836012667715
wikipedia,Ottoman Empire,g,lettera,812,73.48335388409372,0.9843957340359866,-0.097488505786913
wikipedia,Ottoman Empire,y,lettera,736,81.51156462585034,0.9991049995449639,-0.13219611058100253
wikipedia,Ottoman Empire,w,lettera,700,85.72818311874106,0.9492616248195286,-0.17108294697709495
wikipedia,Ottoman Empire,the,funzione,1063,56.45668549905838,0.789422755371768,-0.7514911689587931
wikipedia,Ottoman Empire,of,funzione,457,131.2434210526316,0.8824837785705137,-0.39439705229318095
wikipedia,Ottoman Empire,and,funzione,317,189.1360759493671,0.9189238386015044,-0.3771737253430921
wikipedia,Ottoman Empire,in,funzione,294,203.59726962457339,1.006456256250424,-0.24560690056590956
wikipedia,Ottoman Empire,to,funzione,215,279.4906542056075,0.9926579343641758,-0.09823830569909069
wikipedia,Ottoman Empire,was,funzione,130,463.9612403100775,1.1305235665110307,-0.1679105397539406
wikipedia,Ottoman Empire,ottoman,keyword,212,283.8436018957346,1.0145354924172536,-0.43039478958105776
wikipedia,Ottoman Empire,empire,keyword,113,530.2142857142857,1.0370330400688434,-0.11504518315335119
wikipedia,Ottoman Empire,war,keyword,41,1353.65,1.8066632703538432,0.13401838396326535
wikipedia,Ottoman Empire,sultan,keyword,43,1182.9761904761904,1.6386782299911702,0.40294553224923374
wikipedia,Ottoman Empire,state,keyword,40,1508.5641025641025,1.7236745001584584,0.47871384161124875
wikipedia,Ottoman Empire,century,keyword,36,1693.9714285714285,1.7221486606892455,0.39198737438775044
wikipedia,Ottoman Empire,turkish,keyword,35,1640.9117647058824,1.5704684401564775,0.429220961749113
wikipedia,Ottoman Empire,by,appaiata,76,793.3333333333334,1.0078565616645412,-0.02666066349300962
wikipedia,Ottoman Empire,as,appaiata,68,889.1343283582089,1.0521660469690304,0.08721496752997514
wikipedia,Ottoman Empire,its,appaiata,42,1357.0243902439024,1.0533831338110111,0.1188288394169292
wikipedia,Ottoman Empire,for,appaiata,44,1355.7906976744187,1.3656739254675319,0.3055896687331799
wikipedia,Ottoman Empire,it,appaiata,32,1927.0645161290322,0.8727898403885055,-0.31138577131300765
wikipedia,Ottoman Empire,an,appaiata,32,1758.8387096774193,1.1507039219812871,0.14996253372055426
wikipedia,Ottoman Empire,system,appaiata,28,1590.4444444444443,2.0066564767474873,0.5435087069738602
wikipedia,American Civil War,vocali,vocali,18359,3.268166466935396,0.5089645961376332,-0.6215463077956686
wikipedia,American Civil War,spazio,spazio,9359,6.410985253259243,0.4680866658119889,-1.0792611507401269
wikipedia,American Civil War,e,lettera,6116,9.811283728536386,0.8597973815402687,-0.30500043809825084
wikipedia,American Civil War,t,lettera,4422,13.563899570232978,0.9056677623942794,-0.2520905002123892
wikipedia,American Civil War,n,lettera,3952,15.181726145279676,0.8621192111237324,-0.34714395494495476
wikipedia,American Civil War,a,lettera,3875,15.486577181208053,0.8523865722216482,-0.37805792514704084
wikipedia,American Civil War,o,lettera,3638,16.46604344239758,0.8429250166455253,-0.3697636203529878
wikipedia,American Civil War,i,lettera,3450,17.39025804581038,0.9856076677092409,-0.2212144709034882
wikipedia,American Civil War,r,lettera,3313,18.11080917874396,0.8238903669471599,-0.3709734874751941
wikipedia,American Civil War,s,lettera,3073,19.5,0.9862684665026177,-0.0323478907157053
wikipedia,American Civil War,h,lettera,2139,28.05285313376988,0.8753076539929515,-0.32678548960643994
wikipedia,American Civil War,d,lettera,2032,29.48547513540128,0.9104929750583579,-0.1896400022438291
wikipedia,American Civil War,l,lettera,1912,31.355834641548928,1.0446537957749367,0.028168487284728247
wikipedia,American Civil War,c,lettera,1689,35.45082938388626,0.9471480742208033,-0.19062697839185386
wikipedia,American Civil War,u,lettera,1280,46.81313526192338,0.9482627959134673,-0.24228024782864524
wikipedia,American Civil War,f,lettera,1211,49.388429752066116,0.9540652593578364,-0.1299193147263282
wikipedia,American Civil War,m,lettera,1141,52.603508771929825,0.9964468919000571,-0.05864487336211022
wikipedia,American Civil War,p,lettera,886,67.71751412429379,1.1388350458420153,0.18187219465529433
wikipedia,American Civil War,g,lettera,840,70.6233611442193,1.0326821258584369,-0.0062891449851086596
wikipedia,American Civil War,w,lettera,812,73.89395807644883,1.0178627579461468,-0.15501589771707547
wikipedia,American Civil War,y,lettera,703,85.16809116809117,0.9111236459339674,-0.2854902977633018
wikipedia,American Civil War,the,funzione,881,68.14318181818182,0.8546185153136251,-0.5572039941406006
wikipedia,American Civil War,of,funzione,337,177.05059523809524,1.0492796348560147,-0.23915199053882782
wikipedia,American Civil War,to,funzione,266,225.04905660377358,1.0509239894529343,-0.25642041436738156
wikipedia,American Civil War,and,funzione,265,225.78787878787878,0.9413139115235656,-0.3241212117896061
wikipedia,American Civil War,in,funzione,266,225.02264150943395,0.8977846834629291,-0.260022880557003
wikipedia,American Civil War,was,funzione,115,525.1315789473684,0.9662019284723368,-0.2079709347297157
wikipedia,American Civil War,union,keyword,123,487.28688524590166,1.1804756048136997,-0.14844272837152228
wikipedia,American Civil War,confederate,keyword,78,762.6493506493506,1.2335263938681826,-0.010809716320643552
wikipedia,American Civil War,army,keyword,54,950.5094339622641,1.9523423186102264,0.30295007297772986
wikipedia,American Civil War,confederacy,keyword,58,1032.017543859649,1.099976596223379,-0.160270277610482
wikipedia,American Civil War,states,keyword,51,1158.8,2.619354440579525,0.4176854022548834
wikipedia,American Civil War,south,keyword,45,1357.7045454545455,1.275733013869389,0.14120725571791612
wikipedia,American Civil War,lincoln,keyword,52,1137.7843137254902,1.9239784581773778,0.3133592741025867
wikipedia,American Civil War,on,appaiata,80,744.2405063291139,1.1795011289079107,0.07960987597615898
wikipedia,American Civil War,by,appaiata,73,798.5277777777778,1.1255538955316784,-0.09228362665100502
wikipedia,American Civil War,with,appaiata,53,1114.3846153846155,1.2084007593853243,0.041257955998864934
wikipedia,American Civil War,it,appaiata,54,1010.0566037735849,1.3344096430499695,0.3425267362492786
wikipedia,American Civil War,which,appaiata,49,1220.125,0.9782935591500682,-0.04025635379183869
wikipedia,American Civil War,at,appaiata,44,1345.0697674418604,1.0817963097017813,-0.12145896809496241
wikipedia,American Civil War,but,appaiata,37,1547.1944444444443,0.9109101394999505,-0.19550041910954605
wikipedia,United Kingdom,vocali,vocali,18011,3.3312604108828427,0.540542213762312,-0.5858948020488407
wikipedia,United Kingdom,spazio,spazio,9436,6.358876523582406,0.47666492509367614,-1.0583163668584425
wikipedia,United Kingdom,e,lettera,5784,10.374546083347743,0.8098414744688374,-0.377792358447592
wikipedia,United Kingdom,t,lettera,4399,13.636880400181902,0.8474343851883555,-0.38315237763276366
wikipedia,United Kingdom,n,lettera,4134,14.510766997338495,0.8658130434816099,-0.3830739702821252
wikipedia,United Kingdom,a,lettera,3795,15.806800210859251,0.898562965809728,-0.38958073482116884
wikipedia,United Kingdom,i,lettera,3768,15.923812052030794,0.9157690994414108,-0.26554668980581364
wikipedia,United Kingdom,o,lettera,3365,17.823424494649228,0.8994331854846134,-0.31180698571328797
wikipedia,United Kingdom,r,lettera,3186,18.830141287284146,0.8610751729023495,-0.3565065946232491
wikipedia,United Kingdom,s,lettera,2898,20.683465654124955,0.9553336833605427,-0.13066087036442595
wikipedia,United Kingdom,l,lettera,2121,28.266037735849057,0.9820201148457414,-0.06824754655497624
wikipedia,United Kingdom,h,lettera,2105,28.40019011406844,0.9032262907808742,-0.29320684606044833
wikipedia,United Kingdom,d,lettera,2025,29.632411067193676,0.933462877946073,-0.22039779733363193
wikipedia,United Kingdom,c,lettera,1665,36.01802884615385,1.0052025004416272,-0.14733546993325403
wikipedia,United Kingdom,u,lettera,1299,46.035439137134055,0.9888496127735555,-0.23966051525669513
wikipedia,United Kingdom,m,lettera,1186,50.584810126582276,1.021324209228288,-0.04970036375290691
wikipedia,United Kingdom,f,lettera,992,60.24924318869829,0.9999448800845318,-0.08762480187804628
wikipedia,United Kingdom,g,lettera,962,62.318418314255986,1.0124070288907399,-0.17234234075976604
wikipedia,United Kingdom,p,lettera,869,68.91244239631337,1.0100747274212103,-0.04334252119073951
wikipedia,United Kingdom,w,lettera,687,87.28279883381924,1.0391025492642727,-0.10097957567013063
wikipedia,United Kingdom,y,lettera,629,95.36624203821655,1.0643351354325237,-0.09057560938187707
wikipedia,United Kingdom,the,funzione,966,61.921243523316065,0.88422435077389,-0.617046949077227
wikipedia,United Kingdom,of,funzione,440,135.7357630979499,1.0047203832574427,-0.30513210008053815
wikipedia,United Kingdom,and,funzione,386,155.52987012987012,0.7960985908697421,-0.5407077494063877
wikipedia,United Kingdom,in,funzione,311,193.04516129032257,1.0315929153960346,-0.20968538675258167
wikipedia,United Kingdom,to,funzione,166,353.2060606060606,1.1610062261974317,0.025568209419520985
wikipedia,United Kingdom,is,funzione,119,503.7881355932203,1.621862494097821,-0.17122959951010236
wikipedia,United Kingdom,uk,keyword,111,542.3818181818182,2.399181945144979,0.12677730639930251
wikipedia,United Kingdom,united,keyword,77,696.421052631579,1.1720305095388268,0.07671788510853919
wikipedia,United Kingdom,kingdom,keyword,76,705.7066666666667,1.159172009292564,0.08785851646703004
wikipedia,United Kingdom,ireland,keyword,67,741.6818181818181,1.333568814748364,0.09721801361867234
wikipedia,United Kingdom,british,keyword,68,851.4328358208955,1.7340434667776428,0.2689867541599374
wikipedia,United Kingdom,government,keyword,53,1027.7307692307693,1.7730348932230797,0.2820769883892104
wikipedia,United Kingdom,britain,keyword,56,1012.1636363636363,1.8111850041154463,0.20712523372970196
wikipedia,United Kingdom,by,appaiata,88,681.5862068965517,0.8469505432157083,-0.13382585915231604
wikipedia,United Kingdom,as,appaiata,79,753.2564102564103,1.3077322418643071,0.3331015412024708
wikipedia,United Kingdom,was,appaiata,69,862.8676470588235,1.1010442989632714,-0.013461968114460115
wikipedia,United Kingdom,for,appaiata,63,934.3387096774194,1.3288857695250174,0.1377523045112076
wikipedia,United Kingdom,with,appaiata,81,731.425,1.0308192316596436,-0.04139194670904561
wikipedia,United Kingdom,it,appaiata,49,1237.1041666666667,1.2202270518291962,0.08421459723886027
wikipedia,United Kingdom,has,appaiata,46,1238.6888888888889,2.212082112026329,0.03263964651790255
wikipedia,Joseph Stalin,vocali,vocali,18440,3.2538640924128206,0.5196185923017688,-0.6032765275612048
wikipedia,Joseph Stalin,spazio,spazio,9157,6.55220620358235,0.45968852697400614,-1.0668647211686346
wikipedia,Joseph Stalin,e,lettera,5733,10.466154919748778,0.864473822439146,-0.31465335675732686
wikipedia,Joseph Stalin,t,lettera,4265,14.058395872420263,0.8523178784921045,-0.33241360797257796
wikipedia,Joseph Stalin,i,lettera,4067,14.751844564682735,0.8897769547290498,-0.33557151236122335
wikipedia,Joseph Stalin,a,lettera,3990,15.035597894209076,0.8584084101667876,-0.4081720823395206
wikipedia,Joseph Stalin,n,lettera,3762,15.946822653549589,0.8328053108053931,-0.34375669914906887
wikipedia,Joseph Stalin,o,lettera,3422,17.53814674071909,0.8995234537895895,-0.24711592394674103
wikipedia,Joseph Stalin,s,lettera,3380,17.754069251257768,0.9066931103618322,-0.16516268023205374
wikipedia,Joseph Stalin,r,lettera,3174,18.901355184368107,0.8518529342141726,-0.3244948239190057
wikipedia,Joseph Stalin,h,lettera,2184,27.480073293632614,0.9313004882793509,-0.23773238967241428
wikipedia,Joseph Stalin,l,lettera,1984,30.24558749369642,0.960790085768385,-0.08168008018382832
wikipedia,Joseph Stalin,d,lettera,1917,31.29384133611691,0.9029691505449047,-0.19002313758045364
wikipedia,Joseph Stalin,c,lettera,1458,41.0885380919698,0.9979429433989228,-0.046014915084798914
wikipedia,Joseph Stalin,u,lettera,1228,48.857375713121435,0.9586179351967018,-0.20177725121938148
wikipedia,Joseph Stalin,m,lettera,1227,48.87765089722675,0.9592212978094399,-0.026453775220054966
wikipedia,Joseph Stalin,p,lettera,998,59.876629889669005,1.0258218476814707,0.05495974570377739
wikipedia,Joseph Stalin,g,lettera,943,63.62101910828026,1.0292901971941308,-0.033680149947155874
wikipedia,Joseph Stalin,f,lettera,914,65.27929901423877,0.9996907888303436,0.0010836017950182609
wikipedia,Joseph Stalin,w,lettera,799,75.04887218045113,0.9581923360938779,-0.1767207223628978
wikipedia,Joseph Stalin,v,lettera,723,82.92520775623268,0.9964234817968974,-0.08919157977924194
wikipedia,Joseph Stalin,the,funzione,656,91.19083969465649,0.9061331077216976,-0.43461154133592983
wikipedia,Joseph Stalin,in,funzione,326,183.01538461538462,1.0133788710214242,-0.179230625069312
wikipedia,Joseph Stalin,and,funzione,293,204.76712328767124,0.9002444763659491,-0.3523256349710372
wikipedia,Joseph Stalin,of,funzione,276,216.49454545454546,0.9307864951148855,-0.23962630461180484
wikipedia,Joseph Stalin,to,funzione,237,251.86016949152543,1.0755136913675414,-0.1917019431164404
wikipedia,Joseph Stalin,was,funzione,135,445.53731343283584,0.9624180269834581,-0.31912648050029657
wikipedia,Joseph Stalin,stalin,keyword,232,253.5974025974026,0.7325768027191211,-0.7429951896190689
wikipedia,Joseph Stalin,soviet,keyword,88,687.6436781609195,1.7361924003490647,-0.1321985176248118
wikipedia,Joseph Stalin,union,keyword,38,1593.5405405405406,2.0716553209709243,0.10962985692060652
wikipedia,Joseph Stalin,party,keyword,37,1159.5277777777778,1.22233232203915,0.2454948219950776
wikipedia,Joseph Stalin,lenin,keyword,48,1212.2978723404256,3.3218877573507295,0.1702191321085669
wikipedia,Joseph Stalin,stalin's,keyword,28,2107.074074074074,0.8579901317969941,-0.2998374496774889
wikipedia,Joseph Stalin,germany,keyword,30,1952.7586206896551,3.461476567397605,0.3198670277071574
wikipedia,Joseph Stalin,he,appaiata,116,509.30434782608694,1.2830825642347825,-0.06924104209157189
wikipedia,Joseph Stalin,as,appaiata,83,713.170731707317,1.0739503339308147,0.1671058268024691
wikipedia,Joseph Stalin,an,appaiata,31,1826.1333333333334,0.9683926779585807,-0.1523257509963226
wikipedia,Joseph Stalin,at,appaiata,31,1870.2666666666667,1.0412995842269275,-0.04063046112248355
wikipedia,Joseph Stalin,their,appaiata,28,1944.7777777777778,1.1093004161186968,0.1526824908827651
wikipedia,Joseph Stalin,him,appaiata,27,2073.576923076923,0.9696722854424817,0.20409716167373554
wikipedia,Joseph Stalin,after,appaiata,24,2458.695652173913,0.9788578172822208,
wikipedia,Italy,vocali,vocali,18717,3.2053857661893566,0.5723235455798414,-0.5605152473337436
wikipedia,Italy,spazio,spazio,9215,6.511070110701107,0.4788774975944655,-1.0578866557239242
wikipedia,Italy,e,lettera,5441,11.024264705882352,0.8796754782658553,-0.31646258747125594
wikipedia,Italy,a,lettera,4480,13.393168117883457,0.8377378551536465,-0.4483145271317948
wikipedia,Italy,i,lettera,4299,13.956491391344812,0.8925608741513414,-0.29406486692917255
wikipedia,Italy,t,lettera,4251,14.116235294117647,0.8506923423021244,-0.40104185336069703
wikipedia,Italy,n,lettera,3775,15.881558028616853,0.8428388909343167,-0.3843479413203548
wikipedia,Italy,o,lettera,3301,18.171818181818182,0.8753050351625566,-0.303543145840175
wikipedia,Italy,r,lettera,3176,18.88724409448819,0.8638671400305522,-0.3428074409995667
wikipedia,Italy,s,lettera,2821,21.243971631205675,0.9053759461566288,-0.15821244587329739
wikipedia,Italy,l,lettera,2230,26.90937640197398,0.9323760082006899,-0.13775545396145578
wikipedia,Italy,h,lettera,1868,32.11087305838243,0.953833637593848,-0.2433757155873557
wikipedia,Italy,d,lettera,1826,32.818082191780825,0.9408543082916452,-0.16729141256921756
wikipedia,Italy,c,lettera,1730,34.6737998843262,0.9466022827990297,-0.1777344742940787
wikipedia,Italy,m,lettera,1204,49.6450540315877,1.0804794522309826,0.019070678693711585
wikipedia,Italy,u,lettera,1196,50.11046025104603,0.9388039820089784,-0.1963828528174286
wikipedia,Italy,p,lettera,1039,57.68111753371869,1.1011239907612527,0.06745234516546422
wikipedia,Italy,f,lettera,987,60.83975659229209,0.9204618835833478,-0.10262808331738553
wikipedia,Italy,g,lettera,824,72.23207776427704,0.992653399333736,-0.08214907151635477
wikipedia,Italy,y,lettera,792,75.83185840707965,0.9774088100710593,-0.20869360756687522
wikipedia,Italy,w,lettera,624,96.09791332263242,1.1146074811544242,-0.07766649083183709
wikipedia,Italy,the,funzione,908,66.0981256890849,0.9277158864938729,-0.565341146419605
wikipedia,Italy,and,funzione,411,145.1,0.8386750623928966,-0.48142459467754745
wikipedia,Italy,of,funzione,407,147.21182266009853,1.0059916360373649,-0.3426502323863085
wikipedia,Italy,in,funzione,276,214.22545454545454,0.9892111076909103,-0.21426876050316046
wikipedia,Italy,to,funzione,147,408.6506849315069,1.1857116260680205,0.006986222972885157
wikipedia,Italy,is,funzione,97,617.6041666666666,2.4821368952745426,-0.08499816341495355
wikipedia,Italy,italy,keyword,180,333.1564245810056,0.9440163707918825,-0.24086098230931507
wikipedia,Italy,italian,keyword,91,664.6444444444444,1.4047196634586419,0.192848329485059
wikipedia,Italy,war,keyword,32,1434.774193548387,2.3251461127842386,0.45310250624198184
wikipedia,Italy,world,keyword,41,1454.675,1.1631706112198656,0.14450342526509583
wikipedia,Italy,roman,keyword,28,1489.5555555555557,1.9550484135287098,0.41294963838009924
wikipedia,Italy,europe,keyword,25,2451.2916666666665,1.1403457145277607,
wikipedia,Italy,country,keyword,31,1968.0,1.8280426802126086,0.10010085602525261
wikipedia,Italy,was,appaiata,85,691.1071428571429,1.361117376027433,-0.08343824381302455
wikipedia,Italy,by,appaiata,83,674.0365853658536,0.9981692124532149,-0.11654927647699045
wikipedia,Italy,it,appaiata,31,1937.1,1.1977715866626013,0.3548647247358437
wikipedia,Italy,during,appaiata,29,2099.75,1.2860103856998393,0.2824871220238845
wikipedia,Italy,most,appaiata,29,2100.785714285714,1.349001894426545,0.4133212538443331
wikipedia,Italy,at,appaiata,25,2083.4583333333335,1.143407267289025,
wikipedia,Italy,an,appaiata,23,2055.681818181818,0.9117346717154364,
wikipedia,New York City,vocali,vocali,17523,3.4240383517863258,0.5723585233362377,-0.5894473697767503
wikipedia,New York City,spazio,spazio,9488,6.324022346368715,0.47316306013128984,-1.0618602125685088
wikipedia,New York City,e,lettera,5291,11.341398865784498,0.8321524250569942,-0.33852510877399505
wikipedia,New York City,t,lettera,4367,13.738204306000917,0.8706536733994009,-0.35262714354483365
wikipedia,New York City,n,lettera,3938,15.229362458724918,0.8235221845404603,-0.37574920053290456
wikipedia,New York City,a,lettera,3923,15.291687914329424,0.9505895034165872,-0.3570472787849365
wikipedia,New York City,i,lettera,3735,16.05811462238886,0.8826655841536539,-0.2872903149189216
wikipedia,New York City,o,lettera,3391,17.691150442477877,0.920411583725779,-0.2304042188800407
wikipedia,New York City,r,lettera,3116,19.257142857142856,0.862931074125075,-0.39166524938861913
wikipedia,New York City,s,lettera,2810,21.343182627269492,0.8943167622830535,-0.20814018087365735
wikipedia,New York City,l,lettera,1972,30.430238457635717,1.014013147715534,0.00406260233131821
wikipedia,New York City,h,lettera,1971,30.425888324873096,0.9227460762090443,-0.2999530279024077
wikipedia,New York City,c,lettera,1680,35.72304943418702,1.001989648772014,-0.16251407392878944
wikipedia,New York City,d,lettera,1659,36.168878166465625,0.9558889369524008,-0.19072338943050007
wikipedia,New York City,m,lettera,1266,47.34150197628458,0.9369413594997862,-0.06923099088374012
wikipedia,New York City,u,lettera,1183,50.696277495769884,0.9316172635761942,-0.1789660920257318
wikipedia,New York City,y,lettera,1136,52.83348017621145,1.0273967536157145,-0.30201331568575457
wikipedia,New York City,p,lettera,932,64.36627282491943,1.0722855731354095,0.12935861392045633
wikipedia,New York City,f,lettera,873,68.77064220183486,0.9434958385801308,-0.08834547532590772
wikipedia,New York City,w,lettera,859,69.84731934731934,0.933642879469564,-0.24101731150570072
wikipedia,New York City,g,lettera,851,70.03882352941176,0.9799790048701247,-0.1631525371717653
wikipedia,New York City,the,funzione,837,71.6244019138756,0.9180364922213757,-0.6325936556987592
wikipedia,New York City,of,funzione,383,156.67801047120417,0.9673989927410626,-0.37406548853133764
wikipedia,New York City,in,funzione,353,170.01704545454547,0.9618055141815134,-0.2980027367907577
wikipedia,New York City,and,funzione,322,185.70404984423675,0.8760183678030309,-0.36565342024238234
wikipedia,New York City,is,funzione,128,471.09448818897636,2.026793303998265,-0.1975017403111884
wikipedia,New York City,to,funzione,127,465.031746031746,1.26023919310776,-0.09611364705911152
wikipedia,New York City,new,keyword,267,225.296992481203,0.9250023420221903,-0.38609997491094317
wikipedia,New York City,york,keyword,239,251.80252100840337,1.0755012639148085,-0.35337352657616455
wikipedia,New York City,city,keyword,247,243.2357723577236,1.508682948478668,-0.23833730032190215
wikipedia,New York City,largest,keyword,66,897.3076923076923,1.7144190758141837,0.06381272120018601
wikipedia,New York City,population,keyword,47,982.7173913043479,1.9727211126336475,0.1589433900487132
wikipedia,New York City,city's,keyword,46,1278.111111111111,1.479556542694953,-0.006301227448351205
wikipedia,New York City,world,keyword,60,1008.8983050847457,1.8183113090848864,0.21627598612260562
wikipedia,New York City,as,appaiata,87,686.4302325581396,0.9747111745721327,0.06986687389252659
wikipedia,New York City,by,appaiata,75,803.3918918918919,1.1097879728150417,-0.0329462642252501
wikipedia,New York City,for,appaiata,64,893.2698412698413,0.9656530601034253,-0.009696502949423067
wikipedia,New York City,was,appaiata,63,884.241935483871,1.254184634596478,0.033339262671211047
wikipedia,New York City,on,appaiata,50,1199.6122448979593,1.1205382312298062,0.04686704180403132
wikipedia,New York City,are,appaiata,41,1456.225,1.9891559954684068,0.3198136012631859
wikipedia,New York City,most,appaiata,42,1455.0731707317073,1.096921515825224,0.05457600351295396
wikipedia,Middle Ages,vocali,vocali,18177,3.30078125,0.5468865224389732,-0.5988181454466786
wikipedia,Middle Ages,spazio,spazio,9528,6.29736538259683,0.45830580104179186,-1.107553318434678
wikipedia,Middle Ages,e,lettera,6069,9.885464733025708,0.8239865217345607,-0.37513294310464795
wikipedia,Middle Ages,t,lettera,4265,14.070121951219512,0.8385787817113275,-0.37932039032787845
wikipedia,Middle Ages,a,lettera,3865,15.511904761904763,0.8738877310116169,-0.37223100437472867
wikipedia,Middle Ages,n,lettera,3694,16.239101001895477,0.8744555431053954,-0.37539102404751407
wikipedia,Middle Ages,i,lettera,3638,16.472917239483092,0.9247220337773753,-0.21403525031721185
wikipedia,Middle Ages,r,lettera,3451,17.38608695652174,0.8303356721805623,-0.3920445276181878
wikipedia,Middle Ages,o,lettera,3337,17.980815347721823,0.9249786704146797,-0.2999144107751231
wikipedia,Middle Ages,s,lettera,3052,19.65060635857096,0.93313392335957,-0.164594939308932
wikipedia,Middle Ages,h,lettera,2371,25.314345991561183,0.8677536397290895,-0.34280453082270324
wikipedia,Middle Ages,d,lettera,2058,29.14876033057851,0.9142558712890255,-0.13733809487673357
wikipedia,Middle Ages,l,lettera,2009,29.8351593625498,1.0251622404331178,-0.031458625535686596
wikipedia,Middle Ages,c,lettera,1570,38.16507329509241,0.9595552798557352,-0.14823767085148085
wikipedia,Middle Ages,m,lettera,1293,46.413312693498455,0.9318507129982565,-0.1152974749163444
wikipedia,Middle Ages,u,lettera,1268,47.32359905288082,0.9801598777983282,-0.16630050795720136
wikipedia,Middle Ages,f,lettera,1040,57.725697786333015,0.9720726509414795,-0.07308842432906118
wikipedia,Middle Ages,p,lettera,971,61.80824742268041,1.0466949140577837,0.061648201123243755
wikipedia,Middle Ages,g,lettera,931,64.39677419354838,1.0519608590585248,-0.06041133477153565
wikipedia,Middle Ages,y,lettera,743,80.75471698113208,0.9237809918984998,-0.17351846826783332
wikipedia,Middle Ages,w,lettera,737,81.09375,1.0539347610260732,-0.09769662267072275
wikipedia,Middle Ages,the,funzione,1016,59.05615763546798,0.849841622391907,-0.6644917320736003
wikipedia,Middle Ages,of,funzione,455,131.65198237885463,0.9127808453541977,-0.42194548339660193
wikipedia,Middle Ages,and,funzione,350,170.44699140401147,0.9096365021807297,-0.3964545373484406
wikipedia,Middle Ages,in,funzione,303,198.28476821192052,1.0648341351692097,-0.1470379449840034
wikipedia,Middle Ages,to,funzione,191,313.7578947368421,1.1091023132223983,-0.05390915800704823
wikipedia,Middle Ages,as,funzione,111,524.5454545454545,1.0908865976279085,0.11584131909696894
wikipedia,Middle Ages,empire,keyword,67,899.3333333333334,1.8821213508526555,0.14971202636778344
wikipedia,Middle Ages,roman,keyword,52,887.1764705882352,1.2150138082689375,-0.09723465043896429
wikipedia,Middle Ages,europe,keyword,48,1248.6808510638298,1.1073416977842212,0.26909580695489715
wikipedia,Middle Ages,period,keyword,48,1208.723404255319,1.3811222142918136,0.30269311399811627
wikipedia,Middle Ages,middle,keyword,47,1249.2608695652175,1.753201241586222,0.40904770623439346
wikipedia,Middle Ages,century,keyword,48,1197.4255319148936,1.357778935883981,-0.02627190487505462
wikipedia,Middle Ages,western,keyword,42,1378.3658536585365,1.5590217665635957,0.2049894462425581
wikipedia,Middle Ages,from,appaiata,67,907.7424242424242,1.1377845992605184,0.179688783295664
wikipedia,Middle Ages,for,appaiata,54,1059.0943396226414,1.10966831612036,0.2353073038407321
wikipedia,Middle Ages,into,appaiata,46,1309.7777777777778,0.9661959897584279,0.00834575518265107
wikipedia,Middle Ages,or,appaiata,46,1332.0222222222221,1.5278260076235992,0.32374148252409696
wikipedia,Middle Ages,that,appaiata,44,1308.1860465116279,0.8637683038930238,-0.36249268533555
wikipedia,Middle Ages,had,appaiata,41,1476.875,1.4053374272244608,0.09166480401157862
wikipedia,Middle Ages,new,appaiata,35,1707.2941176470588,0.9828303996029827,0.05688930810246421
wikipedia,Russia,vocali,vocali,18501,3.2426486486486485,0.5529442415758766,-0.5549712571746789
wikipedia,Russia,spazio,spazio,9191,6.527856365614799,0.48572955786220073,-1.0529001907707916
wikipedia,Russia,e,lettera,5493,10.919701383831027,0.8650266029433475,-0.3263231677384361
wikipedia,Russia,t,lettera,4222,14.20563847429519,0.8445511423446239,-0.38386476638688233
wikipedia,Russia,a,lettera,4133,14.51645692158761,0.8680203096273232,-0.4107414933160961
wikipedia,Russia,i,lettera,3993,15.022795591182364,0.8792981856487141,-0.282397776901816
wikipedia,Russia,n,lettera,3734,16.049290115188857,0.8524909941026937,-0.3383565216037084
wikipedia,Russia,s,lettera,3635,16.50687947165658,0.9488025803640922,-0.052509617432849744
wikipedia,Russia,r,lettera,3391,17.694690265486727,0.8125865801200463,-0.40500180532168634
wikipedia,Russia,o,lettera,3320,18.072310937029226,0.8686668652466586,-0.3310855590675562
wikipedia,Russia,h,lettera,2001,29.976,0.9189010383553057,-0.2876407749482574
wikipedia,Russia,l,lettera,1933,30.992753623188406,1.0664116121417322,0.024515919853487687
wikipedia,Russia,d,lettera,1795,33.42028985507246,0.8896121928022966,-0.22929375928580448
wikipedia,Russia,c,lettera,1585,37.84280303030303,0.998337993396708,-0.09427232949958567
wikipedia,Russia,u,lettera,1562,38.42472773862908,0.8718053823578139,-0.332505313900016
wikipedia,Russia,m,lettera,1081,55.35925925925926,1.0254031461259845,-0.04500642403628331
wikipedia,Russia,f,lettera,1023,58.67710371819961,0.8886882190144599,-0.19368759940217578
wikipedia,Russia,p,lettera,954,62.869884575026234,1.1555191763745796,0.07571397368118121
wikipedia,Russia,g,lettera,917,65.353711790393,0.9511370607157051,-0.14242332747284495
wikipedia,Russia,y,lettera,705,85.1122159090909,1.0260840000445643,-0.12350270886432516
wikipedia,Russia,w,lettera,680,88.19440353460972,0.9762372669401607,-0.1944457892924012
wikipedia,Russia,the,funzione,947,63.356236786469346,0.9730280022571757,-0.628539705855615
wikipedia,Russia,of,funzione,435,137.7258064516129,0.9687396681798107,-0.38296233367542803
wikipedia,Russia,and,funzione,355,168.65254237288136,0.838876752277596,-0.44990892511185965
wikipedia,Russia,in,funzione,299,200.7013422818792,1.0578803696493702,-0.20536064146370936
wikipedia,Russia,to,funzione,151,391.81333333333333,1.2233483838249526,0.00412766524109352
wikipedia,Russia,as,funzione,105,569.8461538461538,1.121559063336162,0.1823599263058686
wikipedia,Russia,russia,keyword,149,404.97297297297297,1.385453426396661,-0.2773678188338882
wikipedia,Russia,russian,keyword,105,571.1057692307693,1.3725342121222974,-0.00783252165342704
wikipedia,Russia,war,keyword,47,1203.4565217391305,1.8887303853802282,0.22778006581254634
wikipedia,Russia,soviet,keyword,52,1054.450980392157,2.9528268307863628,0.09728777953164776
wikipedia,Russia,state,keyword,34,1696.1818181818182,1.3057788185418886,0.034243505696444736
wikipedia,Russia,union,keyword,31,1658.3666666666666,2.5259222386882305,0.18180246858577984
wikipedia,Russia,europe,keyword,29,2087.214285714286,1.370440948700327,0.31480212658118806
wikipedia,Russia,by,appaiata,81,723.75,1.1358885988273788,-0.168943130027273
wikipedia,Russia,is,appaiata,70,868.231884057971,3.1970915166434732,0.06473362362575305
wikipedia,Russia,which,appaiata,45,1335.0,0.8772225439355962,-0.3170614939266732
wikipedia,Russia,with,appaiata,52,1126.5686274509803,1.144937866365076,0.1850984347278696
wikipedia,Russia,for,appaiata,33,1818.21875,0.9369323895533554,0.04808001846815126
wikipedia,Russia,th,appaiata,34,1587.7575757575758,2.351739627344473,0.679346545925751
wikipedia,Russia,were,appaiata,29,1808.6785714285713,1.4124206924457516,0.014352202229863727
wikipedia,Winston Churchill,vocali,vocali,18175,3.3010894684714427,0.4938509987442755,-0.6435318030752274
wikipedia,Winston Churchill,spazio,spazio,9506,6.311835875854813,0.48410038643021824,-1.0316865397251331
wikipedia,Winston Churchill,e,lettera,5758,10.418968212610734,0.8718674720770043,-0.3054693933120035
wikipedia,Winston Churchill,a,lettera,3977,15.08324949698189,0.8648639015046751,-0.3568152733669249
wikipedia,Winston Churchill,t,lettera,3836,15.632855280312908,0.8721242687924051,-0.3010841900151383
wikipedia,Winston Churchill,i,lettera,3768,15.921688346164057,0.8759175791637374,-0.2900854589365973
wikipedia,Winston Churchill,n,lettera,3485,17.214982778415614,0.843324790869446,-0.3319851395034512
wikipedia,Winston Churchill,r,lettera,3382,17.736468500443657,0.8000304062252785,-0.4489431581146304
wikipedia,Winston Churchill,o,lettera,3365,17.830856123662308,0.912107090157268,-0.2173274293482361
wikipedia,Winston Churchill,s,lettera,2823,21.25797306874557,0.9150069122386236,-0.14421212134726621
wikipedia,Winston Churchill,h,lettera,2599,23.080061585835256,0.9291609128349512,-0.3225702468733145
wikipedia,Winston Churchill,l,lettera,2276,26.347252747252746,1.0638201896889583,0.06511388539934125
wikipedia,Winston Churchill,d,lettera,1995,30.079237713139417,0.9254144744928753,-0.13615976613726305
wikipedia,Winston Churchill,c,lettera,1874,32.017618793379604,0.9765539035548261,-0.16360109569192957
wikipedia,Winston Churchill,u,lettera,1307,45.863705972434914,0.9175590104170412,-0.2822369792046031
wikipedia,Winston Churchill,m,lettera,1206,49.73692946058091,1.0162723295634222,-0.00708509292172219
wikipedia,Winston Churchill,f,lettera,1036,57.772946859903385,0.9768863033184598,-0.026612887585783073
wikipedia,Winston Churchill,p,lettera,971,61.61237113402062,1.022535379286844,0.10676670833042919
wikipedia,Winston Churchill,g,lettera,910,65.62816281628163,0.9285096414408661,-0.12687561128915228
wikipedia,Winston Churchill,w,lettera,844,71.15302491103203,0.9498668913394418,-0.15087490278508306
wikipedia,Winston Churchill,b,lettera,824,72.84447144592953,0.9813482753808643,-0.1558039014159964
wikipedia,Winston Churchill,the,funzione,638,93.88540031397174,0.9809180837027983,-0.4604597186342335
wikipedia,Winston Churchill,of,funzione,321,186.725,1.002033649561523,-0.23407530258400924
wikipedia,Winston Churchill,in,funzione,310,191.63430420711975,1.0004097003505634,-0.27024628465050543
wikipedia,Winston Churchill,to,funzione,282,212.16370106761565,0.8625033610494283,-0.37347840932907195
wikipedia,Winston Churchill,and,funzione,273,220.08823529411765,0.8716471382839597,-0.4326518434583555
wikipedia,Winston Churchill,he,funzione,200,284.7386934673367,1.0642490649275065,-0.17372912777835972
wikipedia,Winston Churchill,churchill,keyword,205,293.61764705882354,0.6809088715332788,-0.706549567072103
wikipedia,Winston Churchill,government,keyword,49,1209.3541666666667,1.4626390385919392,0.10605946726377999
wikipedia,Winston Churchill,british,keyword,35,1737.4705882352941,0.9182640797801053,0.0061701639647616284
wikipedia,Winston Churchill,may,keyword,25,2400.1666666666665,1.2180165816280901,
wikipedia,Winston Churchill,conservative,keyword,27,1758.6153846153845,1.211336479964624,0.11447824060389934
wikipedia,Winston Churchill,first,keyword,24,2380.4347826086955,0.9440329250286654,
wikipedia,Winston Churchill,minister,keyword,23,2686.9545454545455,1.4163379672899372,
wikipedia,Winston Churchill,was,appaiata,176,342.3485714285714,1.0095399010561017,-0.25325113585370146
wikipedia,Winston Churchill,an,appaiata,41,1443.025,1.0934832395244833,0.18131201711928205
wikipedia,Winston Churchill,had,appaiata,36,1590.5428571428572,1.0701464847529043,-0.004916745038374617
wikipedia,Winston Churchill,him,appaiata,25,2286.75,0.6988965859935082,
wikipedia,Winston Churchill,would,appaiata,24,1871.8260869565217,0.8108612803980862,
wikipedia,Winston Churchill,this,appaiata,25,1780.0416666666667,1.0261016839274673,
wikipedia,Winston Churchill,after,appaiata,22,2622.0476190476193,0.8837044445351643,
wikipedia,France,vocali,vocali,18231,3.290565002742732,0.5616325022869234,-0.5486205105958896
wikipedia,France,spazio,spazio,9227,6.502384565358769,0.47839682365768116,-1.0481058822230924
wikipedia,France,e,lettera,5870,10.218947009712046,0.8101699389551446,-0.3896402953718404
wikipedia,France,t,lettera,4062,14.765574981531643,0.8613460690819502,-0.3651633658812682
wikipedia,France,a,lettera,3977,15.087273641851107,0.8721505882780433,-0.4318074936519194
wikipedia,France,n,lettera,3923,15.29500254971953,0.8301537842322316,-0.3951933289857862
wikipedia,France,i,lettera,3797,15.799789251844047,0.9057598769415445,-0.25893426984821166
wikipedia,France,r,lettera,3461,17.33670520231214,0.8055416466214919,-0.4400456389313547
wikipedia,France,o,lettera,3270,18.34414193943102,0.8710685293226309,-0.31821045027383327
wikipedia,France,s,lettera,2846,21.06854130052724,0.9557276557860928,-0.11599914464747815
wikipedia,France,h,lettera,2064,29.063499757634514,0.9511397794349512,-0.2484712305108851
wikipedia,France,l,lettera,2063,29.073229873908826,1.0019383859439426,-0.017243085815358123
wikipedia,France,c,lettera,1921,31.241666666666667,0.962610556379388,-0.17458320959667864
wikipedia,France,d,lettera,1805,33.14911308203991,0.9295800240016213,-0.12998869871339333
wikipedia,France,u,lettera,1317,45.52887537993921,1.0179234980654142,-0.1591199589158033
wikipedia,France,f,lettera,1211,49.574380165289256,1.081951563519348,-0.061543501152676344
wikipedia,France,m,lettera,1178,50.896346644010194,0.9892026700707872,-0.08488318831482947
wikipedia,France,p,lettera,1030,58.22740524781341,1.0557238192830019,0.03411849763439225
wikipedia,France,g,lettera,900,66.46607341490545,1.0447185916549577,-0.11598516661860973
wikipedia,France,y,lettera,663,90.20090634441088,1.0138674862562622,-0.14737237185052698
wikipedia,France,w,lettera,654,91.73813169984686,1.0869055825460454,-0.11356007040839813
wikipedia,France,the,funzione,866,69.27514450867052,0.9815820513206871,-0.5438379623352544
wikipedia,France,of,funzione,384,154.62402088772845,1.0241012957431266,-0.28898371075980384
wikipedia,France,and,funzione,381,156.86315789473684,0.8620229265294249,-0.44701919513514193
wikipedia,France,in,funzione,309,194.02597402597402,1.0020503442754294,-0.24980349257826506
wikipedia,France,to,funzione,147,405.3150684931507,1.088400608890784,0.008958454746628696
wikipedia,France,is,funzione,94,642.1720430107526,2.1786112566090163,0.108938857774757
wikipedia,France,france,keyword,160,376.71069182389937,1.2360572071014504,-0.224193618491984
wikipedia,France,french,keyword,106,567.6571428571428,1.3283379926774375,0.061875609044890034
wikipedia,France,world,keyword,45,1257.8863636363637,2.0932546332723057,0.14152452005227004
wikipedia,France,million,keyword,31,1970.7,2.340521730951791,0.6895178389746253
wikipedia,France,europe,keyword,34,1757.7575757575758,0.9542647271004012,0.06862265270285386
wikipedia,France,war,keyword,24,2459.8260869565215,1.7378648998082211,
wikipedia,France,largest,keyword,31,1916.7333333333333,1.682023752325925,0.568275485681042
wikipedia,France,by,appaiata,90,654.8089887640449,1.0978226800113606,-0.08977441314062334
wikipedia,France,was,appaiata,83,706.2682926829268,1.5513195985979535,0.059547311317655054
wikipedia,France,th,appaiata,33,1792.03125,1.7657260627456581,0.750578228264744
wikipedia,France,law,appaiata,30,404.37931034482756,3.0151223374904736,0.1646622500020053
wikipedia,France,at,appaiata,27,2201.076923076923,1.4171935863322795,0.2889067025378354
wikipedia,France,on,appaiata,23,2203.4545454545455,0.7668847156454985,
wikipedia,France,empire,appaiata,22,1074.1904761904761,1.2611826633985084,
wikipedia,United States,vocali,vocali,18521,3.2395788336933045,0.551661495038571,-0.5772360387248383
wikipedia,United States,spazio,spazio,9087,6.602575390710984,0.48432452675877447,-1.039833591310965
wikipedia,United States,e,lettera,5943,10.090878492090205,0.8199116945452023,-0.3863522018253056
wikipedia,United States,t,lettera,4621,12.985064935064935,0.8530742658967791,-0.33606271590327946
wikipedia,United States,a,lettera,4064,14.759291164164411,0.8572554592342414,-0.42560115193082815
wikipedia,United States,i,lettera,3815,15.717094913476664,0.9082147482093279,-0.265332578628926
wikipedia,United States,n,lettera,3752,15.987203412423353,0.8554937586894223,-0.3654219015159692
wikipedia,United States,o,lettera,3364,17.835563484983645,0.8600092448788325,-0.33710096417884683
wikipedia,United States,s,lettera,3250,18.45798707294552,0.9152370333216311,-0.16775147421053604
wikipedia,United States,r,lettera,3150,19.04287075261988,0.8353521785082478,-0.36011267052137425
wikipedia,United States,l,lettera,1993,30.10090361445783,1.0217761036125395,0.020338018568610304
wikipedia,United States,h,lettera,1979,30.32912032355915,0.8943230455796463,-0.3237798037193162
wikipedia,United States,d,lettera,1887,31.795864262990456,0.8625238807070932,-0.26930304687188766
wikipedia,United States,c,lettera,1739,34.40046029919448,0.9710849710989258,-0.18286658750978185
wikipedia,United States,u,lettera,1335,44.94902548725637,0.9391530225627573,-0.2441349573185643
wikipedia,United States,m,lettera,1162,51.58742463393626,1.0025789037803565,-0.0433678152992117
wikipedia,United States,p,lettera,1024,58.495601173020525,1.097058932639661,0.0815457537643506
wikipedia,United States,f,lettera,997,60.21686746987952,0.9795653234880851,-0.07778455015198132
wikipedia,United States,g,lettera,856,69.9029239766082,0.9653388439195082,-0.09291164576435597
wikipedia,United States,y,lettera,660,90.58573596358119,0.9946826431274715,-0.1603071081064897
wikipedia,United States,w,lettera,637,94.25157232704403,1.0203467727544484,-0.09445528650711832
wikipedia,United States,the,funzione,914,65.61555312157722,0.8947007300266626,-0.6263033460162192
wikipedia,United States,of,funzione,372,159.62803234501348,1.0322746638672875,-0.3741809461418662
wikipedia,United States,and,funzione,327,183.3957055214724,0.8174941932455186,-0.4419425370207483
wikipedia,United States,in,funzione,298,201.45791245791247,1.0484350053420897,-0.2134458050002618
wikipedia,United States,to,funzione,150,400.06040268456377,1.3215146634607877,-0.014184297730214089
wikipedia,United States,is,funzione,96,597.0631578947368,2.220576334358749,0.002986752960395687
wikipedia,United States,states,keyword,126,472.68,1.001664346986243,-0.2358105258643366
wikipedia,United States,united,keyword,100,596.8181818181819,1.0355334409938508,-0.1200663432631904
wikipedia,United States,federal,keyword,49,1226.9583333333333,1.773362538577206,0.36021137769387407
wikipedia,United States,state,keyword,40,1339.5641025641025,1.9801596438797047,0.4235092167940723
wikipedia,United States,war,keyword,35,1210.7941176470588,1.8449610475539417,0.3106458402879824
wikipedia,United States,world's,keyword,30,1986.4827586206898,2.0180482943195006,0.39592402966818707
wikipedia,United States,american,keyword,32,1796.0967741935483,1.1184071764670043,0.03922101319159862
wikipedia,United States,by,appaiata,90,642.9775280898876,1.088473594388391,-0.06702736206592978
wikipedia,United States,with,appaiata,72,839.6619718309859,0.9613251273091762,-0.16458297958398221
wikipedia,United States,for,appaiata,49,1185.2083333333333,1.134273776721593,0.023615134434694745
wikipedia,United States,its,appaiata,34,1659.090909090909,0.9195378815233171,0.102989819122059
wikipedia,United States,that,appaiata,34,1587.4242424242425,1.1055414068335465,-0.24516924581869473
wikipedia,United States,it,appaiata,31,1935.0333333333333,0.8958030542787634,-0.09104940504279123
wikipedia,United States,on,appaiata,31,1864.1,1.2570391408004156,0.3611769666286132
wikipedia,Socialism,vocali,vocali,19520,3.073723039090117,0.49679290253297026,-0.5990376643767056
wikipedia,Socialism,spazio,spazio,8723,6.878009630818619,0.5028594469039331,-1.0024168294591134
wikipedia,Socialism,e,lettera,5151,11.646796116504854,0.8591707628101836,-0.2950688277190604
wikipedia,Socialism,i,lettera,4778,12.552020096294745,0.8723382974300654,-0.3669991413108866
wikipedia,Socialism,t,lettera,4479,13.389012952210809,0.8284103739062301,-0.40522908756245235
wikipedia,Socialism,a,lettera,4275,14.036031820308844,0.8427171998428885,-0.4682236250530005
wikipedia,Socialism,o,lettera,4068,14.743299729530367,0.8309430195367786,-0.35676046749526763
wikipedia,Socialism,s,lettera,3851,15.58077922077922,0.9161070825775355,-0.2265899813767854
wikipedia,Socialism,n,lettera,3375,17.769709543568464,0.8832747739903204,-0.31554522555994274
wikipedia,Socialism,r,lettera,2981,20.10704697986577,0.8477675684981587,-0.33490635791162054
wikipedia,Socialism,c,lettera,2374,25.265486725663717,0.9647107227376077,-0.23877783046822987
wikipedia,Socialism,l,lettera,2349,25.514480408858603,0.8763037964060567,-0.21864675447845477
wikipedia,Socialism,h,lettera,1800,33.31906614785992,0.9554539138225048,-0.23679010418551985
wikipedia,Socialism,d,lettera,1702,35.24044679600235,0.9009067053633663,-0.24434883144755304
wikipedia,Socialism,m,lettera,1638,36.64324984728161,1.0537351175424376,-0.018927807790963858
wikipedia,Socialism,u,lettera,1248,47.973536487570165,0.9894148100507232,-0.16696576973657476
wikipedia,Socialism,p,lettera,1045,57.30268199233716,1.0289367357635628,0.06095661277961186
wikipedia,Socialism,f,lettera,1032,58.001939864209504,0.9861304261602594,-0.0768056461290509
wikipedia,Socialism,y,lettera,703,85.38603988603988,0.9366508644628918,-0.22065885886977052
wikipedia,Socialism,g,lettera,650,92.23574730354392,0.9795793529361378,-0.050992788414096164
wikipedia,Socialism,b,lettera,580,103.22107081174438,1.0307789230748559,-0.08196209363866673
wikipedia,Socialism,the,funzione,575,104.25783972125436,1.0219602573547695,-0.4195594862864867
wikipedia,Socialism,of,funzione,422,142.0308788598575,0.9749727500927515,-0.4916476353698157
wikipedia,Socialism,and,funzione,347,173.21965317919074,0.8022377163385602,-0.6039829426963741
wikipedia,Socialism,to,funzione,234,256.412017167382,1.014456132112746,-0.1151965722106304
wikipedia,Socialism,in,funzione,222,267.9321266968326,1.07318898498218,-0.13268957778219626
wikipedia,Socialism,as,funzione,137,437.81617647058823,0.8477517019500465,-0.09178939665781237
wikipedia,Socialism,socialism,keyword,143,421.88732394366195,1.560684125604529,0.0030849582958057055
wikipedia,Socialism,socialist,keyword,105,568.0288461538462,1.1158766061859253,-0.10075870885174705
wikipedia,Socialism,social,keyword,88,677.8850574712644,1.6247393382229331,0.1141948855862785
wikipedia,Socialism,socialists,keyword,51,1079.2,0.9962135495870713,0.13896732217930846
wikipedia,Socialism,economic,keyword,45,1362.1363636363637,1.3483578203036017,0.2442858555859119
wikipedia,Socialism,state,keyword,44,1194.4883720930231,1.4559856619230236,0.14143300079157867
wikipedia,Socialism,democratic,keyword,44,1219.7209302325582,1.9328296565515892,0.30492183940789325
wikipedia,Socialism,that,appaiata,127,469.0079365079365,1.1210679702674544,-0.11441819586942856
wikipedia,Socialism,is,appaiata,87,687.5813953488372,1.0878705964317141,-0.0017027367701433242
wikipedia,Socialism,by,appaiata,68,892.0149253731344,0.939440295995088,-0.14104885325709118
wikipedia,Socialism,with,appaiata,47,1294.4130434782608,1.0536114240033398,-0.12418383296397609
wikipedia,Socialism,be,appaiata,46,1264.1555555555556,0.9638929744829885,-0.05255441753412483
wikipedia,Socialism,an,appaiata,44,1393.3720930232557,0.9802975716551847,-0.04692129742124627
wikipedia,Socialism,it,appaiata,44,1371.2790697674418,1.2160246415960714,0.10346634686266117
wikipedia,Wikipedia,vocali,vocali,19316,3.1062386746052293,0.5207296418231346,-0.6038447939933027
wikipedia,Wikipedia,spazio,spazio,9037,6.638667552014166,0.4891790379808182,-0.9957535330706703
wikipedia,Wikipedia,e,lettera,5932,10.112459956162535,0.8052840435136102,-0.3759333408879874
wikipedia,Wikipedia,i,lettera,4685,12.80593509820666,0.9365349458492277,-0.30542930368199284
wikipedia,Wikipedia,t,lettera,4080,14.690120127482226,0.8729982107744418,-0.305016579356427
wikipedia,Wikipedia,a,lettera,4042,14.845335313041327,0.8233271853893301,-0.4268591385535718
wikipedia,Wikipedia,n,lettera,3414,17.573395839437445,0.8595398168662474,-0.30219150549988
wikipedia,Wikipedia,o,lettera,3396,17.659499263622976,0.8659054250741163,-0.33791640978704895
wikipedia,Wikipedia,s,lettera,3077,19.50065019505852,0.921170445386515,-0.1425715625963481
wikipedia,Wikipedia,r,lettera,2990,20.0598862495818,0.8865386328363332,-0.32504400491832885
wikipedia,Wikipedia,d,lettera,2199,27.28707916287534,0.8703951657392789,-0.27796619835637093
wikipedia,Wikipedia,l,lettera,1874,31.985584623598506,0.9922415509646162,0.017973466517211153
wikipedia,Wikipedia,c,lettera,1819,32.96589658965897,0.9432014356056216,-0.1452074764299298
wikipedia,Wikipedia,h,lettera,1663,35.997593261131165,0.954048521502504,-0.2484288973463835
wikipedia,Wikipedia,u,lettera,1261,47.55714285714286,0.9534458704956335,-0.24452801394325327
wikipedia,Wikipedia,p,lettera,1218,49.28266228430567,0.9902814229546668,-0.09310208232403296
wikipedia,Wikipedia,m,lettera,1115,53.810592459605026,1.0031851308698356,0.050586585230405455
wikipedia,Wikipedia,f,lettera,1003,59.83832335329341,0.9957050629896317,-0.013057867108999935
wikipedia,Wikipedia,w,lettera,928,64.70010787486515,0.9861485873594618,-0.22821870450156326
wikipedia,Wikipedia,g,lettera,912,65.7211855104281,0.9672384564057641,-0.050983340832077916
wikipedia,Wikipedia,y,lettera,697,86.14655172413794,0.967257836188115,-0.18365616358222592
wikipedia,Wikipedia,the,funzione,500,119.50901803607215,0.9743131737540638,-0.4324355786521156
wikipedia,Wikipedia,of,funzione,336,176.48358208955224,0.9986360757601281,-0.2980304439109901
wikipedia,Wikipedia,in,funzione,257,232.9375,1.0334140543868233,-0.19533864951444893
wikipedia,Wikipedia,and,funzione,248,240.93117408906883,0.8403596853180767,-0.46493341119371623
wikipedia,Wikipedia,to,funzione,218,266.57603686635946,0.9089169373164631,-0.27744922449079523
wikipedia,Wikipedia,that,funzione,147,384.2739726027397,1.1964965698789574,-0.23730331040629213
wikipedia,Wikipedia,wikipedia,keyword,262,229.7969348659004,0.9108544732048492,-0.42450977288968744
wikipedia,Wikipedia,articles,keyword,65,780.15625,1.445902704679756,0.135826234252135
wikipedia,Wikipedia,editors,keyword,58,872.421052631579,1.2229324498241507,0.11980317662068891
wikipedia,Wikipedia,article,keyword,46,1209.2666666666667,0.9719956270357617,0.08360096528512205
wikipedia,Wikipedia,english,keyword,42,1173.4146341463415,1.2905825131497972,0.1682359323565095
wikipedia,Wikipedia,wikimedia,keyword,31,1977.0666666666666,1.9443605396434889,0.5226716877480388
wikipedia,Wikipedia,wikipedia's,keyword,27,1827.6538461538462,0.8467713188111494,-0.5943292387759259
wikipedia,Wikipedia,for,appaiata,97,614.6666666666666,0.991631329457514,-0.09799216645547257
wikipedia,Wikipedia,are,appaiata,63,922.1290322580645,1.4229340767842777,0.10497012278030161
wikipedia,Wikipedia,was,appaiata,52,1144.4313725490197,1.3277837099553431,-0.0033961762474216503
wikipedia,Wikipedia,not,appaiata,40,1356.025641025641,1.0509433818783298,-0.030082261108351927
wikipedia,Wikipedia,its,appaiata,37,1547.4444444444443,1.1577870520560156,0.19126730973979242
wikipedia,Wikipedia,which,appaiata,30,2036.5862068965516,1.0049633450122544,-0.07320043521990684
wikipedia,Wikipedia,content,appaiata,27,2163.346153846154,1.0118035256726565,0.2611401978479513
wikipedia,Moon,vocali,vocali,18316,3.2758394758394758,0.5805166297941105,-0.5692124276852395
wikipedia,Moon,spazio,spazio,9786,6.1307102708226875,0.4661324372399355,-1.0409812134482004
wikipedia,Moon,e,lettera,5739,10.456082258626699,0.8175600210846261,-0.37125267703545295
wikipedia,Moon,t,lettera,4583,13.091663029244872,0.784126177640492,-0.46957638661172035
wikipedia,Moon,a,lettera,4143,14.47682279092226,0.8236547745715629,-0.4450335745266031
wikipedia,Moon,o,lettera,3831,15.657702349869451,0.9231797877434096,-0.1347381306079908
wikipedia,Moon,i,lettera,3377,17.767772511848342,0.9234220159903798,-0.2737036166566844
wikipedia,Moon,n,lettera,3319,18.0792646172393,0.8571468758375842,-0.3508074127286941
wikipedia,Moon,s,lettera,3257,18.421375921375923,0.8944100078296224,-0.16775969154034864
wikipedia,Moon,r,lettera,3134,19.13916374082349,0.8297811834019705,-0.39669615111411227
wikipedia,Moon,h,lettera,2353,25.480867346938776,0.8852596317937452,-0.3196362975563883
wikipedia,Moon,l,lettera,2073,28.9469111969112,1.0265383376031953,0.03524068438093952
wikipedia,Moon,c,lettera,1631,36.75030674846626,1.022239453505049,-0.05262080790278724
wikipedia,Moon,d,lettera,1595,37.59974905897114,0.9412651719950575,-0.18686195838473776
wikipedia,Moon,m,lettera,1537,39.026041666666664,0.9038696937242058,-0.22369852453299202
wikipedia,Moon,u,lettera,1226,48.95755102040816,0.9117469037313843,-0.24992825425706264
wikipedia,Moon,f,lettera,1058,56.71050141911069,0.9793611236127702,-0.07569700130114997
wikipedia,Moon,p,lettera,922,64.76764386536374,1.0639407724050614,0.04073761946938692
wikipedia,Moon,g,lettera,844,71.00948991696323,1.0633938259660338,-0.05179713050125985
wikipedia,Moon,y,lettera,752,79.83089214380826,0.9747570756600016,-0.16222017084866439
wikipedia,Moon,b,lettera,698,85.88522238163559,0.9438119189055304,-0.16353161344754333
wikipedia,Moon,the,funzione,945,63.48622881355932,0.9308184032689554,-0.5444695012207559
wikipedia,Moon,of,funzione,405,148.3539603960396,1.1345262894408634,-0.2730459277491683
wikipedia,Moon,and,funzione,260,230.32432432432432,0.9552132688989022,-0.36381476351358777
wikipedia,Moon,to,funzione,211,283.3952380952381,0.9387180409832935,-0.14411528598109746
wikipedia,Moon,in,funzione,163,367.6975308641975,0.9480369541256678,-0.20375026549636174
wikipedia,Moon,is,funzione,160,372.38993710691824,1.1337378261698734,-0.25924722647295445
wikipedia,Moon,moon,keyword,282,211.6761565836299,1.3154243797909704,-0.4165324073208065
wikipedia,Moon,earth,keyword,162,360.77639751552795,1.6854848605732087,-0.049781258814251446
wikipedia,Moon,lunar,keyword,96,629.2105263157895,1.1578702441012878,0.07760965825618173
wikipedia,Moon,moon's,keyword,56,1066.0363636363636,1.0584307964558919,-0.13942299281813517
wikipedia,Moon,surface,keyword,49,1199.25,1.5827950376619533,0.008779948877731189
wikipedia,Moon,sun,keyword,45,1310.8181818181818,2.1772000281634525,0.24598044691650936
wikipedia,Moon,earth's,keyword,42,1406.121951219512,1.8130731122921453,0.2514098929545349
wikipedia,Moon,on,appaiata,98,605.8762886597938,1.161299900842042,0.132348400212029
wikipedia,Moon,from,appaiata,92,634.6483516483516,1.0661526030170554,-0.061199915211608634
wikipedia,Moon,as,appaiata,90,658.8314606741573,1.1944305737335732,0.27250319030407777
wikipedia,Moon,it,appaiata,62,967.327868852459,1.2681089138315191,0.2608580275651636
wikipedia,Moon,this,appaiata,50,1113.8979591836735,1.0268980516423534,-0.22089634471666428
wikipedia,Moon,have,appaiata,42,1355.780487804878,1.4751043477892425,0.07447867478960406
wikipedia,Moon,than,appaiata,42,1287.3902439024391,1.1877224609610544,0.22732405614686732
wikipedia,Alexander the Great,vocali,vocali,18770,3.196547498534818,0.49906819720119955,-0.6239426119721961
wikipedia,Alexander the Great,spazio,spazio,9520,6.302132576951361,0.4741558844928141,-1.0798368698597371
wikipedia,Alexander the Great,e,lettera,6090,9.850878633601576,0.8392595133746398,-0.3991581039020818
wikipedia,Alexander the Great,a,lettera,4901,12.241020408163266,0.8983915029953777,-0.4048112995602404
wikipedia,Alexander the Great,t,lettera,3984,15.052975144363545,0.9002642627940634,-0.26126562902985373
wikipedia,Alexander the Great,n,lettera,3534,16.97254457967733,0.8243599984255182,-0.3951747407053141
wikipedia,Alexander the Great,i,lettera,3453,17.375144843568947,0.9034112188547812,-0.2233515696300185
wikipedia,Alexander the Great,s,lettera,3205,18.70318352059925,0.9424953777697559,-0.10153872504211622
wikipedia,Alexander the Great,o,lettera,3138,19.120816066305387,0.9008139046416043,-0.2733833578728404
wikipedia,Alexander the Great,r,lettera,3109,19.297619047619047,0.860414074885132,-0.30769897298847887
wikipedia,Alexander the Great,h,lettera,2581,23.189147286821704,0.8874903450186857,-0.3536887852823666
wikipedia,Alexander the Great,d,lettera,2412,24.882206553297387,0.9067113139116733,-0.23445538121775902
wikipedia,Alexander the Great,l,lettera,1976,30.357974683544303,0.9331930764812068,-0.10568231195629066
wikipedia,Alexander the Great,c,lettera,1414,42.44232130219391,0.946336856660628,-0.10277873498682465
wikipedia,Alexander the Great,u,lettera,1188,50.38500421229992,0.9469759869057812,-0.18411331845252035
wikipedia,Alexander the Great,p,lettera,1142,52.34268185801928,1.0151325337839348,0.04430018200245491
wikipedia,Alexander the Great,m,lettera,1122,53.43978590544157,0.9840367955404817,-0.07136562777794628
wikipedia,Alexander the Great,f,lettera,1008,59.561072492552135,0.9262838062448757,-0.1572629653311126
wikipedia,Alexander the Great,g,lettera,924,64.96316359696641,0.9426465697380771,-0.09248700897498341
wikipedia,Alexander the Great,y,lettera,778,76.62548262548262,1.0136017964611974,-0.21843540256181454
wikipedia,Alexander the Great,w,lettera,687,86.94169096209913,0.9605519846336876,-0.1825063569969809
wikipedia,Alexander the Great,the,funzione,712,83.9831223628692,0.9198411785195204,-0.43434264122181215
wikipedia,Alexander the Great,of,funzione,422,142.46555819477436,0.9680132714279426,-0.3706841728055852
wikipedia,Alexander the Great,and,funzione,333,178.98493975903614,0.8234199061354273,-0.42883417847720223
wikipedia,Alexander the Great,to,funzione,289,207.12152777777777,0.9548991033488978,-0.3302752791189752
wikipedia,Alexander the Great,his,funzione,216,276.8046511627907,1.0661058337111875,-0.11884458566349478
wikipedia,Alexander the Great,in,funzione,194,309.2020725388601,0.9790173937794158,-0.1491907247668923
wikipedia,Alexander the Great,alexander,keyword,291,206.5448275862069,0.7771691133617964,-0.553969901407909
wikipedia,Alexander the Great,alexander's,keyword,58,964.6842105263158,1.2632527015318096,0.03287550408400548
wikipedia,Alexander the Great,philip,keyword,57,975.0357142857143,2.4771252659082426,-0.0709217365188294
wikipedia,Alexander the Great,bc,keyword,38,1507.6756756756756,0.8914427104807311,0.05018232026422857
wikipedia,Alexander the Great,persian,keyword,37,1512.6666666666667,1.5981785214885527,0.4000941897322264
wikipedia,Alexander the Great,macedonian,keyword,32,1751.4193548387098,1.5734781676193295,0.22705135942405283
wikipedia,Alexander the Great,death,keyword,31,1685.4,1.7042157257557704,0.42973475426088587
wikipedia,Alexander the Great,was,appaiata,136,440.8666666666667,1.3333396152824095,-0.051220754979016334
wikipedia,Alexander the Great,for,appaiata,59,998.2586206896551,1.0343884504242824,-0.030079334170349827
wikipedia,Alexander the Great,on,appaiata,54,1106.8301886792453,0.865881741508936,-0.0038510603049250573
wikipedia,Alexander the Great,him,appaiata,38,1516.1891891891892,1.0801214811637447,0.0361711111113773
wikipedia,Alexander the Great,an,appaiata,33,1706.15625,1.0754203252014034,0.1484149907297684
wikipedia,Alexander the Great,who,appaiata,30,1741.6206896551723,0.937618536476424,0.007221932189996189
wikipedia,Alexander the Great,army,appaiata,28,1706.9259259259259,1.2459095864177867,0.09680535511971329
wikipedia,Paris,vocali,vocali,17846,3.362118240403474,0.5830018785951117,-0.5470282543022904
wikipedia,Paris,spazio,spazio,9451,6.347301587301588,0.48888374843932214,-1.0452123404190188
wikipedia,Paris,e,lettera,5694,10.535921306868083,0.8852769831696551,-0.334103205715409
wikipedia,Paris,t,lettera,4085,14.688295788442703,0.8632997678421651,-0.3921072931941399
wikipedia,Paris,i,lettera,3875,15.486577181208053,0.8667223730158075,-0.2983706098359921
wikipedia,Paris,a,lettera,3769,15.921974522292993,0.8835701770806543,-0.3957487950949135
wikipedia,Paris,n,lettera,3559,16.85441259134345,0.831517419886083,-0.36392575427613066
wikipedia,Paris,r,lettera,3408,17.60992075139419,0.8077108441416084,-0.41796524575176786
wikipedia,Paris,s,lettera,3221,18.62950310559006,0.952414292523173,-0.13464969547379074
wikipedia,Paris,o,lettera,3164,18.956370534302877,0.9185599418645273,-0.27542841247061745
wikipedia,Paris,h,lettera,2000,30.00250125062531,0.8602354641739752,-0.3180451984636067
wikipedia,Paris,l,lettera,1828,32.801313628899834,1.1094763088513053,0.01011618496095041
wikipedia,Paris,d,lettera,1699,35.30035335689046,0.9010231192306821,-0.21777678691468574
wikipedia,Paris,c,lettera,1642,36.5478366849482,0.9639880156662476,-0.1485724374777729
wikipedia,Paris,u,lettera,1344,44.602382725241995,1.0361331520509955,-0.1138107583756886
wikipedia,Paris,m,lettera,1261,47.53492063492064,0.990068873181128,-0.04563385977013165
wikipedia,Paris,p,lettera,1236,48.56437246963563,0.9741036130814583,-0.05994319867795425
wikipedia,Paris,f,lettera,1026,58.464390243902436,1.0113777396505552,-0.04934134424859691
wikipedia,Paris,g,lettera,737,81.27717391304348,1.0335624217294093,-0.04486894499598975
wikipedia,Paris,y,lettera,653,91.87116564417178,1.0528112565496726,-0.15495193186745046
wikipedia,Paris,b,lettera,624,95.53451043338684,1.1014960129370786,0.04246672827277667
wikipedia,Paris,the,funzione,925,64.90800865800865,0.8621349854501911,-0.625406322573719
wikipedia,Paris,of,funzione,425,140.47641509433961,0.940541838467851,-0.3349582742727239
wikipedia,Paris,in,funzione,375,159.8235294117647,1.1212807293479892,-0.1904802253891134
wikipedia,Paris,and,funzione,323,186.14906832298138,0.9618665745263252,-0.39858407243021426
wikipedia,Paris,to,funzione,121,466.875,1.2547297778308488,0.04675706298626561
wikipedia,Paris,was,funzione,87,684.8139534883721,1.2374875562552963,-0.08489598985292354
wikipedia,Paris,paris,keyword,276,215.04727272727274,0.8346074308899761,-0.5089790265241266
wikipedia,Paris,city,keyword,90,662.5056179775281,1.017109423084143,-0.211860282221049
wikipedia,Paris,french,keyword,51,1166.14,1.7271019346530785,0.30346119910057656
wikipedia,Paris,percent,keyword,48,703.8723404255319,2.4168230151284638,0.05012822140322156
wikipedia,Paris,million,keyword,36,1517.942857142857,2.2548358768600067,0.3297252065419712
wikipedia,Paris,france,keyword,46,1322.5555555555557,1.0118843761875431,0.09878962619133354
wikipedia,Paris,century,keyword,34,1780.8181818181818,1.6094155672634933,0.24831375010198414
wikipedia,Paris,as,appaiata,76,776.3466666666667,1.213617777168249,0.2943442923774593
wikipedia,Paris,by,appaiata,74,775.1780821917808,1.344023071692153,0.10507258687507766
wikipedia,Paris,for,appaiata,50,1189.0408163265306,1.1001016088922118,0.04532587320412658
wikipedia,Paris,were,appaiata,48,1154.3191489361702,1.358495529937085,0.12019297070183199
wikipedia,Paris,at,appaiata,34,1484.060606060606,1.0844994126761025,0.24929553673394075
wikipedia,Paris,which,appaiata,30,1878.6206896551723,1.0667582015699963,-0.06686262818525308
wikipedia,Paris,most,appaiata,33,1827.625,1.1035589028514807,0.09359636098478272
wikipedia,Beijing,vocali,vocali,18075,3.319409095938918,0.5750148627750262,-0.5269030361297715
wikipedia,Beijing,spazio,spazio,9395,6.3859910581222055,0.4743170508657667,-1.0732754317989164
wikipedia,Beijing,e,lettera,5481,10.945620437956205,0.8764020952362522,-0.3406089513124803
wikipedia,Beijing,i,lettera,4287,13.997433504433038,0.9094500100679621,-0.2992770791895466
wikipedia,Beijing,t,lettera,4130,14.519254056672318,0.8465061176504787,-0.3802592100158591
wikipedia,Beijing,n,lettera,4085,14.689520078354555,0.8419569657416696,-0.37953863777044883
wikipedia,Beijing,a,lettera,3748,16.0,0.894062901424251,-0.33929909270078273
wikipedia,Beijing,o,lettera,3175,18.897920604914933,0.8877645723106107,-0.3029516852775494
wikipedia,Beijing,s,lettera,2837,21.14703808180536,0.9171544492856527,-0.19264087384336365
wikipedia,Beijing,r,lettera,2806,21.350802139037434,0.9130609650167517,-0.2670969665449322
wikipedia,Beijing,h,lettera,2239,26.781501340482574,0.8900592115014884,-0.32887006828958915
wikipedia,Beijing,c,lettera,1821,32.94010989010989,0.9320007579026418,-0.19400908378445303
wikipedia,Beijing,l,lettera,1809,33.15154867256637,0.970661888566706,0.017754551178846813
wikipedia,Beijing,d,lettera,1714,34.97840046701693,0.9272021451896791,-0.16486619387928733
wikipedia,Beijing,u,lettera,1384,43.368040491684745,0.9489790665219832,-0.1919045233677212
wikipedia,Beijing,g,lettera,1285,46.7095015576324,0.9321832925842052,-0.17953269746001674
wikipedia,Beijing,m,lettera,1141,52.56842105263158,1.0291144436673891,-0.012598361230179569
wikipedia,Beijing,p,lettera,972,61.68383110195675,1.0844815696698777,0.018809380506009384
wikipedia,Beijing,f,lettera,952,62.98527865404837,0.9325621111470231,-0.16406880426961837
wikipedia,Beijing,y,lettera,807,74.21339950372209,0.9729750471584284,-0.14216292281235982
wikipedia,Beijing,b,lettera,788,76.16645489199492,0.9463003286864392,-0.10036656015979964
wikipedia,Beijing,the,funzione,943,63.561571125265395,0.9594681450487299,-0.6591297688180707
wikipedia,Beijing,of,funzione,430,139.62470862470863,0.9689277441575176,-0.3768541519895743
wikipedia,Beijing,and,funzione,326,183.34153846153845,0.8513719564347447,-0.49086183346941886
wikipedia,Beijing,in,funzione,313,190.23717948717947,1.0039458321138919,-0.2867774382001649
wikipedia,Beijing,to,funzione,201,295.81,1.1506748429326468,-0.10083758933484477
wikipedia,Beijing,is,funzione,108,558.2710280373832,1.3930970439098398,0.00863312197663945
wikipedia,Beijing,beijing,keyword,213,280.7830188679245,0.9184099478318526,-0.3114556127557639
wikipedia,Beijing,city,keyword,136,437.89629629629627,1.05039286168406,-0.1879424804261306
wikipedia,Beijing,china,keyword,65,936.046875,1.0485111301234253,0.18304805532016696
wikipedia,Beijing,chinese,keyword,55,1041.4814814814815,1.673050987189997,0.25340122791738245
wikipedia,Beijing,world,keyword,51,1108.88,1.787300662369841,0.2118686028799251
wikipedia,Beijing,capital,keyword,43,1343.547619047619,2.143484225254566,0.3611343001165869
wikipedia,Beijing,temple,keyword,40,1456.948717948718,3.8502033226823937,0.40721112265318415
wikipedia,Beijing,as,appaiata,91,662.1111111111111,1.1145578962717029,0.2160348236080803
wikipedia,Beijing,was,appaiata,78,761.3506493506494,1.745026561278338,0.12382358685258085
wikipedia,Beijing,are,appaiata,59,963.2586206896551,1.5578160044218148,0.3023382226354863
wikipedia,Beijing,from,appaiata,52,975.2549019607843,1.138238022499735,0.10421818642938341
wikipedia,Beijing,with,appaiata,44,1365.860465116279,1.0376758500220848,-0.015758920601178974
wikipedia,Beijing,which,appaiata,40,1447.6410256410256,1.240386362686579,-0.17774769893374304
wikipedia,Beijing,has,appaiata,38,1564.7837837837837,1.3902390190760086,-0.04953694045952043
wikipedia,Isaac Newton,vocali,vocali,18377,3.2649651719634307,0.5010990754784936,-0.6406894739176356
wikipedia,Isaac Newton,spazio,spazio,9442,6.354199766973838,0.49422754150837256,-0.9832812160870589
wikipedia,Isaac Newton,e,lettera,5896,10.174215436810856,0.8264830196185786,-0.34594019001031817
wikipedia,Isaac Newton,t,lettera,4531,13.241942604856511,0.8453692754498646,-0.3527333842215758
wikipedia,Isaac Newton,i,lettera,3886,15.443243243243243,0.888164545381469,-0.2838826517803857
wikipedia,Isaac Newton,o,lettera,3726,16.09744966442953,0.8562451530276904,-0.2785333103506592
wikipedia,Isaac Newton,n,lettera,3713,16.15705818965517,0.8937856470033946,-0.36462261758797077
wikipedia,Isaac Newton,a,lettera,3640,16.485298158834844,0.8697896102041595,-0.3607018420471266
wikipedia,Isaac Newton,s,lettera,3105,19.32667525773196,0.8894638122977158,-0.2019189026267517
wikipedia,Isaac Newton,r,lettera,2926,20.51042735042735,0.8537855357251819,-0.3177998715512677
wikipedia,Isaac Newton,h,lettera,2492,24.038940184664792,0.8840565319778851,-0.30162114779690796
wikipedia,Isaac Newton,l,lettera,1976,30.31746835443038,0.9832391781811142,-0.018928844518488634
wikipedia,Isaac Newton,d,lettera,1884,31.82421667551779,0.9060079808677796,-0.19096982300546014
wikipedia,Isaac Newton,c,lettera,1743,34.392652123995404,0.986153610352308,-0.06537881582361907
wikipedia,Isaac Newton,u,lettera,1229,48.81596091205212,0.9118113576462766,-0.21116013894128183
wikipedia,Isaac Newton,m,lettera,1190,50.38856181665265,1.0303943520291554,-0.044419387391237304
wikipedia,Isaac Newton,f,lettera,1063,56.249529190207156,0.9252301746493481,-0.10043378376889589
wikipedia,Isaac Newton,p,lettera,987,60.61967545638945,1.0387101788261648,0.09482382849485765
wikipedia,Isaac Newton,w,lettera,962,62.38813735691988,0.9560990214847013,-0.1688483426359059
wikipedia,Isaac Newton,g,lettera,791,75.79746835443038,1.0078500983467573,-0.06505644410659199
wikipedia,Isaac Newton,b,lettera,778,77.00643500643501,1.0341971832379664,0.02593126442617061
wikipedia,Isaac Newton,the,funzione,605,98.86920529801324,1.072473538051215,-0.45347384502728055
wikipedia,Isaac Newton,of,funzione,424,140.8628841607565,0.8803001979498144,-0.3945646704531533
wikipedia,Isaac Newton,and,funzione,268,223.8689138576779,0.8016893087005518,-0.49210062813852873
wikipedia,Isaac Newton,in,funzione,267,222.76315789473685,0.9581186253794204,-0.15771233707251275
wikipedia,Isaac Newton,to,funzione,228,259.51982378854626,1.0160847417160386,-0.24715455816811394
wikipedia,Isaac Newton,his,funzione,185,322.9782608695652,1.1307628925204836,-0.06554521747130554
wikipedia,Isaac Newton,newton,keyword,219,274.1834862385321,0.6999772518040656,-0.6791974044708519
wikipedia,Isaac Newton,newton's,keyword,51,1154.08,0.9938349379394303,-0.14619410299271546
wikipedia,Isaac Newton,first,keyword,49,1123.8541666666667,1.2257028834019754,0.18958264100142305
wikipedia,Isaac Newton,work,keyword,41,1350.125,1.0211520784202819,-0.0005417799495116553
wikipedia,Isaac Newton,calculus,keyword,28,1316.5555555555557,2.431529150836721,0.3658172451929425
wikipedia,Isaac Newton,light,keyword,24,1866.304347826087,2.49546813901284,
wikipedia,Isaac Newton,theory,keyword,24,1939.2173913043478,1.178435264050556,
wikipedia,Isaac Newton,he,appaiata,161,372.53125,0.9704639526898997,-0.40170997277148396
wikipedia,Isaac Newton,at,appaiata,49,1165.5208333333333,1.4976829719539582,0.174931322044651
wikipedia,Isaac Newton,is,appaiata,49,1158.875,1.448792764355795,0.21690924018062133
wikipedia,Isaac Newton,this,appaiata,39,1477.7105263157894,0.9103920576144207,-0.08872508524366819
wikipedia,Isaac Newton,also,appaiata,27,1893.8076923076924,1.092310188680614,-0.45015370515170494
wikipedia,Isaac Newton,or,appaiata,24,2056.7391304347825,1.0459368855984972,
wikipedia,Isaac Newton,later,appaiata,23,2455.9545454545455,1.2038792250391663,
wikipedia,Albert Einstein,vocali,vocali,18633,3.2202125375697723,0.4970079987106579,-0.6032329056059728
wikipedia,Albert Einstein,spazio,spazio,9577,6.264202172096909,0.5045999590251572,-0.9836582594921524
wikipedia,Albert Einstein,e,lettera,6105,9.827653997378768,0.8440341649547988,-0.35881148009107766
wikipedia,Albert Einstein,t,lettera,4359,13.766865534648922,0.8751723022087502,-0.28276796986729885
wikipedia,Albert Einstein,i,lettera,4357,13.771808999081726,0.855137554404305,-0.3678444880298045
wikipedia,Albert Einstein,a,lettera,3821,15.7065445026178,0.8463526866265104,-0.3682418942175904
wikipedia,Albert Einstein,n,lettera,3746,16.018958611481978,0.852481822313527,-0.37667001162622277
wikipedia,Albert Einstein,o,lettera,3188,18.802321932852212,0.8813364389286351,-0.2530475940120234
wikipedia,Albert Einstein,s,lettera,3064,19.577864838393733,0.9338855403372964,-0.13280276710368158
wikipedia,Albert Einstein,r,lettera,2869,20.918061366806135,0.843619507792013,-0.3518452333008261
wikipedia,Albert Einstein,h,lettera,2574,23.301982122036534,0.8849777378427142,-0.33408141122792556
wikipedia,Albert Einstein,l,lettera,1938,30.96850800206505,0.952053247191719,-0.043590905829760315
wikipedia,Albert Einstein,d,lettera,1792,33.43662758235622,0.9375269442761891,-0.15093088224261228
wikipedia,Albert Einstein,c,lettera,1561,38.42115384615385,1.0072829843147082,-0.11161797490894294
wikipedia,Albert Einstein,m,lettera,1258,47.617342879872716,1.0663712208936038,-0.07276267041681152
wikipedia,Albert Einstein,u,lettera,1162,51.515934539190354,1.012065181966138,-0.13849535365939386
wikipedia,Albert Einstein,f,lettera,1036,57.841545893719804,0.9375658199291736,-0.10182645293373459
wikipedia,Albert Einstein,p,lettera,1034,57.94578896418199,1.016996697884919,0.03750376065997517
wikipedia,Albert Einstein,w,lettera,870,68.97123130034522,0.9831135428326828,-0.15819020215342022
wikipedia,Albert Einstein,g,lettera,822,72.91230207064555,1.0715904219266321,-0.073258124176598
wikipedia,Albert Einstein,y,lettera,746,80.3261744966443,0.9410788086418285,-0.23288637588243158
wikipedia,Albert Einstein,the,funzione,571,104.65087719298245,1.0112227587838278,-0.4557415395333207
wikipedia,Albert Einstein,of,funzione,398,149.71284634760704,1.0083787017287265,-0.2424721442050434
wikipedia,Albert Einstein,in,funzione,319,186.76729559748426,0.9152726801744621,-0.28405466821587894
wikipedia,Albert Einstein,to,funzione,278,215.28158844765343,1.03264809033758,-0.12784811932899026
wikipedia,Albert Einstein,and,funzione,235,254.38888888888889,0.9470941232457066,-0.2400399739356395
wikipedia,Albert Einstein,he,funzione,206,290.47317073170734,1.3707420252585893,-0.04968596124261278
wikipedia,Albert Einstein,einstein,keyword,186,322.7189189189189,0.8091640253069653,-0.5155358025050902
wikipedia,Albert Einstein,theory,keyword,35,1757.1764705882354,2.194032769792907,0.36612680881995724
wikipedia,Albert Einstein,einstein's,keyword,34,1675.969696969697,0.9450399936660651,0.018025952002848823
wikipedia,Albert Einstein,relativity,keyword,29,2127.5,2.850736274691639,0.5667824070276909
wikipedia,Albert Einstein,physics,keyword,29,2002.5357142857142,1.3987643039045854,0.31786367780598346
wikipedia,Albert Einstein,german,keyword,27,1901.8846153846155,1.2342489791734317,0.2200853438315966
wikipedia,Albert Einstein,first,keyword,21,2852.45,0.8267465355585359,
wikipedia,Albert Einstein,was,appaiata,139,430.5869565217391,0.959964944886277,-0.25098773238570066
wikipedia,Albert Einstein,not,appaiata,35,1587.6764705882354,1.0147117886165047,0.10350779343544353
wikipedia,Albert Einstein,be,appaiata,31,1906.7333333333333,0.686989779560314,-0.4918819133176703
wikipedia,Albert Einstein,it,appaiata,31,1886.4,1.2416836986567417,0.40540731549445697
wikipedia,Albert Einstein,when,appaiata,27,2123.076923076923,1.2459453490640922,0.21677052379556638
wikipedia,Albert Einstein,but,appaiata,24,2248.9565217391305,0.8306688908525968,
wikipedia,Albert Einstein,also,appaiata,21,2901.65,0.8214619618148254,
wikipedia,Napoleon,vocali,vocali,18615,3.223165359406898,0.5285357139735899,-0.566999303486748
wikipedia,Napoleon,spazio,spazio,9577,6.264097744360902,0.46709202891181445,-1.0785243550822332
wikipedia,Napoleon,e,lettera,5784,10.37385440083002,0.8284438591789244,-0.37220203088567566
wikipedia,Napoleon,a,lettera,4412,13.59986397642258,0.8628895390571159,-0.3842576544884148
wikipedia,Napoleon,n,lettera,3963,15.142604745078243,0.8508356389284821,-0.3751922441481145
wikipedia,Napoleon,t,lettera,3955,15.170207384926657,0.9113396342161781,-0.23660556063122992
wikipedia,Napoleon,o,lettera,3735,16.062131762185324,0.8899547406884019,-0.29250361156852533
wikipedia,Napoleon,i,lettera,3440,17.434719395173015,0.90588325748927,-0.2386122561624526
wikipedia,Napoleon,r,lettera,3345,17.93421052631579,0.8240682548021848,-0.3531621213213249
wikipedia,Napoleon,s,lettera,2687,22.31608339538347,0.9407287203581413,-0.07691126430324233
wikipedia,Napoleon,h,lettera,2197,27.27185792349727,0.8931669675801854,-0.3220913033413018
wikipedia,Napoleon,d,lettera,2001,29.9785,0.9101174446427382,-0.15588079238798963
wikipedia,Napoleon,l,lettera,1988,30.182687468545545,0.9629322518928112,-0.08971515996608916
wikipedia,Napoleon,c,lettera,1512,39.54202514890801,0.9391289207069952,-0.16555459109734832
wikipedia,Napoleon,f,lettera,1245,48.08681672025723,0.9363748939654016,-0.13570420874056882
wikipedia,Napoleon,u,lettera,1244,48.213193885760255,0.9128725449385641,-0.22960199217275717
wikipedia,Napoleon,p,lettera,1209,49.646523178807946,0.9944335416198237,-0.11862784462547474
wikipedia,Napoleon,m,lettera,1072,55.92903828197946,0.9941783813630323,-0.03866413499709399
wikipedia,Napoleon,b,lettera,783,76.60230179028133,1.0097772834107075,-0.1851491568207461
wikipedia,Napoleon,g,lettera,743,80.73719676549865,0.9806066557571584,-0.11896396170422498
wikipedia,Napoleon,w,lettera,711,84.26760563380282,0.9529896878014417,-0.14392117238751742
wikipedia,Napoleon,the,funzione,750,79.86648865153538,0.906519365157603,-0.515885996974413
wikipedia,Napoleon,of,funzione,408,146.97788697788698,0.9319447256398765,-0.3646564333761115
wikipedia,Napoleon,and,funzione,325,184.15432098765433,0.8484371271101872,-0.43660092729660016
wikipedia,Napoleon,in,funzione,315,190.28025477707007,0.9663977974668424,-0.2912202607642511
wikipedia,Napoleon,to,funzione,268,219.55805243445693,1.0614202594717566,-0.17420939057640975
wikipedia,Napoleon,on,funzione,134,442.57894736842104,1.2003516550997397,-0.08014332974204955
wikipedia,Napoleon,napoleon,keyword,156,386.9225806451613,2.558596816299838,-0.35680321582861213
wikipedia,Napoleon,french,keyword,116,476.62608695652176,1.1147509881763293,-0.30026985897993536
wikipedia,Napoleon,bonaparte,keyword,83,613.0243902439024,3.9728847510135608,-0.26134940693562025
wikipedia,Napoleon,army,keyword,59,1008.5344827586207,1.3644181151871302,0.17522417616957048
wikipedia,Napoleon,france,keyword,59,1011.2413793103449,1.2874043439765346,0.23117735265583117
wikipedia,Napoleon,battle,keyword,46,1188.8444444444444,1.4603468974597442,0.35163258828572336
wikipedia,Napoleon,napoleon's,keyword,30,1908.8275862068965,2.2950524988385093,0.5197800687963512
wikipedia,Napoleon,was,appaiata,124,486.0569105691057,1.1425240957083649,-0.19550123050791696
wikipedia,Napoleon,his,appaiata,116,517.9130434782609,1.1146117828143047,0.013519311662128015
wikipedia,Napoleon,that,appaiata,64,908.047619047619,1.078266054188997,0.1497646031785292
wikipedia,Napoleon,an,appaiata,60,1001.9152542372881,0.8304064580559815,-0.2652141497105085
wikipedia,Napoleon,had,appaiata,51,1089.44,0.9036838648040535,-0.1191091107582145
wikipedia,Napoleon,as,appaiata,46,1321.1333333333334,1.1712546634034544,0.3409485940599571
wikipedia,Napoleon,which,appaiata,32,1838.9032258064517,1.260283106911329,0.021892608381279016
wikipedia,Brazil,vocali,vocali,18384,3.263721916988522,0.581641615636258,-0.5490047620585689
wikipedia,Brazil,spazio,spazio,9246,6.489021092482423,0.483814587910983,-1.04164716993309
wikipedia,Brazil,e,lettera,5354,11.204184569400336,0.8727957217892155,-0.28266907672259944
wikipedia,Brazil,a,lettera,4265,14.067073170731707,0.8686528673934127,-0.4139344732973422
wikipedia,Brazil,t,lettera,4075,14.715758468335787,0.8793765655801223,-0.32994126327853684
wikipedia,Brazil,i,lettera,3962,15.143398131784902,0.9067042619702932,-0.2795701923885156
wikipedia,Brazil,n,lettera,3536,16.94851485148515,0.8663260932942546,-0.3452118293800839
wikipedia,Brazil,o,lettera,3518,17.05743531418823,0.8710591463621844,-0.3331872991722157
wikipedia,Brazil,r,lettera,3458,17.35232860862019,0.8410051631838609,-0.41334106219006583
wikipedia,Brazil,s,lettera,2908,20.61059511523908,0.9081874125903696,-0.19141486923056508
wikipedia,Brazil,l,lettera,2235,26.853625783348253,1.0033375004846785,-0.0612479500834881
wikipedia,Brazil,h,lettera,1847,32.4626218851571,0.9342130987535846,-0.25397375760948615
wikipedia,Brazil,d,lettera,1759,34.10409556313993,0.8853593604665849,-0.21756641869498825
wikipedia,Brazil,c,lettera,1709,35.03747072599531,0.9609291774555132,-0.1417338008256897
wikipedia,Brazil,u,lettera,1285,46.65654205607477,0.9939648566240454,-0.16699318976344077
wikipedia,Brazil,m,lettera,1094,54.77035681610247,0.9805479517563052,-0.11254712535912546
wikipedia,Brazil,f,lettera,1049,57.13740458015267,0.9421519851403815,-0.045324240056879864
wikipedia,Brazil,p,lettera,1027,58.439571150097464,1.0628523195790516,0.03794857862763758
wikipedia,Brazil,g,lettera,951,63.04526315789474,1.0189672576780202,-0.12193021360233038
wikipedia,Brazil,b,lettera,751,79.87733333333334,0.901724553235957,-0.24778899001601065
wikipedia,Brazil,y,lettera,648,92.22565687789799,0.969039115504939,-0.17119084772379814
wikipedia,Brazil,the,funzione,802,74.71410736579276,0.9217952228004712,-0.5542401228193192
wikipedia,Brazil,of,funzione,427,140.42018779342723,0.9521129395340568,-0.38709240053926924
wikipedia,Brazil,and,funzione,363,165.23756906077347,0.7921929266436956,-0.46528992601412855
wikipedia,Brazil,in,funzione,347,172.95664739884393,1.0773693268641178,-0.18943348953477104
wikipedia,Brazil,to,funzione,140,419.9568345323741,1.3023325035124027,-0.011335112209002697
wikipedia,Brazil,is,funzione,105,571.9326923076923,2.184958116256135,-0.02239004129046463
wikipedia,Brazil,brazil,keyword,156,381.81290322580645,0.9140116108500849,-0.4075117190814228
wikipedia,Brazil,brazilian,keyword,46,1274.3333333333333,1.0248421930215041,-0.10994058255255862
wikipedia,Brazil,world,keyword,62,966.983606557377,1.5923587604660698,0.1276153003057615
wikipedia,Brazil,largest,keyword,57,1053.4285714285713,2.009495481751698,0.2325702031483924
wikipedia,Brazil,country,keyword,57,1036.5892857142858,1.232755877339126,0.08126608329942174
wikipedia,Brazil,federal,keyword,32,1743.6129032258063,2.4930572366647055,0.4343141514003134
wikipedia,Brazil,million,keyword,30,2035.3793103448277,1.8190790522304026,0.591282212793293
wikipedia,Brazil,by,appaiata,88,680.5747126436781,1.4297714169284501,0.12217348598751053
wikipedia,Brazil,from,appaiata,48,1216.872340425532,1.3968426631491209,0.1396887574357688
wikipedia,Brazil,are,appaiata,44,763.6511627906976,1.1643330864524664,-0.08074053680244668
wikipedia,Brazil,has,appaiata,42,1430.5365853658536,2.0540086619684703,-0.08622401267040171
wikipedia,Brazil,on,appaiata,42,1342.0975609756097,1.2449273614215737,0.20372949898020767
wikipedia,Brazil,most,appaiata,32,1884.032258064516,1.1776325372593008,0.17690812861176003
wikipedia,Brazil,its,appaiata,31,1955.6333333333334,0.9232372682886865,0.04419076440978134
wikipedia,Artificial intelligence,vocali,vocali,19162,3.1312561974844737,0.502538357604238,-0.5848242956871936
wikipedia,Artificial intelligence,spazio,spazio,8918,6.727486822922508,0.5021002801817502,-0.9865779292134603
wikipedia,Artificial intelligence,e,lettera,6045,9.924553275976175,0.8421445947251421,-0.33634570110113726
wikipedia,Artificial intelligence,a,lettera,4377,13.709323583180987,0.83855698907348,-0.4202049729944632
wikipedia,Artificial intelligence,t,lettera,4132,14.522875816993464,0.8921286711456753,-0.31515801957732653
wikipedia,Artificial intelligence,i,lettera,3889,15.427983539094651,0.9164365678212661,-0.2574290779524759
wikipedia,Artificial intelligence,n,lettera,3750,15.999199786609763,0.8852209082901611,-0.31218872833237243
wikipedia,Artificial intelligence,o,lettera,3505,17.101027397260275,0.8638550167870359,-0.28071714855391683
wikipedia,Artificial intelligence,s,lettera,3417,17.55122950819672,0.9285704895511075,-0.12490922814373519
wikipedia,Artificial intelligence,r,lettera,2990,20.06022080963533,0.9089606220663367,-0.3051623057351403
wikipedia,Artificial intelligence,l,lettera,2148,27.93106660456451,1.0476996410588324,0.01012148809384975
wikipedia,Artificial intelligence,c,lettera,1934,31.03052250387998,0.9128352861962113,-0.2457784328150969
wikipedia,Artificial intelligence,d,lettera,1753,34.18150684931507,0.9433602178780675,-0.15857335010365353
wikipedia,Artificial intelligence,h,lettera,1740,34.481886141460606,0.9809915416213477,-0.23321120040089902
wikipedia,Artificial intelligence,m,lettera,1368,43.701536210680324,0.9793273147695281,-0.10454813082796566
wikipedia,Artificial intelligence,u,lettera,1346,44.55762081784387,0.9387555251360241,-0.19901980128388527
wikipedia,Artificial intelligence,p,lettera,1226,48.91591836734694,0.9790225367882518,-0.04067618517050426
wikipedia,Artificial intelligence,g,lettera,1133,52.93992932862191,1.0450482005860589,-0.0070022726338109425
wikipedia,Artificial intelligence,f,lettera,966,62.119170984455955,0.9669401144688815,-0.010890537498688093
wikipedia,Artificial intelligence,b,lettera,712,84.25035161744023,1.058838218845399,-0.011151311445513528
wikipedia,Artificial intelligence,y,lettera,705,85.09943181818181,1.0225813237763646,-0.15219878731906322
wikipedia,Artificial intelligence,the,funzione,404,148.7940446650124,1.0553568446510002,-0.26143690336613906
wikipedia,Artificial intelligence,and,funzione,296,202.7084745762712,1.0180519254792293,-0.3182761035980988
wikipedia,Artificial intelligence,of,funzione,253,237.70238095238096,0.9945875932270057,-0.19704367847095694
wikipedia,Artificial intelligence,to,funzione,243,244.80578512396696,0.98504477109086,-0.13083310297898496
wikipedia,Artificial intelligence,in,funzione,197,300.32142857142856,0.989331410771687,-0.1836738086948244
wikipedia,Artificial intelligence,that,funzione,134,444.1278195488722,1.0933685902082735,-0.11162717623931971
wikipedia,Artificial intelligence,ai,keyword,153,392.24342105263156,1.688563728110996,-0.14709811036547374
wikipedia,Artificial intelligence,learning,keyword,51,1079.9,1.625682960782408,0.31287463241382696
wikipedia,Artificial intelligence,used,keyword,49,1148.3125,1.1230783706048093,0.07009526647335926
wikipedia,Artificial intelligence,data,keyword,48,1090.1702127659576,1.679127419709479,0.3289803859814422
wikipedia,Artificial intelligence,will,keyword,29,1895.75,1.5388394136762595,0.049890623548930146
wikipedia,Artificial intelligence,models,keyword,28,2074.1111111111113,1.9133281880058652,0.32037624289370265
wikipedia,Artificial intelligence,search,keyword,27,1318.3846153846155,1.8425279091413511,0.5992267906054661
wikipedia,Artificial intelligence,is,appaiata,103,571.4019607843137,1.1818575350397078,0.13984188449722992
wikipedia,Artificial intelligence,with,appaiata,52,1171.8039215686274,0.8421430860654174,-0.16002684211713417
wikipedia,Artificial intelligence,from,appaiata,47,1209.9565217391305,1.1054434963118185,0.023801587046938428
wikipedia,Artificial intelligence,on,appaiata,54,1106.8490566037735,1.1020789551778203,-0.03612683554594121
wikipedia,Artificial intelligence,they,appaiata,30,1947.0689655172414,1.2803067983721772,0.47251791422222506
wikipedia,Artificial intelligence,been,appaiata,28,2088.1111111111113,0.9966850672843656,-0.03292149917271192
wikipedia,Artificial intelligence,other,appaiata,27,2256.576923076923,1.128598909864937,0.2609332444611709
wikipedia,Olympic Games,vocali,vocali,18016,3.330280321953927,0.5062256616700925,-0.6117883418988059
wikipedia,Olympic Games,spazio,spazio,9536,6.292081803880441,0.4583969996094946,-1.1021521114943655
wikipedia,Olympic Games,e,lettera,5935,10.110380856083585,0.8686053814314714,-0.30118228421129717
wikipedia,Olympic Games,t,lettera,4600,13.045227223309416,0.8424974630402741,-0.31119877990730876
wikipedia,Olympic Games,o,lettera,3720,16.125302500672223,0.826924066155291,-0.38951575517825054
wikipedia,Olympic Games,i,lettera,3635,16.500550357732525,0.8484044161311363,-0.31717529277913165
wikipedia,Olympic Games,a,lettera,3607,16.631170271769275,0.8895606576295002,-0.34460924717349245
wikipedia,Olympic Games,n,lettera,3338,17.9736290080911,0.9024305402832238,-0.27454639168286143
wikipedia,Olympic Games,s,lettera,3284,18.25281754492842,0.8721653171676853,-0.235658054433127
wikipedia,Olympic Games,r,lettera,2832,21.179795125397387,0.8720876792385794,-0.2840478699879977
wikipedia,Olympic Games,h,lettera,2301,26.08478260869565,0.8627251754577533,-0.37946642498306177
wikipedia,Olympic Games,l,lettera,1923,31.201873048907387,0.956972157320497,-0.022489953331211426
wikipedia,Olympic Games,c,lettera,1857,32.30765086206897,0.9444288597295487,-0.20477137858301286
wikipedia,Olympic Games,m,lettera,1685,35.60273159144893,1.0217035541969133,-0.02253557274276701
wikipedia,Olympic Games,d,lettera,1590,37.74826935179358,0.939000539813672,-0.1328795968232001
wikipedia,Olympic Games,p,lettera,1264,47.47347585114806,0.9456541523331673,-0.19045389907772095
wikipedia,Olympic Games,u,lettera,1119,53.56350626118068,0.9729740382773879,-0.17048592125907636
wikipedia,Olympic Games,g,lettera,1077,55.73048327137546,0.938422951987659,-0.18611563713313456
wikipedia,Olympic Games,f,lettera,1029,58.181906614785994,0.931729768638969,-0.13432363839686232
wikipedia,Olympic Games,y,lettera,906,66.21878453038674,0.9619735613558156,-0.31420650107251474
wikipedia,Olympic Games,b,lettera,647,92.44582043343654,1.0741014181522073,0.003961740177449738
wikipedia,Olympic Games,the,funzione,1023,58.70352250489237,0.8093249493555746,-0.7068578137602923
wikipedia,Olympic Games,of,funzione,345,173.04651162790697,1.0737319947614639,-0.34817609950360584
wikipedia,Olympic Games,and,funzione,283,211.11347517730496,0.8833630789698422,-0.37923238078952526
wikipedia,Olympic Games,in,funzione,242,247.62240663900414,1.1767096204199365,-0.10496004764002825
wikipedia,Olympic Games,to,funzione,242,247.47302904564316,1.0424626727042556,-0.15276492736373995
wikipedia,Olympic Games,for,funzione,112,520.0450450450451,1.33767971335974,0.0863997709432303
wikipedia,Olympic Games,games,keyword,216,277.153488372093,1.2751924123589826,-0.21208141651472256
wikipedia,Olympic Games,olympic,keyword,186,323.9351351351351,1.1554192304916526,-0.17850222195540838
wikipedia,Olympic Games,olympics,keyword,109,552.9814814814815,1.0285561908598524,-0.07126496142118198
wikipedia,Olympic Games,ioc,keyword,91,612.7222222222222,1.8109375170466273,-0.04442126879718017
wikipedia,Olympic Games,summer,keyword,58,1043.4736842105262,1.775032781399605,0.06753254497237274
wikipedia,Olympic Games,sports,keyword,58,1047.2631578947369,1.921670762676096,0.3862639588776883
wikipedia,Olympic Games,winter,keyword,42,1423.9512195121952,1.5695337642375649,0.2865305958778024
wikipedia,Olympic Games,was,appaiata,90,661.2134831460675,1.6548404337893923,0.08579427788935903
wikipedia,Olympic Games,that,appaiata,80,735.4177215189874,0.9148584573053612,-0.26478929541317925
wikipedia,Olympic Games,as,appaiata,75,780.2702702702703,1.3227233102920335,0.2396248632830325
wikipedia,Olympic Games,were,appaiata,71,770.0857142857143,1.2599851628952428,0.03746396676672045
wikipedia,Olympic Games,is,appaiata,57,840.8214285714286,1.7637164764067055,0.24601933658387004
wikipedia,Olympic Games,from,appaiata,60,991.8135593220339,1.0141693384917883,-0.09113907609868875
wikipedia,Olympic Games,an,appaiata,42,1370.2682926829268,1.170852618060407,0.21363123438514547
wikipedia,World War II,vocali,vocali,18929,3.16980135249366,0.4999754688101301,-0.6208656361622392
wikipedia,World War II,spazio,spazio,9308,6.445900934780273,0.45102950120641205,-1.096600890927221
wikipedia,World War II,e,lettera,5874,10.212838413076792,0.8366021911968283,-0.34686030342805513
wikipedia,World War II,a,lettera,4795,12.512932832707552,0.8850385648301953,-0.323631565327061
wikipedia,World War II,t,lettera,4318,13.887885105397267,0.876054983223646,-0.30282988821845325
wikipedia,World War II,n,lettera,4160,14.416686703534504,0.8215277403089289,-0.4077182975869693
wikipedia,World War II,i,lettera,3924,15.284731073158298,0.8819102731025212,-0.2956998391922186
wikipedia,World War II,o,lettera,3135,19.139119336311424,0.9091894129685248,-0.26169264662999814
wikipedia,World War II,r,lettera,3119,19.241821680564463,0.8772939143444836,-0.30239002429977
wikipedia,World War II,s,lettera,2889,20.752423822714682,0.9259649045118629,-0.14047292755642968
wikipedia,World War II,h,lettera,2002,29.930034982508747,0.8450525201944864,-0.3440393812774996
wikipedia,World War II,d,lettera,1956,30.666496163682865,0.9301466807695679,-0.17539632615329265
wikipedia,World War II,l,lettera,1866,32.16782841823056,1.0200678019934746,0.030048849358820146
wikipedia,World War II,c,lettera,1507,39.787516600265604,0.9806502500929937,-0.04754273137210217
wikipedia,World War II,u,lettera,1201,49.821666666666665,0.9382977832751315,-0.1866821446793737
wikipedia,World War II,m,lettera,1176,51.01531914893617,0.9453378533979195,-0.11087222192974594
wikipedia,World War II,p,lettera,1087,55.17403314917127,1.0113732626910246,0.032085401569847356
wikipedia,World War II,f,lettera,1080,55.44300278035218,0.9917335392788491,-0.012611239166808995
wikipedia,World War II,g,lettera,1042,57.52353506243996,1.008148599536192,-0.09225247347511427
wikipedia,World War II,y,lettera,758,79.03698811096433,0.9925690532722627,-0.16518747506816667
wikipedia,World War II,w,lettera,688,87.13391557496361,1.0972960355823704,-0.029156558652035706
wikipedia,World War II,the,funzione,871,68.83908045977012,0.8338739752156927,-0.6555548060010977
wikipedia,World War II,and,funzione,348,172.1700288184438,0.8897194279885237,-0.430512652165333
wikipedia,World War II,in,funzione,318,188.43848580441642,1.2560099094990766,-0.24614150261827264
wikipedia,World War II,of,funzione,305,196.54276315789474,0.9988692475847516,-0.2781501342166994
wikipedia,World War II,to,funzione,235,254.47435897435898,0.9095263157288419,-0.281669764921253
wikipedia,World War II,on,funzione,117,515.051724137931,1.285097228062152,0.026641241770757797
wikipedia,World War II,soviet,keyword,92,634.8021978021978,1.5311035487008149,-0.016605307201638463
wikipedia,World War II,germany,keyword,90,659.6404494382023,1.5221687404595665,-0.16127526619965218
wikipedia,World War II,german,keyword,76,791.2933333333333,1.5140988918549023,0.12798262883614184
wikipedia,World War II,forces,keyword,68,847.0597014925373,1.310732886461248,0.21659943562392164
wikipedia,World War II,japanese,keyword,67,855.5454545454545,2.2875153845610883,-0.03963707297581567
wikipedia,World War II,japan,keyword,60,976.2881355932203,1.6371640868807669,0.14643575618068333
wikipedia,World War II,united,keyword,53,1073.9038461538462,1.4049383886167124,0.39990718308470485
wikipedia,World War II,war,appaiata,92,638.7362637362637,1.652350438990781,0.16000775496954142
wikipedia,World War II,was,appaiata,81,747.3,0.883594611432213,-0.28248556547797277
wikipedia,World War II,with,appaiata,75,777.027027027027,0.9586297157954738,-0.1571741878496378
wikipedia,World War II,an,appaiata,54,1097.6792452830189,0.9004997885277142,-0.21929427418343353
wikipedia,World War II,had,appaiata,49,1182.625,0.961764568987741,0.02272151113912743
wikipedia,World War II,against,appaiata,48,1200.1702127659576,1.0525361548254284,-0.08691662150640674
wikipedia,World War II,for,appaiata,47,1247.6739130434783,1.160193115987656,0.10655850497372
wikipedia,World War I,vocali,vocali,18389,3.2628888405481837,0.5165241546188949,-0.6132487867936477
wikipedia,World War I,spazio,spazio,9315,6.441163839381576,0.470072122879564,-1.058649044310664
wikipedia,World War I,e,lettera,5880,10.20258547372002,0.8416651036391439,-0.3557572920110035
wikipedia,World War I,a,lettera,4444,13.50033760972316,0.8556632547199173,-0.41963195125080166
wikipedia,World War I,t,lettera,4257,14.091635338345865,0.8590276481252352,-0.26295290849312253
wikipedia,World War I,n,lettera,3832,15.645523362046463,0.8323980592486655,-0.3836562377939707
wikipedia,World War I,i,lettera,3607,16.633666112035495,0.9218195441807778,-0.2542268132006519
wikipedia,World War I,r,lettera,3432,17.475663071990674,0.8388997979761799,-0.42990393312568725
wikipedia,World War I,o,lettera,3173,18.91393442622951,0.8995604270875521,-0.260011307614385
wikipedia,World War I,s,lettera,3040,19.73379401118789,0.9158491442470365,-0.11363820665186249
wikipedia,World War I,h,lettera,2071,28.96135265700483,0.867649130695143,-0.31632146178980886
wikipedia,World War I,d,lettera,1905,31.501575630252102,0.9070485090306492,-0.1588636664693063
wikipedia,World War I,l,lettera,1828,32.82430213464696,1.0487562740853873,0.02461958461489234
wikipedia,World War I,c,lettera,1426,41.98105263157895,0.9515169629462078,-0.12810271689096087
wikipedia,World War I,u,lettera,1285,46.64641744548287,0.9956355176109268,-0.17933207920430255
wikipedia,World War I,m,lettera,1225,48.91748366013072,0.9620903001048928,-0.10344921794094457
wikipedia,World War I,f,lettera,1191,50.40084033613445,0.9948590439361154,-0.03715163161411032
wikipedia,World War I,g,lettera,1046,57.24688995215311,0.9604195772335838,-0.16186697684618098
wikipedia,World War I,p,lettera,897,66.734375,1.0830881876983534,0.10183433650839127
wikipedia,World War I,w,lettera,826,72.69333333333333,0.9788809032569797,-0.15757081676836004
wikipedia,World War I,b,lettera,805,74.29477611940298,1.0387549936703884,-0.17223935277011243
wikipedia,World War I,the,funzione,848,70.77922077922078,0.8645368550342564,-0.5603509422839065
wikipedia,World War I,of,funzione,349,171.81896551724137,1.028905215504774,-0.2905450525363846
wikipedia,World War I,and,funzione,307,195.2156862745098,0.8757868572443559,-0.4093273990316591
wikipedia,World War I,in,funzione,247,239.71951219512195,1.0139107316467582,-0.23441058342383614
wikipedia,World War I,to,funzione,242,246.97510373443984,1.1671914182158485,-0.12885118581661256
wikipedia,World War I,on,funzione,124,457.0650406504065,1.2590773445204937,0.012527146700481804
wikipedia,World War I,german,keyword,90,653.0786516853933,1.465691643467893,0.058115302943089434
wikipedia,World War I,germany,keyword,59,991.3793103448276,1.3449656957210476,0.01724581458469759
wikipedia,World War I,british,keyword,45,1150.6136363636363,1.8942504826273985,0.20515047674225298
wikipedia,World War I,french,keyword,39,1331.6052631578948,1.730708570229563,0.18717342761577405
wikipedia,World War I,army,keyword,38,1410.054054054054,1.1439685190044553,0.22107088419406823
wikipedia,World War I,powers,keyword,35,1676.1470588235295,1.4249782353153413,0.1388379485545746
wikipedia,World War I,battle,keyword,33,1038.84375,1.3836494744875245,0.22494174275690978
wikipedia,World War I,with,appaiata,77,729.6973684210526,0.9698972811759471,-0.19479286145875951
wikipedia,World War I,were,appaiata,53,1081.923076923077,0.9087387791608406,-0.11799590615075173
wikipedia,World War I,an,appaiata,44,1354.7209302325582,0.8571539752197453,-0.28679276547890115
wikipedia,World War I,from,appaiata,38,1565.3243243243244,1.575656556657888,0.35430487064832683
wikipedia,World War I,after,appaiata,36,1499.8,1.222966289732856,-0.006442309342633276
wikipedia,World War I,that,appaiata,34,1602.4545454545455,0.7997916563914009,-0.11484037496872529
wikipedia,World War I,this,appaiata,33,1684.625,0.9948140325174943,0.08542518736448595
wikipedia,Hinduism,vocali,vocali,18943,3.1674057649667406,0.48589742518094126,-0.6270690343476911
wikipedia,Hinduism,spazio,spazio,9074,6.611153973327455,0.5000803587517407,-0.97323917943963
wikipedia,Hinduism,e,lettera,5097,11.768249607535322,0.9422284786464361,-0.2624608476245415
wikipedia,Hinduism,a,lettera,4689,12.795008532423209,0.9249369072648841,-0.2895148522220227
wikipedia,Hinduism,i,lettera,4605,13.031059947871416,0.9125999557686405,-0.3464728004194325
wikipedia,Hinduism,t,lettera,4118,14.56594607724071,0.8776301298065575,-0.31575330342209385
wikipedia,Hinduism,n,lettera,3776,15.890331125827814,0.8303885933573917,-0.37977892784303713
wikipedia,Hinduism,s,lettera,3639,16.489279824079166,0.9142062180911483,-0.23708957359827978
wikipedia,Hinduism,o,lettera,3174,18.89158525055153,0.9774136768130238,-0.20096894788216163
wikipedia,Hinduism,r,lettera,2965,20.219635627530366,0.8923771445667689,-0.34310704480977533
wikipedia,Hinduism,h,lettera,2577,23.286490683229815,0.8905520710661351,-0.3893585748338364
wikipedia,Hinduism,d,lettera,2258,26.57775808595481,0.8291961289190398,-0.31648491912399707
wikipedia,Hinduism,l,lettera,1695,35.40495867768595,1.0602255109697707,0.057590546628835435
wikipedia,Hinduism,c,lettera,1479,40.436400541271986,1.086097886739597,0.03844415891247931
wikipedia,Hinduism,u,lettera,1378,43.56281771968047,0.895380971833723,-0.26540378470262305
wikipedia,Hinduism,m,lettera,1378,43.53522149600581,0.9995436760191051,-0.11629377253335912
wikipedia,Hinduism,f,lettera,1016,59.073891625615765,1.0034711662463074,-0.02315691969655226
wikipedia,Hinduism,p,lettera,864,69.31633835457706,1.1428536689987825,0.1436034436984113
wikipedia,Hinduism,g,lettera,842,71.25326991676576,0.9833907155119119,-0.13264815255557838
wikipedia,Hinduism,v,lettera,672,89.07898658718331,1.1211605919527312,0.018453299292702677
wikipedia,Hinduism,y,lettera,651,91.78,0.9052824328712356,-0.16396680032363933
wikipedia,Hinduism,the,funzione,623,95.12218649517685,1.0381462066660965,-0.37246288503179725
wikipedia,Hinduism,of,funzione,421,142.21666666666667,0.9116050044716641,-0.40295185071659234
wikipedia,Hinduism,and,funzione,409,146.8063725490196,0.7721431826073697,-0.5839136088007019
wikipedia,Hinduism,in,funzione,224,267.58744394618833,1.1288430261516769,-0.1584733533040814
wikipedia,Hinduism,to,funzione,217,272.43981481481484,1.2046706891588457,-0.03163220954181007
wikipedia,Hinduism,as,funzione,156,381.6,0.9996052100048977,0.01321890743831805
wikipedia,Hinduism,hinduism,keyword,148,406.6530612244898,1.0498577158101707,-0.1654431016635435
wikipedia,Hinduism,hindu,keyword,97,622.0729166666666,1.0440491869914308,-0.09658804595653703
wikipedia,Hinduism,dharma,keyword,43,1019.6904761904761,2.754048682422189,0.44154015060061685
wikipedia,Hinduism,religion,keyword,39,1372.657894736842,2.126204479639804,0.2891117619699755
wikipedia,Hinduism,hindus,keyword,37,1620.25,1.178051915919381,0.1739119884078262
wikipedia,Hinduism,traditions,keyword,35,1740.735294117647,1.5359661503566189,0.4558679760854281
wikipedia,Hinduism,life,keyword,32,1766.0645161290322,1.5960577038885675,0.4500243263512416
wikipedia,Hinduism,is,appaiata,151,396.8,1.247850743248405,-0.12236882336072491
wikipedia,Hinduism,that,appaiata,89,661.9431818181819,1.2353446404334432,0.06717372189390439
wikipedia,Hinduism,from,appaiata,44,1336.5116279069769,0.9147598630711429,-0.156644764548708
wikipedia,Hinduism,be,appaiata,40,1409.1025641025642,1.0876416583521666,0.05782617944466098
wikipedia,Hinduism,for,appaiata,37,1631.1944444444443,1.1599151092037014,0.24032112432218197
wikipedia,Hinduism,this,appaiata,36,1455.0285714285715,0.9734184959981645,-0.03854918484375791
wikipedia,Hinduism,according,appaiata,30,1702.551724137931,1.540731909329318,0.4635044823323826
wikipedia,Adolf Hitler,vocali,vocali,18208,3.2953259735266656,0.5010484853048275,-0.6335628604186427
wikipedia,Adolf Hitler,spazio,spazio,9425,6.3657682512733444,0.48011552361435345,-1.017716168550082
wikipedia,Adolf Hitler,e,lettera,5944,10.093891973750631,0.8316563990494511,-0.34463354481879294
wikipedia,Adolf Hitler,t,lettera,4109,14.60223953261928,0.8602509052480468,-0.30848062286284683
wikipedia,Adolf Hitler,a,lettera,4093,14.652737047898338,0.80995426140852,-0.4192088531622838
wikipedia,Adolf Hitler,i,lettera,3879,15.465188241361526,0.8930955469763987,-0.30414765077610717
wikipedia,Adolf Hitler,n,lettera,3636,16.48748280605227,0.8920934722486706,-0.3232295551579627
wikipedia,Adolf Hitler,r,lettera,3509,17.09321550741163,0.8584836188524662,-0.3801580518619066
wikipedia,Adolf Hitler,o,lettera,3195,18.781152160300564,0.8873112251141928,-0.2772797150764562
wikipedia,Adolf Hitler,s,lettera,2803,21.396145610278374,0.9371625916460393,-0.12408409417834139
wikipedia,Adolf Hitler,h,lettera,2397,25.03297161936561,0.8460193925544413,-0.36808071850713653
wikipedia,Adolf Hitler,l,lettera,2115,28.37701040681173,0.979561162372953,-0.05160142087271568
wikipedia,Adolf Hitler,d,lettera,1893,31.710359408033828,0.892353910404227,-0.2025179291846337
wikipedia,Adolf Hitler,c,lettera,1487,40.31493943472409,0.9470578369643858,-0.11935800363089864
wikipedia,Adolf Hitler,m,lettera,1368,43.83321141185077,1.0029643452894457,-0.04205118631525587
wikipedia,Adolf Hitler,u,lettera,1097,54.675182481751825,0.9833835129791793,-0.13792513105673143
wikipedia,Adolf Hitler,p,lettera,1093,54.92032967032967,1.0600533652496655,0.09082427006122229
wikipedia,Adolf Hitler,f,lettera,1070,56.03180542563143,1.0022862555095478,-0.04114530442577939
wikipedia,Adolf Hitler,g,lettera,1048,57.185291308500474,0.9680437925977489,-0.11149069967727598
wikipedia,Adolf Hitler,w,lettera,721,83.22638888888889,0.9577374998347884,-0.12431951160543482
wikipedia,Adolf Hitler,y,lettera,703,85.12250712250712,0.9583461084707585,-0.28322720361720516
wikipedia,Adolf Hitler,the,funzione,704,85.16073968705548,0.9612509737897965,-0.4830579297640942
wikipedia,Adolf Hitler,of,funzione,359,166.74022346368716,0.9822535044386427,-0.28806437940716845
wikipedia,Adolf Hitler,in,funzione,295,203.6326530612245,0.9770026950749532,-0.16190885443224876
wikipedia,Adolf Hitler,and,funzione,284,210.82332155477033,0.8785832835558455,-0.5050246356631349
wikipedia,Adolf Hitler,to,funzione,259,230.30232558139534,0.9494029859940475,-0.2817485500019281
wikipedia,Adolf Hitler,on,funzione,124,482.6747967479675,0.953894149384057,0.004870287394789039
wikipedia,Adolf Hitler,hitler,keyword,233,258.37068965517244,0.7489114203354336,-0.7030527818950197
wikipedia,Adolf Hitler,party,keyword,68,699.820895522388,2.967832851658585,0.26669365881941287
wikipedia,Adolf Hitler,german,keyword,70,866.695652173913,1.2364259543789882,0.0352833641998243
wikipedia,Adolf Hitler,germany,keyword,55,1095.4814814814815,1.4198602454610263,0.14353712534222987
wikipedia,Adolf Hitler,hitler's,keyword,45,1303.1818181818182,1.0486513342841035,-0.20310256493099646
wikipedia,Adolf Hitler,nazi,keyword,35,1148.3823529411766,1.7766796852316187,0.006550445840652003
wikipedia,Adolf Hitler,political,keyword,24,1877.9130434782608,1.2451504733258567,
wikipedia,Adolf Hitler,his,appaiata,123,480.71311475409834,1.3770901848526795,0.10302512835489987
wikipedia,Adolf Hitler,with,appaiata,60,973.1864406779661,1.1289575362652629,-0.1829970156347145
wikipedia,Adolf Hitler,by,appaiata,71,829.6571428571428,0.8164840346703998,-0.30878067718444246
wikipedia,Adolf Hitler,from,appaiata,47,1288.7608695652175,1.0343695939679662,0.05901887821308046
wikipedia,Adolf Hitler,were,appaiata,47,1215.8695652173913,1.3678983512110512,0.33976236867589615
wikipedia,Adolf Hitler,had,appaiata,34,1583.2424242424242,1.0434437677827901,0.14607469113320562
wikipedia,Adolf Hitler,this,appaiata,25,2169.9166666666665,0.8891436025957737,
wikipedia,Rome,vocali,vocali,18422,3.2569350198143425,0.5650306461275387,-0.6032210222442363
wikipedia,Rome,spazio,spazio,9763,6.1457693095677115,0.4739844020427406,-1.0564143360066547
wikipedia,Rome,e,lettera,5697,10.532127808988765,0.8522197929388957,-0.3592000724947269
wikipedia,Rome,t,lettera,4439,13.516899504281207,0.8521826372937839,-0.41641448949732085
wikipedia,Rome,a,lettera,4049,14.818181818181818,0.9003440626235875,-0.36856240911845994
wikipedia,Rome,i,lettera,3806,15.765308804204993,0.9339860288417123,-0.2141742775434952
wikipedia,Rome,o,lettera,3557,16.86586051743532,0.8848939753503131,-0.3237506738821269
wikipedia,Rome,n,lettera,3387,17.71086828115771,0.8413887731217407,-0.3379721708176398
wikipedia,Rome,r,lettera,3171,18.924605678233437,0.8941477136387251,-0.34651145875919087
wikipedia,Rome,s,lettera,2731,21.96227106227106,0.9790124459435563,-0.11158723286929717
wikipedia,Rome,h,lettera,2300,26.06394084384515,0.9217842875204629,-0.3557947509611904
wikipedia,Rome,l,lettera,1913,31.37029288702929,1.0828948386583404,-0.0018255350765534447
wikipedia,Rome,c,lettera,1734,34.60242354298904,0.9431661126939567,-0.16981143729618825
wikipedia,Rome,d,lettera,1696,35.36637168141593,0.9485171020129671,-0.1643092384924655
wikipedia,Rome,m,lettera,1364,44.01393983859134,1.039997421555029,-0.09315734494475861
wikipedia,Rome,u,lettera,1313,45.68978658536585,1.0026973477472152,-0.09866943145324146
wikipedia,Rome,p,lettera,1110,54.080252479711454,1.0570092684592545,0.08049120337768048
wikipedia,Rome,f,lettera,1091,54.93577981651376,0.9098877440718832,-0.16503350127696145
wikipedia,Rome,g,lettera,812,73.72379778051788,1.0099216208075468,0.0214990823663573
wikipedia,Rome,y,lettera,728,82.31774415405778,1.0273492331045448,-0.19051106944245474
wikipedia,Rome,w,lettera,641,93.278125,1.0284277976077931,-0.12882213223479044
wikipedia,Rome,the,funzione,1114,53.76909254267745,0.9672018421207266,-0.66221974096723
wikipedia,Rome,of,funzione,533,112.37593984962406,0.9231332031897245,-0.42582388677988725
wikipedia,Rome,and,funzione,335,178.79341317365268,0.8814579872850238,-0.3649695395031252
wikipedia,Rome,in,funzione,232,254.1861471861472,1.009997094976408,-0.1270552725895284
wikipedia,Rome,to,funzione,185,320.6902173913044,1.2669780034986247,0.025993970806391938
wikipedia,Rome,was,funzione,111,520.6272727272727,1.5129088666554549,-0.005553313760148976
wikipedia,Rome,rome,keyword,172,349.07602339181284,1.2940110968892833,-0.22621104067328293
wikipedia,Rome,city,keyword,139,429.71014492753625,1.135949396145535,-0.10251545589046362
wikipedia,Rome,roman,keyword,48,1232.212765957447,1.151093563954468,0.1576713095977277
wikipedia,Rome,population,keyword,43,1134.2142857142858,2.674865719772095,0.036642350495424976
wikipedia,Rome,italy,keyword,34,1664.4545454545455,1.3004226812761703,0.32141267386943984
wikipedia,Rome,italian,keyword,31,1826.0333333333333,1.7833599315478015,0.5152465084763916
wikipedia,Rome,pope,keyword,33,930.40625,1.848657076289496,0.043857316344466234
wikipedia,Rome,by,appaiata,100,600.3636363636364,1.194411223200068,0.04140496511917743
wikipedia,Rome,is,appaiata,91,659.1111111111111,2.44943524241657,-0.047429297325969
wikipedia,Rome,for,appaiata,48,1204.872340425532,0.9706241052522967,-0.08589053819216107
wikipedia,Rome,this,appaiata,43,1328.4285714285713,1.091202898090475,0.09519221475117769
wikipedia,Rome,after,appaiata,34,1655.2121212121212,1.1431823525799845,0.0011219394313108381
wikipedia,Rome,are,appaiata,32,1748.6774193548388,2.1656987619970867,0.3503834736928777
wikipedia,Rome,it,appaiata,32,1929.0,1.1617797952524451,0.11406720242383749
grok_v01,Industrial Revolution,vocali,vocali,18389,3.262725690667827,0.5682448375515347,-0.5452766127077474
grok_v01,Industrial Revolution,spazio,spazio,8208,7.3091263555501405,0.4500162226710706,-1.062198706213711
grok_v01,Industrial Revolution,e,lettera,5076,11.817733990147783,0.8993811942749947,-0.2947205089778253
grok_v01,Industrial Revolution,i,lettera,4496,13.340378197997776,0.8799724940663375,-0.30762313415761194
grok_v01,Industrial Revolution,t,lettera,4173,14.37895493767977,0.8188075025989878,-0.3948763933780088
grok_v01,Industrial Revolution,n,lettera,4032,14.882411312329447,0.8385565187086349,-0.30716984275428105
grok_v01,Industrial Revolution,a,lettera,3924,15.280907468773897,0.8757425716624069,-0.4232530324525081
grok_v01,Industrial Revolution,r,lettera,3563,16.83941605839416,0.8276556547856437,-0.4011584740083899
grok_v01,Industrial Revolution,o,lettera,3399,17.6518540317834,0.9032750450240654,-0.23131016550394481
grok_v01,Industrial Revolution,s,lettera,3033,19.779023746701846,0.9312020533377899,-0.1599653635097048
grok_v01,Industrial Revolution,l,lettera,2308,25.983961855223235,0.9449517193609293,-0.08091391658209282
grok_v01,Industrial Revolution,d,lettera,2102,28.517372679676345,0.8567727325808914,-0.26828428893517653
grok_v01,Industrial Revolution,c,lettera,1840,32.566068515497555,0.9293344796130215,-0.176199721997498
grok_v01,Industrial Revolution,u,lettera,1494,40.148693904889484,0.9800464901594073,-0.17485039249664544
grok_v01,Industrial Revolution,h,lettera,1446,41.48166089965398,0.9820869913082861,-0.15262752056148224
grok_v01,Industrial Revolution,m,lettera,1269,47.246056782334385,0.8918764303354662,-0.22207499202110417
grok_v01,Industrial Revolution,p,lettera,1234,48.587185725871855,0.9864622221895819,-0.04370795671315743
grok_v01,Industrial Revolution,g,lettera,1167,51.33447684391081,0.894403260715536,-0.17779271356797374
grok_v01,Industrial Revolution,f,lettera,919,65.25925925925925,0.9487859483888612,-0.08396311266209538
grok_v01,Industrial Revolution,y,lettera,788,75.93011435832274,0.9446178412464641,-0.22374863903262185
grok_v01,Industrial Revolution,b,lettera,696,86.03741007194245,0.8802699580650034,-0.2110803509112674
grok_v01,Industrial Revolution,and,funzione,320,187.01880877742946,0.8141336372552309,-0.5321186962765696
grok_v01,Industrial Revolution,the,funzione,257,233.8046875,0.8680298603273763,-0.35254053829968585
grok_v01,Industrial Revolution,in,funzione,224,267.99551569506724,0.9183876751275626,-0.3641532407801163
grok_v01,Industrial Revolution,to,funzione,178,337.7683615819209,0.8571749769606576,-0.3192081059183348
grok_v01,Industrial Revolution,by,funzione,156,383.8322580645161,0.921441024873366,-0.24618848143762637
grok_v01,Industrial Revolution,of,funzione,150,397.96644295302013,1.031487425053121,-0.15484320822098255
grok_v01,Industrial Revolution,industrial,keyword,53,1150.4807692307693,0.9420149940609576,0.008329289979403562
grok_v01,Industrial Revolution,iron,keyword,38,1584.918918918919,2.1332138368869398,0.3498937224604412
grok_v01,Industrial Revolution,labor,keyword,38,1557.2432432432433,1.2535828608129551,0.2067643167073667
grok_v01,Industrial Revolution,production,keyword,31,1978.3,1.2568109724020227,-0.03684219305247238
grok_v01,Industrial Revolution,million,keyword,30,1776.2413793103449,1.7807424128789475,0.20606240241446877
grok_v01,Industrial Revolution,century,keyword,38,1565.027027027027,1.0887308030061764,-0.08513774666721108
grok_v01,Industrial Revolution,coal,keyword,31,1931.7666666666667,2.055335852532424,0.33590245294406523
grok_v01,Industrial Revolution,like,appaiata,45,1341.7954545454545,0.8054233148037032,-0.5968281406398288
grok_v01,Industrial Revolution,that,appaiata,36,1558.4,0.8212602638088143,-0.3258838143029319
grok_v01,Industrial Revolution,on,appaiata,36,1584.3714285714286,1.070866596077157,0.20040798498752269
grok_v01,Industrial Revolution,per,appaiata,31,1959.8333333333333,0.8675067753104212,-0.004956337888945667
grok_v01,Industrial Revolution,though,appaiata,29,1994.3214285714287,0.7317386863611619,-0.5869580884165716
grok_v01,Industrial Revolution,output,appaiata,28,2047.962962962963,1.2784075785339728,-0.0708082675651277
grok_v01,Industrial Revolution,early,appaiata,27,2208.923076923077,0.9267016636237653,0.1427881055631938
grok_v01,Protestantism,vocali,vocali,18389,3.262780073961279,0.5689562841815985,-0.5556900544153044
grok_v01,Protestantism,spazio,spazio,8254,7.266933236398885,0.47049388478133986,-1.0244266982852086
grok_v01,Protestantism,e,lettera,5202,11.534128052297635,0.868548297413459,-0.3100638992924283
grok_v01,Protestantism,i,lettera,4633,12.950561312607945,0.8567422351654361,-0.3167482958896249
grok_v01,Protestantism,t,lettera,4270,14.053174045443898,0.8453082136208419,-0.37296904353470556
grok_v01,Protestantism,n,lettera,3932,15.261002289493767,0.8531607613136808,-0.3770524831349107
grok_v01,Protestantism,a,lettera,3917,15.318692543411645,0.8393553325095142,-0.4193068594627731
grok_v01,Protestantism,s,lettera,3483,17.22458357265939,0.9325224122816438,-0.10531703220091063
grok_v01,Protestantism,r,lettera,3412,17.58751099384345,0.8312056670659401,-0.3992838314580318
grok_v01,Protestantism,o,lettera,3328,18.03306281935678,0.8819676652259536,-0.29138841547958844
grok_v01,Protestantism,l,lettera,2099,28.53908484270734,0.9817833573637914,-0.06166240158256835
grok_v01,Protestantism,c,lettera,2072,28.94205697730565,0.9180938507656421,-0.19355630867200121
grok_v01,Protestantism,h,lettera,1936,30.974160206718345,0.9477402139519008,-0.23642201645139213
grok_v01,Protestantism,d,lettera,1837,32.648148148148145,0.905243349960063,-0.17836076734369521
grok_v01,Protestantism,u,lettera,1309,45.777522935779814,0.9496045076639374,-0.2353829079833281
grok_v01,Protestantism,m,lettera,1265,47.43591772151899,0.9918957566157351,-0.0524590246478275
grok_v01,Protestantism,p,lettera,1140,52.633011413520634,1.0303712777285492,-0.014535789943918197
grok_v01,Protestantism,g,lettera,1115,53.78635547576302,0.9064920280049206,-0.16536343706367676
grok_v01,Protestantism,f,lettera,1006,59.59601990049751,1.0111093593952385,-0.032374881196889624
grok_v01,Protestantism,y,lettera,702,85.34950071326676,0.9602165840308743,-0.22832979845906362
grok_v01,Protestantism,b,lettera,647,92.52786377708978,1.0024094377781412,0.01937110502637672
grok_v01,Protestantism,the,funzione,413,145.20631067961165,0.9408652820585723,-0.3622405783546088
grok_v01,Protestantism,and,funzione,328,182.89908256880733,0.736214447970691,-0.6231331031860525
grok_v01,Protestantism,in,funzione,229,262.2280701754386,0.9518330773129977,-0.30467003492372435
grok_v01,Protestantism,of,funzione,218,276.00921658986175,0.9965437032102332,-0.24902375769964313
grok_v01,Protestantism,to,funzione,157,377.62820512820514,0.97592548518683,-0.2329217586657723
grok_v01,Protestantism,by,funzione,125,476.991935483871,0.9291790806144723,-0.34538617299095903
grok_v01,Protestantism,church,keyword,59,1029.5,1.3059120859967306,0.21216743682277692
grok_v01,Protestantism,protestant,keyword,53,1122.0192307692307,0.9042291765099878,-0.24264789406881368
grok_v01,Protestantism,faith,keyword,49,1219.7083333333333,1.2316217118824468,-0.04706679895757117
grok_v01,Protestantism,alone,keyword,35,1676.9705882352941,1.7170968184626998,0.473247583908562
grok_v01,Protestantism,catholic,keyword,34,1811.0,1.1389735829434964,-0.0817088185418917
grok_v01,Protestantism,authority,keyword,28,2079.814814814815,0.9588853547104422,0.014148852314128647
grok_v01,Protestantism,sola,keyword,28,2118.5555555555557,2.0012633243752895,0.8334921985855887
grok_v01,Protestantism,for,appaiata,51,1156.78,1.1600761785823137,0.32417229066660624
grok_v01,Protestantism,from,appaiata,61,977.8666666666667,0.9929357111485813,-0.10023310893969066
grok_v01,Protestantism,this,appaiata,44,1354.2093023255813,0.8204383858756381,-0.5110826757354179
grok_v01,Protestantism,over,appaiata,36,1683.1142857142856,0.8111382341669018,-0.3173057776541589
grok_v01,Protestantism,through,appaiata,35,1623.1470588235295,0.8867063199257581,-0.18634250836565935
grok_v01,Protestantism,his,appaiata,29,2050.3571428571427,1.1933428714162355,0.0815404761556995
grok_v01,Protestantism,while,appaiata,26,2214.92,0.833156677935121,-0.3293112945857109
grok_v01,Slavery,vocali,vocali,18622,3.221953708178938,0.5762934950110823,-0.5737688990294298
grok_v01,Slavery,spazio,spazio,8408,7.135363387653146,0.4491746555908827,-1.0784628122563387
grok_v01,Slavery,e,lettera,5371,11.172067039106146,0.8508128957326468,-0.3746598693154227
grok_v01,Slavery,a,lettera,4303,13.943979544397955,0.844456950485037,-0.4267922207008093
grok_v01,Slavery,i,lettera,4258,14.08902983321588,0.8813663894850685,-0.2939879198751054
grok_v01,Slavery,t,lettera,3832,15.650221874184286,0.924822963208361,-0.2748383759410253
grok_v01,Slavery,n,lettera,3727,16.09044551798175,0.8695251581667461,-0.3596038834282789
grok_v01,Slavery,r,lettera,3625,16.552704194260485,0.8438049264796349,-0.3966256492140065
grok_v01,Slavery,s,lettera,3351,17.90955223880597,0.9625489620467702,-0.16115332814209501
grok_v01,Slavery,o,lettera,3335,17.98260347930414,0.9179304191518403,-0.29667122590581274
grok_v01,Slavery,l,lettera,2433,24.670230263157894,0.928452063965999,-0.08695296628693566
grok_v01,Slavery,d,lettera,1998,30.00050075112669,0.9001071251301144,-0.1972658400546138
grok_v01,Slavery,c,lettera,1870,32.05831995719636,0.9715444635425254,-0.1988203537374682
grok_v01,Slavery,h,lettera,1435,41.791492329149236,1.0204054883661235,-0.10276330186091062
grok_v01,Slavery,u,lettera,1355,44.25184638109306,0.9067717915896742,-0.22629091510017052
grok_v01,Slavery,m,lettera,1338,44.80403889304413,0.9290153613772139,-0.1438341366510188
grok_v01,Slavery,p,lettera,1127,53.174067495559505,0.9769051853910861,0.0021853423275574042
grok_v01,Slavery,f,lettera,969,61.74586776859504,0.9445444199116589,-0.05269911299552913
grok_v01,Slavery,g,lettera,909,65.82599118942731,0.9257441039759785,-0.13524922424892952
grok_v01,Slavery,v,lettera,754,79.66401062416999,0.9241788292356508,-0.1680756982365745
grok_v01,Slavery,b,lettera,718,83.48535564853556,1.0085540420873462,0.01404299984019961
grok_v01,Slavery,and,funzione,303,197.6456953642384,0.8719522216389675,-0.4257853031302055
grok_v01,Slavery,the,funzione,284,211.04593639575972,1.0964817965372857,-0.27087062906537746
grok_v01,Slavery,in,funzione,275,216.66423357664235,0.7960465830637738,-0.4527627960424285
grok_v01,Slavery,to,funzione,167,360.4457831325301,1.0357326253655494,-0.1888823582442843
grok_v01,Slavery,of,funzione,147,406.9931506849315,0.9335452898593152,-0.20480365666935918
grok_v01,Slavery,from,funzione,111,537.3090909090909,1.140246039894898,-0.09076177338988008
grok_v01,Slavery,labor,keyword,91,661.3111111111111,1.0317904962398385,-0.2665111056796648
grok_v01,Slavery,slavery,keyword,86,705.7294117647059,0.9198173679192798,-0.2291380011499417
grok_v01,Slavery,slaves,keyword,71,824.7857142857143,1.5106461568726752,-0.3102689030735646
grok_v01,Slavery,million,keyword,63,899.7258064516129,1.5445291904429996,0.32651066394971207
grok_v01,Slavery,slave,keyword,49,1233.4166666666667,1.3870922519798388,0.16453725252832524
grok_v01,Slavery,forced,keyword,35,1634.764705882353,1.9868805479620433,0.589485667445988
grok_v01,Slavery,trade,keyword,41,1460.875,1.5713259629658556,0.34405000597737384
grok_v01,Slavery,with,appaiata,91,657.7222222222222,0.7758852249384075,-0.6680760366214763
grok_v01,Slavery,by,appaiata,84,701.1807228915662,0.9636959391077173,-0.20932027102721773
grok_v01,Slavery,th,appaiata,70,819.8405797101449,1.6338303427197711,0.5156084122499632
grok_v01,Slavery,like,appaiata,50,1191.938775510204,1.0399341951522911,-0.15289594910594187
grok_v01,Slavery,where,appaiata,43,1346.1666666666667,0.8163474210817513,-0.39098006210070263
grok_v01,Slavery,but,appaiata,36,1613.6571428571428,0.8284539360003143,-0.5517410566123825
grok_v01,Slavery,through,appaiata,30,2009.0344827586207,0.6705507821650688,-0.65807006835237
grok_v01,Sigmund Freud,vocali,vocali,18994,3.158953298583689,0.5598179580276407,-0.5010493883535622
grok_v01,Sigmund Freud,spazio,spazio,8165,7.348113669769721,0.4812502548846219,-0.987098443976226
grok_v01,Sigmund Freud,e,lettera,5713,10.502275910364146,0.8463834537868303,-0.3518679831684292
grok_v01,Sigmund Freud,i,lettera,4500,13.332740609024228,0.8296599945476094,-0.41312386779163435
grok_v01,Sigmund Freud,t,lettera,3919,15.282286881061767,0.8685998716800746,-0.34301810105019565
grok_v01,Sigmund Freud,s,lettera,3834,15.649360813983824,0.9346523380726943,-0.09106134315482878
grok_v01,Sigmund Freud,a,lettera,3782,15.850568632636868,0.8899146724928612,-0.3418729198626236
grok_v01,Sigmund Freud,n,lettera,3762,15.948949747407605,0.8520329487131284,-0.3387455451232215
grok_v01,Sigmund Freud,r,lettera,3427,17.508464681844718,0.8620135944553423,-0.3269718048413205
grok_v01,Sigmund Freud,o,lettera,3391,17.664601769911503,0.892884293350673,-0.2936076879752601
grok_v01,Sigmund Freud,l,lettera,2061,29.066504854368933,0.9301618044337737,-0.1222617348150637
grok_v01,Sigmund Freud,c,lettera,2060,29.062166100048568,0.9994555248511101,-0.114048436702416
grok_v01,Sigmund Freud,d,lettera,1980,30.313289540171805,0.9295025855163324,-0.17271063256012736
grok_v01,Sigmund Freud,h,lettera,1784,33.541783510936625,0.9740690810866257,-0.19605097933670243
grok_v01,Sigmund Freud,u,lettera,1608,37.33105164903547,0.8838678246832027,-0.33395663799953185
grok_v01,Sigmund Freud,p,lettera,1257,47.69904458598726,0.9564960055371826,-0.12177448908824734
grok_v01,Sigmund Freud,m,lettera,1198,50.11194653299916,0.9929167897851435,-0.022899245199148575
grok_v01,Sigmund Freud,f,lettera,1178,50.96346644010195,0.9437918549348768,-0.12949655565249896
grok_v01,Sigmund Freud,g,lettera,1047,57.346080305927345,0.9501847575810728,-0.07281679666533178
grok_v01,Sigmund Freud,y,lettera,891,67.32359550561797,0.9491682312639765,-0.19784930674710133
grok_v01,Sigmund Freud,v,lettera,561,106.86785714285715,0.9116444032714189,-0.17816213944219403
grok_v01,Sigmund Freud,the,funzione,308,193.39087947882737,1.168558720277055,-0.1487211368645938
grok_v01,Sigmund Freud,and,funzione,247,242.9430894308943,0.8571983299052799,-0.5317076961571352
grok_v01,Sigmund Freud,to,funzione,202,295.0696517412935,0.8492084700338601,-0.3623911843805703
grok_v01,Sigmund Freud,in,funzione,199,301.45454545454544,1.0447073511161862,-0.2293403359696822
grok_v01,Sigmund Freud,of,funzione,185,322.7391304347826,1.2659745633832997,-0.07310987747503404
grok_v01,Sigmund Freud,as,funzione,122,488.6611570247934,0.9022650621116842,-0.3822235448688965
grok_v01,Sigmund Freud,freud,keyword,177,340.8181818181818,0.7730366218434884,-0.6391996426988902
grok_v01,Sigmund Freud,freud's,keyword,62,970.0,0.9299838995890632,-0.22706437796986098
grok_v01,Sigmund Freud,unconscious,keyword,37,1289.75,1.5679598083238944,0.20225614168155764
grok_v01,Sigmund Freud,symptoms,keyword,27,1750.5,1.394182747881661,-0.1681648060254947
grok_v01,Sigmund Freud,sexual,keyword,26,2336.68,0.7883092988232823,-0.14805778664663433
grok_v01,Sigmund Freud,hysteria,keyword,26,2344.64,1.3009306363646653,0.1436947890120511
grok_v01,Sigmund Freud,psychoanalytic,keyword,25,2111.2916666666665,1.0379841823606544,
grok_v01,Sigmund Freud,from,appaiata,92,629.0879120879121,1.0404077699382401,-0.12786631473094906
grok_v01,Sigmund Freud,that,appaiata,60,999.8474576271186,1.1086107128440654,-0.22409254407680224
grok_v01,Sigmund Freud,this,appaiata,38,1530.7567567567567,0.8483372594872042,-0.26006286487133373
grok_v01,Sigmund Freud,but,appaiata,26,2124.4,0.8785159284980608,-0.2228698191172905
grok_v01,Sigmund Freud,like,appaiata,26,2341.76,0.9800410305540946,-0.12473707964526475
grok_v01,Sigmund Freud,than,appaiata,26,2249.16,0.946611996523779,-0.053299848381504575
grok_v01,Sigmund Freud,where,appaiata,26,2319.56,0.955527900443765,-0.19684654106308447
grok_v01,Christianity,vocali,vocali,18466,3.2490658001624695,0.5729089400559624,-0.5447684739045212
grok_v01,Christianity,spazio,spazio,8453,7.096308566019877,0.4608792071664339,-1.0562677496749049
grok_v01,Christianity,e,lettera,5387,11.132008911994058,0.8678064398197541,-0.3226597606392565
grok_v01,Christianity,i,lettera,4805,12.488134887593672,0.9036107712164633,-0.2923499092279115
grok_v01,Christianity,t,lettera,4091,14.665525672371638,0.8455094290742519,-0.3841729275185697
grok_v01,Christianity,n,lettera,3879,15.46621970087674,0.8222793476295339,-0.39275654153303685
grok_v01,Christianity,a,lettera,3734,16.065362978837396,0.8451604929488904,-0.39978079192163657
grok_v01,Christianity,s,lettera,3468,17.304297663686185,0.9230289880214292,-0.13977618533592007
grok_v01,Christianity,r,lettera,3249,18.470135467980295,0.8301087907981906,-0.37938750031930774
grok_v01,Christianity,o,lettera,3198,18.751642164529247,0.9177060120638307,-0.23060648072363876
grok_v01,Christianity,c,lettera,2124,28.253886010362695,0.9519449210690861,-0.20891672392972221
grok_v01,Christianity,h,lettera,2006,29.920199501246884,0.9608823484633007,-0.259574824444026
grok_v01,Christianity,d,lettera,1944,30.829130211013897,0.8821012596027559,-0.21380916618927498
grok_v01,Christianity,l,lettera,1900,31.549236440231702,0.9469676579163193,-0.05484080238687007
grok_v01,Christianity,u,lettera,1342,44.65920954511559,0.9539256747469455,-0.2016138103535925
grok_v01,Christianity,m,lettera,1239,48.38772213247173,0.9176685813431339,-0.12083380936452714
grok_v01,Christianity,g,lettera,1130,53.03808680248007,0.9259158914666934,-0.1753744770079416
grok_v01,Christianity,p,lettera,1077,55.50557620817844,1.0924305236313918,0.027591647995758632
grok_v01,Christianity,f,lettera,926,64.37945945945945,0.9534353914067378,-0.06032547609652486
grok_v01,Christianity,y,lettera,666,90.0406015037594,1.0090927388165194,-0.13119211330030225
grok_v01,Christianity,b,lettera,540,110.98330241187384,1.0442005909431697,0.013937772881724944
grok_v01,Christianity,the,funzione,414,144.41888619854723,1.005785937551696,-0.3073538749822348
grok_v01,Christianity,and,funzione,329,182.28048780487805,0.8316072138892691,-0.5297088458057299
grok_v01,Christianity,in,funzione,221,269.81363636363636,0.9756455491633097,-0.2722396441089072
grok_v01,Christianity,of,funzione,216,276.28372093023256,0.8721663508495666,-0.2560986307606847
grok_v01,Christianity,to,funzione,150,400.6040268456376,1.0545041432391062,-0.16606572608198625
grok_v01,Christianity,as,funzione,127,472.5952380952381,1.0157548063816706,-0.2517389537558233
grok_v01,Christianity,ce,keyword,114,501.4867256637168,4.495128801242311,-0.1404882282438762
grok_v01,Christianity,jesus,keyword,38,1533.027027027027,2.6297783217215733,0.19984454908382987
grok_v01,Christianity,christian,keyword,36,1692.1142857142856,1.0019704970289012,-0.13701026321821425
grok_v01,Christianity,god,keyword,43,1393.2857142857142,2.2478493119345266,0.31138533646551675
grok_v01,Christianity,divine,keyword,29,2104.8928571428573,1.1321569446651776,-0.0274447297934804
grok_v01,Christianity,roman,keyword,29,1241.4285714285713,1.1335198336403383,0.046293563491478756
grok_v01,Christianity,church,keyword,32,1889.8387096774193,1.1590282584103322,0.2907979428215156
grok_v01,Christianity,by,appaiata,108,552.5327102803739,1.0185760649657616,-0.1295606616954835
grok_v01,Christianity,over,appaiata,36,1499.942857142857,0.7237667722485035,-0.41155626809383344
grok_v01,Christianity,his,appaiata,30,1748.9310344827586,1.1486619047676598,0.20184235477979565
grok_v01,Christianity,under,appaiata,29,1340.3214285714287,1.279349980210039,-0.3650522023123306
grok_v01,Christianity,through,appaiata,28,2122.777777777778,1.3636358893795422,0.2440653899368797
grok_v01,Christianity,while,appaiata,26,2275.28,0.7870267925742511,-0.453330671529801
grok_v01,Christianity,faith,appaiata,25,2388.125,1.4131898961909093,
grok_v01,Judaism,vocali,vocali,18892,3.175956804827696,0.5641293760616324,-0.5788342419086301
grok_v01,Judaism,spazio,spazio,8320,7.210121408823176,0.4533994949563485,-1.055286941770901
grok_v01,Judaism,e,lettera,5421,11.063837638376384,0.8585734909388195,-0.3431341806090981
grok_v01,Judaism,i,lettera,4759,12.608869272803698,0.8905612813192729,-0.3177205169893853
grok_v01,Judaism,a,lettera,4152,14.452421103348591,0.8959399767140478,-0.3165192523869408
grok_v01,Judaism,t,lettera,3932,15.256677690155177,0.908132465978588,-0.34024846488936644
grok_v01,Judaism,n,lettera,3712,16.16033414174077,0.8440942794888213,-0.3436565574723176
grok_v01,Judaism,s,lettera,3292,18.215132178669098,0.9302133924610467,-0.12061033376524545
grok_v01,Judaism,o,lettera,3258,18.412956708627572,0.9170387803316925,-0.2418292011223371
grok_v01,Judaism,r,lettera,3195,18.76737633061991,0.8379798786537646,-0.35412530915540796
grok_v01,Judaism,l,lettera,2120,28.288815478999528,0.9916078000254754,-0.030516870042509085
grok_v01,Judaism,d,lettera,2014,29.776949826130153,0.8783122148810447,-0.23844513764197944
grok_v01,Judaism,c,lettera,1995,30.010531594784354,0.9676231152653159,-0.14998562922957315
grok_v01,Judaism,h,lettera,1923,31.198231009365244,0.9770534856215645,-0.22075256709839888
grok_v01,Judaism,m,lettera,1376,43.615272727272725,0.9554839944608403,-0.05388783249863771
grok_v01,Judaism,u,lettera,1302,46.06994619523444,0.9113070591962187,-0.2343737101955405
grok_v01,Judaism,p,lettera,1131,52.98318584070797,1.0554849697977793,0.08472942018089856
grok_v01,Judaism,g,lettera,1027,58.414230019493175,0.9449901919456141,-0.11035067847772889
grok_v01,Judaism,b,lettera,807,74.10049627791564,1.065530880799929,0.17358744095719664
grok_v01,Judaism,f,lettera,757,79.21957671957672,0.9668338018656055,-0.15011825213206334
grok_v01,Judaism,y,lettera,626,95.4288,0.9775660610877421,-0.13984064397099258
grok_v01,Judaism,the,funzione,394,152.57760814249363,1.092731492468804,-0.2291048328697544
grok_v01,Judaism,and,funzione,326,183.87076923076924,0.9418229100904735,-0.48066489330739276
grok_v01,Judaism,in,funzione,195,306.7783505154639,0.9868788398261862,-0.3006667443409126
grok_v01,Judaism,of,funzione,185,325.4891304347826,1.0871900685533737,-0.13589024982030626
grok_v01,Judaism,to,funzione,158,376.1528662420382,0.8123372845655091,-0.36346560845278364
grok_v01,Judaism,as,funzione,105,539.1634615384615,0.9250797963597269,-0.3568121866848402
grok_v01,Judaism,bce,keyword,79,594.9487179487179,2.4840243612747157,0.1630168342255858
grok_v01,Judaism,jewish,keyword,56,1079.5272727272727,1.7229582905303344,-0.015060995770245542
grok_v01,Judaism,ce,keyword,46,1172.3333333333333,1.9553293928893856,0.4023900750257648
grok_v01,Judaism,torah,keyword,39,1463.8947368421052,1.2468485721168452,0.2829549947576587
grok_v01,Judaism,century,keyword,37,1557.7222222222222,1.155288563035779,0.2512706835938406
grok_v01,Judaism,rabbinic,keyword,33,1737.5625,1.0595125592801666,0.16696788509279728
grok_v01,Judaism,divine,keyword,27,1923.3076923076924,0.9566940001577421,-0.36201763358682976
grok_v01,Judaism,from,appaiata,77,770.2368421052631,1.0931122265932294,-0.33367286201892493
grok_v01,Judaism,or,appaiata,51,1118.42,1.440979510216612,0.20027696043017743
grok_v01,Judaism,on,appaiata,44,1384.3023255813953,0.8030390228937819,-0.13844590103879714
grok_v01,Judaism,this,appaiata,36,1675.4,0.878861948836828,-0.08168332140971223
grok_v01,Judaism,th,appaiata,43,1266.0,1.4829740626939454,0.6471865385226027
grok_v01,Judaism,such,appaiata,27,2195.923076923077,0.7510676686078969,-0.44912593829827113
grok_v01,Judaism,under,appaiata,27,2146.5,1.1925960221780123,0.07891604192540794
grok_v01,Roman Empire,vocali,vocali,19083,3.144114872654858,0.5425895828602775,-0.555329358940339
grok_v01,Roman Empire,spazio,spazio,8531,7.032590855803048,0.4608276721620321,-1.0516554375370024
grok_v01,Roman Empire,e,lettera,5521,10.866666666666667,0.8772224437000953,-0.3284453568981417
grok_v01,Roman Empire,i,lettera,4640,12.929079543004958,0.8703529765144155,-0.3088873859642053
grok_v01,Roman Empire,a,lettera,4255,14.09755524212506,0.8527462181666454,-0.4360382984347585
grok_v01,Roman Empire,t,lettera,3964,15.134494070148877,0.848357883260585,-0.34990263427880214
grok_v01,Roman Empire,n,lettera,3950,15.189668270448214,0.8328768019873968,-0.3700557184065614
grok_v01,Roman Empire,r,lettera,3729,16.090128755364805,0.8841943302672265,-0.3109089485705396
grok_v01,Roman Empire,s,lettera,3278,18.296002441257247,0.9167547725372504,-0.10434515470546168
grok_v01,Roman Empire,o,lettera,3068,19.561460710792304,0.9094145347774129,-0.2504553755344467
grok_v01,Roman Empire,d,lettera,2222,26.95092300765421,0.853436353755705,-0.23554323403349425
grok_v01,Roman Empire,l,lettera,2013,29.757455268389663,0.923579216579217,-0.10113557496545884
grok_v01,Roman Empire,c,lettera,1720,34.867364746945896,0.9435958933473675,-0.17402318296828626
grok_v01,Roman Empire,u,lettera,1599,37.51314142678348,1.042155317773779,-0.04189853437043873
grok_v01,Roman Empire,h,lettera,1406,42.69181494661922,0.9753891637552689,-0.16297347726527936
grok_v01,Roman Empire,m,lettera,1310,45.80748663101604,0.9066304846977485,-0.13937492601539822
grok_v01,Roman Empire,p,lettera,1171,51.26068376068376,1.0191285718740195,-0.020126685723824117
grok_v01,Roman Empire,g,lettera,1043,57.38675623800384,0.873479135827681,-0.24264962266055615
grok_v01,Roman Empire,f,lettera,914,65.55969331872946,1.0024522022927922,-0.035738856675611434
grok_v01,Roman Empire,y,lettera,687,87.1807580174927,1.0079789574530915,-0.14629579335200815
grok_v01,Roman Empire,b,lettera,633,94.67246835443038,0.925555506636946,-0.14828849487527346
grok_v01,Roman Empire,the,funzione,435,138.1082949308756,1.0034565957165393,-0.2927673244966624
grok_v01,Roman Empire,and,funzione,376,159.37333333333333,0.7781897897403086,-0.5947820035374545
grok_v01,Roman Empire,in,funzione,205,292.1372549019608,1.0067941289593672,-0.22157340460216388
grok_v01,Roman Empire,to,funzione,178,335.8361581920904,0.9300438766986625,-0.2642357994103449
grok_v01,Roman Empire,of,funzione,167,360.4879518072289,1.1477248431246179,-0.13687452757656068
grok_v01,Roman Empire,by,funzione,111,543.6090909090909,0.7900347698433727,-0.4200323204836159
grok_v01,Roman Empire,ad,keyword,154,388.52287581699346,1.8348004078795666,-0.06027633325813291
grok_v01,Roman Empire,roman,keyword,46,1324.4444444444443,1.1325692519266297,0.18058814845756854
grok_v01,Roman Empire,military,keyword,42,1370.8292682926829,1.175734460773711,-0.014761345568357395
grok_v01,Roman Empire,imperial,keyword,32,1840.483870967742,1.1963896276245856,-0.1564359142857229
grok_v01,Roman Empire,emperor,keyword,35,1535.4705882352941,0.8781065623325138,-0.0727747813486914
grok_v01,Roman Empire,empire,keyword,57,1036.3392857142858,1.211417300947268,0.10176839402506858
grok_v01,Roman Empire,legions,keyword,28,1959.111111111111,1.8525859832830642,0.06206148925480952
grok_v01,Roman Empire,from,appaiata,87,692.9069767441861,1.0853940165706624,-0.29020378373727485
grok_v01,Roman Empire,under,appaiata,40,1526.871794871795,1.0880922690845785,0.09598408312244656
grok_v01,Roman Empire,over,appaiata,33,1819.0,0.7953658648382282,-0.2915119158975154
grok_v01,Roman Empire,at,appaiata,32,1667.5483870967741,0.8831439133277305,-0.16272227933012146
grok_v01,Roman Empire,but,appaiata,30,1771.1724137931035,1.037021294519938,-0.26220706083581974
grok_v01,Roman Empire,this,appaiata,29,2047.392857142857,0.9914762641000168,-0.3893365979946888
grok_v01,Roman Empire,his,appaiata,28,1249.3333333333333,1.5209671258846853,0.08547145363307118
grok_v01,Cold War,vocali,vocali,18849,3.1830432937181663,0.5654512660812401,-0.5497439306721389
grok_v01,Cold War,spazio,spazio,8447,7.1021785460573055,0.4517004335812965,-1.0659652822764272
grok_v01,Cold War,e,lettera,5666,10.587996469549868,0.8548692011016314,-0.33230524622497304
grok_v01,Cold War,i,lettera,4404,13.613218260277083,0.9185747710025199,-0.29680345105752975
grok_v01,Cold War,t,lettera,4090,14.66984592809978,0.8561047402657886,-0.3707124306534928
grok_v01,Cold War,n,lettera,4061,14.768472906403941,0.8662664832397123,-0.36823854976641257
grok_v01,Cold War,a,lettera,3834,15.647795460474823,0.8828364380095213,-0.3536499343422412
grok_v01,Cold War,o,lettera,3510,17.091479053861498,0.8955686813302042,-0.2881091940857835
grok_v01,Cold War,s,lettera,3331,18.00930930930931,0.9452660261962142,-0.10112830415214419
grok_v01,Cold War,r,lettera,3290,18.23593797506841,0.8428932830336638,-0.35969110593057635
grok_v01,Cold War,l,lettera,2049,29.25830078125,0.9726034919255498,-0.046076461309908896
grok_v01,Cold War,d,lettera,1960,30.623277182235835,0.8841501768811094,-0.20169707383814794
grok_v01,Cold War,c,lettera,1918,31.29473135106938,0.9542556779079223,-0.1477567015467001
grok_v01,Cold War,h,lettera,1457,41.184752747252745,0.9820912435326288,-0.131171950749317
grok_v01,Cold War,u,lettera,1435,41.748256624825665,0.9433387271106558,-0.21218859338197807
grok_v01,Cold War,m,lettera,1309,45.79434250764526,0.9729055042684477,-0.014355921767977424
grok_v01,Cold War,g,lettera,1136,52.81057268722467,0.9201162698377681,-0.06931856813429939
grok_v01,Cold War,p,lettera,1116,53.66547085201794,0.9768857919842125,-0.01697653208346627
grok_v01,Cold War,f,lettera,856,70.07602339181287,0.9550057455064885,-0.02609890338241301
grok_v01,Cold War,v,lettera,704,85.00142247510668,1.0004221445173487,-0.18539483892224018
grok_v01,Cold War,b,lettera,615,97.52442996742671,0.9610270494010765,-0.1276666618488301
grok_v01,Cold War,the,funzione,449,133.62723214285714,0.9226372822602478,-0.3555791671434042
grok_v01,Cold War,and,funzione,275,217.6058394160584,0.8564261013022669,-0.446922231811912
grok_v01,Cold War,in,funzione,193,309.8072916666667,0.9452372609245462,-0.2610096251779964
grok_v01,Cold War,to,funzione,187,320.0483870967742,0.907945274688673,-0.36819993668516265
grok_v01,Cold War,of,funzione,168,356.7065868263473,1.0659770496700816,-0.11923253966683806
grok_v01,Cold War,on,funzione,114,510.20353982300884,0.8692080528713678,-0.3118256557372548
grok_v01,Cold War,soviet,keyword,145,414.36805555555554,0.7667281945560421,-0.46133612254509765
grok_v01,Cold War,war,keyword,65,901.234375,1.0683096265568182,0.026685449375945244
grok_v01,Cold War,communist,keyword,42,1342.4146341463415,1.0644758165552815,-0.051386511818412736
grok_v01,Cold War,europe,keyword,32,1398.1612903225807,1.1280623823731282,-0.10607934310379637
grok_v01,Cold War,military,keyword,30,2025.7931034482758,0.6409994468685674,-0.4752568559624415
grok_v01,Cold War,united,keyword,28,2129.5185185185187,1.3463852475590479,0.5824866224747893
grok_v01,Cold War,western,keyword,30,1966.103448275862,1.267564515052307,-0.02693184418739122
grok_v01,Cold War,as,appaiata,80,748.5316455696203,0.9541048647823364,-0.3552774369602724
grok_v01,Cold War,for,appaiata,54,1053.6415094339623,0.9987965200613842,-0.18105801742213143
grok_v01,Cold War,over,appaiata,33,1765.8125,0.7871122102065722,-0.2074458070363767
grok_v01,Cold War,against,appaiata,29,1911.2142857142858,0.9420130791678993,0.04015672396715073
grok_v01,Cold War,but,appaiata,26,2320.76,1.160387180669785,-0.13566127491012403
grok_v01,Cold War,economic,appaiata,26,2255.64,1.3127158124738956,-0.4269717854513787
grok_v01,Cold War,like,appaiata,26,2144.84,1.1338610727977485,-0.07831993362158048
grok_v01,Moscow,vocali,vocali,17966,3.3396047870860004,0.6550881998409169,-0.5400541471455713
grok_v01,Moscow,spazio,spazio,8440,7.107714184145041,0.46293648246866564,-1.0204484241283982
grok_v01,Moscow,e,lettera,5114,11.724232348914532,0.8813357145148057,-0.30137011480348924
grok_v01,Moscow,i,lettera,4324,13.874161461947722,0.8797622623071193,-0.30884089380179786
grok_v01,Moscow,t,lettera,4076,14.71484662576687,0.8682121184847219,-0.355092047519871
grok_v01,Moscow,n,lettera,3683,16.28598587724063,0.836801484661964,-0.3496104724309333
grok_v01,Moscow,a,lettera,3649,16.43969298245614,0.8820248234150807,-0.37575573361256953
grok_v01,Moscow,o,lettera,3519,17.04206935758954,0.8970862594100809,-0.26003556184203924
grok_v01,Moscow,r,lettera,3412,17.574611550864848,0.822689738108804,-0.3997485442871616
grok_v01,Moscow,s,lettera,3286,18.26088280060883,0.9739274784207981,-0.10513696524274181
grok_v01,Moscow,c,lettera,2003,29.96803196803197,0.9040229385656247,-0.22257565755988631
grok_v01,Moscow,l,lettera,2003,29.94855144855145,0.9732394216890263,-0.07152720674249662
grok_v01,Moscow,d,lettera,1805,33.22838137472284,0.8627316186351875,-0.22949810597261888
grok_v01,Moscow,h,lettera,1476,40.64,0.9913892613157972,-0.11802352255197872
grok_v01,Moscow,u,lettera,1360,44.09639440765269,0.9246748285412307,-0.27951470577505305
grok_v01,Moscow,m,lettera,1256,47.76812749003984,0.9361943224487982,-0.1475617942727621
grok_v01,Moscow,p,lettera,1052,56.921027592768795,1.0024964248206285,0.08229556999797574
grok_v01,Moscow,g,lettera,1050,57.15157292659676,0.9322421531659728,-0.1801954685451658
grok_v01,Moscow,f,lettera,904,66.38316722037652,1.0598184373237087,0.06576293005677165
grok_v01,Moscow,y,lettera,736,81.21632653061225,0.8942712518386443,-0.19664650423314725
grok_v01,Moscow,v,lettera,664,90.01659125188537,1.0990968737220375,-0.030300559666065444
grok_v01,Moscow,the,funzione,448,134.05369127516778,1.247324363598137,-0.2591510572415933
grok_v01,Moscow,and,funzione,292,205.99312714776633,0.8055491418196004,-0.5533050378685921
grok_v01,Moscow,of,funzione,210,281.79904306220095,0.991799846499321,-0.14913898239222087
grok_v01,Moscow,in,funzione,192,310.1937172774869,0.9677787242484903,-0.2750162038457705
grok_v01,Moscow,to,funzione,155,383.37012987012986,0.9742422480122517,-0.21338792745704285
grok_v01,Moscow,by,funzione,109,501.287037037037,0.9212148298861558,-0.19336895556296044
grok_v01,Moscow,moscow,keyword,155,388.2597402597403,0.8837260628074035,-0.5014204357737828
grok_v01,Moscow,moscow's,keyword,47,1159.0434782608695,1.046152664006514,-0.41783251452485337
grok_v01,Moscow,city,keyword,64,931.6984126984127,0.9639588042140529,-0.2757619246665649
grok_v01,Moscow,population,keyword,31,1500.0333333333333,1.3803900999103582,0.24656548133690898
grok_v01,Moscow,central,keyword,26,2387.56,1.3543379930990957,-0.2559367715397451
grok_v01,Moscow,million,keyword,25,2358.0416666666665,1.9984599244357326,
grok_v01,Moscow,russian,keyword,24,2417.304347826087,1.1736407099531907,
grok_v01,Moscow,with,appaiata,99,597.8469387755102,0.782079104412814,-0.5721644822748504
grok_v01,Moscow,for,appaiata,48,1215.6808510638298,1.2434303421888213,0.05871777872504834
grok_v01,Moscow,on,appaiata,44,1378.4883720930231,1.012304211094969,-0.3260181548206598
grok_v01,Moscow,under,appaiata,31,1965.8333333333333,0.9672231014292514,0.0343074742525317
grok_v01,Moscow,or,appaiata,25,2119.0833333333335,1.4781134490964736,
grok_v01,Moscow,which,appaiata,25,2357.8333333333335,0.6892167828161514,
grok_v01,Moscow,economic,appaiata,23,2351.590909090909,0.9620531334012703,
grok_v01,Nelson Mandela,vocali,vocali,18868,3.179784809455663,0.5494796543236498,-0.5900960070089649
grok_v01,Nelson Mandela,spazio,spazio,8427,7.1197483978162825,0.4613828209120244,-1.03196723638645
grok_v01,Nelson Mandela,e,lettera,5468,10.970916407536127,0.8550532899398365,-0.3250396017190738
grok_v01,Nelson Mandela,i,lettera,4422,13.562090024881249,0.8879585270769266,-0.2978403868881361
grok_v01,Nelson Mandela,a,lettera,4391,13.65990888382688,0.901710539725466,-0.39010744009315534
grok_v01,Nelson Mandela,n,lettera,4177,14.364942528735632,0.8465018370763708,-0.3577537539802639
grok_v01,Nelson Mandela,t,lettera,4023,14.89433117851815,0.8665112063065957,-0.33447619342190427
grok_v01,Nelson Mandela,o,lettera,3291,18.23373860182371,0.8823971009320594,-0.30821171289731336
grok_v01,Nelson Mandela,r,lettera,3273,18.323044009779952,0.8476562008132186,-0.33477214294982033
grok_v01,Nelson Mandela,s,lettera,3092,19.389841475250726,0.9399415648016635,-0.09769606876934626
grok_v01,Nelson Mandela,l,lettera,2216,27.07629796839729,0.968269899392414,-0.06682806158267166
grok_v01,Nelson Mandela,d,lettera,2174,27.58950759318914,0.8825326125155745,-0.23987476412614545
grok_v01,Nelson Mandela,c,lettera,1917,31.271398747390396,0.9647584714179426,-0.16747310800594617
grok_v01,Nelson Mandela,h,lettera,1579,38.00190114068441,0.9622911981431687,-0.16991487489181437
grok_v01,Nelson Mandela,m,lettera,1409,42.56747159090909,1.0017514133720977,-0.042346983223811654
grok_v01,Nelson Mandela,u,lettera,1296,46.28957528957529,0.9831119997273678,-0.14618058397022626
grok_v01,Nelson Mandela,g,lettera,1210,49.46650124069479,0.9090020882994218,-0.1459918435578427
grok_v01,Nelson Mandela,p,lettera,1120,53.41197497765862,0.9804823630728623,-0.017153810036947263
grok_v01,Nelson Mandela,f,lettera,903,66.34478935698448,0.956108763587809,-0.03843108779435819
grok_v01,Nelson Mandela,y,lettera,603,99.5813953488372,0.9620746056427691,-0.19024234685248367
grok_v01,Nelson Mandela,b,lettera,569,105.51232394366197,0.9724623632107299,0.008488428879300798
grok_v01,Nelson Mandela,the,funzione,372,160.70619946091645,1.0610547336784424,-0.3092745262808676
grok_v01,Nelson Mandela,and,funzione,292,205.06872852233678,0.768459784370331,-0.5873672947277182
grok_v01,Nelson Mandela,to,funzione,220,272.4566210045662,0.8654616862486144,-0.3774478609419671
grok_v01,Nelson Mandela,in,funzione,180,333.5754189944134,0.9562895250768115,-0.25974420397928316
grok_v01,Nelson Mandela,of,funzione,153,386.0328947368421,0.9801408014416201,-0.10777915840703704
grok_v01,Nelson Mandela,on,funzione,99,603.7142857142857,1.0531160136657982,-0.1743205154166077
grok_v01,Nelson Mandela,mandela,keyword,144,415.993006993007,0.6943556360226835,-0.6717524649929278
grok_v01,Nelson Mandela,anc,keyword,87,659.8139534883721,1.6400576981922639,-0.04656827441453029
grok_v01,Nelson Mandela,south,keyword,49,1212.8125,1.0833232578897507,0.010180482623768068
grok_v01,Nelson Mandela,african,keyword,46,1274.4444444444443,1.1748795997310983,0.21498532497413309
grok_v01,Nelson Mandela,national,keyword,36,1662.4285714285713,1.5219473162091888,0.37240183740391414
grok_v01,Nelson Mandela,mandela's,keyword,35,1717.5294117647059,1.228269231929825,-0.36369846133076744
grok_v01,Nelson Mandela,government,keyword,34,1758.7575757575758,1.2753451830652502,-0.1870245418920233
grok_v01,Nelson Mandela,as,appaiata,96,615.7894736842105,0.9930182298272101,-0.193509146069751
grok_v01,Nelson Mandela,with,appaiata,67,888.5454545454545,0.7716679168600135,-0.3786336358653778
grok_v01,Nelson Mandela,at,appaiata,47,1229.0652173913043,0.9927398807465355,-0.14373269816989379
grok_v01,Nelson Mandela,he,appaiata,41,1475.1,1.5230812964313816,0.09543205296671299
grok_v01,Nelson Mandela,including,appaiata,36,1657.1142857142856,0.7912015283530429,-0.36852384742416616
grok_v01,Nelson Mandela,that,appaiata,36,1653.142857142857,1.0036549799711607,0.1251738101049307
grok_v01,Nelson Mandela,was,appaiata,32,1828.3870967741937,1.0899457184751995,0.14016266294655813
grok_v01,Ancient Rome,vocali,vocali,18961,3.16418776371308,0.5803211641416066,-0.5337096641970521
grok_v01,Ancient Rome,spazio,spazio,8505,7.054444967074318,0.44739085751778845,-1.0876605615165549
grok_v01,Ancient Rome,e,lettera,5352,11.210427957391142,0.8997538170700866,-0.29672680371619115
grok_v01,Ancient Rome,i,lettera,4645,12.912360034453057,0.8702358129402312,-0.31081321418201324
grok_v01,Ancient Rome,a,lettera,4400,13.624232780177312,0.8676626571072451,-0.40342052996893024
grok_v01,Ancient Rome,n,lettera,3917,15.315372829417774,0.8397676295969722,-0.3554971710460656
grok_v01,Ancient Rome,t,lettera,3774,15.896633978266632,0.8760348813705747,-0.327391195430878
grok_v01,Ancient Rome,r,lettera,3504,17.12560662289466,0.8385584629337485,-0.36738776599335493
grok_v01,Ancient Rome,s,lettera,3281,18.28170731707317,0.9378782936772447,-0.09398054142580009
grok_v01,Ancient Rome,o,lettera,2877,20.8567454798331,0.9118211154789256,-0.2586377249488299
grok_v01,Ancient Rome,l,lettera,2245,26.689393939393938,0.9929490834090886,-0.060872469272233914
grok_v01,Ancient Rome,d,lettera,2044,29.33186490455213,0.8996050030547972,-0.19510913788935125
grok_v01,Ancient Rome,c,lettera,2001,29.943,0.9490186446055485,-0.20213373894662576
grok_v01,Ancient Rome,u,lettera,1687,35.48339264531435,1.007636551222065,-0.13066553324873517
grok_v01,Ancient Rome,h,lettera,1436,41.742160278745644,0.9684770600735776,-0.14409916387212818
grok_v01,Ancient Rome,m,lettera,1308,45.89517980107116,0.9687437062303182,-0.09508445119911932
grok_v01,Ancient Rome,p,lettera,1164,51.00859845227859,0.9398543644307253,-0.03714441826495233
grok_v01,Ancient Rome,g,lettera,1129,53.0177304964539,0.9199138201945506,-0.1570445006962685
grok_v01,Ancient Rome,f,lettera,827,72.51573849878935,0.9668342948872097,-0.09439010815215969
grok_v01,Ancient Rome,b,lettera,798,75.07151819322459,0.9969603650250969,-0.15290345074365919
grok_v01,Ancient Rome,y,lettera,714,83.95371669004207,0.9569698357548411,-0.1388487251919886
grok_v01,Ancient Rome,the,funzione,384,155.46736292428199,0.9224932422907497,-0.35149973991258937
grok_v01,Ancient Rome,and,funzione,376,159.19466666666668,0.7499162519776926,-0.6362446122061599
grok_v01,Ancient Rome,in,funzione,195,304.75773195876286,1.2254860277588258,-0.1617519686591142
grok_v01,Ancient Rome,of,funzione,155,381.5779220779221,1.2257701268866152,-0.17661585958325288
grok_v01,Ancient Rome,to,funzione,145,413.25694444444446,1.0239410071406987,-0.1322672836052498
grok_v01,Ancient Rome,by,funzione,114,526.8318584070796,1.0150861877877,-0.29149991785182117
grok_v01,Ancient Rome,bc,keyword,144,343.8041958041958,2.507416010710383,-0.03381503614446665
grok_v01,Ancient Rome,ad,keyword,81,735.35,4.544390318320435,-0.018759377931705134
grok_v01,Ancient Rome,roman,keyword,49,1222.0416666666667,1.2283297446124226,0.04731438642100355
grok_v01,Ancient Rome,military,keyword,37,1615.9166666666667,0.8404309537802757,-0.31305286388977466
grok_v01,Ancient Rome,rome,keyword,45,1356.340909090909,0.9923827046901315,0.14551733072807477
grok_v01,Ancient Rome,senatorial,keyword,22,2192.9523809523807,1.0871070256338957,
grok_v01,Ancient Rome,war,keyword,22,1700.8095238095239,1.3419805363831505,
grok_v01,Ancient Rome,with,appaiata,74,785.2876712328767,0.8880347235771714,-0.6232088537491078
grok_v01,Ancient Rome,from,appaiata,70,841.2608695652174,0.9812846242337712,-0.20296578823248462
grok_v01,Ancient Rome,for,appaiata,48,1162.276595744681,1.0741668887369422,0.013446093684329287
grok_v01,Ancient Rome,on,appaiata,40,1481.4615384615386,1.0095949928812247,0.025970631490772136
grok_v01,Ancient Rome,while,appaiata,31,1930.1,0.7959857135233173,-0.3342830969785474
grok_v01,Ancient Rome,though,appaiata,22,2353.6190476190477,0.6735253719876909,
grok_v01,Ancient Rome,which,appaiata,22,2567.809523809524,1.1016926773015505,
grok_v01,Ottoman Empire,vocali,vocali,18910,3.172933523718864,0.5840193687750336,-0.5816283959251966
grok_v01,Ottoman Empire,spazio,spazio,8140,7.370930089691608,0.447351792934003,-1.0621241978419496
grok_v01,Ottoman Empire,e,lettera,5397,11.115455893254262,0.8718551469090913,-0.3105271045321426
grok_v01,Ottoman Empire,i,lettera,4607,13.02062527138515,0.8923266844734188,-0.3112645873955195
grok_v01,Ottoman Empire,a,lettera,4379,13.70306075833714,0.8550943328965029,-0.36183239926019406
grok_v01,Ottoman Empire,t,lettera,4275,14.034861956013103,0.883700657156935,-0.27253334403371765
grok_v01,Ottoman Empire,n,lettera,3960,15.152563778732002,0.8617580609303334,-0.3499297272006901
grok_v01,Ottoman Empire,r,lettera,3415,17.567662565905096,0.8765558372310334,-0.303220522060929
grok_v01,Ottoman Empire,s,lettera,3236,18.534466769706338,0.9291467477008835,-0.12196472444552679
grok_v01,Ottoman Empire,o,lettera,3066,19.57357259380098,0.9160821484150832,-0.24025042150270526
grok_v01,Ottoman Empire,l,lettera,2200,27.210550250113688,0.9405085304904074,-0.07803298287990604
grok_v01,Ottoman Empire,d,lettera,2047,29.290811339198434,0.8408358462884999,-0.24192461315731142
grok_v01,Ottoman Empire,c,lettera,1707,35.11664712778429,0.908047791839462,-0.22197754142482376
grok_v01,Ottoman Empire,h,lettera,1482,40.471303173531396,0.9097887552335299,-0.2026673629071952
grok_v01,Ottoman Empire,u,lettera,1461,41.02739726027397,0.9191743669116784,-0.19945614891607147
grok_v01,Ottoman Empire,m,lettera,1397,42.939828080229226,0.995438860310768,-0.08970991239556443
grok_v01,Ottoman Empire,p,lettera,1151,52.106086956521736,0.9661856054394314,-0.023526106093726868
grok_v01,Ottoman Empire,g,lettera,1099,54.482695810564664,0.927053839191902,-0.1782131328933366
grok_v01,Ottoman Empire,f,lettera,871,68.83218390804598,1.0134201789252684,0.03520761140223486
grok_v01,Ottoman Empire,y,lettera,765,78.43062827225131,0.9871116573567837,-0.12033030284122627
grok_v01,Ottoman Empire,v,lettera,622,95.86795491143317,1.053586502252538,-0.054316284279243364
grok_v01,Ottoman Empire,the,funzione,372,161.54177897574124,0.9802044120426746,-0.34625186553851806
grok_v01,Ottoman Empire,and,funzione,327,183.00613496932516,0.720048164860998,-0.6373923613779294
grok_v01,Ottoman Empire,of,funzione,168,354.8383233532934,1.0556447446042054,-0.2485120930259732
grok_v01,Ottoman Empire,in,funzione,164,366.73006134969324,0.9515808678634188,-0.23183685714212474
grok_v01,Ottoman Empire,to,funzione,159,373.0632911392405,0.8762395129739032,-0.3959247389114148
grok_v01,Ottoman Empire,by,funzione,99,603.704081632653,0.8460565139541308,-0.3767275441618667
grok_v01,Ottoman Empire,ottoman,keyword,81,738.25,0.9122742694612304,-0.21058163707304506
grok_v01,Ottoman Empire,century,keyword,52,1141.0588235294117,1.349070261311473,-0.02160379591659307
grok_v01,Ottoman Empire,military,keyword,37,1656.0,0.8137126157487434,-0.33191503743309053
grok_v01,Ottoman Empire,fiscal,keyword,28,1772.037037037037,1.0826529509338942,0.04197122916861969
grok_v01,Ottoman Empire,european,keyword,23,2418.181818181818,1.5685268991787187,
grok_v01,Ottoman Empire,administrative,keyword,21,2817.75,1.2439294323424597,
grok_v01,Ottoman Empire,imperial,keyword,20,2805.1052631578946,0.913072905793358,
grok_v01,Ottoman Empire,from,appaiata,76,773.7466666666667,0.7950729340070325,-0.34680046228394096
grok_v01,Ottoman Empire,on,appaiata,43,1327.857142857143,0.9637968127507482,-0.3153603081083414
grok_v01,Ottoman Empire,that,appaiata,37,1601.9166666666667,0.9919016076418787,-0.376783912411997
grok_v01,Ottoman Empire,through,appaiata,28,2208.8518518518517,0.7928978471177444,-0.5429015668130024
grok_v01,Ottoman Empire,amid,appaiata,23,2622.3636363636365,0.9415592737310209,
grok_v01,Ottoman Empire,such,appaiata,20,3091.1052631578946,0.782922322754727,
grok_v01,Ottoman Empire,while,appaiata,20,3117.0,0.8824637670814277,
grok_v01,American Civil War,vocali,vocali,18399,3.261060984889662,0.6009854977911814,-0.5356434943306346
grok_v01,American Civil War,spazio,spazio,8506,7.05326278659612,0.453601930313652,-1.068519342568899
grok_v01,American Civil War,e,lettera,5729,10.473463687150838,0.9006986684425927,-0.2659906716555442
grok_v01,American Civil War,n,lettera,4053,14.802813425468905,0.8730242571721896,-0.3579505248561752
grok_v01,American Civil War,t,lettera,3999,14.999249624812407,0.9244173572750843,-0.2221213643979355
grok_v01,American Civil War,i,lettera,3887,15.436438497169325,0.9780950035622327,-0.25144618345132796
grok_v01,American Civil War,a,lettera,3872,15.499095840867993,0.8514850773550937,-0.3786684481750294
grok_v01,American Civil War,o,lettera,3533,16.961778029445075,0.857933970683534,-0.3344610633430475
grok_v01,American Civil War,r,lettera,3477,17.26006904487917,0.8389791019411185,-0.3430572223999484
grok_v01,American Civil War,s,lettera,3324,18.02949142341258,0.9678777352107859,-0.053500251679248545
grok_v01,American Civil War,d,lettera,2092,28.63797226207556,0.8422475625202465,-0.2612856680531146
grok_v01,American Civil War,l,lettera,2050,29.271839921913127,0.9794586178530466,-0.014680583502045918
grok_v01,American Civil War,c,lettera,1753,34.23401826484018,0.917829764520479,-0.24156735226965073
grok_v01,American Civil War,h,lettera,1492,40.22132796780684,0.9478247532169698,-0.19076532952684203
grok_v01,American Civil War,u,lettera,1378,43.495279593318806,0.9377828961770484,-0.269214704698849
grok_v01,American Civil War,m,lettera,1121,53.54107142857143,0.9568228622463926,-0.0470197637696855
grok_v01,American Civil War,p,lettera,1086,55.11059907834101,1.0973728905319087,0.14004705316457913
grok_v01,American Civil War,f,lettera,1052,56.98192197906756,0.936842979810678,-0.016477314442328517
grok_v01,American Civil War,g,lettera,1002,59.7992007992008,0.9194839206239347,-0.10327176582107818
grok_v01,American Civil War,y,lettera,679,88.03834808259587,1.02114668884413,-0.16677912515357957
grok_v01,American Civil War,v,lettera,663,90.42296072507553,1.0129859346569199,-0.17173199541415346
grok_v01,American Civil War,the,funzione,421,142.03809523809525,1.004130210408173,-0.33098552557358557
grok_v01,American Civil War,and,funzione,301,198.55666666666667,0.8446370610376168,-0.5374927789479863
grok_v01,American Civil War,of,funzione,213,279.14622641509436,0.9192699685111274,-0.23465388588085487
grok_v01,American Civil War,to,funzione,189,316.9255319148936,0.9286071709030899,-0.3513422202561696
grok_v01,American Civil War,in,funzione,165,361.8841463414634,0.8955571374639696,-0.20545063983416523
grok_v01,American Civil War,on,funzione,126,463.568,1.110837028004534,-0.03575687739504523
grok_v01,American Civil War,union,keyword,111,542.6545454545454,1.547221041924492,-0.14977181653325475
grok_v01,American Civil War,confederate,keyword,81,746.25,1.6893860489145816,-0.08916609465602161
grok_v01,American Civil War,states,keyword,55,1090.3333333333333,2.550902285186139,0.3103653046381637
grok_v01,American Civil War,northern,keyword,43,1324.3809523809523,0.9591474953645776,-0.01137000416914329
grok_v01,American Civil War,southern,keyword,35,1668.5588235294117,1.7098103493725405,0.2205047096058053
grok_v01,American Civil War,april,keyword,34,1759.121212121212,2.1561701577057892,0.3508869329239505
grok_v01,American Civil War,slavery,keyword,54,1083.8301886792453,3.2491134659548973,0.005500036048460295
grok_v01,American Civil War,by,appaiata,82,727.9876543209876,1.1434144136790256,-0.11262732605476541
grok_v01,American Civil War,as,appaiata,76,791.8,1.3445009569092885,0.002428064445638487
grok_v01,American Civil War,from,appaiata,50,1185.7551020408164,1.2141983451838845,0.027750052188599387
grok_v01,American Civil War,for,appaiata,42,1421.3902439024391,1.1138910483448579,0.15014221758816448
grok_v01,American Civil War,but,appaiata,33,1736.65625,0.7262429494722429,-0.6931217781652802
grok_v01,American Civil War,over,appaiata,32,1825.774193548387,1.4491428528584624,0.042969019013620664
grok_v01,American Civil War,federal,appaiata,28,2138.740740740741,1.8584528486629417,0.05372496494022198
grok_v01,United Kingdom,vocali,vocali,18477,3.2469690409179477,0.575292250809539,-0.5384881275629992
grok_v01,United Kingdom,spazio,spazio,8346,7.1889754343918515,0.4567847251925352,-1.0581278701533496
grok_v01,United Kingdom,e,lettera,5439,11.03107760205958,0.8874750610231112,-0.3126007622990917
grok_v01,United Kingdom,i,lettera,4468,13.425117528542646,0.8776211415667198,-0.29378711658385853
grok_v01,United Kingdom,t,lettera,4172,14.381443298969073,0.8338902177107559,-0.3542102383121953
grok_v01,United Kingdom,n,lettera,4119,14.562166100048568,0.8723991968801487,-0.3345725894794801
grok_v01,United Kingdom,a,lettera,3822,15.685160952630202,0.8720815612978713,-0.3881705708956676
grok_v01,United Kingdom,r,lettera,3377,17.757997630331754,0.8671012756647307,-0.35336145317137635
grok_v01,United Kingdom,o,lettera,3366,17.823774145616643,0.8791692308851842,-0.31157153135618787
grok_v01,United Kingdom,s,lettera,3108,19.27679433537174,0.9562153539326452,-0.11720732050624821
grok_v01,United Kingdom,l,lettera,2239,26.735478105451296,0.9356976378463951,-0.0948977285919488
grok_v01,United Kingdom,d,lettera,1911,31.39738219895288,0.9033672398061837,-0.22894863495614534
grok_v01,United Kingdom,c,lettera,1812,33.05411374930977,0.9274096505082695,-0.21177504556184362
grok_v01,United Kingdom,h,lettera,1446,41.49757785467128,1.0455700892643547,-0.0917210418423925
grok_v01,United Kingdom,u,lettera,1382,43.401882693700216,0.9490873794210934,-0.20435241266367343
grok_v01,United Kingdom,m,lettera,1256,47.73067729083665,0.9641966619877261,-0.043314023142408
grok_v01,United Kingdom,g,lettera,1240,48.37126715092817,0.8607894629124716,-0.19154042600525936
grok_v01,United Kingdom,p,lettera,1114,53.7151841868823,1.0238068244419534,0.04219418017724792
grok_v01,United Kingdom,f,lettera,939,63.90085287846482,0.9278095329787389,-0.08939243656466468
grok_v01,United Kingdom,y,lettera,697,85.558908045977,0.9162228732776129,-0.18037299294225842
grok_v01,United Kingdom,v,lettera,660,90.82094081942337,0.9687610449534468,-0.10137276969966175
grok_v01,United Kingdom,the,funzione,395,152.19289340101523,1.1307336249358795,-0.28707907573261937
grok_v01,United Kingdom,and,funzione,292,204.15807560137458,0.8538244654657319,-0.5151457434014575
grok_v01,United Kingdom,of,funzione,231,259.4869565217391,1.0224187738677617,-0.1652965955614216
grok_v01,United Kingdom,in,funzione,183,323.989010989011,0.8889202216480997,-0.37287927944611954
grok_v01,United Kingdom,to,funzione,165,357.7926829268293,0.9177044755578508,-0.3272051223747442
grok_v01,United Kingdom,by,funzione,99,567.8775510204082,0.9567608676792275,-0.17949448680767668
grok_v01,United Kingdom,ireland,keyword,28,2157.5555555555557,1.6819296683223282,0.6051942198025111
grok_v01,United Kingdom,uk,keyword,37,1606.2222222222222,1.5866742108458118,0.18018585364458573
grok_v01,United Kingdom,scotland,keyword,31,1935.7,1.6940416661881033,0.3915149831497321
grok_v01,United Kingdom,act,keyword,25,2310.625,1.2976962571046438,
grok_v01,United Kingdom,britain,keyword,29,1238.857142857143,1.8427898447600581,0.38234477387219695
grok_v01,United Kingdom,england,keyword,27,2230.5,1.1969853960798524,0.20719081302130354
grok_v01,United Kingdom,united,keyword,23,2624.3636363636365,0.9889622324892479,
grok_v01,United Kingdom,including,appaiata,26,2295.28,0.7068402264635578,-0.6816357931355721
grok_v01,United Kingdom,while,appaiata,28,2098.8888888888887,0.6001893901584155,-0.8574843877996021
grok_v01,United Kingdom,amid,appaiata,23,2578.409090909091,0.8215010936592277,
grok_v01,United Kingdom,but,appaiata,22,2629.5714285714284,1.0532177154744407,
grok_v01,United Kingdom,economic,appaiata,22,2706.3809523809523,1.300841962305698,
grok_v01,United Kingdom,national,appaiata,23,2458.681818181818,1.152911518761127,
grok_v01,United Kingdom,that,appaiata,22,2678.8571428571427,1.0531987848406679,
grok_v01,Joseph Stalin,vocali,vocali,18680,3.2119492478184055,0.5801686449968934,-0.5550318847094665
grok_v01,Joseph Stalin,spazio,spazio,8472,7.0816904733797665,0.45972719848727767,-1.037412549654825
grok_v01,Joseph Stalin,e,lettera,5278,11.368959636156907,0.8871052180019411,-0.2882774634172596
grok_v01,Joseph Stalin,i,lettera,4538,13.212475203879215,0.8771644926526335,-0.3216949575518008
grok_v01,Joseph Stalin,a,lettera,3994,15.015026296018032,0.8747880718760492,-0.3945672850276084
grok_v01,Joseph Stalin,t,lettera,3960,15.14978529931801,0.8501965786698094,-0.3602306568381879
grok_v01,Joseph Stalin,n,lettera,3931,15.257506361323156,0.8128508257645854,-0.40295873847316316
grok_v01,Joseph Stalin,o,lettera,3552,16.89439594480428,0.8709249733672629,-0.3144483190798653
grok_v01,Joseph Stalin,r,lettera,3409,17.595070422535212,0.84212692656085,-0.33072043675207735
grok_v01,Joseph Stalin,s,lettera,3258,18.416334049739024,0.9284847856641616,-0.1327477070213518
grok_v01,Joseph Stalin,l,lettera,2160,27.77257989810097,0.9742410860688332,-0.08469091493280506
grok_v01,Joseph Stalin,d,lettera,2025,29.58893280632411,0.8606910491254874,-0.24735945065327242
grok_v01,Joseph Stalin,c,lettera,1690,35.45470692717584,0.9849082513234199,-0.10270743029291494
grok_v01,Joseph Stalin,h,lettera,1475,40.69335142469471,0.9763158176650024,-0.15105622218941878
grok_v01,Joseph Stalin,u,lettera,1318,45.474563401670466,0.9413578530886482,-0.20322639463277445
grok_v01,Joseph Stalin,m,lettera,1267,47.33096366508689,0.9729473054297456,-0.037050843971213866
grok_v01,Joseph Stalin,p,lettera,1155,51.98613518197573,1.0048920179502343,0.025348303736727827
grok_v01,Joseph Stalin,g,lettera,1143,52.399299474605954,0.9815172307377003,-0.09577092216854337
grok_v01,Joseph Stalin,f,lettera,987,60.6683569979716,0.9760007930047423,0.030766128761088047
grok_v01,Joseph Stalin,v,lettera,730,82.14128943758574,0.9783660653528303,-0.13056896067686896
grok_v01,Joseph Stalin,y,lettera,709,84.53389830508475,0.996858451781513,-0.1768803746446438
grok_v01,Joseph Stalin,the,funzione,391,153.0179487179487,0.9399430064816892,-0.3463952870940462
grok_v01,Joseph Stalin,and,funzione,338,175.82492581602375,0.7069822419862878,-0.7371710605252624
grok_v01,Joseph Stalin,of,funzione,224,268.2466367713005,1.0477270304020105,-0.2690781576284666
grok_v01,Joseph Stalin,in,funzione,197,303.0459183673469,1.1172151276307623,-0.13739395084868172
grok_v01,Joseph Stalin,to,funzione,195,307.5773195876289,0.8182715051330258,-0.34584435839160715
grok_v01,Joseph Stalin,by,funzione,104,572.2815533980582,0.8158268951564807,-0.3546262801419532
grok_v01,Joseph Stalin,stalin,keyword,119,505.46610169491527,0.9196478268066655,-0.5011143062509937
grok_v01,Joseph Stalin,soviet,keyword,75,806.1351351351351,1.8407048268368387,-0.12809471788568877
grok_v01,Joseph Stalin,stalin's,keyword,40,1506.051282051282,0.7977762791674741,-0.38525525560560087
grok_v01,Joseph Stalin,million,keyword,35,1563.235294117647,1.546111195029703,0.5819998119697983
grok_v01,Joseph Stalin,party,keyword,38,1609.6216216216217,2.439732387209924,0.35122132058711997
grok_v01,Joseph Stalin,german,keyword,26,766.28,1.283223619524262,0.12892331616404662
grok_v01,Joseph Stalin,army,keyword,23,1971.7272727272727,1.5584263348579062,
grok_v01,Joseph Stalin,for,appaiata,71,789.0571428571428,0.946681261755941,-0.06396529464218113
grok_v01,Joseph Stalin,as,appaiata,66,909.4923076923077,1.111398127886333,-0.027260856868578785
grok_v01,Joseph Stalin,over,appaiata,37,1623.388888888889,1.032642434778122,-0.11794390866470644
grok_v01,Joseph Stalin,including,appaiata,33,1833.5625,0.8269492570693923,-0.6546479119267709
grok_v01,Joseph Stalin,but,appaiata,31,1801.0666666666666,0.8084074502627278,-0.524901910238938
grok_v01,Joseph Stalin,while,appaiata,26,2308.96,0.6383562586772616,-0.7214162223026365
grok_v01,Joseph Stalin,these,appaiata,21,2724.5,0.7967200039053675,
grok_v01,Italy,vocali,vocali,18785,3.194048126064736,0.5781511279352206,-0.5428585730160231
grok_v01,Italy,spazio,spazio,8296,7.23254972875226,0.46240437531554013,-1.0379213784372523
grok_v01,Italy,e,lettera,5195,11.545629572583751,0.8963742446473209,-0.2851265691014341
grok_v01,Italy,i,lettera,4717,12.721586089906701,0.8677088660945572,-0.3104879769465482
grok_v01,Italy,a,lettera,4170,14.39002158791077,0.8610667180179142,-0.4134269065380876
grok_v01,Italy,t,lettera,4098,14.64290944593605,0.8141204795393316,-0.39631677718197367
grok_v01,Italy,n,lettera,4071,14.731941031941032,0.8637557614333606,-0.3481618637481038
grok_v01,Italy,r,lettera,3489,17.18577981651376,0.8196009894853853,-0.33484005713881976
grok_v01,Italy,o,lettera,3309,18.121523579201934,0.8618071119920679,-0.29698751716693333
grok_v01,Italy,s,lettera,2917,20.5562414266118,0.9333560559553938,-0.12834387737663064
grok_v01,Italy,l,lettera,2214,27.097153185720742,0.9279315829692708,-0.08742943588345965
grok_v01,Italy,d,lettera,1960,30.584481878509443,0.8833749393929856,-0.21773598282897746
grok_v01,Italy,c,lettera,1850,32.41157382368848,0.9790014090271655,-0.18642387331310237
grok_v01,Italy,h,lettera,1403,42.7360912981455,1.0191727459863391,-0.10781274439889624
grok_v01,Italy,u,lettera,1394,43.03589375448672,0.9667422436751008,-0.18988471086217015
grok_v01,Italy,m,lettera,1325,45.24546827794562,0.97582349335841,-0.09130829104940931
grok_v01,Italy,p,lettera,1221,49.113934426229505,0.9783299337743986,0.0039150595390705775
grok_v01,Italy,g,lettera,1190,50.31707317073171,0.8680743050131852,-0.1878731345291584
grok_v01,Italy,f,lettera,887,67.59932279909707,0.9426704110229426,-0.06528720462233535
grok_v01,Italy,y,lettera,701,85.68,0.967237188387837,-0.21096781041310242
grok_v01,Italy,b,lettera,648,92.63369397217929,1.0273370816309728,-0.12861874098961587
grok_v01,Italy,the,funzione,402,149.0922693266833,1.0994231565811396,-0.25502974199245027
grok_v01,Italy,and,funzione,368,162.40871934604905,0.748813887869175,-0.6538845160859839
grok_v01,Italy,in,funzione,189,317.68617021276594,0.9450633295352658,-0.24277428522144875
grok_v01,Italy,of,funzione,184,325.43169398907105,0.988300698521025,-0.11855046555393034
grok_v01,Italy,to,funzione,160,374.71069182389937,1.080892793336889,-0.11900173026698531
grok_v01,Italy,by,funzione,96,619.2842105263157,0.9010780745702727,-0.22647222440274642
grok_v01,Italy,italy,keyword,71,852.8285714285714,0.9164599730105213,-0.15644750274368321
grok_v01,Italy,italian,keyword,24,2436.521739130435,1.4615161157205003,
grok_v01,Italy,italy's,keyword,23,2433.1363636363635,1.1576405262318308,
grok_v01,Italy,economic,keyword,22,2718.714285714286,0.9950273528190349,
grok_v01,Italy,roman,keyword,21,1500.35,1.6904049647596258,
grok_v01,Italy,war,keyword,19,2266.9444444444443,1.3511692894611447,
grok_v01,Italy,century,keyword,18,1478.764705882353,1.0888701682878148,
grok_v01,Italy,like,appaiata,42,1408.3902439024391,0.7806218412020194,-0.4867416824919571
grok_v01,Italy,that,appaiata,23,2624.1363636363635,1.2970295057051227,
grok_v01,Italy,but,appaiata,24,2227.8695652173915,0.9606927302741101,
grok_v01,Italy,into,appaiata,22,2642.0,0.9315500825655607,
grok_v01,Italy,through,appaiata,20,2966.157894736842,1.0546550375476977,
grok_v01,Italy,while,appaiata,20,2850.4736842105262,0.7242926360414286,
grok_v01,Italy,such,appaiata,18,3307.6470588235293,1.5021991565405932,
grok_v01,New York City,vocali,vocali,18189,3.2986034748185618,0.5776492680538601,-0.5456826257274028
grok_v01,New York City,spazio,spazio,8433,7.1152751423149905,0.4511838406697365,-1.0557121824210238
grok_v01,New York City,e,lettera,5336,11.244236176194939,0.8871482741379181,-0.29489017583397764
grok_v01,New York City,i,lettera,4252,14.111032698188662,0.8836981881416479,-0.2985646221783309
grok_v01,New York City,t,lettera,4033,14.877480158730158,0.8402785648750358,-0.3096199705223005
grok_v01,New York City,n,lettera,4027,14.89518132141083,0.8527215990171763,-0.3461896224235043
grok_v01,New York City,a,lettera,3839,15.610474205315269,0.8763830550205232,-0.3663086362923574
grok_v01,New York City,r,lettera,3392,17.67826599823061,0.8357917051653859,-0.3614399571934254
grok_v01,New York City,o,lettera,3368,17.80754380754381,0.8943922086592427,-0.23270783213383253
grok_v01,New York City,s,lettera,3181,18.85503144654088,0.9168117552614851,-0.14829886853427562
grok_v01,New York City,l,lettera,2062,29.08685104318292,0.9590350366355136,-0.04144715579483279
grok_v01,New York City,d,lettera,1971,30.399492385786804,0.8915612887730869,-0.20858783580710055
grok_v01,New York City,c,lettera,1914,31.3533716675379,0.9237434974666887,-0.20400885576764585
grok_v01,New York City,h,lettera,1572,38.1457670273711,1.0151061143085662,-0.11389968922387027
grok_v01,New York City,u,lettera,1394,42.963388370423544,0.8846511228753932,-0.26468015847876963
grok_v01,New York City,m,lettera,1298,46.217424826522745,0.9245960774820944,-0.06538242267997986
grok_v01,New York City,g,lettera,1126,53.20088888888889,0.9333980365270056,-0.13941965541535542
grok_v01,New York City,p,lettera,1117,53.65860215053763,1.059699595635195,0.12436109590553321
grok_v01,New York City,f,lettera,854,70.17116060961312,0.9580233699136261,-0.034899366447477355
grok_v01,New York City,y,lettera,839,71.59188544152745,0.9522903751236083,-0.2177689201511427
grok_v01,New York City,b,lettera,670,89.53064275037369,0.9734092439350035,-0.10915722675635531
grok_v01,New York City,the,funzione,347,172.67052023121389,1.118088806423058,-0.20596216309812787
grok_v01,New York City,and,funzione,320,187.3385579937304,0.7622683294329095,-0.5892798098828429
grok_v01,New York City,of,funzione,187,315.6236559139785,1.0590113133170673,-0.11810038020145215
grok_v01,New York City,in,funzione,179,336.5730337078652,0.9852622264312088,-0.17629950318229146
grok_v01,New York City,to,funzione,151,383.2133333333333,0.9765845850770157,-0.21956658216114353
grok_v01,New York City,with,funzione,102,588.7920792079208,0.9829178213474777,-0.5525030377979441
grok_v01,New York City,new,keyword,81,741.2,0.9627536451075686,-0.04558208773325244
grok_v01,New York City,york,keyword,70,859.3623188405797,0.9526134067573985,-0.11540581665762564
grok_v01,New York City,city,keyword,87,692.5930232558139,1.0923669964425455,-0.1621253639748053
grok_v01,New York City,city's,keyword,35,1467.6764705882354,0.7435459648423932,-0.5201596568094574
grok_v01,New York City,million,keyword,34,1771.4242424242425,1.4345837426114527,0.5682432938783362
grok_v01,New York City,population,keyword,30,1988.4137931034484,1.2495418608400304,0.22053297439323644
grok_v01,New York City,manhattan,keyword,34,1635.1818181818182,1.5410343386271612,-0.12254539912761964
grok_v01,New York City,as,appaiata,82,735.2962962962963,0.9180235337112345,-0.18942078733769324
grok_v01,New York City,over,appaiata,61,972.5,0.8560740848668394,-0.3371728717444575
grok_v01,New York City,for,appaiata,54,1109.4150943396226,1.0484508827970125,-0.07817567018156131
grok_v01,New York City,that,appaiata,36,1509.142857142857,0.8723412711594007,-0.26891805110018985
grok_v01,New York City,this,appaiata,32,1834.6774193548388,0.7386050586366996,-0.4642900339208317
grok_v01,New York City,at,appaiata,28,2155.5555555555557,0.8505504311174027,-0.2330184420219321
grok_v01,New York City,amid,appaiata,27,1983.2307692307693,0.8727767270160376,-0.5476238870281844
grok_v01,Middle Ages,vocali,vocali,18750,3.199903994879727,0.5822800423488185,-0.554209510058401
grok_v01,Middle Ages,spazio,spazio,8237,7.284118504128218,0.4644600631756949,-1.0378348729862412
grok_v01,Middle Ages,e,lettera,5298,11.325467245610723,0.8672225543201475,-0.32463853319767394
grok_v01,Middle Ages,i,lettera,4581,13.098034934497816,0.8892228577658307,-0.2845951111587715
grok_v01,Middle Ages,a,lettera,4218,14.217690301161964,0.8512300029164689,-0.4037198446815561
grok_v01,Middle Ages,n,lettera,4044,14.829334652485779,0.8593429733591872,-0.3583818073970446
grok_v01,Middle Ages,t,lettera,3919,15.30551301684533,0.8485701757376448,-0.3631182478628092
grok_v01,Middle Ages,r,lettera,3568,16.806560134566862,0.8382525682861602,-0.3628285969747164
grok_v01,Middle Ages,s,lettera,3208,18.698783910196447,0.9556411477557104,-0.10587125162260043
grok_v01,Middle Ages,o,lettera,3158,18.988596769084573,0.9221312752331773,-0.23505167925976628
grok_v01,Middle Ages,l,lettera,2164,27.71937124364309,0.9359151828547358,-0.11303520613823528
grok_v01,Middle Ages,d,lettera,2102,28.55544978581628,0.8763306207969164,-0.1859819432871859
grok_v01,Middle Ages,c,lettera,1943,30.85169927909372,0.9380202662497731,-0.17636227346045463
grok_v01,Middle Ages,h,lettera,1610,37.26973275326289,0.9365684505958073,-0.1798105851365306
grok_v01,Middle Ages,u,lettera,1495,40.09103078982597,0.9581837733188336,-0.19635389129875488
grok_v01,Middle Ages,m,lettera,1251,47.7936,0.9706570860729717,-0.11576171890919561
grok_v01,Middle Ages,g,lettera,1199,50.02671118530885,0.8828287723756854,-0.22633903197631677
grok_v01,Middle Ages,p,lettera,1053,56.97623574144487,1.0074017247249987,0.011493386450677424
grok_v01,Middle Ages,f,lettera,909,66.00881057268722,0.9463168366635135,-0.013916660667244249
grok_v01,Middle Ages,y,lettera,755,79.42042440318302,0.973173024037786,-0.14541945628647113
grok_v01,Middle Ages,b,lettera,587,101.74061433447099,0.9954706785447803,-0.031964138153944575
grok_v01,Middle Ages,the,funzione,403,148.5771144278607,0.9555807628390676,-0.3306168877462754
grok_v01,Middle Ages,and,funzione,344,174.25655976676384,0.875448153169093,-0.5222430363957005
grok_v01,Middle Ages,in,funzione,210,285.2775119617225,0.9609466714515752,-0.2692751381909516
grok_v01,Middle Ages,of,funzione,202,295.21890547263683,0.9621070902104774,-0.1508209633430336
grok_v01,Middle Ages,to,funzione,135,441.93283582089555,0.9877543381858166,-0.33121385082743643
grok_v01,Middle Ages,by,funzione,116,500.2608695652174,1.0351296990767336,-0.2778438632971215
grok_v01,Middle Ages,ce,keyword,47,437.2608695652174,2.1505599983445474,0.19382378430347746
grok_v01,Middle Ages,roman,keyword,48,1198.6808510638298,1.8076657860083887,0.09611571701858623
grok_v01,Middle Ages,century,keyword,49,1243.1666666666667,1.1921351214044535,0.012997166242292016
grok_v01,Middle Ages,middle,keyword,23,2649.318181818182,1.2444961226989997,
grok_v01,Middle Ages,economic,keyword,23,2383.0,0.8501026585760771,
grok_v01,Middle Ages,ages,keyword,22,2775.4761904761904,1.5466628995921132,
grok_v01,Middle Ages,europe,keyword,29,2074.9285714285716,0.8584643868184466,-0.2147298382062944
grok_v01,Middle Ages,for,appaiata,42,1391.8536585365853,1.0978512583642313,-0.0686163827147995
grok_v01,Middle Ages,on,appaiata,40,1397.051282051282,0.9535218397215639,0.0504838230668145
grok_v01,Middle Ages,th,appaiata,54,1126.1132075471698,1.7453938418159483,0.5407692860786923
grok_v01,Middle Ages,but,appaiata,23,2289.0454545454545,0.9273525372998763,
grok_v01,Middle Ages,such,appaiata,23,2589.6363636363635,0.9518054467386846,
grok_v01,Middle Ages,at,appaiata,22,2276.4761904761904,0.9608763523425559,
grok_v01,Middle Ages,through,appaiata,20,2932.7894736842104,0.9343648350015836,
grok_v01,Russia,vocali,vocali,18494,3.2443627318444817,0.6010890960551445,-0.5293345495674251
grok_v01,Russia,spazio,spazio,8481,7.074174528301887,0.45566497163766495,-1.0453437813092543
grok_v01,Russia,e,lettera,5290,11.336358479863868,0.8910986349735326,-0.31182061700478364
grok_v01,Russia,i,lettera,4480,13.394730966733645,0.9126588163783503,-0.27158203016650395
grok_v01,Russia,t,lettera,3944,15.201876743596246,0.8544585410745197,-0.334345910083456
grok_v01,Russia,a,lettera,3888,15.432981733985079,0.8409900113930948,-0.40386062298829495
grok_v01,Russia,n,lettera,3869,15.496380558428129,0.8666191208497913,-0.33560061950634
grok_v01,Russia,r,lettera,3520,17.034668940039783,0.8272621837048765,-0.35204771799983764
grok_v01,Russia,o,lettera,3324,18.04363526933494,0.8964780709620092,-0.25185901427537105
grok_v01,Russia,s,lettera,3189,18.816185696361355,0.97638024153666,-0.061999462582439484
grok_v01,Russia,l,lettera,2055,29.197663096397275,0.9360395283327191,-0.07270412857264379
grok_v01,Russia,d,lettera,2018,29.71690629647992,0.8434901781412795,-0.25840679869784006
grok_v01,Russia,c,lettera,1737,34.54377880184332,0.9275177123894738,-0.15390306991911717
grok_v01,Russia,u,lettera,1512,39.69424222369292,0.8876578224304137,-0.2539496709171382
grok_v01,Russia,h,lettera,1475,40.58548168249661,1.0012360256075328,-0.1313549302849834
grok_v01,Russia,m,lettera,1207,49.59784411276949,0.9708661551015741,-0.09282024466394281
grok_v01,Russia,p,lettera,1147,52.223385689354274,1.0273165325951943,0.0392421235266639
grok_v01,Russia,g,lettera,1130,52.9955713020372,0.9128229048252122,-0.1397460086301245
grok_v01,Russia,f,lettera,873,68.72362385321101,0.9239648940313786,-0.0870793435673565
grok_v01,Russia,y,lettera,696,86.08489208633094,0.9984919095023791,-0.16806676097433515
grok_v01,Russia,v,lettera,690,86.74600870827285,0.9357175136427407,-0.1318747017868972
grok_v01,Russia,the,funzione,447,133.94843049327355,1.0202474087737026,-0.3353017873623297
grok_v01,Russia,and,funzione,308,194.25081433224756,0.7786342697916725,-0.6220827278040243
grok_v01,Russia,in,funzione,193,310.9895833333333,0.9190333192029891,-0.2927767394428015
grok_v01,Russia,to,funzione,189,315.23936170212767,0.7941323639384321,-0.36876443531910025
grok_v01,Russia,of,funzione,186,321.6,0.9426449975984662,-0.327728419232297
grok_v01,Russia,by,funzione,114,517.3805309734513,0.8000640157724692,-0.37479520943943895
grok_v01,Russia,soviet,keyword,45,934.4772727272727,3.3217361942114456,0.0007859052274847667
grok_v01,Russia,russia,keyword,50,1219.4489795918366,1.9208984796665691,0.3550488106567302
grok_v01,Russia,russian,keyword,39,1575.5,1.9496809312477614,0.1741139048960984
grok_v01,Russia,war,keyword,31,1817.7666666666667,1.7255511801327792,0.4566106265866362
grok_v01,Russia,power,keyword,28,1995.5925925925926,1.003563395129611,-0.13683909166313596
grok_v01,Russia,rus,keyword,26,521.92,1.2611376833921653,0.2204150862559
grok_v01,Russia,military,keyword,23,2494.1363636363635,0.7531353012952784,
grok_v01,Russia,under,appaiata,37,1545.2777777777778,1.0202853335503579,-0.14660405366938944
grok_v01,Russia,for,appaiata,33,1768.75,0.8125949199442664,-0.026883433342807645
grok_v01,Russia,at,appaiata,31,1701.1666666666667,0.9011732797827051,-0.25217541849805236
grok_v01,Russia,which,appaiata,29,1708.8214285714287,0.9162131316120373,-0.4559469785036456
grok_v01,Russia,this,appaiata,26,2160.04,0.7193474096170104,-0.4906356732243485
grok_v01,Russia,after,appaiata,25,2312.9166666666665,0.8484938607820358,
grok_v01,Russia,but,appaiata,24,2421.1739130434785,1.0341478697699436,
grok_v01,Winston Churchill,vocali,vocali,18498,3.2435530085959887,0.5496935066103797,-0.5711876953750074
grok_v01,Winston Churchill,spazio,spazio,8560,7.009230050239514,0.4609228987806914,-1.040517722456242
grok_v01,Winston Churchill,e,lettera,5400,11.106315984441563,0.9018277231223634,-0.2699412341881195
grok_v01,Winston Churchill,i,lettera,4522,13.268082282680822,0.8996020049389258,-0.28604378849450446
grok_v01,Winston Churchill,a,lettera,3864,15.520838726378463,0.8961970811291164,-0.3343672640631925
grok_v01,Winston Churchill,t,lettera,3840,15.623339411305027,0.8590740337920247,-0.3173016037731339
grok_v01,Winston Churchill,n,lettera,3820,15.70751505629746,0.8374325771175988,-0.36662456842615615
grok_v01,Winston Churchill,r,lettera,3692,16.240043348685994,0.8104101576362609,-0.3886295759771346
grok_v01,Winston Churchill,o,lettera,3373,17.784104389086597,0.8763631871800184,-0.2572211187475512
grok_v01,Winston Churchill,s,lettera,3015,19.905441274054414,0.9192019509770543,-0.12173666842809674
grok_v01,Winston Churchill,l,lettera,2298,26.111449717022204,0.9887496162342844,0.012021289150207103
grok_v01,Winston Churchill,d,lettera,2046,29.31002444987775,0.8617495744114375,-0.2438615612216192
grok_v01,Winston Churchill,c,lettera,1955,30.697031729785056,0.9785396950098832,-0.15266931520342478
grok_v01,Winston Churchill,h,lettera,1948,30.786851566512585,1.0268311886190111,-0.1803349527841794
grok_v01,Winston Churchill,u,lettera,1339,44.795216741405085,0.9326542863880575,-0.24081231079678114
grok_v01,Winston Churchill,m,lettera,1289,46.47981366459627,1.0052454359451033,-0.016402940107554356
grok_v01,Winston Churchill,g,lettera,1149,52.08101045296167,0.9339781739395181,-0.1384440246719755
grok_v01,Winston Churchill,p,lettera,1098,54.6517775752051,0.9753021993140664,-0.007625730325312507
grok_v01,Winston Churchill,f,lettera,973,61.48765432098765,0.9162420951998311,-0.06585213578565173
grok_v01,Winston Churchill,b,lettera,731,82.04246575342465,0.8920290621836711,-0.2263692540991702
grok_v01,Winston Churchill,y,lettera,681,87.85441176470589,0.9609613906787883,-0.18606072895100476
grok_v01,Winston Churchill,the,funzione,387,153.94300518134716,0.9860102784705834,-0.33409112074852654
grok_v01,Winston Churchill,and,funzione,259,231.9418604651163,0.7974365171512162,-0.5308704451912638
grok_v01,Winston Churchill,to,funzione,212,282.49763033175356,0.8676877908328783,-0.33287027349126874
grok_v01,Winston Churchill,in,funzione,187,319.5698924731183,0.8694677151927869,-0.3115598241372742
grok_v01,Winston Churchill,of,funzione,172,339.6842105263158,1.0966536257273314,-0.07875245466785243
grok_v01,Winston Churchill,on,funzione,120,495.5126050420168,0.9281063885568959,-0.2147990309092452
grok_v01,Winston Churchill,churchill,keyword,140,430.46762589928056,0.5287117171102494,-0.9888042579227269
grok_v01,Winston Churchill,british,keyword,43,1409.357142857143,1.4562722079192414,0.04808452066680115
grok_v01,Winston Churchill,war,keyword,38,1580.8648648648648,1.4349999512352642,0.2422443515339233
grok_v01,Winston Churchill,churchill's,keyword,31,1939.9333333333334,0.6352493658038755,-0.6572539654630116
grok_v01,Winston Churchill,early,keyword,25,2402.25,1.1702579506002904,
grok_v01,Winston Churchill,naval,keyword,20,3057.7368421052633,2.0816547405466923,
grok_v01,Winston Churchill,lord,keyword,18,3386.8823529411766,1.366568326632806,
grok_v01,Winston Churchill,his,appaiata,113,529.125,1.4058889704185409,-0.004756015449787675
grok_v01,Winston Churchill,that,appaiata,41,1463.325,0.9213697386436314,-0.08207946492783806
grok_v01,Winston Churchill,amid,appaiata,34,1756.8484848484848,0.8996631000339,-0.38540298978620297
grok_v01,Winston Churchill,under,appaiata,32,1462.3548387096773,0.9993996343539758,0.02441255705881513
grok_v01,Winston Churchill,against,appaiata,25,2399.25,1.2898664931580688,
grok_v01,Winston Churchill,like,appaiata,20,3060.1052631578946,0.91080884656261,
grok_v01,Winston Churchill,trade,appaiata,18,2881.6470588235293,1.5606883179525874,
grok_v01,France,vocali,vocali,18090,3.3167118138094973,0.6278665189978878,-0.5131734381574087
grok_v01,France,spazio,spazio,8604,6.973032663024527,0.4586691632341363,-1.0349743507306781
grok_v01,France,e,lettera,5231,11.470172084130018,0.8640041988116344,-0.32242285799604337
grok_v01,France,i,lettera,4320,13.885158601528131,0.9123502978286356,-0.2614217885981663
grok_v01,France,n,lettera,4055,14.790083867784904,0.8521181275216162,-0.3830051172436002
grok_v01,France,a,lettera,3934,15.24510551741673,0.8683579906559108,-0.37540649407272575
grok_v01,France,t,lettera,3805,15.762618296529968,0.8620447531249519,-0.29415690444019726
grok_v01,France,r,lettera,3346,17.936023916292974,0.8321172425327076,-0.3573669344723822
grok_v01,France,o,lettera,3200,18.749609252891528,0.8957431137985921,-0.269191019255021
grok_v01,France,s,lettera,2884,20.788761706555672,0.9633902516523827,-0.059205559524862617
grok_v01,France,l,lettera,2205,27.208711433756807,0.9417857196256042,-0.10649340807051079
grok_v01,France,d,lettera,1980,30.200606366851947,0.8517602199182613,-0.22872125053362566
grok_v01,France,c,lettera,1861,32.24677419354839,0.9607779418911988,-0.1625365686666681
grok_v01,France,h,lettera,1605,37.317331670822945,0.9907593345333643,-0.14245286247395977
grok_v01,France,u,lettera,1405,42.695868945868945,0.9821736758620689,-0.17927953176731462
grok_v01,France,g,lettera,1215,49.357495881383855,0.9418251348664795,-0.172082551719543
grok_v01,France,m,lettera,1156,51.857142857142854,0.9634884863501358,-0.07200672173704618
grok_v01,France,p,lettera,1075,55.819366852886404,1.0216894801864214,0.07476554849612363
grok_v01,France,f,lettera,972,61.771369721936146,0.9555150416570627,-0.09144274446719217
grok_v01,France,b,lettera,724,82.82572614107883,1.0214071967697327,-0.11255191655084378
grok_v01,France,y,lettera,700,85.73533619456366,0.9693643336520938,-0.15465747235908256
grok_v01,France,the,funzione,493,121.66056910569105,1.0220756858970577,-0.3413008494678647
grok_v01,France,and,funzione,348,171.78674351585013,0.7983209576794812,-0.5840335555188517
grok_v01,France,in,funzione,199,301.7121212121212,0.9281552829635734,-0.24740605926722886
grok_v01,France,of,funzione,198,297.2690355329949,1.1408298861222212,-0.09534402116086933
grok_v01,France,to,funzione,163,356.01234567901236,1.034618817194429,-0.1718184680266818
grok_v01,France,by,funzione,118,507.5042735042735,0.8487466953528293,-0.272651177982253
grok_v01,France,france,keyword,71,856.5571428571428,1.3436309461196214,0.09475989909953017
grok_v01,France,french,keyword,44,1368.7906976744187,1.8577556972975322,0.29772874690620177
grok_v01,France,million,keyword,25,2063.2916666666665,1.395249474591994,
grok_v01,France,paris,keyword,25,2457.4166666666665,0.8058191930666386,
grok_v01,France,economic,keyword,24,2333.086956521739,1.1585538646493876,
grok_v01,France,july,keyword,20,2066.8947368421054,1.4824369806747462,
grok_v01,France,roman,keyword,23,1296.0,2.1799121704835103,
grok_v01,France,from,appaiata,59,975.1034482758621,1.0152984598075556,-0.28001132475703033
grok_v01,France,under,appaiata,42,1270.4146341463415,0.7414376577425335,-0.5078863168444446
grok_v01,France,this,appaiata,26,2181.56,0.6215227467344439,-0.8483671186508002
grok_v01,France,amid,appaiata,27,2152.1923076923076,0.9447852034121573,-0.30501478177292196
grok_v01,France,that,appaiata,22,2592.1428571428573,1.2496655974693374,
grok_v01,France,which,appaiata,20,2695.0526315789475,0.8297294860977952,
grok_v01,France,around,appaiata,19,2910.0555555555557,1.0812517946691609,
grok_v01,United States,vocali,vocali,18471,3.2484569572279374,0.5900798431059252,-0.5320337202756634
grok_v01,United States,spazio,spazio,8410,7.134023070519682,0.4793992963110499,-0.9910242986620972
grok_v01,United States,e,lettera,5462,10.986083134956967,0.9217733615049182,-0.2927366577600717
grok_v01,United States,i,lettera,4308,13.927095426050615,0.882774811506635,-0.2787589844522891
grok_v01,United States,t,lettera,4152,14.45097566851361,0.8461475395491811,-0.3230038412217211
grok_v01,United States,n,lettera,4070,14.742197100024576,0.8582899772076289,-0.3666643463826559
grok_v01,United States,a,lettera,3927,15.277381558838513,0.8855360049233287,-0.38644098107968383
grok_v01,United States,o,lettera,3407,17.603934233705225,0.871320581483736,-0.2754288886055801
grok_v01,United States,r,lettera,3406,17.60763582966226,0.828811461641091,-0.3716039165272825
grok_v01,United States,s,lettera,3030,19.79960382964675,0.9543604398455647,-0.09033371586800099
grok_v01,United States,l,lettera,2097,28.58730916030534,0.9473392161631475,-0.05533687009406372
grok_v01,United States,d,lettera,2058,29.161886242100145,0.8727134023805211,-0.23275049645011117
grok_v01,United States,c,lettera,1939,30.905056759545925,0.9393501758958749,-0.20299738637105355
grok_v01,United States,h,lettera,1442,41.60235947258848,0.969301170007308,-0.1689334792038474
grok_v01,United States,u,lettera,1367,43.904099560761345,0.9453962488857647,-0.20453961962898223
grok_v01,United States,m,lettera,1249,48.03365384615385,0.9910405932546125,-0.05384150416234033
grok_v01,United States,g,lettera,1194,50.15590947191953,0.899116224436228,-0.17943085960202312
grok_v01,United States,p,lettera,1138,52.61917326297274,1.0386280094003693,0.020655943421532187
grok_v01,United States,f,lettera,980,61.24310520939734,0.9412411260912057,-0.04497354455297539
grok_v01,United States,b,lettera,659,90.77963525835867,1.0377361841054888,-0.07351760289812337
grok_v01,United States,y,lettera,639,93.7884012539185,1.0228412232941242,-0.16344040332054963
grok_v01,United States,the,funzione,370,162.23035230352303,1.1231434119192878,-0.2705246744085696
grok_v01,United States,and,funzione,338,176.84569732937686,0.8277387831240145,-0.6413391423987769
grok_v01,United States,of,funzione,196,307.2769230769231,0.9443678970985938,-0.2373465332168408
grok_v01,United States,in,funzione,191,314.0052631578947,0.8799075785425808,-0.3042063343949383
grok_v01,United States,to,funzione,167,355.69879518072287,0.9439103305527061,-0.27260105355143277
grok_v01,United States,by,funzione,120,494.2857142857143,0.8881725165506102,-0.2969587163986929
grok_v01,United States,states,keyword,33,1807.34375,1.610418902647629,0.43659970073237936
grok_v01,United States,war,keyword,33,1708.15625,1.034299748316163,0.27496609521405024
grok_v01,United States,united,keyword,27,2146.230769230769,1.697933726064572,0.5683776616477257
grok_v01,United States,economic,keyword,25,2002.5,1.0881459482017681,
grok_v01,United States,federal,keyword,24,2470.391304347826,1.3364281002786014,
grok_v01,United States,million,keyword,19,2402.0,1.116150232402327,
grok_v01,United States,congress,keyword,19,3083.0,1.1693567485857708,
grok_v01,United States,that,appaiata,35,1605.0882352941176,0.7364452386532615,-0.8140620845853868
grok_v01,United States,like,appaiata,31,1804.3333333333333,0.8197550400636842,-0.3648375959209018
grok_v01,United States,but,appaiata,26,2201.44,0.8256440428857079,-0.4808678450826393
grok_v01,United States,these,appaiata,25,2354.2083333333335,1.01284187314289,
grok_v01,United States,through,appaiata,24,2471.521739130435,0.7049372741328757,
grok_v01,United States,its,appaiata,18,3204.3529411764707,1.1894121334286678,
grok_v01,United States,rights,appaiata,18,2959.6470588235293,1.3071853445512716,
grok_v01,Socialism,vocali,vocali,19231,3.1197607904316174,0.5755636601882279,-0.533094215982692
grok_v01,Socialism,spazio,spazio,7939,7.556815318720081,0.45804860005627723,-1.0501959691859304
grok_v01,Socialism,e,lettera,5156,11.624248302618817,0.874035361986244,-0.3209426690710023
grok_v01,Socialism,i,lettera,4970,12.069430468907225,0.838497068417742,-0.3637861949286819
grok_v01,Socialism,t,lettera,4182,14.341305907677588,0.8138251586900158,-0.40421346973525263
grok_v01,Socialism,a,lettera,4029,14.889771598808341,0.8520819727205561,-0.44054719693952543
grok_v01,Socialism,n,lettera,3706,16.16707152496626,0.8684706200281725,-0.30274948603410856
grok_v01,Socialism,o,lettera,3697,16.231872294372295,0.859336625865211,-0.3356497519251349
grok_v01,Socialism,s,lettera,3479,17.24151811385854,0.9626812063365381,-0.14189066490791563
grok_v01,Socialism,r,lettera,3446,17.386357039187228,0.8314101021841219,-0.3683757286033376
grok_v01,Socialism,l,lettera,2300,26.086124401913874,0.8630828153223932,-0.1880347887173003
grok_v01,Socialism,c,lettera,2137,28.07631086142322,0.9616937086707765,-0.18228939358568294
grok_v01,Socialism,d,lettera,1820,32.94117647058823,0.8916249729020592,-0.24835964387697929
grok_v01,Socialism,m,lettera,1449,41.421270718232044,1.0299523735795857,0.028932789682611707
grok_v01,Socialism,u,lettera,1379,43.40856313497823,0.9206928337637047,-0.2512991737276219
grok_v01,Socialism,h,lettera,1372,43.693654266958426,1.0231443428634892,-0.13946695127164954
grok_v01,Socialism,p,lettera,1281,46.75,0.9983400662933463,-0.025899308756856407
grok_v01,Socialism,g,lettera,997,60.06325301204819,0.9532928057347134,-0.08820827934099798
grok_v01,Socialism,f,lettera,820,73.13431013431014,0.9112892110697651,-0.08338693634511224
grok_v01,Socialism,v,lettera,708,84.71994342291372,0.9713926744371599,-0.15869480384246107
grok_v01,Socialism,y,lettera,628,95.08612440191388,0.9199356093347876,-0.18315121625808603
grok_v01,Socialism,and,funzione,295,202.89115646258503,0.7412171383531365,-0.6726813509089375
grok_v01,Socialism,the,funzione,279,214.51438848920864,1.1969740167433016,-0.10554608939452098
grok_v01,Socialism,to,funzione,207,288.4611650485437,0.8788010688742809,-0.3246583884214628
grok_v01,Socialism,in,funzione,204,293.5221674876847,0.9634843582510136,-0.2906410655278385
grok_v01,Socialism,of,funzione,191,313.63684210526316,1.0169027007450917,-0.18365160567935915
grok_v01,Socialism,by,funzione,108,556.2336448598131,1.0138454892686017,-0.18643412931605427
grok_v01,Socialism,socialism,keyword,67,876.8939393939394,1.3602229865948405,0.11984493686971712
grok_v01,Socialism,state,keyword,52,1077.3333333333333,1.1767071717325484,0.14589497260308162
grok_v01,Socialism,economic,keyword,37,1555.5277777777778,0.8675376786165874,-0.32215661401965895
grok_v01,Socialism,private,keyword,36,1586.5714285714287,0.9568818313615276,-0.37534814192308374
grok_v01,Socialism,market,keyword,36,1628.0,1.82770209401969,0.3298502832115576
grok_v01,Socialism,socialist,keyword,35,1697.8823529411766,1.2373459510647677,0.32358806653325406
grok_v01,Socialism,ownership,keyword,32,1802.9032258064517,0.9623620450530211,-0.19702208444553226
grok_v01,Socialism,with,appaiata,65,931.671875,1.0568543819214995,-0.3771619419213241
grok_v01,Socialism,this,appaiata,45,1259.4318181818182,0.8748856616206897,-0.5259074477972074
grok_v01,Socialism,but,appaiata,38,1489.4864864864865,1.177128680611376,-0.36221237205812223
grok_v01,Socialism,for,appaiata,36,1680.6571428571428,1.1578819581925128,0.05841590224443997
grok_v01,Socialism,like,appaiata,33,1764.6875,1.1145279079955406,-0.19433759029709882
grok_v01,Socialism,or,appaiata,33,1749.59375,2.0444587362688353,0.21937766682511273
grok_v01,Socialism,over,appaiata,31,1831.2666666666667,0.9620820078908843,-0.1388217270014281
grok_v01,Wikipedia,vocali,vocali,19426,3.0887001287001286,0.5189369959100602,-0.5935461267209422
grok_v01,Wikipedia,spazio,spazio,8031,7.469489414694894,0.4526246941084915,-1.0502899727286121
grok_v01,Wikipedia,e,lettera,5615,10.686498040612754,0.8357124076395759,-0.31572451641793214
grok_v01,Wikipedia,i,lettera,5068,11.83915531872903,0.8732453057173944,-0.3812980239846387
grok_v01,Wikipedia,t,lettera,4131,14.5181598062954,0.8267756089976327,-0.35624203699201096
grok_v01,Wikipedia,n,lettera,3905,15.353483606557377,0.8589248664049723,-0.34846367600125017
grok_v01,Wikipedia,a,lettera,3872,15.49005424954792,0.8780662285850972,-0.3921167907768119
grok_v01,Wikipedia,s,lettera,3522,17.027264981539336,0.8947606237387509,-0.14389494502074282
grok_v01,Wikipedia,o,lettera,3492,17.17129762245775,0.8358027231422547,-0.36512596023440397
grok_v01,Wikipedia,r,lettera,3449,17.389791183294662,0.8689471426519666,-0.3052835428880767
grok_v01,Wikipedia,c,lettera,2083,28.79586935638809,0.9184668320883115,-0.1780047426475306
grok_v01,Wikipedia,d,lettera,2065,29.05377906976744,0.9169401543477518,-0.2192457970480459
grok_v01,Wikipedia,l,lettera,2024,29.63717251606525,0.9511598837283717,-0.06047172161631823
grok_v01,Wikipedia,u,lettera,1379,43.48476052249637,0.9231553940193469,-0.2869800175547813
grok_v01,Wikipedia,h,lettera,1302,45.808608762490394,1.0240914365180531,-0.09038417966483765
grok_v01,Wikipedia,p,lettera,1280,46.90461297888976,0.9597034740662074,-0.07410477003104357
grok_v01,Wikipedia,g,lettera,1237,48.465210355987054,0.9603878296341468,-0.10280504950484538
grok_v01,Wikipedia,m,lettera,1183,50.66835871404399,0.9693115811140353,-0.06804562606432757
grok_v01,Wikipedia,f,lettera,899,66.67594654788418,0.9457356247357086,-0.06383162446311674
grok_v01,Wikipedia,v,lettera,688,87.25618631732169,0.9493146110206017,-0.14318186796902335
grok_v01,Wikipedia,y,lettera,662,90.65204236006052,0.9673270644950714,-0.1672272012338737
grok_v01,Wikipedia,and,funzione,240,249.27196652719664,1.0244455575092337,-0.3806504635112349
grok_v01,Wikipedia,to,funzione,184,326.3825136612022,1.0414838235651889,-0.2825311529163357
grok_v01,Wikipedia,in,funzione,170,347.905325443787,1.1233593529719883,-0.20734320430043643
grok_v01,Wikipedia,the,funzione,162,369.4099378881988,1.2471292265083065,-0.10970135397151802
grok_v01,Wikipedia,of,funzione,160,376.57232704402514,0.925191584950971,-0.231238982155372
grok_v01,Wikipedia,for,funzione,108,551.4485981308411,1.0416661015034407,-0.09292389561379363
grok_v01,Wikipedia,wikipedia,keyword,66,920.5846153846154,0.8302392971858166,-0.175666221912498
grok_v01,Wikipedia,editors,keyword,44,1324.2093023255813,1.3641320430624475,-0.07335229358314463
grok_v01,Wikipedia,content,keyword,43,1268.8809523809523,0.7247453473780184,-0.5986460526755782
grok_v01,Wikipedia,articles,keyword,38,1607.1081081081081,1.3046562051068595,-0.2068815979824505
grok_v01,Wikipedia,editor,keyword,32,1627.483870967742,1.0539384622448016,-0.037700064398465384
grok_v01,Wikipedia,editing,keyword,32,1819.4193548387098,1.1821656088070691,0.13090686906792162
grok_v01,Wikipedia,community,keyword,25,2214.875,1.6086275037152897,
grok_v01,Wikipedia,like,appaiata,49,1144.0833333333333,0.9200350487141928,-0.2778633105112183
grok_v01,Wikipedia,that,appaiata,42,1438.7560975609756,0.9354039711310506,-0.43549530411067383
grok_v01,Wikipedia,such,appaiata,40,1252.5897435897436,0.7639405528177542,-0.4126285226410401
grok_v01,Wikipedia,over,appaiata,34,1783.939393939394,0.8269984498203038,-0.30872615917981494
grok_v01,Wikipedia,this,appaiata,26,2277.04,1.3637722280952032,0.018650138409404642
grok_v01,Wikipedia,its,appaiata,23,2622.818181818182,1.532541980750649,
grok_v01,Wikipedia,than,appaiata,23,2473.5,0.9196283011966204,
grok_v01,Moon,vocali,vocali,18218,3.2934621507383213,0.6388187153887692,-0.521573781601543
grok_v01,Moon,spazio,spazio,8619,6.960895799489441,0.466413435403771,-1.0351682021106277
grok_v01,Moon,e,lettera,5269,11.377372817008352,0.8796362861669638,-0.29949846493091686
grok_v01,Moon,i,lettera,4103,14.622379327157484,0.9080099746964347,-0.30350360522395226
grok_v01,Moon,a,lettera,4075,14.717476681394206,0.8444314213948627,-0.3948221349876596
grok_v01,Moon,t,lettera,3912,15.338276655586807,0.8430435814314465,-0.39783033783220223
grok_v01,Moon,n,lettera,3670,16.352139547560643,0.849180483026825,-0.3557988397390614
grok_v01,Moon,o,lettera,3472,17.278017862287527,0.8956404099770908,-0.17210150485783476
grok_v01,Moon,r,lettera,3375,17.77089508002371,0.8396636609884318,-0.3372162935960893
grok_v01,Moon,s,lettera,3217,18.62997512437811,0.9035100456266395,-0.13109848564298685
grok_v01,Moon,l,lettera,2268,26.431848257609175,0.9572796736866573,-0.04982639639979382
grok_v01,Moon,c,lettera,1810,33.107241569928135,0.9862321884898957,-0.12212354959601161
grok_v01,Moon,d,lettera,1789,33.508948545861294,0.878042348201748,-0.22593194969118977
grok_v01,Moon,h,lettera,1647,36.44471445929526,1.0085616504814616,-0.13538895241752902
grok_v01,Moon,m,lettera,1610,37.23803604723431,0.9349465991246448,-0.22449180112943432
grok_v01,Moon,u,lettera,1299,46.18104776579353,1.0073244341015255,-0.10709525552867284
grok_v01,Moon,g,lettera,1157,51.76989619377163,0.9411445141683101,-0.12582260917604596
grok_v01,Moon,p,lettera,1141,52.339473684210525,0.967543220573618,-0.042752564075188154
grok_v01,Moon,f,lettera,871,68.70689655172414,0.9682566354573447,-0.04133266694760748
grok_v01,Moon,y,lettera,742,80.9055330634278,0.9262706570122909,-0.18491227274362232
grok_v01,Moon,b,lettera,668,89.77661169415292,0.8991397816078509,-0.19672801364829204
grok_v01,Moon,the,funzione,413,144.6868932038835,1.09062588156087,-0.30916805878640846
grok_v01,Moon,and,funzione,273,218.74632352941177,0.7904667670246479,-0.5888444035862892
grok_v01,Moon,of,funzione,171,349.4823529411765,1.0670042851645591,-0.06165883829536979
grok_v01,Moon,to,funzione,162,369.3229813664596,1.0155665601824697,-0.1195763268785254
grok_v01,Moon,in,funzione,130,456.6666666666667,1.0433711763363835,-0.256985838368689
grok_v01,Moon,from,funzione,122,479.0,1.009485134961466,-0.308326547165691
grok_v01,Moon,moon,keyword,144,418.5244755244755,1.5328608497326757,0.050538369279095594
grok_v01,Moon,lunar,keyword,66,898.9230769230769,1.1027164932184792,-0.19432875350795545
grok_v01,Moon,moon's,keyword,58,1027.2456140350878,1.1787815242925128,-0.06281588493732547
grok_v01,Moon,earth's,keyword,40,1355.6923076923076,1.5473750120292658,0.3130913764612836
grok_v01,Moon,earth,keyword,95,633.8404255319149,1.8235098252198423,0.10937634380922209
grok_v01,Moon,surface,keyword,35,1661.3235294117646,1.281119838609876,-0.05060105469348725
grok_v01,Moon,apollo,keyword,36,1650.6,1.9693556419544636,0.25616896601940803
grok_v01,Moon,on,appaiata,67,893.060606060606,1.3690218340255491,0.12435579112654355
grok_v01,Moon,as,appaiata,53,1075.5192307692307,0.9221400133754301,0.009324195459490913
grok_v01,Moon,for,appaiata,45,1334.1363636363637,1.4283198664598868,-0.04249758552247844
grok_v01,Moon,at,appaiata,43,1407.7857142857142,0.9684324801226315,0.11941084997490332
grok_v01,Moon,over,appaiata,36,1501.6857142857143,0.9286355785554602,-0.263341849127046
grok_v01,Moon,km,appaiata,35,1194.1176470588234,2.62397356893534,0.3773119100065775
grok_v01,Moon,or,appaiata,33,1633.25,1.0159375855055133,0.21082186128314212
grok_v01,Alexander the Great,vocali,vocali,18923,3.1708593171969137,0.5405113660438956,-0.5637363545439804
grok_v01,Alexander the Great,spazio,spazio,8574,6.99720051323924,0.4434832055555751,-1.094020344583553
grok_v01,Alexander the Great,e,lettera,5821,10.301374570446736,0.8587586849200656,-0.3419495444277026
grok_v01,Alexander the Great,a,lettera,4594,13.056825604180274,0.8490248366546487,-0.41299982683218717
grok_v01,Alexander the Great,i,lettera,4274,14.026211092908964,0.8612996053587437,-0.29528107355094013
grok_v01,Alexander the Great,n,lettera,4018,14.92755787901419,0.8246865134943511,-0.39895530089587167
grok_v01,Alexander the Great,t,lettera,3714,16.155938594128738,0.8612766911083967,-0.2965942749015786
grok_v01,Alexander the Great,r,lettera,3460,17.343162763804568,0.8372589582634509,-0.3266219073626249
grok_v01,Alexander the Great,s,lettera,3314,18.079384243887716,0.9465472976247856,-0.09834800159754356
grok_v01,Alexander the Great,o,lettera,2997,20.014018691588785,0.9253411034795667,-0.25305386460608026
grok_v01,Alexander the Great,d,lettera,2231,26.885201793721972,0.8648751303780458,-0.2683706825045468
grok_v01,Alexander the Great,l,lettera,2125,28.226930320150657,0.9492060065114539,-0.09112018057896684
grok_v01,Alexander the Great,h,lettera,1802,33.27928928373126,0.9630869588103361,-0.208547656507856
grok_v01,Alexander the Great,c,lettera,1779,33.686164229471316,0.8619025178504756,-0.2709387778140027
grok_v01,Alexander the Great,p,lettera,1285,46.549065420560744,1.015852914045323,0.007318903027636961
grok_v01,Alexander the Great,u,lettera,1237,48.33252427184466,0.8968533132841006,-0.21247333746149247
grok_v01,Alexander the Great,m,lettera,1218,49.196384552177484,0.9445473635246197,-0.0973865471471587
grok_v01,Alexander the Great,g,lettera,1205,49.75083056478405,0.9559469131568034,-0.10147421577072283
grok_v01,Alexander the Great,f,lettera,896,66.83351955307262,0.9151532380530382,-0.11038676536023764
grok_v01,Alexander the Great,y,lettera,750,79.69425901201602,0.9854116753761881,-0.2237894910079476
grok_v01,Alexander the Great,b,lettera,659,91.0,1.029650307311954,-0.052089163301346234
grok_v01,Alexander the Great,the,funzione,384,156.44125326370758,1.1933389411256534,-0.23883444135615567
grok_v01,Alexander the Great,and,funzione,330,181.49544072948328,0.7075823224387754,-0.6720480508163263
grok_v01,Alexander the Great,to,funzione,207,290.36407766990294,0.9464115252918375,-0.29756312049211153
grok_v01,Alexander the Great,of,funzione,198,301.3045685279188,0.9219354123268065,-0.2423579234070064
grok_v01,Alexander the Great,in,funzione,182,329.44198895027625,1.0131111851355799,-0.17014806991550238
grok_v01,Alexander the Great,his,funzione,117,508.3965517241379,0.9857192926598893,-0.15443925143459947
grok_v01,Alexander the Great,alexander,keyword,162,368.167701863354,0.7403721614189858,-0.604786060867934
grok_v01,Alexander the Great,bc,keyword,81,719.0625,1.3254573128928988,-0.07297625283740534
grok_v01,Alexander the Great,persian,keyword,78,770.9350649350649,1.4358556388616233,-0.21623590025704106
grok_v01,Alexander the Great,macedonian,keyword,78,729.4935064935065,1.0153078608340327,-0.24466579609663824
grok_v01,Alexander the Great,alexander's,keyword,48,1214.936170212766,0.9803176646115107,-0.5696313626332405
grok_v01,Alexander the Great,cavalry,keyword,47,1229.7391304347825,1.9171727240669747,0.10117356608362726
grok_v01,Alexander the Great,greek,keyword,39,1474.7105263157894,1.5155891462644833,-0.019242386115678557
grok_v01,Alexander the Great,with,appaiata,84,694.4698795180723,0.7961946228992843,-0.4367808618286962
grok_v01,Alexander the Great,as,appaiata,79,757.025641025641,1.0145322633448808,-0.06326441739442451
grok_v01,Alexander the Great,by,appaiata,76,785.7466666666667,1.030492828055403,-0.028217937003615755
grok_v01,Alexander the Great,from,appaiata,74,812.917808219178,1.1986324837050926,-0.18003001045366457
grok_v01,Alexander the Great,he,appaiata,45,1316.8636363636363,1.0379724438683515,-0.163666057896734
grok_v01,Alexander the Great,on,appaiata,43,1350.047619047619,1.278299844763757,0.2900223231188523
grok_v01,Alexander the Great,like,appaiata,36,1681.5428571428572,0.9828583536112242,0.024402802991704418
grok_v01,Paris,vocali,vocali,18539,3.236379328945949,0.5906077822142733,-0.5319339987191126
grok_v01,Paris,spazio,spazio,8372,7.166527296619281,0.4655249127947925,-1.0116070262991776
grok_v01,Paris,e,lettera,5395,11.117167222840193,0.8894441706616091,-0.30058959298795024
grok_v01,Paris,i,lettera,4561,13.155482456140351,0.8626252050619732,-0.29985937676591956
grok_v01,Paris,n,lettera,4030,14.883842144452718,0.8451342035539541,-0.3695015083552465
grok_v01,Paris,t,lettera,3908,15.347837215254671,0.8763022620959363,-0.3179048022169847
grok_v01,Paris,a,lettera,3889,15.431069958847736,0.8413721197720021,-0.42851646763646195
grok_v01,Paris,r,lettera,3561,16.84859550561798,0.8267605361488759,-0.37139324151774894
grok_v01,Paris,s,lettera,3281,18.289939024390243,0.9248396283977718,-0.1740022329405579
grok_v01,Paris,o,lettera,3239,18.516985793699813,0.9088267635072786,-0.2712795996623929
grok_v01,Paris,l,lettera,2107,28.452516619183285,0.9361153746575059,-0.12846713011598726
grok_v01,Paris,d,lettera,1850,32.43212547322877,0.8617310250567541,-0.24307367562913715
grok_v01,Paris,c,lettera,1790,33.496925656791504,0.9809391337645745,-0.11146093193270357
grok_v01,Paris,h,lettera,1510,39.720344599072234,0.9853706952975155,-0.1682851009221886
grok_v01,Paris,u,lettera,1455,41.20220082530949,0.8867503335703381,-0.24360519543359338
grok_v01,Paris,m,lettera,1306,45.93563218390805,0.9694595190317424,-0.04298185537797164
grok_v01,Paris,p,lettera,1206,49.782572614107885,1.002352953030134,0.03493588790121995
grok_v01,Paris,g,lettera,1190,50.287636669470146,0.9001119286867566,-0.20079104817045376
grok_v01,Paris,f,lettera,925,64.81060606060606,1.0080730879876725,0.025440343746316974
grok_v01,Paris,b,lettera,674,88.52451708766716,0.9974458687677885,-0.02968528051244833
grok_v01,Paris,y,lettera,629,95.07643312101911,0.9609884934025655,-0.19005860029064262
grok_v01,Paris,the,funzione,416,144.4289156626506,1.0577602274558713,-0.2795550326479975
grok_v01,Paris,and,funzione,323,186.23291925465838,0.7336615548415312,-0.6397031475617209
grok_v01,Paris,in,funzione,201,298.485,0.996960569014512,-0.1948169776276568
grok_v01,Paris,of,funzione,190,315.41269841269843,1.080517941631108,-0.08521021204171485
grok_v01,Paris,to,funzione,158,377.54140127388536,0.96152251978047,-0.23067815805510278
grok_v01,Paris,with,funzione,107,546.0849056603773,0.7951699193694355,-0.6328083344484513
grok_v01,Paris,paris,keyword,116,521.4434782608696,0.6702395981109043,-0.6571186245791097
grok_v01,Paris,urban,keyword,43,1365.6666666666667,0.8789616566683768,-0.14311267541402375
grok_v01,Paris,population,keyword,31,1960.2333333333333,1.2138423658769377,0.21697919346108172
grok_v01,Paris,city,keyword,33,1774.21875,1.1998855730914664,-0.10252675457708915
grok_v01,Paris,national,keyword,24,2207.913043478261,1.3089311522585094,
grok_v01,Paris,housing,keyword,21,2238.45,1.0964626650249059,
grok_v01,Paris,square,keyword,19,3139.1111111111113,1.5537135472669492,
grok_v01,Paris,by,appaiata,96,605.9684210526316,0.9368414017960164,-0.09688276654827498
grok_v01,Paris,like,appaiata,39,1527.921052631579,1.0751644797112332,-0.2956862414607319
grok_v01,Paris,that,appaiata,31,1882.2666666666667,1.0154024703066187,0.09028445767355593
grok_v01,Paris,amid,appaiata,25,2365.8333333333335,0.7589407539101333,
grok_v01,Paris,de,appaiata,36,1535.6857142857143,1.0211382743745245,0.24871627716911815
grok_v01,Paris,th,appaiata,29,1972.142857142857,1.4985654891711344,0.793534204391358
grok_v01,Paris,this,appaiata,19,3039.4444444444443,0.8150393375786126,
grok_v01,Beijing,vocali,vocali,18364,3.267222131460001,0.5798421610130374,-0.534307787882819
grok_v01,Beijing,spazio,spazio,8346,7.188016776512882,0.45875838616956116,-1.0421452571873746
grok_v01,Beijing,e,lettera,5297,11.32666163141994,0.9047239914128443,-0.29522521684284103
grok_v01,Beijing,i,lettera,4711,12.737791932059448,0.8764690246760906,-0.36443324326175053
grok_v01,Beijing,t,lettera,4106,14.61047503045067,0.8490766760704774,-0.35128224850978945
grok_v01,Beijing,n,lettera,4064,14.755845434408073,0.851876343234688,-0.3688969988904589
grok_v01,Beijing,a,lettera,3773,15.898197242841993,0.8704355719363783,-0.401922114661732
grok_v01,Beijing,r,lettera,3336,17.969715142428786,0.8598910704803476,-0.3255908701596172
grok_v01,Beijing,s,lettera,3221,18.622049689440995,0.9526102716729848,-0.1455530119065103
grok_v01,Beijing,o,lettera,3167,18.93746051800379,0.8811457937570851,-0.3057331479313372
grok_v01,Beijing,c,lettera,2041,29.397058823529413,0.996447578040253,-0.16988925232034677
grok_v01,Beijing,l,lettera,2016,29.716129032258063,1.0342199871869497,0.02446472671799503
grok_v01,Beijing,d,lettera,1802,33.26762909494725,0.9272148754168865,-0.1664739256643576
grok_v01,Beijing,h,lettera,1607,37.333748443337484,0.9963286411550609,-0.13528457343946484
grok_v01,Beijing,u,lettera,1416,42.35547703180212,0.9861126792123709,-0.18798858373544342
grok_v01,Beijing,g,lettera,1309,45.83715596330275,0.8757404468375253,-0.18775820357458622
grok_v01,Beijing,m,lettera,1291,46.389147286821704,0.9405772894646324,-0.09698556655829123
grok_v01,Beijing,p,lettera,1260,47.62986497220016,1.0211021117761891,0.042701406566395456
grok_v01,Beijing,f,lettera,833,71.88942307692308,1.0031981199742235,0.02682744478364443
grok_v01,Beijing,y,lettera,770,77.91677503250975,0.9876988723004336,-0.14854491138670597
grok_v01,Beijing,b,lettera,669,89.58083832335329,0.9055152688095027,-0.19525533093638292
grok_v01,Beijing,the,funzione,379,157.86243386243387,1.369200847430567,-0.2537276275583192
grok_v01,Beijing,and,funzione,310,193.62459546925567,0.8815988243361372,-0.5880202679061133
grok_v01,Beijing,in,funzione,208,288.84541062801935,0.9559997026412809,-0.27067767145657057
grok_v01,Beijing,of,funzione,170,352.6390532544379,1.0019580709486264,-0.13267673323600504
grok_v01,Beijing,to,funzione,169,350.01190476190476,1.0253569391420407,-0.15492530333982668
grok_v01,Beijing,with,funzione,117,514.0603448275862,0.785792181764546,-0.5458251294583517
grok_v01,Beijing,beijing,keyword,120,499.6470588235294,0.8089787941439958,-0.4280865998361164
grok_v01,Beijing,beijing's,keyword,43,1231.6666666666667,0.8806831954949751,-0.36077926556577133
grok_v01,Beijing,national,keyword,40,1452.4615384615386,1.3234174528316203,0.0852215768611745
grok_v01,Beijing,capital,keyword,28,1959.3333333333333,1.7906272499560998,0.4623075219231438
grok_v01,Beijing,city,keyword,37,1629.3055555555557,1.4677284429851774,0.2982366413811904
grok_v01,Beijing,state,keyword,34,1723.4242424242425,1.268546105453293,0.1472436910444535
grok_v01,Beijing,central,keyword,25,2289.5416666666665,1.5218394926280148,
grok_v01,Beijing,from,appaiata,71,785.7857142857143,0.8986938974651665,-0.31343995824224186
grok_v01,Beijing,like,appaiata,41,1460.525,0.9637698984922796,-0.3443851955524346
grok_v01,Beijing,under,appaiata,38,1472.5135135135135,0.7680505706011151,-0.22630128767615917
grok_v01,Beijing,this,appaiata,28,2049.4814814814813,0.7425091160833418,-0.4996053118078811
grok_v01,Beijing,at,appaiata,27,2290.3076923076924,1.220398419552424,-0.018684042189290498
grok_v01,Beijing,but,appaiata,29,1681.1785714285713,1.0285710937204935,-0.22152251931915365
grok_v01,Beijing,imperial,appaiata,24,2512.913043478261,3.005460883487515,
grok_v01,Isaac Newton,vocali,vocali,18956,3.165286204167766,0.5549855656699011,-0.5942479698835735
grok_v01,Isaac Newton,spazio,spazio,8372,7.1664078365786645,0.47777298436481114,-0.9827274867750546
grok_v01,Isaac Newton,e,lettera,5476,10.953424657534246,0.8746254584619267,-0.3237287585688549
grok_v01,Isaac Newton,i,lettera,4689,12.796715017064846,0.8861617579530456,-0.32201506565552807
grok_v01,Isaac Newton,t,lettera,4300,13.952314491742266,0.8344055035404899,-0.37078005451194257
grok_v01,Isaac Newton,n,lettera,3905,15.365522540983607,0.8767800172872843,-0.3566356385952019
grok_v01,Isaac Newton,a,lettera,3799,15.794365455502897,0.8890004194652391,-0.3420607249292082
grok_v01,Isaac Newton,o,lettera,3613,16.60797342192691,0.8954190963360655,-0.2503698057020093
grok_v01,Isaac Newton,r,lettera,3314,18.10021128886206,0.8406632807039336,-0.31720145334356686
grok_v01,Isaac Newton,s,lettera,3279,18.297132397803537,0.9023340584483669,-0.1993915609425126
grok_v01,Isaac Newton,l,lettera,2169,27.631457564575644,0.9505543759815164,-0.08823846844537167
grok_v01,Isaac Newton,c,lettera,2011,29.81691542288557,0.9320080353074957,-0.19520383912348166
grok_v01,Isaac Newton,h,lettera,1935,30.991726990692865,0.9505936584901824,-0.21703715791646802
grok_v01,Isaac Newton,d,lettera,1807,33.138427464008856,0.9075018148668855,-0.18494900640027687
grok_v01,Isaac Newton,u,lettera,1379,43.49346879535559,1.0263725514991267,-0.1083865730641456
grok_v01,Isaac Newton,m,lettera,1344,44.60982874162323,0.9238342923673045,-0.14227978326270874
grok_v01,Isaac Newton,p,lettera,1289,46.4611801242236,0.9916838507321332,-0.00780096829123065
grok_v01,Isaac Newton,g,lettera,1026,58.44682926829268,0.9480219873965932,-0.09158005283354574
grok_v01,Isaac Newton,f,lettera,947,63.22093023255814,0.9474117025422056,-0.06935564649754553
grok_v01,Isaac Newton,y,lettera,690,86.96371552975326,0.955334633907973,-0.18277423269116816
grok_v01,Isaac Newton,w,lettera,633,94.84018987341773,0.9016819767555193,-0.22562866858337588
grok_v01,Isaac Newton,the,funzione,312,192.0,1.1082714960718678,-0.1426170914630241
grok_v01,Isaac Newton,and,funzione,265,223.2159090909091,0.8590612133910824,-0.5385358587553595
grok_v01,Isaac Newton,of,funzione,255,235.08661417322836,1.0458207317008716,-0.25636571963567956
grok_v01,Isaac Newton,in,funzione,185,324.0217391304348,0.8678216066830613,-0.3507108971181792
grok_v01,Isaac Newton,to,funzione,183,323.1758241758242,0.9053198835790695,-0.2543121133594604
grok_v01,Isaac Newton,his,funzione,125,480.05645161290323,1.2212164062011863,-0.07549061298541515
grok_v01,Isaac Newton,newton,keyword,144,417.4195804195804,0.6233406737296355,-0.7914765430170122
grok_v01,Isaac Newton,newton's,keyword,44,1361.7209302325582,0.9406258528511421,-0.3820370580698216
grok_v01,Isaac Newton,motion,keyword,28,1299.9259259259259,1.5573686891381833,0.030226163386895863
grok_v01,Isaac Newton,royal,keyword,21,2851.85,1.485694365497962,
grok_v01,Isaac Newton,space,keyword,22,321.0,1.0717072360862643,
grok_v01,Isaac Newton,principia,keyword,19,3309.277777777778,1.1291449777881566,
grok_v01,Isaac Newton,laws,keyword,19,3009.222222222222,1.4201031936606747,
grok_v01,Isaac Newton,as,appaiata,118,494.55555555555554,0.9797128192798922,-0.3427443292117025
grok_v01,Isaac Newton,on,appaiata,46,1283.3555555555556,1.010929288894181,-0.14764596015800424
grok_v01,Isaac Newton,through,appaiata,27,2052.3846153846152,0.8821387945586141,-0.21355577760332373
grok_v01,Isaac Newton,an,appaiata,21,2913.8,0.992215259453637,
grok_v01,Isaac Newton,but,appaiata,21,2775.9,0.8436643785663878,
grok_v01,Isaac Newton,absolute,appaiata,18,1392.4705882352941,2.9152191277198525,
grok_v01,Isaac Newton,though,appaiata,18,3269.294117647059,0.7471308987761229,
grok_v01,Albert Einstein,vocali,vocali,18877,3.1785865649502014,0.5804738335179888,-0.5443575198599431
grok_v01,Albert Einstein,spazio,spazio,8485,7.071074964639321,0.49072004814233333,-0.9334891894013526
grok_v01,Albert Einstein,e,lettera,5976,10.038995815899582,0.8849277096189405,-0.3438962339835879
grok_v01,Albert Einstein,i,lettera,4896,12.254545454545454,0.8641109085018882,-0.3679055647030628
grok_v01,Albert Einstein,t,lettera,4235,14.168162494095418,0.8654266073555891,-0.3463935055348426
grok_v01,Albert Einstein,n,lettera,4013,14.951894317048854,0.850051858168314,-0.3757892833574208
grok_v01,Albert Einstein,a,lettera,3682,16.297745177940776,0.8844020006623214,-0.36435970954971203
grok_v01,Albert Einstein,s,lettera,3253,18.440651906519065,0.936374603995746,-0.10303535265751415
grok_v01,Albert Einstein,r,lettera,3139,19.101657106437223,0.8169292158281081,-0.3869755467387308
grok_v01,Albert Einstein,o,lettera,3043,19.696581196581196,0.8895987007508748,-0.23870740049420772
grok_v01,Albert Einstein,l,lettera,2122,28.282885431400285,0.9402287915394539,-0.08538936839323814
grok_v01,Albert Einstein,c,lettera,1943,30.830072090628217,0.9823513375969736,-0.16343589920150128
grok_v01,Albert Einstein,d,lettera,1914,31.29064296915839,0.9084854037129706,-0.19553934797793457
grok_v01,Albert Einstein,h,lettera,1795,33.40746934225195,0.977768743462993,-0.18609954675240054
grok_v01,Albert Einstein,m,lettera,1352,44.346410066617324,0.9691593098165573,-0.09500147211191141
grok_v01,Albert Einstein,u,lettera,1280,46.70054730258014,1.0023496647715207,-0.09031603024072186
grok_v01,Albert Einstein,p,lettera,1250,47.99119295436349,0.9925987292439826,-0.022449248899799795
grok_v01,Albert Einstein,g,lettera,1003,59.66367265469062,1.0242916336815735,-0.06679245984062793
grok_v01,Albert Einstein,f,lettera,940,63.660276890308836,0.9976774652033265,0.015050000476349417
grok_v01,Albert Einstein,y,lettera,761,78.60394736842105,0.933672449183493,-0.2392299083887502
grok_v01,Albert Einstein,b,lettera,593,101.28716216216216,1.1273351142405381,0.0604011213244176
grok_v01,Albert Einstein,the,funzione,329,182.28658536585365,1.0271471507105867,-0.25214164884824725
grok_v01,Albert Einstein,and,funzione,229,261.9868421052632,0.9640085350883173,-0.39479297483798426
grok_v01,Albert Einstein,in,funzione,219,273.8532110091743,0.917792416243716,-0.2437613828319056
grok_v01,Albert Einstein,of,funzione,195,307.77319587628864,1.1658626891267732,-0.1476643699045472
grok_v01,Albert Einstein,to,funzione,178,333.77966101694915,0.938637298337042,-0.2703757294689235
grok_v01,Albert Einstein,his,funzione,105,572.6057692307693,1.4800541651607382,0.055995180299137
grok_v01,Albert Einstein,einstein,keyword,137,440.41911764705884,0.6711591561709044,-0.6845278002151621
grok_v01,Albert Einstein,einstein's,keyword,34,1768.030303030303,1.1014612789038047,0.15161998258598233
grok_v01,Albert Einstein,relativity,keyword,36,1675.2571428571428,2.037697602302105,0.46180784151260845
grok_v01,Albert Einstein,quantum,keyword,28,1972.962962962963,2.0805063993552433,0.3167390997161347
grok_v01,Albert Einstein,theory,keyword,35,1750.4117647058824,2.1045755450448027,0.06479971872443398
grok_v01,Albert Einstein,field,keyword,25,2411.7916666666665,2.0208954681909495,
grok_v01,Albert Einstein,light,keyword,24,1259.4347826086957,1.612022331996743,
grok_v01,Albert Einstein,as,appaiata,86,685.3529411764706,0.803703048019216,-0.44433595998679287
grok_v01,Albert Einstein,where,appaiata,33,1815.6875,1.022201562652807,-0.18107564737422055
grok_v01,Albert Einstein,which,appaiata,31,1990.8,0.8341437599276267,-0.16477600523142275
grok_v01,Albert Einstein,an,appaiata,25,2331.8333333333335,0.8164371082655909,
grok_v01,Albert Einstein,later,appaiata,23,2610.590909090909,1.1194184790504638,
grok_v01,Albert Einstein,though,appaiata,23,2606.3636363636365,0.5386034979182227,
grok_v01,Albert Einstein,but,appaiata,21,2831.9,1.0616201108408925,
grok_v01,Napoleon,vocali,vocali,18689,3.210509417808219,0.5769600659818049,-0.5383043326854806
grok_v01,Napoleon,spazio,spazio,8447,7.10253374378404,0.45922408062266573,-1.0467465866575136
grok_v01,Napoleon,e,lettera,5433,11.044550810014728,0.8626020568377463,-0.3366705731003253
grok_v01,Napoleon,i,lettera,4270,14.030452096509721,0.9236702539671944,-0.24570224185953954
grok_v01,Napoleon,a,lettera,4219,14.216216216216216,0.8651880240961484,-0.3828247708963186
grok_v01,Napoleon,n,lettera,4013,14.953888334995016,0.8371715977097738,-0.3708661934125984
grok_v01,Napoleon,t,lettera,3992,15.026058631921824,0.8634923688851254,-0.3244905982165778
grok_v01,Napoleon,r,lettera,3523,17.005678591709255,0.8107603110014455,-0.39687118629420126
grok_v01,Napoleon,o,lettera,3439,17.4456079115765,0.8875079870925058,-0.2911826121116289
grok_v01,Napoleon,s,lettera,3012,19.902690136167386,0.9944491713183137,-0.04959789347007797
grok_v01,Napoleon,l,lettera,2157,27.799628942486084,0.9079761509725407,-0.10703611445195464
grok_v01,Napoleon,d,lettera,1991,30.088442211055277,0.8944825216132294,-0.16691006516428133
grok_v01,Napoleon,c,lettera,1869,32.07173447537473,0.9126450705892744,-0.18484200723645505
grok_v01,Napoleon,h,lettera,1541,38.9038961038961,0.9194447668610415,-0.20675323867978132
grok_v01,Napoleon,u,lettera,1328,45.176337603617185,0.8948510570867424,-0.3103357350082688
grok_v01,Napoleon,p,lettera,1264,47.45605700712589,0.9926456311275533,-0.006693849910703895
grok_v01,Napoleon,m,lettera,1190,50.397813288477714,0.9490401492734107,-0.09399665669206393
grok_v01,Napoleon,f,lettera,1022,58.53085210577865,0.9606838376314433,-0.00866943480286119
grok_v01,Napoleon,g,lettera,1006,59.6,0.8875029462831566,-0.22098995491532283
grok_v01,Napoleon,b,lettera,742,80.5114709851552,0.9204649244505119,-0.17319914279787565
grok_v01,Napoleon,y,lettera,714,83.9523141654979,0.9269737399809564,-0.22825255634071603
grok_v01,Napoleon,the,funzione,455,131.83039647577093,0.9234138404234736,-0.3945337385911471
grok_v01,Napoleon,and,funzione,297,202.0608108108108,0.7608199299375331,-0.5800889703212576
grok_v01,Napoleon,of,funzione,217,275.80555555555554,0.9561652357644694,-0.22312861535990294
grok_v01,Napoleon,to,funzione,207,289.6407766990291,1.0362475320914786,-0.16301060890645658
grok_v01,Napoleon,in,funzione,149,401.5878378378378,1.1107821242610298,-0.1999867419619187
grok_v01,Napoleon,on,funzione,114,509.78761061946904,0.9130636040242383,-0.2164605181084194
grok_v01,Napoleon,french,keyword,91,663.0222222222222,1.1068660554959817,-0.3834467206586374
grok_v01,Napoleon,napoleon,keyword,79,764.9487179487179,1.1128441925086605,-0.11030852008128986
grok_v01,Napoleon,bonaparte,keyword,71,803.8428571428572,1.551312832798232,-0.23340017193955023
grok_v01,Napoleon,british,keyword,32,1683.4193548387098,2.419858326372449,0.5027035227813873
grok_v01,Napoleon,france,keyword,32,1813.967741935484,1.1472512527059646,0.11325549939001925
grok_v01,Napoleon,napoleon's,keyword,23,2594.590909090909,1.540960726802183,
grok_v01,Napoleon,military,keyword,21,1646.3,1.1784168424100996,
grok_v01,Napoleon,by,appaiata,83,717.1585365853658,0.6923723432349905,-0.5100919924254698
grok_v01,Napoleon,as,appaiata,54,1119.6415094339623,0.9710568027959203,-0.33256162823359925
grok_v01,Napoleon,at,appaiata,51,1080.06,1.172417107800818,0.08120697847992944
grok_v01,Napoleon,while,appaiata,35,1714.7058823529412,1.0634004606199712,-0.6820702107375214
grok_v01,Napoleon,against,appaiata,26,2074.0,1.2136126460546028,0.1031557383860551
grok_v01,Napoleon,or,appaiata,23,2465.1363636363635,1.334262972723181,
grok_v01,Napoleon,through,appaiata,20,3078.4210526315787,0.8957026653260943,
grok_v01,Brazil,vocali,vocali,18511,3.2411669367909237,0.5994983836167171,-0.5428957826284193
grok_v01,Brazil,spazio,spazio,8347,7.187514977234604,0.46032652555626735,-1.033878175763051
grok_v01,Brazil,e,lettera,5256,11.410846812559468,0.9066274180046077,-0.27964777505297067
grok_v01,Brazil,i,lettera,4410,13.604445452483557,0.8989700464231359,-0.29107153853119694
grok_v01,Brazil,a,lettera,4017,14.938745019920319,0.8799183933813142,-0.3876011835498153
grok_v01,Brazil,t,lettera,3884,15.436260623229462,0.8873125673189545,-0.2996016544929919
grok_v01,Brazil,n,lettera,3862,15.517482517482517,0.8358272051673428,-0.3731036692708212
grok_v01,Brazil,r,lettera,3502,17.129105969722936,0.80978727420359,-0.34103731599966136
grok_v01,Brazil,o,lettera,3439,17.438336242001164,0.8810777591288084,-0.2833536865809763
grok_v01,Brazil,s,lettera,3152,19.02031101237702,0.9483078779974683,-0.1146393536642917
grok_v01,Brazil,l,lettera,2250,26.67274344152957,0.9413015191007426,-0.05772373716023072
grok_v01,Brazil,d,lettera,2014,29.780923994038748,0.8870873955901749,-0.2306469270085225
grok_v01,Brazil,c,lettera,1863,32.187432867884,0.9176487162869655,-0.21047821570070702
grok_v01,Brazil,u,lettera,1389,43.17363112391931,0.9716871817282239,-0.1790180823472365
grok_v01,Brazil,h,lettera,1299,46.18181818181818,0.9861866196764919,-0.11422168927873226
grok_v01,Brazil,p,lettera,1262,47.494052339413166,0.9805494695409914,-0.03295703520763031
grok_v01,Brazil,m,lettera,1215,49.33525535420099,0.9140665768190606,-0.11824449003688119
grok_v01,Brazil,g,lettera,1127,53.181172291296626,0.9387577246627914,-0.11908482448811561
grok_v01,Brazil,f,lettera,904,66.37209302325581,1.014908128121642,0.016570832967908414
grok_v01,Brazil,b,lettera,785,76.21556122448979,0.9524375956768953,-0.15195124497803145
grok_v01,Brazil,y,lettera,641,93.6234375,1.0261734370937976,-0.2230703612844486
grok_v01,Brazil,the,funzione,348,172.28818443804033,1.0462043589976444,-0.2899957214472164
grok_v01,Brazil,and,funzione,307,195.62745098039215,0.8011120085230772,-0.5677038356040208
grok_v01,Brazil,in,funzione,213,279.74056603773585,1.1718550455031829,-0.17592744729217422
grok_v01,Brazil,of,funzione,173,348.25,0.9734091788079893,-0.12296156739392532
grok_v01,Brazil,to,funzione,173,341.5639534883721,0.8889475982594499,-0.2889900360995755
grok_v01,Brazil,by,funzione,122,485.8347107438017,0.7669908295338251,-0.4207955192118245
grok_v01,Brazil,brazil,keyword,62,948.5245901639345,1.34255123609889,0.10641744718285152
grok_v01,Brazil,brazil's,keyword,26,2242.52,0.9995650660621828,0.011624816148899274
grok_v01,Brazil,economic,keyword,22,2672.4285714285716,0.9003697411345,
grok_v01,Brazil,brazilian,keyword,22,2540.4285714285716,1.2327624453977193,
grok_v01,Brazil,fiscal,keyword,20,1630.7894736842106,1.1386938355379974,
grok_v01,Brazil,gdp,keyword,18,3358.5882352941176,1.6618832262699748,
grok_v01,Brazil,amazon,keyword,17,3642.6875,1.5427955291264568,
grok_v01,Brazil,that,appaiata,35,1675.3823529411766,0.7863049902893767,-0.49123284881698026
grok_v01,Brazil,these,appaiata,26,2150.24,0.5726879344349026,-0.7639514973568918
grok_v01,Brazil,amid,appaiata,23,2554.5,0.8269495002986852,
grok_v01,Brazil,while,appaiata,21,2570.95,0.7286594355774149,
grok_v01,Brazil,at,appaiata,20,3037.1052631578946,0.8624964214481315,
grok_v01,Brazil,his,appaiata,18,1802.0588235294117,1.3946208442655468,
grok_v01,Brazil,growth,appaiata,17,2097.625,1.1611016198344029,
grok_v01,Artificial intelligence,vocali,vocali,19020,3.1545296808454704,0.572745575871762,-0.5603198079242612
grok_v01,Artificial intelligence,spazio,spazio,7893,7.601115053218449,0.4665715277087907,-1.0098757422505915
grok_v01,Artificial intelligence,e,lettera,5487,10.9323733138899,0.8766431134177515,-0.2957426918372571
grok_v01,Artificial intelligence,i,lettera,4644,12.920740900279991,0.916723070801539,-0.34592461156313403
grok_v01,Artificial intelligence,a,lettera,4232,14.180099267312691,0.8465528191506874,-0.4235427131037452
grok_v01,Artificial intelligence,n,lettera,4144,14.47236302196476,0.8721571827855323,-0.3232785589000431
grok_v01,Artificial intelligence,t,lettera,3943,15.211821410451547,0.8938972552914066,-0.2884128446316981
grok_v01,Artificial intelligence,r,lettera,3355,17.88670244484198,0.8693465271272293,-0.3032109808183683
grok_v01,Artificial intelligence,s,lettera,3338,17.953551093796822,0.9617024312144541,-0.06782034789149995
grok_v01,Artificial intelligence,o,lettera,3274,18.298808432630615,0.8773655659094011,-0.34265866631347686
grok_v01,Artificial intelligence,l,lettera,2267,26.47308031774051,0.9691494505209067,-0.07935248777239776
grok_v01,Artificial intelligence,c,lettera,2125,28.245291902071564,0.9262050405065503,-0.22289956313020923
grok_v01,Artificial intelligence,d,lettera,1859,32.22443487621098,0.964814982064805,-0.14708235402513611
grok_v01,Artificial intelligence,m,lettera,1474,40.6754921928038,0.9526691915668262,-0.17597126716598754
grok_v01,Artificial intelligence,p,lettera,1441,41.607638888888886,0.9087893208513774,-0.14560243374858228
grok_v01,Artificial intelligence,g,lettera,1417,42.326977401129945,0.9106823266720905,-0.18975708029033272
grok_v01,Artificial intelligence,u,lettera,1383,43.3589001447178,1.0014121763102015,-0.1974925692648846
grok_v01,Artificial intelligence,h,lettera,1371,43.68978102189781,0.9626055757545577,-0.17267095221283632
grok_v01,Artificial intelligence,f,lettera,811,73.98641975308642,1.0319466776388648,0.04864988250147847
grok_v01,Artificial intelligence,b,lettera,683,87.85043988269794,0.9728680392635718,-0.06981192746921645
grok_v01,Artificial intelligence,y,lettera,611,98.12786885245902,0.9806764741844729,-0.1673116752548379
grok_v01,Artificial intelligence,and,funzione,247,242.60162601626016,0.7754185376847816,-0.6426604077658697
grok_v01,Artificial intelligence,in,funzione,221,270.8909090909091,0.9021970128822684,-0.31458848141605344
grok_v01,Artificial intelligence,to,funzione,178,335.77966101694915,0.8605974547215712,-0.4841667187441764
grok_v01,Artificial intelligence,the,funzione,142,420.73758865248226,1.5500016717035372,0.06174604657029551
grok_v01,Artificial intelligence,of,funzione,112,537.7477477477478,1.037126814752652,-0.11681856127916423
grok_v01,Artificial intelligence,by,funzione,107,562.1603773584906,0.8649930054396008,-0.18879822286352047
grok_v01,Artificial intelligence,ai,keyword,66,919.5076923076923,1.447650218907028,0.02106260126805657
grok_v01,Artificial intelligence,learning,keyword,61,963.15,0.97622306241032,-0.02954905656615803
grok_v01,Artificial intelligence,systems,keyword,50,1130.3469387755101,1.2673545807656457,0.016904397030078542
grok_v01,Artificial intelligence,intelligence,keyword,48,1266.595744680851,1.3182243516423322,0.08640352378772687
grok_v01,Artificial intelligence,data,keyword,56,1076.1272727272728,1.0961345735212988,-0.06072267658055983
grok_v01,Artificial intelligence,models,keyword,44,1368.6511627906978,0.9205227819113861,0.04889765739789885
grok_v01,Artificial intelligence,tasks,keyword,35,1728.5294117647059,0.8216867922739519,-0.5111872921348098
grok_v01,Artificial intelligence,or,appaiata,56,974.5090909090909,1.1293242888583181,-0.15463122954737724
grok_v01,Artificial intelligence,from,appaiata,61,977.5166666666667,0.8214612937472092,-0.3733869090064051
grok_v01,Artificial intelligence,like,appaiata,72,811.1971830985915,0.6992141943266491,-0.5958054791006344
grok_v01,Artificial intelligence,such,appaiata,39,1445.0,0.6241161472616233,-0.6427878664055754
grok_v01,Artificial intelligence,that,appaiata,35,1752.8529411764705,0.9136113144780422,-0.19533720349242292
grok_v01,Artificial intelligence,through,appaiata,35,1705.5882352941176,0.6402115166499317,-0.6597923739860841
grok_v01,Artificial intelligence,human,appaiata,44,1386.093023255814,1.3309845427931906,-0.02648613582772482
grok_v01,Olympic Games,vocali,vocali,18583,3.2288774082445375,0.5520684184153268,-0.5591832704084272
grok_v01,Olympic Games,spazio,spazio,8436,7.111558980438648,0.4592691787226675,-1.0377054751361907
grok_v01,Olympic Games,e,lettera,5458,10.992853216052776,0.8718813085030123,-0.2748642500441459
grok_v01,Olympic Games,i,lettera,4598,13.042854035240374,0.8556910081747474,-0.32750626416823164
grok_v01,Olympic Games,t,lettera,4236,14.154427390791026,0.8404656804604077,-0.3421564986311162
grok_v01,Olympic Games,n,lettera,3933,15.246693794506612,0.8273583328537668,-0.3613815247490037
grok_v01,Olympic Games,a,lettera,3737,16.054871520342612,0.8669644074072109,-0.4044901198176875
grok_v01,Olympic Games,o,lettera,3535,16.976513865308434,0.8690218786780302,-0.3136902429981311
grok_v01,Olympic Games,s,lettera,3264,18.383389518847686,0.9275409662400488,-0.16517760965509537
grok_v01,Olympic Games,r,lettera,3113,19.26413881748072,0.8768175964421632,-0.3000784112231045
grok_v01,Olympic Games,l,lettera,2148,27.94457382394038,0.9540760534901208,-0.0639431956491652
grok_v01,Olympic Games,c,lettera,2047,29.29227761485826,0.8903661501964769,-0.2469805369345673
grok_v01,Olympic Games,d,lettera,1856,32.29865229110512,0.9168682230860753,-0.13559923285194347
grok_v01,Olympic Games,h,lettera,1553,38.57667525773196,0.9851938788970588,-0.20206625784214483
grok_v01,Olympic Games,m,lettera,1467,40.915416098226466,0.9773132450139124,-0.009053821248001647
grok_v01,Olympic Games,g,lettera,1307,45.90888208269525,0.9639428296912251,-0.17784429189769788
grok_v01,Olympic Games,p,lettera,1295,46.31839258114374,0.914450209298624,-0.09311032648467314
grok_v01,Olympic Games,u,lettera,1255,47.78708133971292,0.9678464999396361,-0.1763424820761839
grok_v01,Olympic Games,f,lettera,864,69.36964078794901,0.9293323529298513,-0.15142414789711284
grok_v01,Olympic Games,y,lettera,725,82.70165745856353,1.015233468237753,-0.1875911139497034
grok_v01,Olympic Games,b,lettera,603,99.39036544850498,1.0440471790852213,-0.07276064728171341
grok_v01,Olympic Games,the,funzione,470,127.35820895522389,1.1590513855735927,-0.32008981389545954
grok_v01,Olympic Games,and,funzione,329,182.5060975609756,0.75236185242847,-0.5645448976713137
grok_v01,Olympic Games,in,funzione,188,319.0748663101604,0.9907818044882662,-0.1606611702871623
grok_v01,Olympic Games,to,funzione,177,336.35795454545456,0.8851513676455584,-0.4091302247215476
grok_v01,Olympic Games,of,funzione,141,425.9428571428571,1.120562022472356,-0.12299505868388881
grok_v01,Olympic Games,with,funzione,95,621.0425531914893,0.8125370312580036,-0.5174420746652081
grok_v01,Olympic Games,games,keyword,107,561.811320754717,1.026490785237674,-0.17675909894310543
grok_v01,Olympic Games,olympic,keyword,104,575.2038834951456,1.1826714271841505,0.000607682992822558
grok_v01,Olympic Games,ioc,keyword,86,690.0941176470589,2.4148706260653383,-0.3781598114899662
grok_v01,Olympic Games,international,keyword,39,1548.421052631579,1.6189753637229134,0.15246419248766613
grok_v01,Olympic Games,sports,keyword,36,1701.0857142857142,1.6299291944305694,0.14564254294312887
grok_v01,Olympic Games,host,keyword,39,1513.9736842105262,1.4104142501108963,0.32559923184336287
grok_v01,Olympic Games,events,keyword,32,1892.516129032258,0.9603320137693028,-0.04796672762029452
grok_v01,Olympic Games,for,appaiata,94,628.5483870967741,1.2293052954649466,-0.07715707913764205
grok_v01,Olympic Games,from,appaiata,93,637.804347826087,1.0507704394158954,-0.08613679582436529
grok_v01,Olympic Games,by,appaiata,77,778.5263157894736,1.0371781634171604,-0.000217838552828509
grok_v01,Olympic Games,at,appaiata,40,1480.3846153846155,0.9160956236222986,-0.1280656983350866
grok_v01,Olympic Games,like,appaiata,41,1466.625,0.8505353451075139,-0.25784715093838634
grok_v01,Olympic Games,or,appaiata,31,1860.3666666666666,1.5202070411777284,0.25886737999683024
grok_v01,Olympic Games,billion,appaiata,30,680.8620689655172,2.2014961451852284,0.3691136558451694
grok_v01,World War II,vocali,vocali,18394,3.2619474800195727,0.6113609892334525,-0.5064623960230644
grok_v01,World War II,spazio,spazio,8561,7.008411214953271,0.44408978370430935,-1.0752939715646563
grok_v01,World War II,e,lettera,5352,11.198093814240329,0.8817699631055869,-0.3167356708975441
grok_v01,World War II,i,lettera,4308,13.910378453680055,0.895070596658668,-0.26762469895004176
grok_v01,World War II,a,lettera,4258,14.087620389945972,0.8775811964870303,-0.3361325722960575
grok_v01,World War II,n,lettera,3820,15.690494893951296,0.854644160176863,-0.3653425378554121
grok_v01,World War II,t,lettera,3731,16.072386058981234,0.8812268831599636,-0.301230675335008
grok_v01,World War II,r,lettera,3422,17.533469745688397,0.8903190684698472,-0.3030473041751827
grok_v01,World War II,o,lettera,3145,19.078244274809162,0.9138146164397212,-0.2538977167586841
grok_v01,World War II,s,lettera,3104,19.319368353206574,0.9143477694537506,-0.10335936582505408
grok_v01,World War II,l,lettera,2139,28.02759588400374,0.9790605062469908,-0.03814397720530988
grok_v01,World War II,d,lettera,2049,29.28515625,0.8697742490280179,-0.1975866761017245
grok_v01,World War II,c,lettera,1596,37.540438871473356,0.9224353509400556,-0.13379075782527075
grok_v01,World War II,h,lettera,1389,43.12463976945245,0.9473376389092528,-0.1755783684138276
grok_v01,World War II,u,lettera,1331,45.03082706766917,0.9379256788703259,-0.2025810325960755
grok_v01,World War II,m,lettera,1254,47.70630486831604,0.9638643533835831,-0.12300085344878398
grok_v01,World War II,p,lettera,1230,48.59560618388934,1.004344681264542,-0.0005630214246059777
grok_v01,World War II,g,lettera,1152,52.00608166811468,0.9159743915579748,-0.08747149643755808
grok_v01,World War II,f,lettera,1064,56.32831608654751,0.9727731331670505,0.026224201720325885
grok_v01,World War II,y,lettera,688,87.1848617176128,0.9636855109170047,-0.19541957831201145
grok_v01,World War II,b,lettera,680,88.07363770250369,0.9551220137355052,-0.09661800254827155
grok_v01,World War II,the,funzione,404,147.81885856079404,0.9479083395041441,-0.37666768089279984
grok_v01,World War II,and,funzione,345,173.62209302325581,0.7155177825405387,-0.6374195028310156
grok_v01,World War II,of,funzione,182,327.74585635359114,1.1518572265672316,-0.07940310529058335
grok_v01,World War II,in,funzione,173,346.5581395348837,1.0882761930220177,-0.1658497488126902
grok_v01,World War II,to,funzione,173,343.75581395348837,0.9200737061808053,-0.3454192922716146
grok_v01,World War II,by,funzione,98,613.8556701030927,0.9948666679826764,-0.11834053931242784
grok_v01,World War II,german,keyword,66,867.4769230769231,1.5508373097005814,0.04335961804648708
grok_v01,World War II,soviet,keyword,62,934.5245901639345,2.1949997293108154,-0.1217055296898484
grok_v01,World War II,allied,keyword,47,1271.3260869565217,2.2616623344717204,-0.037786835753306935
grok_v01,World War II,forces,keyword,41,1392.175,1.7672013504527835,-0.014252014581822106
grok_v01,World War II,million,keyword,37,1619.5277777777778,1.1812203274307738,0.2965009138996147
grok_v01,World War II,troops,keyword,32,1751.0645161290322,1.4193609933279991,-0.4431584152170374
grok_v01,World War II,casualties,keyword,28,1574.037037037037,0.9591532768781905,-0.4568785425963644
grok_v01,World War II,for,appaiata,59,974.5,0.9687288309208658,-0.020286630755227592
grok_v01,World War II,as,appaiata,49,1176.5833333333333,1.3880545901169874,0.31889805593489423
grok_v01,World War II,over,appaiata,42,1379.4634146341464,0.8360551291567585,-0.5090453957831912
grok_v01,World War II,war,appaiata,43,1402.5,1.3694414084515516,0.38032375379219324
grok_v01,World War II,but,appaiata,32,1800.032258064516,0.840478295182001,-0.5352214744156051
grok_v01,World War II,at,appaiata,27,2228.153846153846,1.3529615305049432,0.2873787661571372
grok_v01,World War II,military,appaiata,27,2216.1923076923076,0.986510424665481,-0.07143196082473734
grok_v01,World War I,vocali,vocali,18633,3.2201588664662943,0.5677917277460928,-0.5358284074961052
grok_v01,World War I,spazio,spazio,8486,7.06977018267531,0.4509677281636629,-1.0556612131516547
grok_v01,World War I,e,lettera,5303,11.307053941908714,0.8866548712244497,-0.3022056697419664
grok_v01,World War I,a,lettera,4440,13.513403919801757,0.857742371322277,-0.4082511032457555
grok_v01,World War I,i,lettera,4281,14.016121495327102,0.9295909282457228,-0.26601509332998796
grok_v01,World War I,n,lettera,4006,14.958551810237203,0.8229939109791065,-0.3843362800761495
grok_v01,World War I,t,lettera,3954,15.165190994181634,0.8672400304183566,-0.3080435995546557
grok_v01,World War I,r,lettera,3591,16.71142061281337,0.817009161562082,-0.399957339940925
grok_v01,World War I,s,lettera,3178,18.8693736229147,0.9400017317436946,-0.06002245629726685
grok_v01,World War I,o,lettera,3125,19.204865556978234,0.9180247660033513,-0.25281286118588203
grok_v01,World War I,l,lettera,2144,27.98133457769482,0.9913312432228033,-0.04172605172362955
grok_v01,World War I,d,lettera,1964,30.548140601120732,0.9162559487447873,-0.18008350938204107
grok_v01,World War I,c,lettera,1559,38.4614890885751,0.9069578970151968,-0.19025648817027502
grok_v01,World War I,u,lettera,1484,40.34322319622387,0.9866906489397254,-0.16414629329611866
grok_v01,World War I,h,lettera,1453,41.25413223140496,0.9467976320748176,-0.17587805728562025
grok_v01,World War I,m,lettera,1302,46.039969254419674,1.0063576653671378,-0.05142320390205107
grok_v01,World War I,g,lettera,1253,47.88099041533546,0.910940990515962,-0.1502633728276419
grok_v01,World War I,p,lettera,1082,55.41720629047178,0.9808063539102769,0.02757511303015344
grok_v01,World War I,f,lettera,1017,58.84547244094488,1.0229958737129834,0.05561789498678358
grok_v01,World War I,b,lettera,762,78.54533508541392,0.9783514877694203,-0.12197796074480156
grok_v01,World War I,y,lettera,610,98.22988505747126,0.9596480896847636,-0.15406715668589716
grok_v01,World War I,the,funzione,418,143.26139088729016,1.1057435665130673,-0.3011972414004128
grok_v01,World War I,and,funzione,298,200.25925925925927,0.9089924836755867,-0.4560778832929196
grok_v01,World War I,to,funzione,196,306.36410256410255,0.8727875767573973,-0.40514585440327644
grok_v01,World War I,of,funzione,186,322.8540540540541,1.0525383680201832,-0.193931766847328
grok_v01,World War I,in,funzione,155,386.1623376623377,0.9069597889673978,-0.31357405055077975
grok_v01,World War I,on,funzione,113,527.1160714285714,1.3778184604966819,0.14714705920749563
grok_v01,World War I,german,keyword,71,830.6285714285714,1.599553706622753,0.060964174465429906
grok_v01,World War I,august,keyword,37,1481.5,1.5770069319307658,0.46114587527351103
grok_v01,World War I,austria-hungary,keyword,40,1482.923076923077,1.2338793400731558,0.2311677298376269
grok_v01,World War I,million,keyword,32,1870.967741935484,1.6784043797340449,0.46499514226537214
grok_v01,World War I,forces,keyword,32,1800.774193548387,1.2636433464472179,-0.514133597565321
grok_v01,World War I,russian,keyword,33,1810.90625,1.7202608411704983,0.35459023479525986
grok_v01,World War I,germany,keyword,43,1364.9761904761904,1.4892224621211252,0.3884728089863594
grok_v01,World War I,from,appaiata,67,899.530303030303,1.0861453142535469,-0.10036853680055735
grok_v01,World War I,under,appaiata,37,1408.5555555555557,0.9934060809597007,-0.04576512914005465
grok_v01,World War I,against,appaiata,34,1756.5757575757575,1.006872731332736,0.12720203385538192
grok_v01,World War I,but,appaiata,34,1694.2727272727273,0.7414871607323308,-0.4472142866759072
grok_v01,World War I,that,appaiata,30,2002.6206896551723,0.8205719094105007,-0.4017190460152731
grok_v01,World War I,which,appaiata,29,2094.8214285714284,1.0304915921638653,-0.1961012586989942
grok_v01,World War I,including,appaiata,27,1958.3461538461538,1.0435129238351404,-0.1250744131780443
grok_v01,Hinduism,vocali,vocali,18752,3.199722681456989,0.542404122969029,-0.6035606224283954
grok_v01,Hinduism,spazio,spazio,8185,7.329789833822092,0.4518012266812707,-1.0451749866522189
grok_v01,Hinduism,a,lettera,4866,12.32230215827338,0.9503927882811505,-0.2892756183804926
grok_v01,Hinduism,i,lettera,4808,12.481381318909923,0.8531578783444365,-0.4032535648528824
grok_v01,Hinduism,e,lettera,4730,12.681539437513216,0.9289244574784499,-0.2667418531018835
grok_v01,Hinduism,t,lettera,3876,15.468387096774194,0.883161985938567,-0.341197957052035
grok_v01,Hinduism,n,lettera,3666,16.360982264665758,0.8350946107310261,-0.36746187388390134
grok_v01,Hinduism,s,lettera,3539,16.955059355568117,0.8943113536827199,-0.21482324768409772
grok_v01,Hinduism,r,lettera,3197,18.76063829787234,0.8670219064557034,-0.35016743002719714
grok_v01,Hinduism,o,lettera,2941,20.389795918367348,0.9846665692566167,-0.17154858841074677
grok_v01,Hinduism,d,lettera,2153,27.817843866171003,0.8698267491524917,-0.24980478166498565
grok_v01,Hinduism,h,lettera,1980,30.302678120262758,1.0074048908343443,-0.2371898138518978
grok_v01,Hinduism,c,lettera,1963,30.551987767584098,0.990108336033836,-0.1355834933078572
grok_v01,Hinduism,l,lettera,1887,31.779427359490985,0.9779094333915054,-0.05796433538805665
grok_v01,Hinduism,u,lettera,1407,42.66927453769559,0.9173699474874865,-0.254838531628258
grok_v01,Hinduism,m,lettera,1388,43.21845710165825,0.9981119233656045,-0.09547301611693441
grok_v01,Hinduism,p,lettera,1136,52.83700440528634,1.0046475858891517,0.0020343796955004973
grok_v01,Hinduism,g,lettera,996,60.22613065326633,0.9218353030400883,-0.13860900798021367
grok_v01,Hinduism,y,lettera,799,74.91979949874687,0.9497125439659772,-0.16870576858871886
grok_v01,Hinduism,v,lettera,796,75.32327044025158,1.0213001832975586,-0.06875283987812275
grok_v01,Hinduism,f,lettera,709,84.57627118644068,0.9465296692927145,-0.044491129984059935
grok_v01,Hinduism,and,funzione,343,174.22222222222223,0.7931705073182503,-0.48894029527548005
grok_v01,Hinduism,the,funzione,301,199.14,1.1209532394154096,-0.12956362731609267
grok_v01,Hinduism,to,funzione,162,370.0124223602484,1.092152380021035,-0.26540212452584827
grok_v01,Hinduism,in,funzione,156,382.3483870967742,1.069852306371883,-0.1610417103454487
grok_v01,Hinduism,as,funzione,139,430.19565217391306,0.9218687172051141,-0.20856105947068349
grok_v01,Hinduism,of,funzione,132,454.59541984732823,1.0787089483844825,-0.10016588712249541
grok_v01,Hinduism,vedic,keyword,79,759.7435897435897,1.2790416469726513,0.05895662753651363
grok_v01,Hinduism,bce,keyword,67,866.8939393939394,1.9941375436402333,0.20794838595770218
grok_v01,Hinduism,ce,keyword,57,971.5535714285714,2.069167241575138,0.16552599802318485
grok_v01,Hinduism,hindu,keyword,56,1061.1454545454546,1.2315243269795024,0.031134300486676928
grok_v01,Hinduism,texts,keyword,39,1488.842105263158,1.2633271269476714,-0.07675687959720431
grok_v01,Hinduism,dharma,keyword,32,1731.9354838709678,1.5895818726166056,0.5349265266057496
grok_v01,Hinduism,traditions,keyword,25,2348.7916666666665,0.9292757862977242,
grok_v01,Hinduism,for,appaiata,69,849.4558823529412,1.0623761893455277,0.0749500432962957
grok_v01,Hinduism,from,appaiata,65,918.234375,0.9170898727918682,-0.2618887935298466
grok_v01,Hinduism,or,appaiata,48,1266.3829787234042,2.061309615349668,0.1257220609493221
grok_v01,Hinduism,on,appaiata,45,1272.7272727272727,0.8025458565852572,-0.2230007261290483
grok_v01,Hinduism,th,appaiata,35,1592.764705882353,1.771592413729986,0.7200509610794055
grok_v01,Hinduism,such,appaiata,30,1969.655172413793,0.9961200649764814,-0.4489765367557021
grok_v01,Hinduism,that,appaiata,26,2075.2,1.3141429027556233,0.296670882871215
grok_v01,Adolf Hitler,vocali,vocali,18385,3.26365317667537,0.5861844052022248,-0.5419911924702843
grok_v01,Adolf Hitler,spazio,spazio,8614,6.965052827121792,0.46625151410453514,-1.0139569373906627
grok_v01,Adolf Hitler,e,lettera,5400,11.109279496203001,0.85450356738519,-0.3270516461880637
grok_v01,Adolf Hitler,i,lettera,4560,13.159026102215398,0.8736843083444498,-0.3225042672740131
grok_v01,Adolf Hitler,a,lettera,4051,14.809876543209876,0.8450588847712134,-0.41336856638319086
grok_v01,Adolf Hitler,t,lettera,3948,15.197618444388143,0.8542958283914356,-0.33545135470830484
grok_v01,Adolf Hitler,n,lettera,3725,16.08888292158969,0.8736053039668228,-0.30440817557047467
grok_v01,Adolf Hitler,r,lettera,3612,16.604818609803377,0.8432747562782824,-0.34718473791470417
grok_v01,Adolf Hitler,o,lettera,3125,19.19750320102433,0.8804723771789178,-0.2734925678369849
grok_v01,Adolf Hitler,s,lettera,2958,20.267500845451472,0.9720830753625622,-0.09928676447312419
grok_v01,Adolf Hitler,l,lettera,2260,26.558211598052235,0.9501435261344086,-0.09689712496830004
grok_v01,Adolf Hitler,d,lettera,2036,29.47862407862408,0.8728043835690461,-0.2120055699649467
grok_v01,Adolf Hitler,h,lettera,1884,31.821030270844396,0.9576936938252794,-0.20548643063044855
grok_v01,Adolf Hitler,c,lettera,1669,35.888489208633096,0.9609646616568254,-0.17050523935781087
grok_v01,Adolf Hitler,m,lettera,1387,43.225829725829726,0.9224064214109007,-0.13047542817175875
grok_v01,Adolf Hitler,u,lettera,1249,47.93910256410256,0.9526388651129369,-0.1902561334438971
grok_v01,Adolf Hitler,p,lettera,1185,50.620777027027025,0.9901475454941498,0.019515287826068643
grok_v01,Adolf Hitler,g,lettera,1136,52.76035242290749,0.9002084496170183,-0.16761480350174032
grok_v01,Adolf Hitler,f,lettera,957,62.69037656903766,1.0059585391851629,0.024893246823986446
grok_v01,Adolf Hitler,y,lettera,775,77.27390180878552,0.9598045835401903,-0.2329335334805843
grok_v01,Adolf Hitler,b,lettera,644,92.7900466562986,0.9378716817363141,-0.15324518381646196
grok_v01,Adolf Hitler,the,funzione,401,149.525,1.037111688978115,-0.3226296672333068
grok_v01,Adolf Hitler,and,funzione,309,194.16558441558442,0.7398881857771511,-0.6328073270306149
grok_v01,Adolf Hitler,to,funzione,212,282.1611374407583,0.9108862442161322,-0.2937336557384746
grok_v01,Adolf Hitler,in,funzione,199,298.6212121212121,1.1557310382371528,-0.06203766490903883
grok_v01,Adolf Hitler,of,funzione,193,311.5,1.0427313866501209,-0.15389681731745322
grok_v01,Adolf Hitler,by,funzione,117,507.87068965517244,1.01027120985804,-0.09916319237902799
grok_v01,Adolf Hitler,hitler,keyword,124,486.2764227642276,0.8367436331777136,-0.4683345788919286
grok_v01,Adolf Hitler,german,keyword,39,1531.5526315789473,1.145717687621786,-0.05218091493565705
grok_v01,Adolf Hitler,party,keyword,48,1171.1489361702127,2.032828700460794,0.14636245229426267
grok_v01,Adolf Hitler,hitler's,keyword,28,2057.777777777778,0.8917094817118383,0.042328579818930026
grok_v01,Adolf Hitler,national,keyword,25,2457.5,1.6700230122934674,
grok_v01,Adolf Hitler,adolf,keyword,23,2718.7272727272725,1.208882167743683,
grok_v01,Adolf Hitler,nazi,keyword,25,2360.1666666666665,1.8140348119930714,
grok_v01,Adolf Hitler,as,appaiata,98,616.2577319587629,1.1890402531082025,0.09860124679852589
grok_v01,Adolf Hitler,this,appaiata,42,1355.2682926829268,0.6210494522340523,-0.8950289572973507
grok_v01,Adolf Hitler,that,appaiata,28,2204.6296296296296,1.0776323599141955,-0.16891507404010395
grok_v01,Adolf Hitler,was,appaiata,27,2050.3076923076924,1.3882847772698819,0.21892289551814684
grok_v01,Adolf Hitler,under,appaiata,25,2429.5,0.9863221615886067,
grok_v01,Adolf Hitler,racial,appaiata,22,2792.3809523809523,1.9176357232724002,
grok_v01,Adolf Hitler,though,appaiata,22,2472.1428571428573,0.8217762189140047,
grok_v01,Rome,vocali,vocali,18555,3.2336962380079766,0.5903301666752546,-0.5554221681628779
grok_v01,Rome,spazio,spazio,8666,6.923139065204847,0.4835387231781447,-0.9585287746340916
grok_v01,Rome,e,lettera,5199,11.53943824547903,0.8857081919048866,-0.3012878009810175
grok_v01,Rome,i,lettera,4564,13.145737453429762,0.8706802992571433,-0.30803633858916235
grok_v01,Rome,t,lettera,4175,14.369908960229996,0.8353040558721189,-0.3875668657232225
grok_v01,Rome,a,lettera,4059,14.781419418432726,0.8742553275466824,-0.39963331763202703
grok_v01,Rome,n,lettera,3902,15.371955908741349,0.8266934132946342,-0.37300825755850625
grok_v01,Rome,r,lettera,3420,17.53933898800819,0.8609170233088398,-0.333050257185939
grok_v01,Rome,o,lettera,3247,18.478434996919287,0.8978780947938507,-0.2567989970549952
grok_v01,Rome,s,lettera,2937,20.412806539509535,0.9636752717690613,-0.15507770901953835
grok_v01,Rome,l,lettera,2244,26.74097191261703,0.9522837585815129,-0.06668491934662664
grok_v01,Rome,c,lettera,1931,31.05077720207254,0.9436008040050113,-0.18864279007490597
grok_v01,Rome,d,lettera,1813,33.07395143487859,0.9139920481711368,-0.1698467813082732
grok_v01,Rome,h,lettera,1529,39.18259162303665,0.9524314023398349,-0.18661786441707934
grok_v01,Rome,u,lettera,1486,40.32996632996633,0.9814120378777058,-0.13562313645906912
grok_v01,Rome,m,lettera,1369,43.84649122807018,0.9908468959967685,-0.04521351777574056
grok_v01,Rome,p,lettera,1249,48.032051282051285,0.9933511210549496,0.06525516118163169
grok_v01,Rome,g,lettera,1095,54.65173674588665,0.9855750685598749,-0.0709989523301558
grok_v01,Rome,f,lettera,891,67.25393258426966,0.9318832415828072,-0.06439810819220916
grok_v01,Rome,y,lettera,759,79.05277044854881,0.9667856293624283,-0.16924474165030276
grok_v01,Rome,b,lettera,679,87.95722713864306,1.058909038394483,-0.07984224731250798
grok_v01,Rome,the,funzione,492,121.80244399185337,1.0412851576365896,-0.34132848579675557
grok_v01,Rome,and,funzione,340,176.73746312684366,0.7725085334402765,-0.6867984089789342
grok_v01,Rome,in,funzione,194,309.1968911917098,1.0631425671640529,-0.23766199455341516
grok_v01,Rome,of,funzione,182,330.3922651933702,1.0074249739409502,-0.15351973813867784
grok_v01,Rome,to,funzione,153,390.3355263157895,0.9256597756855037,-0.306706864619707
grok_v01,Rome,by,funzione,107,550.1698113207547,0.8957182790893797,-0.16067965920336794
grok_v01,Rome,rome,keyword,115,524.719298245614,0.932649945241837,-0.3875132787969948
grok_v01,Rome,bc,keyword,53,404.88461538461536,2.557075843368011,0.020121175461634323
grok_v01,Rome,rome's,keyword,44,1346.860465116279,0.8542983958476895,-0.23841316734139492
grok_v01,Rome,century,keyword,43,1300.452380952381,1.3657834196969152,0.20528560393231485
grok_v01,Rome,city,keyword,57,1060.6607142857142,1.0406726185799853,-0.4078376015100116
grok_v01,Rome,urban,keyword,35,1718.9117647058824,0.9148759515644601,0.029807701378219382
grok_v01,Rome,roman,keyword,29,1999.2857142857142,1.6543531887569594,0.4097720830692739
grok_v01,Rome,on,appaiata,58,988.2456140350877,1.3053320572831428,0.12308191087400341
grok_v01,Rome,for,appaiata,46,1313.3333333333333,0.8273415604984078,-0.20358070620202792
grok_v01,Rome,like,appaiata,35,1666.0,0.9531632894191538,-0.31848816121138696
grok_v01,Rome,th,appaiata,38,1476.1891891891892,1.3387268363277087,0.4859029330047124
grok_v01,Rome,including,appaiata,31,1841.6,0.7763610226528765,-0.5114234729588294
grok_v01,Rome,under,appaiata,31,1919.5666666666666,1.4427062135909803,0.08258155060200169
grok_v01,Rome,city's,appaiata,26,2299.72,0.9686881543481882,-0.23015159499478313
grok_oggi,Industrial Revolution,vocali,vocali,18395,3.2615526802218113,0.5665050585394584,-0.5431748545842842
grok_oggi,Industrial Revolution,spazio,spazio,8181,7.3343520782396086,0.4653368776212922,-1.024337121673273
grok_oggi,Industrial Revolution,e,lettera,5096,11.774288518155053,0.9001916743115139,-0.29545502821498876
grok_oggi,Industrial Revolution,i,lettera,4507,13.308477585441633,0.873680330441709,-0.34171282577512496
grok_oggi,Industrial Revolution,t,lettera,4159,14.427849927849929,0.8157455365623765,-0.38890015987031457
grok_oggi,Industrial Revolution,n,lettera,4031,14.886104218362282,0.8407886738642811,-0.30120123258045506
grok_oggi,Industrial Revolution,a,lettera,3913,15.333077709611452,0.8701149073376835,-0.4145116422354041
grok_oggi,Industrial Revolution,r,lettera,3544,16.928027095681625,0.8298984234551031,-0.3923314027121595
grok_oggi,Industrial Revolution,o,lettera,3412,17.58047493403694,0.9017756295215239,-0.23675730849744944
grok_oggi,Industrial Revolution,s,lettera,3052,19.659783677482793,0.9242835857168904,-0.15279711843330204
grok_oggi,Industrial Revolution,l,lettera,2302,26.062146892655367,0.9477323371432683,-0.08294998193040096
grok_oggi,Industrial Revolution,d,lettera,2089,28.73132183908046,0.8629474630374769,-0.253683984535929
grok_oggi,Industrial Revolution,c,lettera,1836,32.64032697547684,0.9447879388710201,-0.16706510914014744
grok_oggi,Industrial Revolution,h,lettera,1482,40.47535449020932,0.9921404433690085,-0.1615517897780431
grok_oggi,Industrial Revolution,u,lettera,1467,40.87107776261937,0.9851033239441592,-0.18573125027926954
grok_oggi,Industrial Revolution,m,lettera,1272,47.16522423288749,0.8854783227299051,-0.20566421199985596
grok_oggi,Industrial Revolution,p,lettera,1246,48.149397590361446,0.980368776766634,-0.05096456759339521
grok_oggi,Industrial Revolution,g,lettera,1166,51.377682403433475,0.9002731451036754,-0.1776213945831239
grok_oggi,Industrial Revolution,f,lettera,914,65.63636363636364,0.9425736212870915,-0.08457552356602
grok_oggi,Industrial Revolution,y,lettera,768,78.00782268578878,0.9675293550959273,-0.20759779422640795
grok_oggi,Industrial Revolution,b,lettera,688,87.13391557496361,0.8728440087909938,-0.19789569012093228
grok_oggi,Industrial Revolution,and,funzione,306,196.4655737704918,0.8611570101377745,-0.5618841830388682
grok_oggi,Industrial Revolution,the,funzione,270,222.06691449814127,0.9194866683989692,-0.3278323991752664
grok_oggi,Industrial Revolution,in,funzione,229,261.85526315789474,0.9037757589656253,-0.3649816265286346
grok_oggi,Industrial Revolution,to,funzione,178,337.2429378531073,0.9048411576235449,-0.30812883403385505
grok_oggi,Industrial Revolution,of,funzione,154,389.26143790849676,1.0147051580226318,-0.1628065633337112
grok_oggi,Industrial Revolution,by,funzione,151,395.1333333333333,0.9484829392663001,-0.19464688338877156
grok_oggi,Industrial Revolution,industrial,keyword,57,1069.9464285714287,0.972388726415416,-0.003960790760380103
grok_oggi,Industrial Revolution,iron,keyword,37,1594.861111111111,2.1599056374956063,0.3542613622213705
grok_oggi,Industrial Revolution,labor,keyword,36,1669.0857142857142,1.2008490015960716,0.11737509611369397
grok_oggi,Industrial Revolution,production,keyword,32,1841.5806451612902,1.341805414385159,0.34662133235197073
grok_oggi,Industrial Revolution,million,keyword,30,1826.9655172413793,1.791913913869095,0.11177595915275929
grok_oggi,Industrial Revolution,century,keyword,37,1650.7222222222222,1.0968410246435063,-4.041322984138821e-05
grok_oggi,Industrial Revolution,coal,keyword,31,1929.2666666666667,2.0924945968665987,0.2298582539893175
grok_oggi,Industrial Revolution,like,appaiata,44,1340.8139534883721,0.786686650687106,-0.6025984956790125
grok_oggi,Industrial Revolution,on,appaiata,37,1563.1666666666667,0.9304736460003894,0.17749079427080078
grok_oggi,Industrial Revolution,per,appaiata,31,1937.9,0.9310722761964715,0.01585050898887291
grok_oggi,Industrial Revolution,though,appaiata,29,2043.7857142857142,0.7030790439719735,-1.029021250950709
grok_oggi,Industrial Revolution,factory,appaiata,28,1915.962962962963,1.3043030944050207,-0.18082605335666024
grok_oggi,Industrial Revolution,steam,appaiata,32,1889.1612903225807,2.031323979719785,0.09079705612179986
grok_oggi,Industrial Revolution,these,appaiata,27,2129.576923076923,0.7867876867165158,-0.26050880078310645
grok_oggi,Protestantism,vocali,vocali,18361,3.26781045751634,0.5634301472478769,-0.5582135787119222
grok_oggi,Protestantism,spazio,spazio,8259,7.2633809639137805,0.488798437218925,-0.9866170423235577
grok_oggi,Protestantism,e,lettera,5204,11.530078800691909,0.8653004836882051,-0.3166296292419428
grok_oggi,Protestantism,i,lettera,4617,12.983102253032929,0.8524974597907315,-0.3239892562684995
grok_oggi,Protestantism,t,lettera,4276,14.029941520467837,0.8463137838467126,-0.3714334988561682
grok_oggi,Protestantism,n,lettera,3928,15.275783040488923,0.8520933021281459,-0.3742455973337856
grok_oggi,Protestantism,a,lettera,3903,15.37467965146079,0.8404668046616179,-0.4155209952079763
grok_oggi,Protestantism,s,lettera,3476,17.246906474820143,0.9353734497421675,-0.09963792058648452
grok_oggi,Protestantism,r,lettera,3417,17.56059718969555,0.8262834267441881,-0.3999050505457783
grok_oggi,Protestantism,o,lettera,3326,18.042105263157893,0.8824559478967697,-0.2901663516063905
grok_oggi,Protestantism,l,lettera,2098,28.57510729613734,0.9803073735954739,-0.06607837725140488
grok_oggi,Protestantism,c,lettera,2066,29.035351089588378,0.9225136230313242,-0.1864711615721252
grok_oggi,Protestantism,h,lettera,1957,30.653374233128833,0.9457923345291829,-0.23783147953284747
grok_oggi,Protestantism,d,lettera,1832,32.74713271436374,0.9086659232579061,-0.1802829715630549
grok_oggi,Protestantism,u,lettera,1311,45.72442748091603,0.9426533927992417,-0.2372869921740996
grok_oggi,Protestantism,m,lettera,1256,47.731474103585654,0.975995649155123,-0.05968728770528908
grok_oggi,Protestantism,p,lettera,1137,52.75528169014085,1.0212258059560433,-0.009212763867010363
grok_oggi,Protestantism,g,lettera,1114,53.85354896675651,0.8973647637407497,-0.17507066511164515
grok_oggi,Protestantism,f,lettera,1001,59.958,1.005842738358687,-0.012851645947698415
grok_oggi,Protestantism,y,lettera,703,85.35042735042735,0.9370944926252723,-0.23386095812473875
grok_oggi,Protestantism,b,lettera,648,92.5177743431221,0.9766722866553679,0.016080265560039272
grok_oggi,Protestantism,the,funzione,420,142.98806682577566,0.9417525005756393,-0.3505818560628539
grok_oggi,Protestantism,and,funzione,316,189.24761904761905,0.7458446098031025,-0.6205073180116655
grok_oggi,Protestantism,in,funzione,231,260.32173913043476,0.9464034596580476,-0.31005805112825363
grok_oggi,Protestantism,of,funzione,221,272.53636363636366,0.9610362076599325,-0.2626212259561527
grok_oggi,Protestantism,to,funzione,160,371.2704402515723,0.9672540186976827,-0.21925277418223463
grok_oggi,Protestantism,by,funzione,124,481.8617886178862,0.9266396257200208,-0.3679418316472923
grok_oggi,Protestantism,protestant,keyword,55,1082.6851851851852,0.9298338910195663,-0.21697806582623494
grok_oggi,Protestantism,church,keyword,58,1049.0877192982457,1.3080166353598124,0.19732858662420558
grok_oggi,Protestantism,faith,keyword,48,1248.212765957447,1.193108752728658,-0.15356652834654233
grok_oggi,Protestantism,alone,keyword,34,1731.3939393939395,1.6655100504112623,0.5366910279561105
grok_oggi,Protestantism,catholic,keyword,34,1777.939393939394,1.1547734811100594,-0.05010244256472015
grok_oggi,Protestantism,authority,keyword,27,2164.346153846154,0.9088038557067201,-0.14766275833959117
grok_oggi,Protestantism,sola,keyword,27,2204.6153846153848,1.9303611294288265,0.7058250434733896
grok_oggi,Protestantism,for,appaiata,53,1114.576923076923,1.1949370078002604,0.32519420603264193
grok_oggi,Protestantism,from,appaiata,60,996.4915254237288,0.972178680445135,-0.18913043423762382
grok_oggi,Protestantism,on,appaiata,45,1322.909090909091,0.9559142828296304,-0.0022089218909554643
grok_oggi,Protestantism,that,appaiata,34,1285.3030303030303,0.8565989293718136,-0.24990355006337592
grok_oggi,Protestantism,over,appaiata,36,1686.5714285714287,0.8192320205854695,-0.27632874923363315
grok_oggi,Protestantism,while,appaiata,27,2167.0,0.8642191805163187,-0.3227158787552891
grok_oggi,Protestantism,under,appaiata,24,2510.3478260869565,1.1753755750654409,
grok_oggi,Slavery,vocali,vocali,18700,3.207979036312102,0.5508782730426204,-0.5815376251319455
grok_oggi,Slavery,spazio,spazio,8310,7.219521001323866,0.45203779563405216,-1.1022602785364224
grok_oggi,Slavery,e,lettera,5431,11.046777163904236,0.8448472144553155,-0.36646758528155843
grok_oggi,Slavery,i,lettera,4290,13.98111447889951,0.8713876887932986,-0.3008432688401952
grok_oggi,Slavery,a,lettera,4265,14.064024390243903,0.8420941031699802,-0.4340894742901669
grok_oggi,Slavery,t,lettera,3853,15.564382139148494,0.9211670016260416,-0.27107947072827426
grok_oggi,Slavery,n,lettera,3751,15.9888,0.8634546637566495,-0.3663391718177357
grok_oggi,Slavery,r,lettera,3624,16.55644493513663,0.8414214044953195,-0.40168760589362634
grok_oggi,Slavery,o,lettera,3348,17.91574544368091,0.9108848511942448,-0.29617590541441924
grok_oggi,Slavery,s,lettera,3345,17.936901913875598,0.9663735022805461,-0.15692425996129933
grok_oggi,Slavery,l,lettera,2435,24.633935907970418,0.9301222568108597,-0.08280147831029108
grok_oggi,Slavery,d,lettera,1998,29.99549323985979,0.9111988667064927,-0.1889496704664229
grok_oggi,Slavery,c,lettera,1867,32.10610932475884,0.9661875817051849,-0.19191903640740166
grok_oggi,Slavery,h,lettera,1456,41.17800687285224,0.9865709359276353,-0.12949467442199367
grok_oggi,Slavery,u,lettera,1366,43.9054945054945,0.9007702566132513,-0.23063761973690736
grok_oggi,Slavery,m,lettera,1332,45.05108940646131,0.9327481534786558,-0.13601320900751723
grok_oggi,Slavery,p,lettera,1120,53.537086684539766,0.9804941222258261,0.019526038633830612
grok_oggi,Slavery,f,lettera,969,61.85227272727273,0.9242669983838121,-0.04989147584064337
grok_oggi,Slavery,g,lettera,920,65.02502720348204,0.9239772781320031,-0.12179994588056581
grok_oggi,Slavery,v,lettera,763,78.64173228346456,0.920617844673417,-0.16004270890296582
grok_oggi,Slavery,b,lettera,725,82.70580110497238,1.0061026924666314,0.016071367981717058
grok_oggi,Slavery,the,funzione,304,197.15181518151815,1.0401082567050934,-0.29667637225051313
grok_oggi,Slavery,in,funzione,291,205.21724137931034,0.7767040729083655,-0.4590516639840453
grok_oggi,Slavery,and,funzione,288,208.16376306620208,0.9102548802192164,-0.43525744129693
grok_oggi,Slavery,to,funzione,174,344.0,1.0041322141607716,-0.21520373027426482
grok_oggi,Slavery,of,funzione,146,412.9172413793103,0.959951839716566,-0.22512255215870064
grok_oggi,Slavery,from,funzione,113,530.2857142857143,1.1144944810518473,-0.1551072474062076
grok_oggi,Slavery,labor,keyword,87,672.0232558139535,1.010534437493071,-0.3158151350240128
grok_oggi,Slavery,slavery,keyword,90,673.2247191011236,0.9296186376224274,-0.34713654485987466
grok_oggi,Slavery,slaves,keyword,72,811.0422535211268,1.4559466926671585,-0.34263311996544116
grok_oggi,Slavery,million,keyword,62,935.639344262295,1.6327754274848119,0.4057375826692891
grok_oggi,Slavery,slave,keyword,46,1310.888888888889,1.2832713899992003,0.028305955105361644
grok_oggi,Slavery,trade,keyword,43,1383.5,1.5598102837965824,0.23279979663587202
grok_oggi,Slavery,forced,keyword,31,1796.9333333333334,1.8729695838608205,0.5225503603135688
grok_oggi,Slavery,for,appaiata,89,635.5454545454545,0.860987015743805,-0.2841602191371517
grok_oggi,Slavery,by,appaiata,91,647.6777777777778,0.9157095324885677,-0.2787543943949365
grok_oggi,Slavery,th,appaiata,68,850.1044776119403,1.7076717519526239,0.5027541299407801
grok_oggi,Slavery,like,appaiata,51,1160.44,1.0525932809568534,-0.11551677479490816
grok_oggi,Slavery,but,appaiata,40,1518.051282051282,0.8425891307626251,-0.6024411286554076
grok_oggi,Slavery,where,appaiata,43,1306.6190476190477,0.815660543005475,-0.3953326019495178
grok_oggi,Slavery,through,appaiata,30,1949.6206896551723,0.6264752115611377,-0.63865715780565
grok_oggi,Sigmund Freud,vocali,vocali,18982,3.160792371318687,0.5484477524262905,-0.5120882922302202
grok_oggi,Sigmund Freud,spazio,spazio,8161,7.351225490196079,0.494210849977252,-0.9547562681608946
grok_oggi,Sigmund Freud,e,lettera,5715,10.495274763738188,0.8435248332126305,-0.35331416179159725
grok_oggi,Sigmund Freud,i,lettera,4501,13.332,0.8280425419128643,-0.4101195215053506
grok_oggi,Sigmund Freud,t,lettera,3937,15.225609756097562,0.8647024031080699,-0.33746162541958763
grok_oggi,Sigmund Freud,s,lettera,3816,15.725294888597642,0.9384339521943125,-0.09555761236786783
grok_oggi,Sigmund Freud,a,lettera,3774,15.896633978266632,0.8881896028901954,-0.3381585228468498
grok_oggi,Sigmund Freud,n,lettera,3753,15.989339019189766,0.8506161561184858,-0.3410070245425549
grok_oggi,Sigmund Freud,r,lettera,3432,17.47857767414748,0.8614588172485543,-0.3324164579751046
grok_oggi,Sigmund Freud,o,lettera,3381,17.722485207100593,0.8888025304700068,-0.29568707291620405
grok_oggi,Sigmund Freud,c,lettera,2057,29.134727626459146,0.9799536312969926,-0.11200885074616093
grok_oggi,Sigmund Freud,l,lettera,2039,29.38910696761531,0.9320646766655918,-0.11701163035658897
grok_oggi,Sigmund Freud,d,lettera,2004,29.946080878681975,0.9264584196817411,-0.18180899330867378
grok_oggi,Sigmund Freud,h,lettera,1809,33.135508849557525,0.9685080684412305,-0.21290286033910802
grok_oggi,Sigmund Freud,u,lettera,1611,37.2472049689441,0.8825083753718977,-0.34462971686036614
grok_oggi,Sigmund Freud,p,lettera,1258,47.672235481304696,0.9423909899707889,-0.14211646838988076
grok_oggi,Sigmund Freud,m,lettera,1192,50.33837111670865,0.9951201236430147,-0.015618018065711824
grok_oggi,Sigmund Freud,f,lettera,1179,50.921901528013585,0.9428800539563937,-0.12917021208700405
grok_oggi,Sigmund Freud,g,lettera,1054,56.95061728395062,0.9556335836047346,-0.04929098063384193
grok_oggi,Sigmund Freud,y,lettera,879,68.18223234624146,0.9489304011527084,-0.19242958797789772
grok_oggi,Sigmund Freud,v,lettera,566,105.89380530973452,0.9108924331543824,-0.18127143232891973
grok_oggi,Sigmund Freud,the,funzione,313,190.2948717948718,1.1477007434758009,-0.1618800140113201
grok_oggi,Sigmund Freud,and,funzione,242,248.17427385892117,0.8362983359989237,-0.5617922776688127
grok_oggi,Sigmund Freud,to,funzione,205,292.34313725490193,0.8590376579350699,-0.3390482496430408
grok_oggi,Sigmund Freud,in,funzione,201,297.33,1.0444612668203712,-0.2545561639669856
grok_oggi,Sigmund Freud,of,funzione,183,323.489010989011,1.248960069182455,-0.053369978658357596
grok_oggi,Sigmund Freud,as,funzione,125,474.16129032258067,0.881645961752889,-0.39902599612226336
grok_oggi,Sigmund Freud,freud,keyword,179,334.5561797752809,0.7174447848555798,-0.6845676878749473
grok_oggi,Sigmund Freud,freud's,keyword,63,952.0483870967741,0.911347929450858,-0.27209225998594005
grok_oggi,Sigmund Freud,unconscious,keyword,36,1300.9142857142858,1.556267620982383,0.240467056523838
grok_oggi,Sigmund Freud,symptoms,keyword,27,1715.9615384615386,1.371134005741447,-0.1493082606192949
grok_oggi,Sigmund Freud,sexual,keyword,26,2357.44,0.7666840084078179,-0.2837506631956589
grok_oggi,Sigmund Freud,hysteria,keyword,26,2309.88,1.2883468149306658,0.15449336029800975
grok_oggi,Sigmund Freud,vienna,keyword,24,2571.5652173913045,1.7844297101694127,
grok_oggi,Sigmund Freud,from,appaiata,93,618.5217391304348,1.0453031391670948,-0.12617267771402138
grok_oggi,Sigmund Freud,that,appaiata,61,973.4666666666667,1.1052203203405735,-0.21061496572391253
grok_oggi,Sigmund Freud,this,appaiata,38,1508.1351351351352,0.8486328170121636,-0.302756049904848
grok_oggi,Sigmund Freud,but,appaiata,26,2090.64,0.8540826883785992,-0.187039667462648
grok_oggi,Sigmund Freud,like,appaiata,26,2307.2,0.9843253098682754,-0.18462580710710028
grok_oggi,Sigmund Freud,than,appaiata,26,2214.08,0.9451059407533435,0.01316874903874115
grok_oggi,Sigmund Freud,where,appaiata,26,2284.8,0.9556086415841598,-0.10955350502106517
grok_oggi,Christianity,vocali,vocali,17721,3.385665914221219,1.13716540929506,-0.5243636222134773
grok_oggi,Christianity,spazio,spazio,8406,7.135990481856038,0.47798408510586854,-1.0207810029221076
grok_oggi,Christianity,e,lettera,5605,10.701820128479657,1.0410242765906355,-0.2662965795871126
grok_oggi,Christianity,i,lettera,4164,14.40499639682921,1.033594861436245,-0.2718573896152131
grok_oggi,Christianity,t,lettera,3756,15.975765645805593,1.1124454914318238,-0.2941571470308922
grok_oggi,Christianity,a,lettera,3711,16.16846361185984,0.9619654920043508,-0.3546270750715075
grok_oggi,Christianity,n,lettera,3401,17.640882352941176,0.9478570024889303,-0.36103737930274915
grok_oggi,Christianity,s,lettera,3198,18.76290272130122,1.036419123315634,-0.14058138207472187
grok_oggi,Christianity,r,lettera,3083,19.46593121349773,0.9704951170041363,-0.2970687684882469
grok_oggi,Christianity,o,lettera,2998,20.00800800800801,1.0047238418312536,-0.1570920158348581
grok_oggi,Christianity,h,lettera,2242,26.7652833556448,0.9756766679465868,-0.30230322313539704
grok_oggi,Christianity,l,lettera,1929,31.032157676348547,1.0625737519666647,0.04754593896498602
grok_oggi,Christianity,d,lettera,1824,32.884256719692814,0.9995696429030441,-0.1475920788035591
grok_oggi,Christianity,c,lettera,1761,34.04715909090909,1.0523350688976183,-0.1083972661282686
grok_oggi,Christianity,u,lettera,1243,48.23349436392915,1.0233447597641376,-0.20576523446439837
grok_oggi,Christianity,m,lettera,1104,54.37262012692656,0.9991572530531245,-0.03700511784335601
grok_oggi,Christianity,g,lettera,1053,56.8393536121673,0.9902072406520444,-0.07065508696047544
grok_oggi,Christianity,p,lettera,1018,58.799410029498524,1.1813726176523154,0.059598308838144244
grok_oggi,Christianity,f,lettera,830,72.2810615199035,0.9738999052423732,-0.02885220106684889
grok_oggi,Christianity,y,lettera,684,87.82430453879941,1.0750103037279726,-0.07836598255515786
grok_oggi,Christianity,w,lettera,626,95.7152,0.940792919903045,-0.22410439297547624
grok_oggi,Christianity,the,funzione,485,123.4297520661157,1.0062880815190982,-0.37371107131223047
grok_oggi,Christianity,and,funzione,298,200.8922558922559,0.9128304696856688,-0.43288621633102164
grok_oggi,Christianity,of,funzione,294,204.09556313993173,0.9988263381661907,-0.23560469570245968
grok_oggi,Christianity,in,funzione,207,290.373786407767,0.9013870035432187,-0.2591213136519651
grok_oggi,Christianity,to,funzione,143,416.33098591549293,1.095522269455162,-0.07647401442931162
grok_oggi,Christianity,as,funzione,132,452.8167938931298,1.0323084351320693,-0.22665454131923476
grok_oggi,Christianity,jewish,keyword,91,642.5222222222222,1.3119573146643004,-0.06984437631037452
grok_oggi,Christianity,hebrew,keyword,73,805.6805555555555,1.3493413884823071,0.03849619996860653
grok_oggi,Christianity,greek,keyword,64,923.9206349206349,1.6477051782837,0.14651629686489037
grok_oggi,Christianity,jesus,keyword,57,1035.875,1.6675508991183976,-0.10655641022837309
grok_oggi,Christianity,temple,keyword,46,1240.3111111111111,1.453310406557991,-0.02475807897053478
grok_oggi,Christianity,ad,keyword,41,1485.825,3.9594583196922017,0.35350935600178923
grok_oggi,Christianity,christianity,keyword,33,1826.59375,1.2296612594343568,0.21577569467995875
grok_oggi,Christianity,with,appaiata,70,852.0144927536232,0.968377979938932,-0.2321075088147891
grok_oggi,Christianity,by,appaiata,68,889.8507462686567,1.2229395185456393,0.1406232589503696
grok_oggi,Christianity,this,appaiata,51,1141.18,0.9530422282931355,-0.26863257732469326
grok_oggi,Christianity,from,appaiata,50,1216.0816326530612,1.1839027910636621,0.002266313329545912
grok_oggi,Christianity,his,appaiata,41,1487.625,1.1339136482425343,0.04693876997601257
grok_oggi,Christianity,on,appaiata,39,1448.1842105263158,1.3152393285309985,-0.06279277840384848
grok_oggi,Christianity,is,appaiata,29,1903.1785714285713,1.175003721750614,0.2870219951208006
grok_oggi,Judaism,vocali,vocali,18612,3.223684917521896,0.7416721561513688,-0.5745618403617759
grok_oggi,Judaism,spazio,spazio,8330,7.202665386000721,0.4768678487039808,-1.0096669321715863
grok_oggi,Judaism,e,lettera,5388,11.13179877482829,0.8944699860569402,-0.32068969932161157
grok_oggi,Judaism,i,lettera,4482,13.388083017183664,0.975516864655414,-0.2695000321753359
grok_oggi,Judaism,a,lettera,4215,14.236829615567157,0.9054336759558796,-0.31250606748710197
grok_oggi,Judaism,t,lettera,4033,14.870039682539682,0.9242211502535223,-0.34911416455073196
grok_oggi,Judaism,n,lettera,3590,16.70158818612427,0.889129509915865,-0.312620977693056
grok_oggi,Judaism,o,lettera,3287,18.236457699330494,0.9147847493688066,-0.2238454449004752
grok_oggi,Judaism,s,lettera,3151,19.043809523809525,0.9864615870832175,-0.11216904480335851
grok_oggi,Judaism,r,lettera,3132,19.157777068029382,0.8926146008443788,-0.2642934685111319
grok_oggi,Judaism,l,lettera,2168,27.647900323027226,1.0087238089920636,-0.022775354879232303
grok_oggi,Judaism,h,lettera,2113,28.392045454545453,0.9285226916368008,-0.2688889882538565
grok_oggi,Judaism,c,lettera,1899,31.561643835616437,1.0174254839802677,-0.12051891043303826
grok_oggi,Judaism,d,lettera,1785,33.61154708520179,0.9536703924020894,-0.18283378901603778
grok_oggi,Judaism,m,lettera,1271,47.238582677165354,1.0471031700840485,-0.006506285273001652
grok_oggi,Judaism,u,lettera,1240,48.34140435835351,0.9904194412513112,-0.14713861408452333
grok_oggi,Judaism,g,lettera,1050,57.120114394661584,0.9565433937093005,-0.10114500279513775
grok_oggi,Judaism,p,lettera,970,61.72755417956656,1.0819076072068134,0.1005327356783668
grok_oggi,Judaism,f,lettera,817,73.37745098039215,0.9031689833294553,-0.2065694701789708
grok_oggi,Judaism,b,lettera,779,77.03727506426735,1.0952216611733072,0.21042795860910177
grok_oggi,Judaism,y,lettera,643,93.40654205607477,1.00553591685007,-0.11443313806915004
grok_oggi,Judaism,the,funzione,510,117.74656188605108,1.0980861555820527,-0.32155700976885804
grok_oggi,Judaism,and,funzione,275,217.6167883211679,1.0098612669034697,-0.40139370661510204
grok_oggi,Judaism,of,funzione,273,220.13235294117646,1.0968818414511528,-0.29515444708327343
grok_oggi,Judaism,in,funzione,173,332.76162790697674,0.9687252698025057,-0.29031305312274464
grok_oggi,Judaism,to,funzione,155,386.2792207792208,0.8365343323418392,-0.2611670103669493
grok_oggi,Judaism,as,funzione,136,439.31851851851854,0.9337214989616163,-0.20938216510297608
grok_oggi,Judaism,bce,keyword,51,1167.46,1.9129802324763323,0.5010852926927261
grok_oggi,Judaism,jewish,keyword,45,1337.840909090909,2.057663743167587,0.18158340844613707
grok_oggi,Judaism,covenant,keyword,44,1379.4186046511627,1.7297829762298815,0.4749134953687584
grok_oggi,Judaism,genesis,keyword,33,1207.21875,2.1151229231171316,0.3583515058623335
grok_oggi,Judaism,divine,keyword,29,1828.4285714285713,0.8813535575338074,-0.47060248223679624
grok_oggi,Judaism,israel,keyword,33,1753.875,1.0016942648787315,-0.018546473386005832
grok_oggi,Judaism,torah,keyword,26,2223.92,1.3595617199432803,0.5012973564033211
grok_oggi,Judaism,this,appaiata,49,1165.7291666666667,0.7566338704149117,-0.49618577094315347
grok_oggi,Judaism,by,appaiata,46,1194.911111111111,0.6554123546166513,-0.4860944568423868
grok_oggi,Judaism,for,appaiata,40,1480.2051282051282,0.9383491525066051,0.022995795140341935
grok_oggi,Judaism,on,appaiata,34,1800.5151515151515,1.0944517529303697,0.2377516616186531
grok_oggi,Judaism,such,appaiata,29,2030.7142857142858,0.8444211087407627,-0.29101032530875603
grok_oggi,Judaism,these,appaiata,27,1946.1923076923076,0.9089361218303659,-0.0947995694032744
grok_oggi,Judaism,narrative,appaiata,25,1992.1666666666667,1.040161618610545,
grok_oggi,Roman Empire,vocali,vocali,19072,3.1457710660164646,0.5399982957297268,-0.5533694014219498
grok_oggi,Roman Empire,spazio,spazio,8529,7.035178236397749,0.48115627129177707,-1.0026619387285631
grok_oggi,Roman Empire,e,lettera,5532,10.846682335924788,0.8748109029927383,-0.3341741774212069
grok_oggi,Roman Empire,i,lettera,4634,12.942801640405785,0.871937595980626,-0.3081439832869762
grok_oggi,Roman Empire,a,lettera,4239,14.154082114204813,0.8515972795881488,-0.4364826935700125
grok_oggi,Roman Empire,t,lettera,3956,15.164348925410872,0.8475891056480614,-0.3516209343511034
grok_oggi,Roman Empire,n,lettera,3927,15.266938359653592,0.8286366417630314,-0.3718697319176591
grok_oggi,Roman Empire,r,lettera,3739,16.047619047619047,0.8822467526296222,-0.30972224306466567
grok_oggi,Roman Empire,s,lettera,3284,18.261041730124887,0.918642401286977,-0.10965176455394954
grok_oggi,Roman Empire,o,lettera,3066,19.569657422512236,0.9099543098999877,-0.25821091168846516
grok_oggi,Roman Empire,d,lettera,2215,27.01761517615176,0.859336513615955,-0.22022844580497455
grok_oggi,Roman Empire,l,lettera,2014,29.77297565822156,0.916384058297246,-0.11714856293284209
grok_oggi,Roman Empire,c,lettera,1709,35.083723653395786,0.9421839983355641,-0.1738790116331174
grok_oggi,Roman Empire,u,lettera,1601,37.455625,1.039141174496808,-0.035620378327968015
grok_oggi,Roman Empire,h,lettera,1416,42.362544169611304,0.9715714856177392,-0.16408698369206504
grok_oggi,Roman Empire,m,lettera,1314,45.61462300076161,0.9130388652394832,-0.1397154408889366
grok_oggi,Roman Empire,p,lettera,1166,51.481545064377684,1.0165872019848436,-0.020420181775099848
grok_oggi,Roman Empire,g,lettera,1045,57.21743295019157,0.8764148267898042,-0.23615107708441305
grok_oggi,Roman Empire,f,lettera,913,65.59429824561404,1.0123193134370698,-0.02919580853930609
grok_oggi,Roman Empire,y,lettera,683,87.69648093841643,1.0013150699505866,-0.12892162963287032
grok_oggi,Roman Empire,b,lettera,641,93.55625,0.9160548404152481,-0.160928433673615
grok_oggi,Roman Empire,the,funzione,440,136.4510250569476,1.0015403256057966,-0.3091367919793317
grok_oggi,Roman Empire,and,funzione,362,165.01939058171746,0.7869192741883839,-0.5987032754825837
grok_oggi,Roman Empire,in,funzione,205,289.2549019607843,1.0069535189135979,-0.21072119148513982
grok_oggi,Roman Empire,to,funzione,178,332.50847457627117,0.9179614015111685,-0.264886827549738
grok_oggi,Roman Empire,of,funzione,168,357.874251497006,1.1441874235482645,-0.14751118365254426
grok_oggi,Roman Empire,by,funzione,111,538.2636363636364,0.7892940939872172,-0.4176945514241515
grok_oggi,Roman Empire,ad,keyword,149,397.6756756756757,1.9053783183548052,-0.018886208426177657
grok_oggi,Roman Empire,roman,keyword,47,1293.695652173913,1.092555757073566,0.14166337889481095
grok_oggi,Roman Empire,military,keyword,41,1390.9,1.1586887655720859,-0.07874793862343483
grok_oggi,Roman Empire,imperial,keyword,31,1883.0666666666666,1.1636921285771977,-0.217185276174303
grok_oggi,Roman Empire,emperor,keyword,35,1520.4117647058824,0.8782277106643872,0.011249561279558055
grok_oggi,Roman Empire,bc,keyword,28,2207.814814814815,2.2991192167083088,0.7568917238036356
grok_oggi,Roman Empire,legions,keyword,28,1939.962962962963,1.863310853902963,0.14963196412401467
grok_oggi,Roman Empire,from,appaiata,86,694.1411764705882,1.076491585621188,-0.25591788812691746
grok_oggi,Roman Empire,under,appaiata,41,1486.0,1.0956170297895582,0.13204014189849253
grok_oggi,Roman Empire,at,appaiata,34,1799.7878787878788,1.0203592602964773,0.03929256541128035
grok_oggi,Roman Empire,while,appaiata,31,1895.6,0.5937435831657383,-0.831972150358637
grok_oggi,Roman Empire,but,appaiata,30,1755.7241379310344,1.0339118149358275,-0.21291854720451697
grok_oggi,Roman Empire,his,appaiata,29,1196.8214285714287,1.5485567187327063,0.02000198747293891
grok_oggi,Roman Empire,this,appaiata,29,2029.0,0.9907498474703529,-0.3515746397675876
grok_oggi,Cold War,vocali,vocali,18808,3.1899824533418406,0.5648622806387378,-0.5501768443892275
grok_oggi,Cold War,spazio,spazio,8475,7.080009440641963,0.46490938982334434,-1.0222771621882663
grok_oggi,Cold War,e,lettera,5661,10.595936395759717,0.8551863244496067,-0.3346973700954734
grok_oggi,Cold War,i,lettera,4384,13.676933607118412,0.9175239558689386,-0.2970450881164864
grok_oggi,Cold War,t,lettera,4085,14.689275220372185,0.8466134532124274,-0.3682855460983752
grok_oggi,Cold War,n,lettera,4028,14.889495902657066,0.8651176958588452,-0.3575760519106298
grok_oggi,Cold War,a,lettera,3813,15.727964323189926,0.8808797568871047,-0.35343347182768226
grok_oggi,Cold War,o,lettera,3497,17.159897025171624,0.8977603141724082,-0.28104029347114595
grok_oggi,Cold War,s,lettera,3327,18.027961515333732,0.9444550484515376,-0.09984220934726516
grok_oggi,Cold War,r,lettera,3289,18.24270072992701,0.8433506038253801,-0.35862789806564044
grok_oggi,Cold War,l,lettera,2041,29.40735294117647,0.9633196822031735,-0.058130035644690034
grok_oggi,Cold War,d,lettera,1947,30.826310380267216,0.8822247002496212,-0.20339619415032073
grok_oggi,Cold War,c,lettera,1913,31.357217573221757,0.957695789263603,-0.15075276219784914
grok_oggi,Cold War,h,lettera,1470,40.792375765827096,0.9810899445612536,-0.13364997385663957
grok_oggi,Cold War,u,lettera,1453,41.247933884297524,0.9287650140318578,-0.21829226682278075
grok_oggi,Cold War,m,lettera,1303,46.00384024577573,0.9767542596933589,-0.011246377373818534
grok_oggi,Cold War,g,lettera,1145,52.41258741258741,0.9177158812080257,-0.06993194878686887
grok_oggi,Cold War,p,lettera,1113,53.92805755395683,0.9831789181355148,-0.015540924426656453
grok_oggi,Cold War,f,lettera,855,70.21545667447307,0.942514326801335,-0.026313607337154973
grok_oggi,Cold War,v,lettera,710,84.32722143864598,1.0030918883538962,-0.20096080288518994
grok_oggi,Cold War,b,lettera,624,96.07383627608347,0.9658285425082853,-0.08476511745216068
grok_oggi,Cold War,the,funzione,453,132.40265486725664,0.924868389215653,-0.3547888922246303
grok_oggi,Cold War,and,funzione,259,231.06201550387595,0.9093451183056764,-0.4131065786105451
grok_oggi,Cold War,in,funzione,194,309.13471502590676,0.9310980135471715,-0.29016421316074653
grok_oggi,Cold War,to,funzione,188,319.05882352941177,0.9151279814142881,-0.36262757119789707
grok_oggi,Cold War,of,funzione,165,360.2560975609756,1.0521879886013796,-0.11417452404291595
grok_oggi,Cold War,on,funzione,117,513.6637931034483,0.8534330935808089,-0.314764758059441
grok_oggi,Cold War,soviet,keyword,147,409.5068493150685,0.7599085137641594,-0.5049474536239158
grok_oggi,Cold War,war,keyword,62,937.9508196721312,1.0303386099283218,0.011899354363595389
grok_oggi,Cold War,communist,keyword,42,1332.6097560975609,1.060521035138462,-0.041710637500717275
grok_oggi,Cold War,europe,keyword,32,1388.0645161290322,1.1165097259020358,-0.15809900856781067
grok_oggi,Cold War,military,keyword,30,2008.8620689655172,0.6399585804285502,-0.5106486836403562
grok_oggi,Cold War,united,keyword,28,2112.8888888888887,1.338579699712755,0.6287089131942862
grok_oggi,Cold War,western,keyword,30,1951.0344827586207,1.25848465432529,0.07639297795799292
grok_oggi,Cold War,as,appaiata,81,733.075,0.9581738625092479,-0.3977220722946015
grok_oggi,Cold War,for,appaiata,56,1029.9818181818182,0.9966547349306929,-0.07642147188718854
grok_oggi,Cold War,over,appaiata,34,1754.060606060606,0.7719861007142302,-0.25224932462140154
grok_oggi,Cold War,against,appaiata,29,1887.5,0.9467193672234376,0.026331427720520443
grok_oggi,Cold War,but,appaiata,26,2290.0,1.1627393214059967,-0.11365678849148325
grok_oggi,Cold War,economic,appaiata,26,2237.68,1.2999594090205582,-0.3927061709201753
grok_oggi,Cold War,like,appaiata,26,2121.52,1.132131977577453,-0.10816371312985035
grok_oggi,Moscow,vocali,vocali,18080,3.318601692571492,0.6146491165444455,-0.5481718866658594
grok_oggi,Moscow,spazio,spazio,8410,7.13437983113331,0.47695688088084376,-1.0021281272523126
grok_oggi,Moscow,e,lettera,5158,11.631956563893736,0.8733673946559731,-0.29661301468967877
grok_oggi,Moscow,i,lettera,4335,13.838024919243193,0.8695243611255683,-0.3289241967490106
grok_oggi,Moscow,t,lettera,4087,14.675721977484091,0.8629597777244984,-0.3516689173643792
grok_oggi,Moscow,n,lettera,3699,16.216873985938346,0.8267955393029495,-0.3580072066159337
grok_oggi,Moscow,a,lettera,3674,16.324258099646066,0.8829107364091925,-0.3776720377484915
grok_oggi,Moscow,o,lettera,3534,16.98131899235777,0.8989220761126323,-0.25424087533206063
grok_oggi,Moscow,r,lettera,3429,17.48891481913652,0.8205930961024807,-0.40395034257229767
grok_oggi,Moscow,s,lettera,3318,18.08622249020199,0.9656112976932086,-0.11494343710681593
grok_oggi,Moscow,c,lettera,2012,29.796121332670314,0.8977297132454268,-0.22901171975575377
grok_oggi,Moscow,l,lettera,2006,29.909725685785535,0.9753690851749058,-0.07740858297961084
grok_oggi,Moscow,d,lettera,1820,32.95052226498076,0.8589653755272977,-0.2283558744822672
grok_oggi,Moscow,h,lettera,1500,39.88992661774516,0.9758282632653281,-0.13355581547151002
grok_oggi,Moscow,u,lettera,1379,43.45283018867924,0.9140968212685249,-0.28025122840063665
grok_oggi,Moscow,m,lettera,1251,47.9928,0.9428555439341615,-0.1440797000235182
grok_oggi,Moscow,g,lettera,1062,56.502356267672006,0.9356715229720117,-0.20449163568755427
grok_oggi,Moscow,p,lettera,1039,57.73603082851638,1.0106464443840908,0.09704241525798002
grok_oggi,Moscow,f,lettera,915,65.50328227571116,1.0502531871225542,0.06438956906902353
grok_oggi,Moscow,y,lettera,731,82.13698630136986,0.875787069191207,-0.23287325429936137
grok_oggi,Moscow,v,lettera,670,89.3662182361734,1.0794569436236519,-0.026520277011861312
grok_oggi,Moscow,the,funzione,461,129.9891304347826,1.2054415784016463,-0.28038720326372907
grok_oggi,Moscow,and,funzione,290,207.39446366782008,0.7837819280505194,-0.5742739798227836
grok_oggi,Moscow,of,funzione,215,279.0233644859813,0.9920897836263857,-0.1915179153193935
grok_oggi,Moscow,in,funzione,197,304.7704081632653,0.9426086803065267,-0.32110758781589815
grok_oggi,Moscow,to,funzione,156,378.5741935483871,1.0184461056474303,-0.20892842381053914
grok_oggi,Moscow,by,funzione,111,510.4909090909091,0.981665012484715,-0.15559389438558277
grok_oggi,Moscow,moscow,keyword,161,372.85,0.8836249873867057,-0.5164134824513597
grok_oggi,Moscow,moscow's,keyword,47,1141.1521739130435,1.0694970582934364,-0.363228506312066
grok_oggi,Moscow,city,keyword,65,903.640625,1.0865932929029103,-0.22929265807561322
grok_oggi,Moscow,population,keyword,29,1566.9642857142858,1.323601498996365,0.01665793293450481
grok_oggi,Moscow,central,keyword,27,2293.653846153846,1.3667130614600995,-0.24934225576138772
grok_oggi,Moscow,russian,keyword,26,2382.8,1.148520876237877,0.30305937854706133
grok_oggi,Moscow,million,keyword,24,2423.0434782608695,1.9382673117784948,
grok_oggi,Moscow,with,appaiata,104,569.252427184466,0.7827820078528057,-0.6281282505522716
grok_oggi,Moscow,for,appaiata,48,1197.1702127659576,1.2465773128710556,0.029377372684032226
grok_oggi,Moscow,on,appaiata,47,1269.8260869565217,1.0623855365969102,-0.08341701763719152
grok_oggi,Moscow,at,appaiata,29,2063.0,1.7765182192453974,0.4467736074999786
grok_oggi,Moscow,amid,appaiata,27,2043.7692307692307,0.7447696244056634,-0.6570033616114943
grok_oggi,Moscow,including,appaiata,25,2328.0,0.7160984144679753,
grok_oggi,Moscow,this,appaiata,24,2288.3478260869565,0.824583776971752,
grok_oggi,Nelson Mandela,vocali,vocali,18912,3.1724922003066998,0.5350587095897553,-0.5918432270328002
grok_oggi,Nelson Mandela,spazio,spazio,8408,7.136077078624956,0.4797235795310859,-0.99436616430303
grok_oggi,Nelson Mandela,e,lettera,5503,10.901308615049073,0.8468293937843848,-0.3297802692979381
grok_oggi,Nelson Mandela,i,lettera,4430,13.542334612779408,0.8904625946047265,-0.30081823314898243
grok_oggi,Nelson Mandela,a,lettera,4384,13.684234542550763,0.9021090220063964,-0.3911091597936125
grok_oggi,Nelson Mandela,n,lettera,4179,14.359023456199138,0.8450485067762726,-0.35981774311880776
grok_oggi,Nelson Mandela,t,lettera,4028,14.880804569158181,0.8582095710037856,-0.3304877783829122
grok_oggi,Nelson Mandela,o,lettera,3283,18.279098110907984,0.88215981549418,-0.3130065976280816
grok_oggi,Nelson Mandela,r,lettera,3281,18.289024390243902,0.849019584357633,-0.3382953106511451
grok_oggi,Nelson Mandela,s,lettera,3103,19.33397807865893,0.9383136130455981,-0.08935916343670944
grok_oggi,Nelson Mandela,l,lettera,2211,27.14389140271493,0.9743010812737546,-0.05604075635864899
grok_oggi,Nelson Mandela,d,lettera,2181,27.503669724770642,0.8920915331627128,-0.24053911570177375
grok_oggi,Nelson Mandela,c,lettera,1910,31.379256155055003,0.96422525292917,-0.1647927726886978
grok_oggi,Nelson Mandela,h,lettera,1596,37.60689655172414,0.954974839650944,-0.16693775950014464
grok_oggi,Nelson Mandela,m,lettera,1407,42.607396870554766,0.9934353375858963,-0.05935680579375985
grok_oggi,Nelson Mandela,u,lettera,1312,45.6323417238749,0.9662190859680666,-0.15838458576843162
grok_oggi,Nelson Mandela,g,lettera,1220,49.022149302707135,0.9041640313313134,-0.15596800210870534
grok_oggi,Nelson Mandela,p,lettera,1127,53.207815275310836,0.9760079050890798,-0.01681472574261877
grok_oggi,Nelson Mandela,f,lettera,907,66.09713024282561,0.9541376323236023,-0.04256783165527704
grok_oggi,Nelson Mandela,y,lettera,602,99.77537437603993,0.9542336692568623,-0.19041169828069635
grok_oggi,Nelson Mandela,b,lettera,569,105.24295774647888,0.9628016988728799,0.008501147509072741
grok_oggi,Nelson Mandela,the,funzione,374,159.38069705093835,1.0432178833995016,-0.30019874177691364
grok_oggi,Nelson Mandela,and,funzione,282,212.82918149466192,0.8376496453127148,-0.5037938452958326
grok_oggi,Nelson Mandela,to,funzione,224,267.609865470852,0.852737268917918,-0.42203297749125135
grok_oggi,Nelson Mandela,in,funzione,186,321.38378378378377,0.9612947277857833,-0.27184702426106216
grok_oggi,Nelson Mandela,of,funzione,153,389.9671052631579,0.9579494243127159,-0.14358071966657082
grok_oggi,Nelson Mandela,on,funzione,102,581.5643564356436,1.0659981093044166,-0.1695825741888931
grok_oggi,Nelson Mandela,mandela,keyword,148,405.21768707482994,0.697502924747308,-0.6569584150053044
grok_oggi,Nelson Mandela,anc,keyword,84,677.3373493975904,1.7491883320740726,-0.039650674345529234
grok_oggi,Nelson Mandela,south,keyword,49,1200.2708333333333,1.0546556481216653,0.039394063004940236
grok_oggi,Nelson Mandela,african,keyword,46,1261.0,1.173319294578541,0.16017991419796293
grok_oggi,Nelson Mandela,national,keyword,35,1693.5882352941176,1.4753733279364134,0.36366852133242755
grok_oggi,Nelson Mandela,mandela's,keyword,35,1699.735294117647,1.2398186743519493,-0.31042943880779833
grok_oggi,Nelson Mandela,government,keyword,34,1740.4848484848485,1.256223379370594,-0.2822792770051924
grok_oggi,Nelson Mandela,as,appaiata,96,609.421052631579,0.9903281534067412,-0.21524635991094643
grok_oggi,Nelson Mandela,his,appaiata,68,883.223880597015,1.8121002414679324,0.09084562630371032
grok_oggi,Nelson Mandela,at,appaiata,48,1229.531914893617,0.9781017876521306,-0.14191327858802094
grok_oggi,Nelson Mandela,he,appaiata,42,1440.7317073170732,1.5525111288695752,0.022430600064265237
grok_oggi,Nelson Mandela,including,appaiata,37,1620.638888888889,0.7815794126435515,-0.30972671110602507
grok_oggi,Nelson Mandela,that,appaiata,37,1590.4444444444443,1.006380521248278,0.09987219374836832
grok_oggi,Nelson Mandela,was,appaiata,32,1811.4516129032259,1.114804695671422,0.12474322150503153
grok_oggi,Ancient Rome,vocali,vocali,18956,3.165338960696386,0.576690677121467,-0.5352589142709367
grok_oggi,Ancient Rome,spazio,spazio,8512,7.048290447655974,0.46887324841166783,-1.0382058466367945
grok_oggi,Ancient Rome,e,lettera,5370,11.172099087353324,0.8999949465037672,-0.30056963851639784
grok_oggi,Ancient Rome,i,lettera,4659,12.880206097037355,0.869903321551616,-0.3183180565491939
grok_oggi,Ancient Rome,a,lettera,4372,13.726149622512011,0.8672395439502295,-0.4063810274656063
grok_oggi,Ancient Rome,n,lettera,3892,15.418144435877666,0.8384388126580054,-0.35178645555572075
grok_oggi,Ancient Rome,t,lettera,3792,15.818781324188869,0.8723861102942276,-0.32868894636043317
grok_oggi,Ancient Rome,r,lettera,3492,17.178458894299627,0.8405537564047373,-0.3624554142874692
grok_oggi,Ancient Rome,s,lettera,3290,18.230161143204622,0.9374207506247958,-0.08779885119215948
grok_oggi,Ancient Rome,o,lettera,2871,20.897560975609757,0.912870801850594,-0.25263419801996095
grok_oggi,Ancient Rome,l,lettera,2238,26.784085829235583,0.9868217876157691,-0.06382282522199693
grok_oggi,Ancient Rome,d,lettera,2049,29.279296875,0.9046854582501701,-0.18227811782230657
grok_oggi,Ancient Rome,c,lettera,1985,30.232862903225808,0.9409718860952936,-0.21276533818803886
grok_oggi,Ancient Rome,u,lettera,1684,35.568627450980394,1.0064639535726736,-0.12859453086165168
grok_oggi,Ancient Rome,h,lettera,1456,41.16907216494845,0.9666729834112002,-0.14961320551401872
grok_oggi,Ancient Rome,m,lettera,1306,45.96628352490421,0.9714068915222367,-0.10405573681024878
grok_oggi,Ancient Rome,p,lettera,1159,51.26079447322971,0.9323932823036856,-0.045794625219892394
grok_oggi,Ancient Rome,g,lettera,1132,52.88063660477454,0.922227542436403,-0.15182229660227262
grok_oggi,Ancient Rome,f,lettera,827,72.5181598062954,0.9595499492196901,-0.0934208673188896
grok_oggi,Ancient Rome,b,lettera,798,74.99372647427855,0.9938028795252974,-0.1322066131251671
grok_oggi,Ancient Rome,y,lettera,703,85.21367521367522,0.9377222224104618,-0.15794647775357307
grok_oggi,Ancient Rome,the,funzione,394,152.4198473282443,0.9250984377784558,-0.3343759734675815
grok_oggi,Ancient Rome,and,funzione,364,164.68870523415978,0.8045242224085761,-0.5824789199390054
grok_oggi,Ancient Rome,in,funzione,201,299.255,1.2131770550414724,-0.1629272643102752
grok_oggi,Ancient Rome,of,funzione,154,390.2483660130719,1.2305186555737897,-0.13908493100175806
grok_oggi,Ancient Rome,to,funzione,146,411.1655172413793,1.0072675636957014,-0.1203082357817481
grok_oggi,Ancient Rome,by,funzione,114,519.5840707964602,1.011665794751728,-0.26485326757992034
grok_oggi,Ancient Rome,bc,keyword,142,343.468085106383,2.479734020773672,-0.017073654963852804
grok_oggi,Ancient Rome,ad,keyword,82,728.1481481481482,4.724557069930908,-0.09863444158987146
grok_oggi,Ancient Rome,roman,keyword,46,1285.2444444444445,1.1732783045924347,-0.09766620352148261
grok_oggi,Ancient Rome,military,keyword,36,1669.1142857142856,0.8243935484627336,-0.2769589943339471
grok_oggi,Ancient Rome,rome,keyword,43,1401.0714285714287,0.9478084450082686,0.045240954529146844
grok_oggi,Ancient Rome,senatorial,keyword,22,2163.8571428571427,1.0918130985782504,
grok_oggi,Ancient Rome,war,keyword,22,1678.3333333333333,1.3345724942848163,
grok_oggi,Ancient Rome,with,appaiata,74,774.7534246575342,0.8884624966710203,-0.5849610251461477
grok_oggi,Ancient Rome,from,appaiata,71,854.6714285714286,0.980520198424664,-0.21413478757165985
grok_oggi,Ancient Rome,his,appaiata,44,1074.906976744186,1.6123910535643864,0.4683312141530227
grok_oggi,Ancient Rome,like,appaiata,35,1707.2941176470588,1.0385450944165655,0.010189747969360598
grok_oggi,Ancient Rome,through,appaiata,30,2025.2758620689656,0.7715693384176276,-0.3348349485412314
grok_oggi,Ancient Rome,which,appaiata,22,2530.904761904762,1.1035891708769174,
grok_oggi,Ancient Rome,though,appaiata,23,2508.8636363636365,0.7025471982638538,
grok_oggi,Ottoman Empire,vocali,vocali,18974,3.1622305381331364,0.5686133290197417,-0.5879442428741785
grok_oggi,Ottoman Empire,spazio,spazio,8001,7.499125,0.45559109212962007,-1.0755406321264174
grok_oggi,Ottoman Empire,e,lettera,5459,10.991572004397215,0.8693009150499282,-0.31498977665372124
grok_oggi,Ottoman Empire,i,lettera,4640,12.930372925199396,0.892975481139625,-0.30314322321005754
grok_oggi,Ottoman Empire,a,lettera,4345,13.808241252302025,0.8578287107094458,-0.3706392327157812
grok_oggi,Ottoman Empire,t,lettera,4306,13.935656213704995,0.8814798185127961,-0.27546961638285905
grok_oggi,Ottoman Empire,n,lettera,3962,15.141630901287554,0.8553130833608366,-0.3545062520005067
grok_oggi,Ottoman Empire,r,lettera,3421,17.53859649122807,0.867406908905039,-0.3068492464414092
grok_oggi,Ottoman Empire,s,lettera,3250,18.455832563865805,0.9284865215644712,-0.12120937220167063
grok_oggi,Ottoman Empire,o,lettera,3068,19.55820019563091,0.9143378576788642,-0.2453877498078484
grok_oggi,Ottoman Empire,l,lettera,2197,27.265482695810565,0.9425787337645378,-0.07688254497213888
grok_oggi,Ottoman Empire,d,lettera,2046,29.325183374083128,0.8450236021957247,-0.2502392918590426
grok_oggi,Ottoman Empire,c,lettera,1711,35.05380116959064,0.9084971797018633,-0.22402337961768481
grok_oggi,Ottoman Empire,h,lettera,1508,39.79296615792966,0.9056223485234702,-0.21377253823603576
grok_oggi,Ottoman Empire,u,lettera,1462,41.02190280629706,0.9133872940256449,-0.2089401643968504
grok_oggi,Ottoman Empire,m,lettera,1404,42.743406985032074,0.9970444261165,-0.08634679925622994
grok_oggi,Ottoman Empire,p,lettera,1139,52.709138840070295,0.96881265675215,-0.013813523987711235
grok_oggi,Ottoman Empire,g,lettera,1107,54.10849909584087,0.9240008346367058,-0.19201340744022838
grok_oggi,Ottoman Empire,f,lettera,878,68.27822120866591,1.0025649006260757,0.015121737711916288
grok_oggi,Ottoman Empire,y,lettera,771,77.72987012987014,0.9902175797035322,-0.11205885402379123
grok_oggi,Ottoman Empire,v,lettera,630,94.74721780604133,1.0426151536951518,-0.0528676856401945
grok_oggi,Ottoman Empire,the,funzione,382,156.1968503937008,0.9808047802330176,-0.3349236450033793
grok_oggi,Ottoman Empire,and,funzione,313,191.40384615384616,0.7545210851452999,-0.6305067773173127
grok_oggi,Ottoman Empire,of,funzione,171,350.20588235294116,1.0331167153837024,-0.27126258267661035
grok_oggi,Ottoman Empire,in,funzione,167,358.63253012048193,0.9514416131706244,-0.23829290036687578
grok_oggi,Ottoman Empire,to,funzione,163,364.80864197530866,0.8636791046923815,-0.36397164430474765
grok_oggi,Ottoman Empire,by,funzione,102,591.2871287128713,0.8602532077187012,-0.3184922449420552
grok_oggi,Ottoman Empire,ottoman,keyword,81,725.6125,0.8932897648955498,-0.3114735174973941
grok_oggi,Ottoman Empire,century,keyword,52,1121.1764705882354,1.34622183114575,0.008724120312653022
grok_oggi,Ottoman Empire,military,keyword,35,1724.2941176470588,0.7893228312671047,-0.2843245632564093
grok_oggi,Ottoman Empire,fiscal,keyword,27,1813.7307692307693,1.089401041964651,0.0888674146045742
grok_oggi,Ottoman Empire,european,keyword,23,2384.090909090909,1.5735930750153722,
grok_oggi,Ottoman Empire,ethnic,keyword,26,2358.36,2.4014589626384866,0.3253925405146088
grok_oggi,Ottoman Empire,administrative,keyword,20,2911.9473684210525,1.1962176145718393,
grok_oggi,Ottoman Empire,from,appaiata,78,741.1428571428571,0.8043447434308009,-0.31628781282723706
grok_oggi,Ottoman Empire,over,appaiata,43,1342.357142857143,1.0573169714070965,-0.21271682733190833
grok_oggi,Ottoman Empire,for,appaiata,36,1668.0857142857142,1.013131421970949,0.19556381462633468
grok_oggi,Ottoman Empire,into,appaiata,26,2372.84,1.349943383959708,0.01482120394946763
grok_oggi,Ottoman Empire,amid,appaiata,22,2697.3809523809523,0.8948523338843525,
grok_oggi,Ottoman Empire,imperial,appaiata,20,2910.684210526316,0.837454492127307,
grok_oggi,Ottoman Empire,such,appaiata,20,3033.8947368421054,0.7809319881342364,
grok_oggi,American Civil War,vocali,vocali,18325,3.2740122244051517,0.597553782738704,-0.5397913548807982
grok_oggi,American Civil War,spazio,spazio,8498,7.060727315523126,0.47501312752487346,-1.021351180298707
grok_oggi,American Civil War,e,lettera,5700,10.52640814177926,0.898600147168736,-0.2658430361249155
grok_oggi,American Civil War,t,lettera,4041,14.851237623762376,0.9281375443517301,-0.2168213602721676
grok_oggi,American Civil War,n,lettera,4002,14.992501874531367,0.8741835610093264,-0.3404214409472635
grok_oggi,American Civil War,a,lettera,3876,15.481032258064516,0.854562604815472,-0.374789570031283
grok_oggi,American Civil War,i,lettera,3820,15.70751505629746,0.9680480904917919,-0.24426893370648678
grok_oggi,American Civil War,o,lettera,3527,16.98922291548497,0.8416355321200658,-0.3394216350319795
grok_oggi,American Civil War,r,lettera,3474,17.26893175928592,0.8395746898565712,-0.34022628170857244
grok_oggi,American Civil War,s,lettera,3275,18.291081246182042,0.963903150403179,-0.04470087085449002
grok_oggi,American Civil War,l,lettera,2060,29.12773190869354,0.9835203209682518,-0.0075692423313099815
grok_oggi,American Civil War,d,lettera,2042,29.356687898089174,0.8591150886555615,-0.23955075027230568
grok_oggi,American Civil War,c,lettera,1755,34.15621436716078,0.9056748006100964,-0.25391880044411147
grok_oggi,American Civil War,h,lettera,1491,40.15771812080537,0.9801130314536601,-0.17708168098993401
grok_oggi,American Civil War,u,lettera,1402,42.76516773733048,0.9187545123327844,-0.27283783371390924
grok_oggi,American Civil War,m,lettera,1127,53.269982238010655,0.9712116131816765,-0.037209748358291175
grok_oggi,American Civil War,f,lettera,1070,56.05799812909261,0.9606547440049857,-0.011359656920778142
grok_oggi,American Civil War,p,lettera,1069,55.9625468164794,1.086185209919859,0.16355761519029505
grok_oggi,American Civil War,g,lettera,992,60.44702320887992,0.9207753385171921,-0.09169858195963296
grok_oggi,American Civil War,y,lettera,681,87.83823529411765,0.9957716297107583,-0.222472221530459
grok_oggi,American Civil War,v,lettera,676,88.72,0.9954402501204695,-0.19394332278087084
grok_oggi,American Civil War,the,funzione,431,139.15116279069767,1.008096542367897,-0.3468085399221095
grok_oggi,American Civil War,and,funzione,274,218.48717948717947,0.8900524468139797,-0.5193221479765067
grok_oggi,American Civil War,of,funzione,225,267.02232142857144,0.9442730755177599,-0.21874045101808798
grok_oggi,American Civil War,to,funzione,196,306.5230769230769,0.9126060728435379,-0.3806842332904895
grok_oggi,American Civil War,in,funzione,164,364.3006134969325,0.9063238369866561,-0.22294355496163512
grok_oggi,American Civil War,on,funzione,124,460.1707317073171,1.1764160485608408,-0.041861100187529726
grok_oggi,American Civil War,union,keyword,118,508.9059829059829,1.5975103353004796,-0.2039239486729956
grok_oggi,American Civil War,confederate,keyword,88,685.8735632183908,1.7311949034797363,-0.05872593514714476
grok_oggi,American Civil War,states,keyword,54,1087.867924528302,2.7108329457686136,0.27160196661602826
grok_oggi,American Civil War,northern,keyword,43,1389.952380952381,0.9169448380858328,-0.04286159907371347
grok_oggi,American Civil War,april,keyword,36,1544.4571428571428,2.261789679144597,0.29645437320410056
grok_oggi,American Civil War,southern,keyword,34,1805.1818181818182,1.7091201400799336,0.2869433933619663
grok_oggi,American Civil War,slavery,keyword,52,676.9803921568628,2.079234353320295,-0.1589624547540519
grok_oggi,American Civil War,by,appaiata,79,765.1794871794872,1.138711116528663,-0.05391712994509399
grok_oggi,American Civil War,as,appaiata,75,778.0135135135135,1.1716479320011266,0.054653547458744844
grok_oggi,American Civil War,from,appaiata,52,1141.4901960784314,0.920178269827994,-0.16913970006057705
grok_oggi,American Civil War,at,appaiata,41,1457.3,1.5436738316190273,0.028641238218768583
grok_oggi,American Civil War,but,appaiata,36,1566.2,0.7151400065072603,-0.6732657203854766
grok_oggi,American Civil War,over,appaiata,31,1818.8666666666666,1.2495800897146885,0.0641218403765432
grok_oggi,American Civil War,under,appaiata,29,1730.107142857143,1.051766067726669,-0.2305471172621558
grok_oggi,United Kingdom,vocali,vocali,17790,3.3726460172016415,0.6108593874878825,-0.4849747814173985
grok_oggi,United Kingdom,spazio,spazio,8547,7.02000936110461,0.4754807197429818,-1.0587899332459494
grok_oggi,United Kingdom,e,lettera,5182,11.57498552403011,0.8912542551827802,-0.2817852930523131
grok_oggi,United Kingdom,i,lettera,4147,14.461167390255667,0.9206442330143808,-0.2777356076224978
grok_oggi,United Kingdom,n,lettera,3962,15.146175208280738,0.8670357525749365,-0.32698328436937657
grok_oggi,United Kingdom,t,lettera,3936,15.243710292249046,0.8713028672340815,-0.3397696790690025
grok_oggi,United Kingdom,a,lettera,3692,16.241668924410728,0.8955469511958978,-0.3492208528829234
grok_oggi,United Kingdom,o,lettera,3363,17.841165972635338,0.8942405109905534,-0.29263901379085255
grok_oggi,United Kingdom,r,lettera,3234,18.54809774203526,0.8537788950006012,-0.3456208565824962
grok_oggi,United Kingdom,s,lettera,3177,18.855478589420656,0.9700430253351695,-0.11719460067299314
grok_oggi,United Kingdom,l,lettera,2099,28.56148713060057,0.9549978416549172,-0.03625409307418009
grok_oggi,United Kingdom,d,lettera,2035,29.482792527040314,0.8766236894221916,-0.23204728181090883
grok_oggi,United Kingdom,c,lettera,1638,36.61453879047037,0.8995089372871727,-0.21843641111743023
grok_oggi,United Kingdom,h,lettera,1440,41.684503127171645,1.006685060355439,-0.11357386424283895
grok_oggi,United Kingdom,u,lettera,1406,42.65551601423488,0.9335636683225019,-0.23138710459017625
grok_oggi,United Kingdom,g,lettera,1194,50.26487845766974,0.8586798248058221,-0.2344731813023834
grok_oggi,United Kingdom,m,lettera,1167,51.34905660377358,1.013018324590058,-0.010419216732185285
grok_oggi,United Kingdom,p,lettera,1035,57.861702127659576,1.0458077279629914,0.07734956816359248
grok_oggi,United Kingdom,f,lettera,993,60.45060483870968,0.9654264642923671,-0.04307370254204191
grok_oggi,United Kingdom,b,lettera,727,82.53856749311295,0.9835757116477722,-0.17591295490978123
grok_oggi,United Kingdom,y,lettera,631,95.04126984126984,1.0396959565297816,-0.052481988887995726
grok_oggi,United Kingdom,the,funzione,408,146.77641277641277,1.1278247677193902,-0.2062369528000948
grok_oggi,United Kingdom,and,funzione,349,171.96264367816093,0.792592002872681,-0.5632689078639875
grok_oggi,United Kingdom,of,funzione,212,280.8862559241706,1.1870127447100998,-0.08615801250779528
grok_oggi,United Kingdom,in,funzione,185,322.3532608695652,1.0500017629114602,-0.12408960514978101
grok_oggi,United Kingdom,to,funzione,149,393.63513513513516,1.0541306159207107,-0.07771441769273697
grok_oggi,United Kingdom,with,funzione,100,602.8888888888889,0.7699203498521929,-0.5679597872051096
grok_oggi,United Kingdom,uk,keyword,66,894.1076923076923,1.5284691328169373,0.020077963053529633
grok_oggi,United Kingdom,billion,keyword,37,1167.4166666666667,1.6249313873247941,0.27822484961010907
grok_oggi,United Kingdom,gdp,keyword,35,1677.7058823529412,1.6731684042672321,0.36885640149381244
grok_oggi,United Kingdom,britain,keyword,34,833.1515151515151,1.8328282078728806,0.19593975733811947
grok_oggi,United Kingdom,united,keyword,29,2097.1785714285716,0.9600482966837041,-0.13101554109450844
grok_oggi,United Kingdom,kingdom,keyword,34,1779.4242424242425,1.0726778123317602,0.16206447507637617
grok_oggi,United Kingdom,ireland,keyword,31,1607.4,1.7194640814185118,0.46057662542416594
grok_oggi,United Kingdom,as,appaiata,56,1060.290909090909,0.8932894502844942,-0.24527060802558215
grok_oggi,United Kingdom,like,appaiata,38,1421.972972972973,0.7694302433119202,-0.5104166829980568
grok_oggi,United Kingdom,but,appaiata,34,1628.5454545454545,0.8458464210026908,-0.2837846291551225
grok_oggi,United Kingdom,at,appaiata,31,1919.6,0.9124154473074454,-0.04018351522153293
grok_oggi,United Kingdom,trade,appaiata,29,1644.4642857142858,1.6530876224939066,0.4003270934100887
grok_oggi,United Kingdom,while,appaiata,26,2241.64,0.6414170707240601,-0.6583455362472797
grok_oggi,United Kingdom,under,appaiata,33,1813.34375,0.9710161119110287,0.09024011494944155
grok_oggi,Joseph Stalin,vocali,vocali,18671,3.213497589716122,0.5855254715711206,-0.5457575950924312
grok_oggi,Joseph Stalin,spazio,spazio,8484,7.071790640103737,0.472831536742524,-1.0117856371735334
grok_oggi,Joseph Stalin,e,lettera,5289,11.343797276853252,0.8894873790896303,-0.2844997488248309
grok_oggi,Joseph Stalin,i,lettera,4517,13.280779450841452,0.8861793497937333,-0.31718040191620966
grok_oggi,Joseph Stalin,a,lettera,4009,14.967065868263473,0.8746237398778302,-0.39666094407454716
grok_oggi,Joseph Stalin,t,lettera,3957,15.161274014155714,0.8576761157217245,-0.3549961182403828
grok_oggi,Joseph Stalin,n,lettera,3910,15.345612688667178,0.8262083055387227,-0.38980723242477144
grok_oggi,Joseph Stalin,o,lettera,3530,17.0,0.877566940904691,-0.3139650445192353
grok_oggi,Joseph Stalin,r,lettera,3426,17.51094890510949,0.8340496096064934,-0.34233778875743004
grok_oggi,Joseph Stalin,s,lettera,3255,18.42440073755378,0.9306500440672373,-0.1420289071655479
grok_oggi,Joseph Stalin,l,lettera,2142,28.007940214852873,0.9727219566244489,-0.06942189844154474
grok_oggi,Joseph Stalin,d,lettera,2033,29.508858267716537,0.859588351159364,-0.24068367340102959
grok_oggi,Joseph Stalin,c,lettera,1701,35.20882352941177,0.9641472687540251,-0.10321444413105019
grok_oggi,Joseph Stalin,h,lettera,1491,40.2,0.9687700926073336,-0.16868815740430787
grok_oggi,Joseph Stalin,u,lettera,1326,45.23018867924528,0.9444559710209498,-0.18763303971111794
grok_oggi,Joseph Stalin,m,lettera,1247,48.004012841091495,0.959673494201117,-0.047968724367627454
grok_oggi,Joseph Stalin,p,lettera,1154,52.02688638334779,1.013559109507644,0.04316812248253247
grok_oggi,Joseph Stalin,g,lettera,1153,52.01909722222222,0.9678808508974729,-0.10872175144910359
grok_oggi,Joseph Stalin,f,lettera,981,60.99387755102041,0.9799118046851877,0.0362564425219601
grok_oggi,Joseph Stalin,v,lettera,723,83.01939058171745,0.9666202681360571,-0.08773433818869732
grok_oggi,Joseph Stalin,y,lettera,714,83.7938288920056,1.0035095544139245,-0.1685821116827159
grok_oggi,Joseph Stalin,the,funzione,387,154.1761658031088,0.9231487541271435,-0.360610358960594
grok_oggi,Joseph Stalin,and,funzione,326,183.52923076923076,0.7425901275736057,-0.7207575190786796
grok_oggi,Joseph Stalin,of,funzione,212,282.5781990521327,1.0341793114472542,-0.24059382651349795
grok_oggi,Joseph Stalin,in,funzione,204,292.48768472906403,1.149715783463024,-0.13969237275990737
grok_oggi,Joseph Stalin,to,funzione,198,302.06091370558374,0.802037165733394,-0.3879195515165709
grok_oggi,Joseph Stalin,by,funzione,106,559.3904761904762,0.8392659861102137,-0.3096575830027616
grok_oggi,Joseph Stalin,stalin,keyword,126,473.28,0.9304757167219342,-0.547463011128737
grok_oggi,Joseph Stalin,soviet,keyword,75,790.081081081081,1.7973201153499814,-0.1874324084993961
grok_oggi,Joseph Stalin,stalin's,keyword,40,1491.6153846153845,0.9404999574374167,-0.16524864467466469
grok_oggi,Joseph Stalin,million,keyword,35,1610.8823529411766,1.6763577014057334,0.4824521778532151
grok_oggi,Joseph Stalin,party,keyword,36,1524.0285714285715,2.5096740990603643,0.3616644456062097
grok_oggi,Joseph Stalin,german,keyword,26,754.48,1.2766940853431108,0.07524771155632164
grok_oggi,Joseph Stalin,army,keyword,23,1949.909090909091,1.5645543998139395,
grok_oggi,Joseph Stalin,on,appaiata,91,646.3888888888889,0.9957318036694044,-0.2231853448788255
grok_oggi,Joseph Stalin,as,appaiata,67,903.2575757575758,1.0655855943418515,0.00902032027004992
grok_oggi,Joseph Stalin,over,appaiata,36,1566.0857142857142,1.0946436719211126,-0.007386914976950992
grok_oggi,Joseph Stalin,including,appaiata,35,1724.0294117647059,0.8433327238688318,-0.6646376394487206
grok_oggi,Joseph Stalin,at,appaiata,31,1945.5333333333333,1.2250941715539043,0.047279108107063164
grok_oggi,Joseph Stalin,he,appaiata,26,2245.12,2.0090842336877275,0.29046953712344015
grok_oggi,Joseph Stalin,these,appaiata,21,2805.6,0.8537443316419787,
grok_oggi,Italy,vocali,vocali,18746,3.2007468658308884,0.5759242902042089,-0.5442221282234293
grok_oggi,Italy,spazio,spazio,8305,7.2244701348747595,0.48035046232682665,-0.9882945721167224
grok_oggi,Italy,e,lettera,5201,11.531346153846155,0.8980328276943925,-0.2775327635574554
grok_oggi,Italy,i,lettera,4696,12.773375931842386,0.8638615222179842,-0.31514239006231765
grok_oggi,Italy,a,lettera,4145,14.477799227799228,0.8597060354168012,-0.41236501662134323
grok_oggi,Italy,t,lettera,4105,14.617202729044834,0.8191335731108105,-0.39363121868768153
grok_oggi,Italy,n,lettera,4057,14.785502958579881,0.8702967214744011,-0.35387519701170694
grok_oggi,Italy,r,lettera,3482,17.224360815857512,0.8201417768319058,-0.34079102567718195
grok_oggi,Italy,o,lettera,3301,18.175757575757576,0.8636984572448445,-0.29568927447245397
grok_oggi,Italy,s,lettera,2918,20.55296537538567,0.9356665387612525,-0.13011130084998415
grok_oggi,Italy,l,lettera,2203,27.243869209809265,0.9252979990954995,-0.08445977516334026
grok_oggi,Italy,d,lettera,1952,30.68836494105587,0.8827115830983903,-0.20993218944873707
grok_oggi,Italy,c,lettera,1854,32.355639503507824,0.9769741166449445,-0.18120646894769984
grok_oggi,Italy,h,lettera,1405,42.71153846153846,1.0054440742099673,-0.11236078024533268
grok_oggi,Italy,u,lettera,1403,42.75962910128388,0.9615173113085551,-0.19770709531467937
grok_oggi,Italy,m,lettera,1315,45.58143074581431,0.970528297079285,-0.093778006245527
grok_oggi,Italy,p,lettera,1214,49.30173124484749,0.9796647968287875,0.007748146841372387
grok_oggi,Italy,g,lettera,1185,50.49662162162162,0.8647293438923219,-0.186398213641884
grok_oggi,Italy,f,lettera,896,67.01899441340782,0.9431274278593449,-0.03415864408560308
grok_oggi,Italy,y,lettera,691,86.91594202898551,0.9608257945793113,-0.2155563365500315
grok_oggi,Italy,b,lettera,658,91.20243531202435,1.0268541521272097,-0.14614468466806088
grok_oggi,Italy,the,funzione,405,148.11633663366337,1.089317914513519,-0.2634622186597423
grok_oggi,Italy,and,funzione,355,167.95197740112994,0.7887606628344975,-0.6475762350186989
grok_oggi,Italy,in,funzione,191,314.9421052631579,0.9339249332411754,-0.25287933859828354
grok_oggi,Italy,of,funzione,186,320.85945945945946,0.9818680970976977,-0.12288563877390744
grok_oggi,Italy,to,funzione,166,360.6181818181818,1.1005582352648873,-0.10579803269257228
grok_oggi,Italy,by,funzione,99,599.3775510204082,0.9228437452866576,-0.20614546391831642
grok_oggi,Italy,italy,keyword,71,849.0857142857143,0.910212029609198,-0.36025971191373735
grok_oggi,Italy,italy's,keyword,24,2317.304347826087,1.1963747698570322,
grok_oggi,Italy,italian,keyword,24,2416.7391304347825,1.4616455968480195,
grok_oggi,Italy,economic,keyword,21,2826.9,0.9432833322331295,
grok_oggi,Italy,roman,keyword,20,1564.842105263158,1.6276147064180688,
grok_oggi,Italy,century,keyword,18,1464.1176470588234,1.0833030974037692,
grok_oggi,Italy,gdp,keyword,21,2914.9,2.3672397217767513,
grok_oggi,Italy,like,appaiata,42,1394.9024390243903,0.7798645611136722,-0.45701244596326923
grok_oggi,Italy,that,appaiata,24,2558.217391304348,1.2907951703253049,
grok_oggi,Italy,this,appaiata,23,2595.6363636363635,1.3533631256620824,
grok_oggi,Italy,while,appaiata,21,2906.1,0.6936802797525959,
grok_oggi,Italy,around,appaiata,19,3277.5555555555557,1.3858777682088166,
grok_oggi,Italy,such,appaiata,18,3275.176470588235,1.5051397945254585,
grok_oggi,Italy,these,appaiata,17,3240.9375,1.4011129458456986,
grok_oggi,New York City,vocali,vocali,17880,3.355724593098048,0.5826864143306636,-0.5219387783042446
grok_oggi,New York City,spazio,spazio,8497,7.060969868173258,0.46435209134262667,-1.057138888714867
grok_oggi,New York City,e,lettera,5257,11.413051750380518,0.8997805426475478,-0.27586653158766367
grok_oggi,New York City,i,lettera,4112,14.592070055947458,0.8830303175095936,-0.2938321901835112
grok_oggi,New York City,t,lettera,4001,14.997,0.8252247241207512,-0.31941646776197324
grok_oggi,New York City,n,lettera,3932,15.258967183922666,0.8184015477652459,-0.3969884186843338
grok_oggi,New York City,a,lettera,3827,15.665185572399373,0.8702557783498441,-0.3860522509863102
grok_oggi,New York City,r,lettera,3348,17.921422169106663,0.8555545349125462,-0.3733291463479473
grok_oggi,New York City,s,lettera,3301,18.174242424242426,0.9360232277007801,-0.15486717555784388
grok_oggi,New York City,o,lettera,3300,18.184298272203698,0.8995251811145448,-0.239246055821858
grok_oggi,New York City,l,lettera,2036,29.46142506142506,0.9858110781486195,-0.010690910506289591
grok_oggi,New York City,d,lettera,1983,30.24621594349142,0.8844407629789574,-0.20449475513197654
grok_oggi,New York City,c,lettera,1806,33.22382271468144,0.9214641737771355,-0.1691855167185573
grok_oggi,New York City,h,lettera,1548,38.74854557207498,1.0297908964425444,-0.10767871418428447
grok_oggi,New York City,u,lettera,1384,43.32537960954447,0.9309990430470354,-0.23340845539031996
grok_oggi,New York City,m,lettera,1226,48.86938775510204,0.9552979827674573,-0.044983959034952746
grok_oggi,New York City,p,lettera,1102,54.47138964577657,1.0319715784711037,0.10713664199842758
grok_oggi,New York City,g,lettera,1096,54.68493150684932,0.9298554610216464,-0.14111824944081255
grok_oggi,New York City,f,lettera,859,69.86713286713287,0.9610056417228062,-0.05656960136121487
grok_oggi,New York City,y,lettera,855,70.1639344262295,0.9911884153349384,-0.17562940495225374
grok_oggi,New York City,b,lettera,667,89.45345345345345,0.9549477909451594,-0.15135930884259868
grok_oggi,New York City,the,funzione,348,171.11527377521614,1.3867781477555579,-0.22850399351599804
grok_oggi,New York City,and,funzione,342,174.45454545454547,0.7836139327273821,-0.6094584692830276
grok_oggi,New York City,in,funzione,194,308.34715025906735,1.0514522749500668,-0.17938365261815536
grok_oggi,New York City,of,funzione,169,352.0,1.1786967966906194,-0.006104967082240261
grok_oggi,New York City,to,funzione,151,392.1533333333333,0.8587988376215089,-0.3104645438447104
grok_oggi,New York City,with,funzione,98,613.0618556701031,0.9954209628395907,-0.45107277857412925
grok_oggi,New York City,new,keyword,106,570.5904761904762,1.0163321360551363,-0.01964167310558417
grok_oggi,New York City,york,keyword,95,637.3617021276596,1.0410515732509102,0.04189978491223262
grok_oggi,New York City,city,keyword,86,704.8470588235294,1.0024549022450646,-0.12754734779126467
grok_oggi,New York City,million,keyword,40,1391.6410256410256,1.4429843605208321,0.4723844272879033
grok_oggi,New York City,manhattan,keyword,36,1615.7142857142858,1.4016217901908792,-0.09016927203767723
grok_oggi,New York City,population,keyword,31,1725.3,1.224433494160468,-0.022077111057428486
grok_oggi,New York City,residents,keyword,30,2045.8620689655172,1.145166712815261,0.3027932295954011
grok_oggi,New York City,by,appaiata,94,616.5268817204301,0.9389003722435213,-0.17260781400091788
grok_oggi,New York City,from,appaiata,82,707.9012345679013,0.9142615168805297,-0.3894369580527786
grok_oggi,New York City,over,appaiata,63,959.4354838709677,1.015419912896512,-0.4104362587961736
grok_oggi,New York City,at,appaiata,44,1383.7209302325582,1.030609394336438,0.1397950689163567
grok_oggi,New York City,amid,appaiata,34,1657.121212121212,0.7907803498941193,-0.5009299044689932
grok_oggi,New York City,city's,appaiata,29,1691.0714285714287,0.6898092526111522,-0.5335081196294341
grok_oggi,New York City,this,appaiata,29,1939.5357142857142,0.8124025714772762,-0.2696628790577494
grok_oggi,Middle Ages,vocali,vocali,18701,3.208395721925134,0.5798536341186569,-0.5489839020800216
grok_oggi,Middle Ages,spazio,spazio,8264,7.259954011860099,0.48741689225887974,-0.9870040329276325
grok_oggi,Middle Ages,e,lettera,5318,11.283994733872484,0.8668270627497271,-0.3271684443916664
grok_oggi,Middle Ages,i,lettera,4542,13.210966747412463,0.8890607076946927,-0.291095306994777
grok_oggi,Middle Ages,a,lettera,4208,14.254100309008795,0.8512166413465565,-0.38783059647657714
grok_oggi,Middle Ages,n,lettera,4015,14.926258096661684,0.8627493560755551,-0.35708691527563463
grok_oggi,Middle Ages,t,lettera,3928,15.278329513623632,0.8495582316350906,-0.35721088438487936
grok_oggi,Middle Ages,r,lettera,3568,16.8062797869358,0.840459896778183,-0.36459475127273205
grok_oggi,Middle Ages,s,lettera,3203,18.73048094940662,0.9609820723040847,-0.10123110847330492
grok_oggi,Middle Ages,o,lettera,3138,19.103602167676122,0.9177992268358801,-0.23207975389725466
grok_oggi,Middle Ages,l,lettera,2170,27.649147072383588,0.9331062919322772,-0.10677107856346775
grok_oggi,Middle Ages,d,lettera,2100,28.578847070033348,0.8718632492007711,-0.19078613574038525
grok_oggi,Middle Ages,c,lettera,1930,31.068947641264906,0.9389104764444661,-0.18178481159783874
grok_oggi,Middle Ages,h,lettera,1621,37.02037037037037,0.9401219056458909,-0.18160988562871497
grok_oggi,Middle Ages,u,lettera,1495,40.08032128514056,0.9598927104788664,-0.19672577714398873
grok_oggi,Middle Ages,m,lettera,1239,48.43618739903069,0.9875152780562985,-0.11935081798067694
grok_oggi,Middle Ages,g,lettera,1201,49.910833333333336,0.884025045752802,-0.21831018935247387
grok_oggi,Middle Ages,p,lettera,1056,56.850236966824646,1.0009450505983586,0.014068197071452493
grok_oggi,Middle Ages,f,lettera,907,65.84657836644591,0.9512682795720971,-0.01800719156496297
grok_oggi,Middle Ages,y,lettera,755,79.40583554376659,0.9660364399106207,-0.14982395696578168
grok_oggi,Middle Ages,b,lettera,584,102.25557461406518,0.9790692142280393,-0.04644822779660937
grok_oggi,Middle Ages,the,funzione,403,147.33582089552237,0.948879854704818,-0.33239031619422943
grok_oggi,Middle Ages,and,funzione,333,179.85843373493975,0.8662727074435856,-0.5046031296542608
grok_oggi,Middle Ages,in,funzione,212,282.7630331753555,0.9586828244916228,-0.3013214068120126
grok_oggi,Middle Ages,of,funzione,199,297.1666666666667,0.9519913503043995,-0.1749009751252075
grok_oggi,Middle Ages,to,funzione,137,439.97058823529414,0.9530567905859011,-0.35572326657198106
grok_oggi,Middle Ages,by,funzione,116,496.3304347826087,1.0378560653472775,-0.2880880031917183
grok_oggi,Middle Ages,ce,keyword,47,430.4130434782609,2.13753155690928,0.2135678055854032
grok_oggi,Middle Ages,roman,keyword,47,1214.804347826087,1.771574207984967,0.19427154482239897
grok_oggi,Middle Ages,century,keyword,49,1232.7708333333333,1.1803815262863329,-0.04539531460398754
grok_oggi,Middle Ages,middle,keyword,22,2753.095238095238,1.2797715728020629,
grok_oggi,Middle Ages,ages,keyword,22,2753.095238095238,1.6006301262932627,
grok_oggi,Middle Ages,europe,keyword,29,2058.8571428571427,0.854452085921038,-0.1800099049358563
grok_oggi,Middle Ages,economic,keyword,21,2601.0,0.7659231468244035,
grok_oggi,Middle Ages,for,appaiata,44,1323.1162790697674,1.1271110342633912,-0.02271467399580356
grok_oggi,Middle Ages,on,appaiata,40,1393.7692307692307,0.94529875393121,0.1282451996564277
grok_oggi,Middle Ages,that,appaiata,33,1718.46875,1.0794334818416944,-0.2922886400617034
grok_oggi,Middle Ages,while,appaiata,22,2286.0,0.628966890893849,
grok_oggi,Middle Ages,at,appaiata,23,2356.590909090909,0.9222778605880594,
grok_oggi,Middle Ages,through,appaiata,20,2891.6315789473683,0.937914414708297,
grok_oggi,Middle Ages,but,appaiata,23,2256.4545454545455,0.9254834417437475,
grok_oggi,Russia,vocali,vocali,17943,3.343885854419797,0.6336791134834241,-0.48709162985896615
grok_oggi,Russia,spazio,spazio,8537,7.026944704779757,0.46712242480970256,-1.0542233450013168
grok_oggi,Russia,e,lettera,5090,11.786205541363726,0.9037738236038377,-0.2943106935148901
grok_oggi,Russia,i,lettera,4175,14.369908960229996,0.8898577167553026,-0.2695410361759622
grok_oggi,Russia,a,lettera,3927,15.277890983188996,0.8803778858218962,-0.3729727803934481
grok_oggi,Russia,t,lettera,3777,15.879502118644067,0.8665142295437731,-0.3292214575044057
grok_oggi,Russia,n,lettera,3743,16.008017103153392,0.8473886688441737,-0.34464116689823326
grok_oggi,Russia,r,lettera,3503,17.132495716733295,0.8370607080620442,-0.3581773899086864
grok_oggi,Russia,s,lettera,3327,18.030667468430547,0.9914147679336847,-0.06907249977895592
grok_oggi,Russia,o,lettera,3243,18.498149290561383,0.8930996114166462,-0.25323119278513784
grok_oggi,Russia,l,lettera,1934,30.99689601655458,1.0152328933921528,-0.038462389427580096
grok_oggi,Russia,d,lettera,1928,31.12247016087182,0.9175597243918688,-0.1728783797090602
grok_oggi,Russia,c,lettera,1612,37.19739292364991,0.9671929563800887,-0.10220128827780353
grok_oggi,Russia,u,lettera,1508,39.7936297279363,0.9404007166580362,-0.22225113422849493
grok_oggi,Russia,h,lettera,1485,40.34838274932615,0.9971239829418426,-0.12853089385320196
grok_oggi,Russia,m,lettera,1224,48.852820932134094,1.0269835909430942,-0.08535829069196199
grok_oggi,Russia,p,lettera,1117,53.685483870967744,1.0530301897917307,0.05142584943300944
grok_oggi,Russia,g,lettera,1040,57.57747834456208,0.8940644709803006,-0.18794110350232437
grok_oggi,Russia,f,lettera,843,71.21021377672209,0.9452319094161538,-0.030089732684159997
grok_oggi,Russia,b,lettera,688,86.86608442503639,0.9369796563990301,-0.21924660548015343
grok_oggi,Russia,v,lettera,687,87.15597667638484,0.9865279093764284,-0.09706032876026734
grok_oggi,Russia,the,funzione,413,145.03398058252426,1.061542391484396,-0.2697487315199807
grok_oggi,Russia,and,funzione,351,169.90571428571428,0.7392609987389536,-0.6529681407370858
grok_oggi,Russia,in,funzione,193,305.6510416666667,0.9985439397067093,-0.1631745834001134
grok_oggi,Russia,to,funzione,180,333.25698324022346,0.984089593461214,-0.19028490836274373
grok_oggi,Russia,of,funzione,151,396.03333333333336,1.03564866967225,0.0065288149272922265
grok_oggi,Russia,with,funzione,114,526.1327433628319,0.8698978937907066,-0.33413788423705393
grok_oggi,Russia,russia,keyword,61,995.65,1.8510374762842603,0.18144134873293274
grok_oggi,Russia,soviet,keyword,43,1026.0,2.927209468142351,0.2626486494020121
grok_oggi,Russia,russian,keyword,34,1730.3939393939395,1.9835658282057433,0.4250383370398697
grok_oggi,Russia,million,keyword,29,1988.8214285714287,2.071722233137131,0.7081268313254759
grok_oggi,Russia,march,keyword,23,2031.5,1.2845807637526887,
grok_oggi,Russia,december,keyword,23,2340.7727272727275,1.4278187743382207,
grok_oggi,Russia,february,keyword,22,2441.2380952380954,1.3765388537062369,
grok_oggi,Russia,as,appaiata,48,1244.6170212765958,1.0105370071141877,0.11537854968837527
grok_oggi,Russia,at,appaiata,37,1634.861111111111,0.9065974861724899,-0.14715553808040527
grok_oggi,Russia,this,appaiata,28,2027.3703703703704,0.8993829488102395,-0.002212490648112737
grok_oggi,Russia,after,appaiata,26,2054.28,0.8725702509196,-0.06862212408344182
grok_oggi,Russia,via,appaiata,23,2348.818181818182,0.7411424261681818,
grok_oggi,Russia,under,appaiata,22,2704.5714285714284,1.077523920231827,
grok_oggi,Russia,which,appaiata,21,2316.0,1.4337571296059217,
grok_oggi,Winston Churchill,vocali,vocali,18549,3.2345266335993097,0.531967755173822,-0.5767483663710073
grok_oggi,Winston Churchill,spazio,spazio,8552,7.016021517951117,0.47637864321666484,-1.0137513312085666
grok_oggi,Winston Churchill,e,lettera,5443,11.018926865123117,0.8849933875384798,-0.2773278275154243
grok_oggi,Winston Churchill,i,lettera,4526,13.256132596685083,0.8956105947837877,-0.29268361544576316
grok_oggi,Winston Churchill,t,lettera,3875,15.48167268972638,0.853666347660332,-0.31742550535185077
grok_oggi,Winston Churchill,a,lettera,3829,15.668495297805643,0.8942892480722384,-0.33327465542074847
grok_oggi,Winston Churchill,n,lettera,3802,15.781110234148908,0.836331800634471,-0.372207973519216
grok_oggi,Winston Churchill,r,lettera,3684,16.28373608471355,0.8121085953972311,-0.3910369817812797
grok_oggi,Winston Churchill,o,lettera,3396,17.66715758468336,0.877860836751548,-0.25820229668445543
grok_oggi,Winston Churchill,s,lettera,3023,19.84050297816016,0.9185453314843972,-0.12964057192411907
grok_oggi,Winston Churchill,l,lettera,2295,26.103312990409766,0.9912596803317907,0.01834137041492429
grok_oggi,Winston Churchill,d,lettera,2020,29.694403169886083,0.8682044843156991,-0.23424024353145897
grok_oggi,Winston Churchill,h,lettera,1993,30.07128514056225,1.0183674981461035,-0.19538195079219428
grok_oggi,Winston Churchill,c,lettera,1960,30.58499234303216,0.9746548957898091,-0.15482432589165018
grok_oggi,Winston Churchill,u,lettera,1355,44.27178729689808,0.9222436062422588,-0.2517219511934689
grok_oggi,Winston Churchill,m,lettera,1291,46.47131782945736,1.0189038997351003,-0.012548454230425403
grok_oggi,Winston Churchill,g,lettera,1160,51.536669542709234,0.9194785783246061,-0.14056787265954646
grok_oggi,Winston Churchill,p,lettera,1091,54.91284403669725,0.9808631773428869,0.00257507743485923
grok_oggi,Winston Churchill,f,lettera,988,60.632218844984806,0.9168162432207607,-0.057552260669177784
grok_oggi,Winston Churchill,b,lettera,739,81.12737127371274,0.8993820281485664,-0.21139638619114098
grok_oggi,Winston Churchill,y,lettera,687,87.3600583090379,0.977733817172138,-0.1683576847021833
grok_oggi,Winston Churchill,the,funzione,397,150.91919191919192,0.9891315687375375,-0.3407639289050719
grok_oggi,Winston Churchill,and,funzione,239,250.91596638655463,0.8251323514367224,-0.5255508796175765
grok_oggi,Winston Churchill,to,funzione,216,276.66511627906976,0.8862888773097526,-0.3249620944721608
grok_oggi,Winston Churchill,in,funzione,188,319.096256684492,0.9013333074686586,-0.25606774925477327
grok_oggi,Winston Churchill,of,funzione,178,337.7231638418079,1.1217594661451882,-0.11418899974226124
grok_oggi,Winston Churchill,on,funzione,122,490.78512396694214,0.93798623305134,-0.22891328920326304
grok_oggi,Winston Churchill,churchill,keyword,142,423.1985815602837,0.5371724128632128,-1.0655503741542922
grok_oggi,Winston Churchill,british,keyword,43,1406.404761904762,1.4358006174622573,0.041059996375539844
grok_oggi,Winston Churchill,churchill's,keyword,31,1920.2333333333333,0.6329740366435592,-0.6229625940451682
grok_oggi,Winston Churchill,war,keyword,32,1882.774193548387,1.3929768937902567,0.3457271910583572
grok_oggi,Winston Churchill,early,keyword,21,2837.9,1.031641973902146,
grok_oggi,Winston Churchill,naval,keyword,20,3036.6315789473683,2.0632941223571475,
grok_oggi,Winston Churchill,lord,keyword,18,3379.3529411764707,1.3317328598559512,
grok_oggi,Winston Churchill,as,appaiata,98,616.6494845360825,0.9156205548515717,-0.3003251742378837
grok_oggi,Winston Churchill,that,appaiata,42,1423.2926829268292,0.9316509475156738,-0.18013915082108198
grok_oggi,Winston Churchill,under,appaiata,33,1669.6875,1.165912526674766,0.21824515904295524
grok_oggi,Winston Churchill,but,appaiata,26,2103.6,0.8232569057282823,-0.39702789727347765
grok_oggi,Winston Churchill,like,appaiata,21,2900.2,0.9630458171833312,
grok_oggi,Winston Churchill,though,appaiata,21,2926.55,0.8335790054778638,
grok_oggi,Winston Churchill,without,appaiata,18,2628.1176470588234,0.8500356962118103,
grok_oggi,France,vocali,vocali,18076,3.319225449515906,0.6185162151168498,-0.5113398151589089
grok_oggi,France,spazio,spazio,8499,7.05989644622264,0.5252224532786306,-1.0063878563401587
grok_oggi,France,e,lettera,5255,11.417015607156452,0.8569368500960685,-0.3262204973357048
grok_oggi,France,i,lettera,4323,13.881304951411384,0.9081719555723569,-0.2635410046078723
grok_oggi,France,n,lettera,4049,14.803112648221344,0.8551943745383143,-0.3841506544171773
grok_oggi,France,a,lettera,3931,15.261323155216285,0.8701449757438087,-0.37492436639301846
grok_oggi,France,t,lettera,3836,15.641981747066493,0.8706734049961637,-0.29982800823044115
grok_oggi,France,r,lettera,3326,18.03669172932331,0.8322614112977132,-0.35463703523292767
grok_oggi,France,o,lettera,3177,18.882556675062972,0.9036180590186538,-0.2703596635974003
grok_oggi,France,s,lettera,2878,20.83594021550226,0.9645463608547673,-0.04921767326381027
grok_oggi,France,l,lettera,2200,27.249204183719872,0.9443435072031364,-0.1045684840067802
grok_oggi,France,d,lettera,1979,30.330637007077858,0.8632800810999831,-0.21225337031359268
grok_oggi,France,c,lettera,1872,32.024585783003744,0.9602065593523654,-0.16563630208248994
grok_oggi,France,h,lettera,1611,37.18819875776398,0.9811639171778709,-0.1359683845445773
grok_oggi,France,u,lettera,1390,43.10943124550036,0.9936534494738604,-0.1668923247659838
grok_oggi,France,g,lettera,1224,48.88798037612428,0.9221201927883347,-0.18775509050226202
grok_oggi,France,m,lettera,1171,51.14529914529915,0.9658720218622577,-0.07262092241193428
grok_oggi,France,p,lettera,1069,56.12265917602996,1.0313289761214537,0.07279304298830044
grok_oggi,France,f,lettera,971,61.588659793814436,0.9474147842951905,-0.07924454145362164
grok_oggi,France,b,lettera,720,83.2058414464534,1.0022081709534634,-0.1193077477128892
grok_oggi,France,y,lettera,694,86.31168831168831,0.9381882713228702,-0.17256392515232366
grok_oggi,France,the,funzione,507,117.24703557312253,1.0404558094721805,-0.3457786395252373
grok_oggi,France,and,funzione,340,174.42772861356931,0.7950677692294911,-0.5934050797083061
grok_oggi,France,in,funzione,201,296.815,0.9142713429408761,-0.24493350788143475
grok_oggi,France,of,funzione,198,299.74111675126903,1.1525550964700009,-0.08919820165691929
grok_oggi,France,to,funzione,168,349.7305389221557,0.9720506527190733,-0.25092958439293456
grok_oggi,France,with,funzione,120,488.8151260504202,0.8184302714796732,-0.40928287465807767
grok_oggi,France,france,keyword,71,841.8428571428572,1.3541352825441553,0.03724122913159131
grok_oggi,France,french,keyword,44,1317.5116279069769,1.8835930743000655,0.29695760682519207
grok_oggi,France,paris,keyword,26,2219.52,0.8705391048187917,-0.34659808724951713
grok_oggi,France,million,keyword,25,2369.5,1.3567859345943492,
grok_oggi,France,economic,keyword,24,2269.0,1.1448656783381777,
grok_oggi,France,louis,keyword,24,1605.0434782608695,1.638578816660814,
grok_oggi,France,july,keyword,19,2146.0555555555557,1.4219724056029786,
grok_oggi,France,from,appaiata,61,984.3666666666667,1.0015861183337371,-0.28445920996212537
grok_oggi,France,as,appaiata,44,1338.5348837209303,0.8703617559339787,-0.23585124681505149
grok_oggi,France,war,appaiata,27,1833.2692307692307,1.305718998564446,0.10692991902842214
grok_oggi,France,this,appaiata,25,2187.0,0.6175241317929198,
grok_oggi,France,into,appaiata,22,2754.5714285714284,0.9994225740539948,
grok_oggi,France,which,appaiata,20,2622.684210526316,0.8432508952550261,
grok_oggi,France,where,appaiata,18,3126.176470588235,0.877651226273808,
grok_oggi,United States,vocali,vocali,18049,3.3241356382978724,0.6227030366482915,-0.5118499458362524
grok_oggi,United States,spazio,spazio,8443,7.106609808102346,0.46545023806666036,-1.0511219855166694
grok_oggi,United States,e,lettera,5299,11.32314080785202,0.9275716968636338,-0.2681780973715782
grok_oggi,United States,i,lettera,4214,14.238784713980536,0.902778498833909,-0.2729921861679338
grok_oggi,United States,t,lettera,4053,14.807008884501482,0.8694808548587234,-0.329586166822805
grok_oggi,United States,a,lettera,3906,15.340076824583868,0.8880170065285555,-0.35425254697128145
grok_oggi,United States,n,lettera,3896,15.394351732991014,0.9066751216659035,-0.3258826647249121
grok_oggi,United States,r,lettera,3408,17.60346345758732,0.82312839535107,-0.3638406689990623
grok_oggi,United States,o,lettera,3263,18.386879215205397,0.9041231566485192,-0.2416195297046657
grok_oggi,United States,s,lettera,3104,19.319368353206574,0.9813618373924874,-0.0733315334196163
grok_oggi,United States,d,lettera,2044,29.355359765051396,0.9351977873959583,-0.1587157594388326
grok_oggi,United States,l,lettera,1993,30.087349397590362,0.9619373787112326,-0.03635470946112266
grok_oggi,United States,c,lettera,1778,33.74732695554305,1.0618716743364067,-0.1507855238741556
grok_oggi,United States,h,lettera,1428,42.03784162578837,0.945325796769731,-0.15602851709489898
grok_oggi,United States,u,lettera,1367,43.89238653001464,0.8897467273266767,-0.2671222098337453
grok_oggi,United States,m,lettera,1239,48.44022617124394,0.9577721460116045,-0.1105184866338818
grok_oggi,United States,p,lettera,1140,52.35645302897278,1.0938366427568296,0.0629773097046207
grok_oggi,United States,g,lettera,1086,54.83686635944701,0.9657591149028951,-0.09685909160712006
grok_oggi,United States,f,lettera,962,62.2840790842872,0.9584888574041527,-0.01465859260263779
grok_oggi,United States,b,lettera,680,88.13549337260677,0.975349496113901,-0.0789562641798021
grok_oggi,United States,y,lettera,595,100.32996632996633,1.015495999451507,-0.14268504232496865
grok_oggi,United States,the,funzione,415,144.81884057971016,0.9685878034596589,-0.34765365768379825
grok_oggi,United States,and,funzione,326,183.5876923076923,0.7532002098133617,-0.5841402522257813
grok_oggi,United States,of,funzione,219,271.8165137614679,1.081540499951877,-0.27221907300722376
grok_oggi,United States,in,funzione,188,309.5882352941176,1.0019607155746857,-0.12706178431447415
grok_oggi,United States,to,funzione,161,365.30625,0.9911565695634521,-0.2103513180028005
grok_oggi,United States,by,funzione,95,596.8297872340426,0.9813908530656124,-0.18144353450514586
grok_oggi,United States,states,keyword,33,1870.3125,1.216651946827869,0.24981720788663503
grok_oggi,United States,miles,keyword,32,1914.3870967741937,2.852963014961925,0.013871507290442002
grok_oggi,United States,square,keyword,26,2363.84,4.175965206303926,-0.3472981697070166
grok_oggi,United States,economic,keyword,26,2362.16,0.9099409846489187,-0.23267493891399216
grok_oggi,United States,area,keyword,24,139.30434782608697,1.6335933807617407,
grok_oggi,United States,million,keyword,23,2682.2272727272725,1.2187386560090794,
grok_oggi,United States,strait,keyword,23,441.04545454545456,0.9485153352906878,
grok_oggi,United States,but,appaiata,29,1905.6785714285713,0.9408683632474485,-0.5678168698295706
grok_oggi,United States,amid,appaiata,28,2045.4444444444443,0.987466255203878,-0.1300820502044602
grok_oggi,United States,while,appaiata,26,2222.0,0.5468434175376747,-0.8246136689377579
grok_oggi,United States,like,appaiata,25,2441.625,1.239365364562191,
grok_oggi,United States,which,appaiata,24,2451.2608695652175,1.0207764072059848,
grok_oggi,United States,including,appaiata,23,2601.2727272727275,0.9814701247967653,
grok_oggi,United States,km²,appaiata,23,2669.590909090909,4.522703086432932,
grok_oggi,Socialism,vocali,vocali,19219,3.1219689874076386,0.5711772750728212,-0.5320664179250709
grok_oggi,Socialism,spazio,spazio,7953,7.543008048289739,0.47259562593372884,-1.0116220951102377
grok_oggi,Socialism,e,lettera,5158,11.629435718440954,0.8689656086545342,-0.3198112366930186
grok_oggi,Socialism,i,lettera,4974,12.062135531872109,0.8411540990310387,-0.3595217139719382
grok_oggi,Socialism,t,lettera,4175,14.366315285098228,0.8179749284566261,-0.3950414910291072
grok_oggi,Socialism,a,lettera,4025,14.902584493041749,0.8513063982573651,-0.44190426842929204
grok_oggi,Socialism,o,lettera,3686,16.280054274084126,0.8602498384437288,-0.33551539681328324
grok_oggi,Socialism,n,lettera,3680,16.300081543897797,0.8703978900754872,-0.2976381991896768
grok_oggi,Socialism,s,lettera,3478,17.25251653724475,0.9653834528765808,-0.14263980561294892
grok_oggi,Socialism,r,lettera,3451,17.36840579710145,0.830672600027746,-0.363367533399592
grok_oggi,Socialism,l,lettera,2297,26.108885017421603,0.8604985141384852,-0.19043603628250155
grok_oggi,Socialism,c,lettera,2126,28.22070588235294,0.9605249971297578,-0.18301838269569373
grok_oggi,Socialism,d,lettera,1815,33.03748621830209,0.8958462863766741,-0.2433044203711927
grok_oggi,Socialism,m,lettera,1438,41.74669450243563,1.0210453527841883,0.0212790289681312
grok_oggi,Socialism,h,lettera,1389,43.14913544668588,1.001300492262685,-0.12652818036018515
grok_oggi,Socialism,u,lettera,1376,43.48072727272727,0.9215936690236526,-0.24717384636920034
grok_oggi,Socialism,p,lettera,1277,46.96865203761755,1.0117511094010816,-0.026936717099899674
grok_oggi,Socialism,g,lettera,1008,59.47666335650447,0.9346456241321193,-0.08915308393896115
grok_oggi,Socialism,f,lettera,819,73.23349633251834,0.9105697967428996,-0.07673177867153144
grok_oggi,Socialism,v,lettera,705,85.12642045454545,0.9807559642459263,-0.14328387284082947
grok_oggi,Socialism,y,lettera,627,95.6373801916933,0.9230087929674565,-0.16004199139924954
grok_oggi,Socialism,and,funzione,283,210.45035460992906,0.7389974905197502,-0.6775883856659842
grok_oggi,Socialism,the,funzione,280,213.98924731182797,1.1672198323485203,-0.1375412833539948
grok_oggi,Socialism,to,funzione,210,283.0430622009569,0.8712480045450721,-0.32349829256238943
grok_oggi,Socialism,in,funzione,206,290.52682926829266,0.948560094260098,-0.34177133089372164
grok_oggi,Socialism,of,funzione,192,312.64921465968587,1.0195271018892962,-0.14669227774044744
grok_oggi,Socialism,by,funzione,108,545.3831775700935,1.0060509647517355,-0.20499435806928393
grok_oggi,Socialism,socialism,keyword,66,918.4153846153846,1.319867783782752,0.07687472998380819
grok_oggi,Socialism,state,keyword,51,1177.14,1.1637384953028196,0.14487530634735915
grok_oggi,Socialism,economic,keyword,36,1568.4285714285713,0.8951501145520653,-0.1930884325931438
grok_oggi,Socialism,private,keyword,36,1698.0285714285715,0.9432620780629217,-0.2687685759976394
grok_oggi,Socialism,socialist,keyword,37,1613.9166666666667,1.2269364597298695,0.20556380561488874
grok_oggi,Socialism,market,keyword,34,1693.1818181818182,1.7703144414387508,0.3647052842475814
grok_oggi,Socialism,ownership,keyword,32,1926.3548387096773,0.9307006785905194,-0.0953140517885705
grok_oggi,Socialism,with,appaiata,66,912.4307692307692,1.0563157341438407,-0.34494728737936603
grok_oggi,Socialism,this,appaiata,46,1235.5555555555557,0.8726927658771825,-0.5523635724910825
grok_oggi,Socialism,for,appaiata,37,1664.0277777777778,1.1119089278636394,0.012927136540254666
grok_oggi,Socialism,like,appaiata,33,1730.125,1.1276525962836017,-0.22652763955724642
grok_oggi,Socialism,that,appaiata,33,1861.8125,0.8106556364892574,-0.4345883529936354
grok_oggi,Socialism,these,appaiata,32,1886.0967741935483,0.7599349145981051,-0.45022305263101503
grok_oggi,Socialism,or,appaiata,31,1989.9,1.8393852295516162,0.1758291349075016
grok_oggi,Wikipedia,vocali,vocali,19185,3.1275020850708923,0.5367234056649061,-0.5590029855006765
grok_oggi,Wikipedia,spazio,spazio,8047,7.455381556052697,0.4678615647018278,-1.0524721010907616
grok_oggi,Wikipedia,e,lettera,5541,10.829241877256317,0.8600830701906143,-0.3143534627351835
grok_oggi,Wikipedia,i,lettera,4976,12.058090452261306,0.8647173031937867,-0.3869649348595172
grok_oggi,Wikipedia,t,lettera,3968,15.116460801613309,0.8600706163954074,-0.34416660077514144
grok_oggi,Wikipedia,n,lettera,3900,15.367273659912799,0.8503123657740732,-0.33920999111539024
grok_oggi,Wikipedia,a,lettera,3887,15.432321152856408,0.8353808063384787,-0.41142345184005774
grok_oggi,Wikipedia,s,lettera,3589,16.71767001114827,0.9099548542684968,-0.14906772556258535
grok_oggi,Wikipedia,o,lettera,3384,17.728643216080403,0.8529999736670102,-0.36211413316593544
grok_oggi,Wikipedia,r,lettera,3326,18.037293233082707,0.8660120117241156,-0.2848762666104432
grok_oggi,Wikipedia,d,lettera,2156,27.834338747099768,0.8839309922710792,-0.2194689769978131
grok_oggi,Wikipedia,l,lettera,2004,29.925112331502746,0.9722734464596805,-0.031802132977347145
grok_oggi,Wikipedia,c,lettera,2002,29.961019490254873,0.9536480452038129,-0.13071203388913796
grok_oggi,Wikipedia,u,lettera,1397,42.891117478510026,0.9258462164584831,-0.2900727713009865
grok_oggi,Wikipedia,h,lettera,1233,48.54220779220779,1.0115591528325925,-0.08687569674854079
grok_oggi,Wikipedia,g,lettera,1211,49.46363636363636,0.9655904717822403,-0.08954874763032103
grok_oggi,Wikipedia,p,lettera,1201,49.964166666666664,1.002813812746654,-0.012120904189600792
grok_oggi,Wikipedia,m,lettera,1118,53.562220232766336,1.012046261558072,-0.021962232495481373
grok_oggi,Wikipedia,f,lettera,924,64.87973997833153,0.9911925389356961,0.013058435485957332
grok_oggi,Wikipedia,v,lettera,669,89.77844311377245,1.0145246060310145,-0.05814635660964595
grok_oggi,Wikipedia,w,lettera,635,94.61041009463722,0.9798685111532232,-0.09634686711924087
grok_oggi,Wikipedia,and,funzione,274,218.76556776556777,0.8946837374290715,-0.4446829412691892
grok_oggi,Wikipedia,to,funzione,172,347.48538011695905,0.9913203153595025,-0.2684619399552183
grok_oggi,Wikipedia,in,funzione,172,345.15204678362574,1.063243963219457,-0.10217176129617288
grok_oggi,Wikipedia,the,funzione,159,377.11392405063293,1.1913267667871694,-0.0784187176778723
grok_oggi,Wikipedia,of,funzione,138,436.5036496350365,1.1111339173782784,-0.1435185226902649
grok_oggi,Wikipedia,for,funzione,111,515.0363636363636,1.2980467348038005,-0.1123046604008852
grok_oggi,Wikipedia,wikipedia,keyword,80,758.6962025316456,0.8632033222972323,-0.3226105387265064
grok_oggi,Wikipedia,articles,keyword,44,1381.2790697674418,1.2417896841525902,-0.056765898419558786
grok_oggi,Wikipedia,editors,keyword,43,1237.1666666666667,1.3016527454650009,-0.07029640995476553
grok_oggi,Wikipedia,content,keyword,38,1614.4864864864865,0.8769331897082293,-0.5701537459121259
grok_oggi,Wikipedia,edits,keyword,35,1647.8823529411766,1.1886367682348593,0.21160679460841672
grok_oggi,Wikipedia,editing,keyword,35,1720.2941176470588,0.8598792713923543,-0.28290116742547583
grok_oggi,Wikipedia,editor,keyword,33,1779.5625,1.1348048847559835,-0.0821799995223971
grok_oggi,Wikipedia,that,appaiata,54,1097.698113207547,1.014790608455709,0.03925148864779092
grok_oggi,Wikipedia,like,appaiata,47,1113.4565217391305,0.8721270674817403,-0.27741235948752785
grok_oggi,Wikipedia,it,appaiata,32,1902.8387096774193,0.9918699615684697,0.12731159204157938
grok_oggi,Wikipedia,including,appaiata,30,1971.9655172413793,0.7402981106808401,-0.7281872853129204
grok_oggi,Wikipedia,than,appaiata,30,1945.0689655172414,1.1531050879841211,-0.030089224818038916
grok_oggi,Wikipedia,over,appaiata,31,1982.3666666666666,0.8694900366194336,-0.4607987114841407
grok_oggi,Wikipedia,these,appaiata,28,2015.148148148148,0.9336861383296344,-0.15105898675440274
grok_oggi,Moon,vocali,vocali,18021,3.3290788013318533,0.6168978711406239,-0.5037294991211367
grok_oggi,Moon,spazio,spazio,8497,7.061322975517891,0.4653158031639003,-1.0605207529142258
grok_oggi,Moon,e,lettera,5048,11.88508024569051,0.8451803917867018,-0.32099722292248395
grok_oggi,Moon,a,lettera,4251,14.100235294117647,0.8417753426907559,-0.4040089428916949
grok_oggi,Moon,i,lettera,3963,15.139575971731448,0.9065667679054843,-0.2871458111540177
grok_oggi,Moon,t,lettera,3735,16.067755757900375,0.8647296426928849,-0.3708750305882256
grok_oggi,Moon,n,lettera,3609,16.625831485587582,0.8642054280361428,-0.32934926377368184
grok_oggi,Moon,r,lettera,3430,17.48498104403616,0.8478921816477877,-0.35123282560466645
grok_oggi,Moon,s,lettera,3427,17.508756567425568,0.9198049941951368,-0.1523218196300623
grok_oggi,Moon,o,lettera,3376,17.77037037037037,0.917425483703587,-0.17539380140103278
grok_oggi,Moon,l,lettera,2258,26.562693841382366,0.9636185637405278,-0.04050295504275021
grok_oggi,Moon,d,lettera,1779,33.714848143982,0.8960167100130325,-0.20603242939749225
grok_oggi,Moon,c,lettera,1763,33.99318955732122,1.0040268250368234,-0.11215805111987037
grok_oggi,Moon,h,lettera,1513,39.636243386243386,0.9602095312868425,-0.16001913269808526
grok_oggi,Moon,m,lettera,1500,39.984656437625084,0.9150563410827668,-0.19068628677196792
grok_oggi,Moon,u,lettera,1383,43.375542691751086,0.991770404743666,-0.14501015808364337
grok_oggi,Moon,g,lettera,1162,51.485788113695094,0.9516594891792672,-0.12744843461416636
grok_oggi,Moon,p,lettera,1140,52.525899912203684,0.9994316235503996,-0.019815939248319068
grok_oggi,Moon,f,lettera,832,72.12996389891697,0.9488657934452916,-0.026541376493339916
grok_oggi,Moon,y,lettera,711,84.47183098591549,0.9724511047559334,-0.15455705841994136
grok_oggi,Moon,b,lettera,609,98.4342105263158,0.9730992645529548,-0.1210808025481076
grok_oggi,Moon,and,funzione,307,195.16013071895424,0.754294754012459,-0.6081971447916555
grok_oggi,Moon,the,funzione,301,197.76666666666668,1.1095853979043486,-0.19236883390103776
grok_oggi,Moon,to,funzione,138,428.83941605839414,0.9064090800440537,-0.25020501070858525
grok_oggi,Moon,in,funzione,130,456.95348837209303,0.9931558748311474,-0.16883425503289085
grok_oggi,Moon,of,funzione,123,489.3114754098361,1.3133790549582058,0.12910124088971162
grok_oggi,Moon,from,funzione,104,572.757281553398,1.2391419432060364,-0.158546614000301
grok_oggi,Moon,lunar,keyword,79,752.8974358974359,1.0745482985563841,-0.10138094073182244
grok_oggi,Moon,moon,keyword,102,586.0,1.4881404380795007,0.2058300615867808
grok_oggi,Moon,apollo,keyword,50,1183.6326530612246,1.45402604450707,0.03541275402570063
grok_oggi,Moon,earth's,keyword,40,1490.7948717948718,1.5484203331284703,0.14975362539517292
grok_oggi,Moon,solar,keyword,33,1796.59375,1.1241460167369195,0.1626132759292902
grok_oggi,Moon,years,keyword,31,1906.4666666666667,1.2068287109253804,0.24503641904924936
grok_oggi,Moon,moon's,keyword,27,2164.0384615384614,1.4915744254747234,0.3970693304071327
grok_oggi,Moon,with,appaiata,86,691.9294117647058,0.9064078450382731,-0.3277113324279129
grok_oggi,Moon,by,appaiata,71,845.5714285714286,1.0675708994000546,0.04629368590278755
grok_oggi,Moon,as,appaiata,46,1265.1555555555556,1.5195901552183533,0.18719510979679338
grok_oggi,Moon,km,appaiata,38,760.5675675675676,2.7254469378606436,0.16997128123553223
grok_oggi,Moon,like,appaiata,34,1754.7575757575758,0.9098920838950936,-0.3645724530970133
grok_oggi,Moon,these,appaiata,31,1940.7,0.9422000501815991,-0.25989245162166114
grok_oggi,Moon,data,appaiata,27,1895.8461538461538,1.0607216370187493,-0.021340869477566457
grok_oggi,Alexander the Great,vocali,vocali,18886,3.177018797987821,0.5463022184835222,-0.5632128322447765
grok_oggi,Alexander the Great,spazio,spazio,8441,7.10781990521327,0.4565471370079955,-1.0952251265838158
grok_oggi,Alexander the Great,e,lettera,5835,10.281282139184093,0.8640056206191068,-0.3341923399264819
grok_oggi,Alexander the Great,a,lettera,4550,13.187733567817103,0.8478128527810295,-0.41440709433083095
grok_oggi,Alexander the Great,i,lettera,4229,14.187086092715232,0.867340896663669,-0.289852603538657
grok_oggi,Alexander the Great,n,lettera,3979,15.08044243338361,0.8208579149237399,-0.39449993232659386
grok_oggi,Alexander the Great,t,lettera,3712,16.158717326866075,0.8678408648574815,-0.29656568917895
grok_oggi,Alexander the Great,r,lettera,3479,17.243243243243242,0.8326595426750086,-0.3307430187394282
grok_oggi,Alexander the Great,s,lettera,3302,18.145107543168738,0.9553164406694646,-0.0971105593705145
grok_oggi,Alexander the Great,o,lettera,3025,19.835978835978835,0.9122841161194255,-0.26955132683142063
grok_oggi,Alexander the Great,d,lettera,2230,26.90937640197398,0.8664984771161002,-0.2520812774779614
grok_oggi,Alexander the Great,l,lettera,2115,28.37038789025544,0.9321489460226475,-0.09680020146920346
grok_oggi,Alexander the Great,h,lettera,1844,32.49050461204558,0.9871335245109998,-0.19195171757767523
grok_oggi,Alexander the Great,c,lettera,1780,33.69252388982574,0.8689815549201091,-0.25052976527871684
grok_oggi,Alexander the Great,p,lettera,1247,48.0577849117175,1.0148469226788057,0.018074683493374877
grok_oggi,Alexander the Great,u,lettera,1247,48.04494382022472,0.9259335759825268,-0.1765817478120172
grok_oggi,Alexander the Great,m,lettera,1232,48.67099918765231,0.9399145017055407,-0.10313541530215886
grok_oggi,Alexander the Great,g,lettera,1179,50.83870967741935,0.9409795860859506,-0.1188597687538229
grok_oggi,Alexander the Great,f,lettera,910,65.92959295929593,0.889523921557301,-0.13369491081732984
grok_oggi,Alexander the Great,y,lettera,737,81.1100543478261,0.9862961968490669,-0.20233791039960228
grok_oggi,Alexander the Great,b,lettera,649,92.16666666666667,1.032899160413476,-0.06192724701100859
grok_oggi,Alexander the Great,the,funzione,393,152.20663265306123,1.1953905467052113,-0.24783123058221254
grok_oggi,Alexander the Great,and,funzione,313,187.75,0.7258440482578836,-0.6743354928689943
grok_oggi,Alexander the Great,of,funzione,209,285.0144230769231,0.9503712572424398,-0.23422771722590943
grok_oggi,Alexander the Great,to,funzione,200,299.7437185929648,0.9838996564229134,-0.2995683907909231
grok_oggi,Alexander the Great,in,funzione,179,329.9269662921348,0.9874637777296381,-0.2068582451516941
grok_oggi,Alexander the Great,his,funzione,124,476.7317073170732,0.9945056788975332,-0.12061211360372656
grok_oggi,Alexander the Great,alexander,keyword,164,364.7484662576687,0.7455507686753671,-0.6348706319412608
grok_oggi,Alexander the Great,macedonian,keyword,79,738.2692307692307,1.0172703824503926,-0.2626714676675935
grok_oggi,Alexander the Great,bc,keyword,73,782.7777777777778,1.4269555597794112,-0.1131926940919812
grok_oggi,Alexander the Great,persian,keyword,73,808.5833333333334,1.4875582472499025,-0.2055732172095813
grok_oggi,Alexander the Great,alexander's,keyword,46,1286.0444444444445,1.143486410861002,-0.37754126534779614
grok_oggi,Alexander the Great,cavalry,keyword,47,1260.4782608695652,2.003718225777388,0.06372314108783836
grok_oggi,Alexander the Great,greek,keyword,48,1238.5531914893618,1.8246192929066336,0.08493083483352572
grok_oggi,Alexander the Great,with,appaiata,85,707.3809523809524,0.822730305747331,-0.44144539630131574
grok_oggi,Alexander the Great,by,appaiata,73,780.1527777777778,1.0298717571714497,-0.041504737865121336
grok_oggi,Alexander the Great,from,appaiata,78,695.6883116883117,0.9215096962806051,-0.23747239522730176
grok_oggi,Alexander the Great,as,appaiata,83,721.7439024390244,1.047804050692874,-0.09992932542239327
grok_oggi,Alexander the Great,he,appaiata,45,1336.6363636363637,1.0381343199438602,-0.1925638638851428
grok_oggi,Alexander the Great,on,appaiata,44,1358.139534883721,1.2054819500785807,0.2017620217949429
grok_oggi,Alexander the Great,while,appaiata,37,1523.1666666666667,0.6584163362926345,-0.7786604576104182
grok_oggi,Paris,vocali,vocali,18536,3.2369031561909902,0.576611738195283,-0.5388276902210322
grok_oggi,Paris,spazio,spazio,8358,7.177934665549839,0.47909827985042547,-0.9904465075718799
grok_oggi,Paris,e,lettera,5418,11.06996492523537,0.8876356691792902,-0.3017515450056137
grok_oggi,Paris,i,lettera,4560,13.159464794911164,0.8593774616452599,-0.30555239668286577
grok_oggi,Paris,n,lettera,4009,14.963572854291417,0.8305655762192656,-0.3760616877666929
grok_oggi,Paris,t,lettera,3925,15.287971457696228,0.8620770035345863,-0.337576523377367
grok_oggi,Paris,a,lettera,3870,15.505556991470664,0.840690980687753,-0.4280685817527349
grok_oggi,Paris,r,lettera,3559,16.860033726812816,0.8296370078620149,-0.370251090243448
grok_oggi,Paris,s,lettera,3292,18.22971741112124,0.9166905625495821,-0.18511442573203987
grok_oggi,Paris,o,lettera,3229,18.575898389095414,0.9098190023540761,-0.2701597927532842
grok_oggi,Paris,l,lettera,2109,28.442599620493358,0.919415362983955,-0.1386072082137346
grok_oggi,Paris,d,lettera,1842,32.574687669744705,0.8660081930414728,-0.24317883893579978
grok_oggi,Paris,c,lettera,1800,33.326292384658146,0.9727390922859875,-0.11867567186303875
grok_oggi,Paris,h,lettera,1528,39.27570399476097,0.9883411132447762,-0.16516922620260235
grok_oggi,Paris,u,lettera,1459,41.11934156378601,0.8832998040204034,-0.23679890032208564
grok_oggi,Paris,m,lettera,1301,46.13,0.9642217611463396,-0.04454435736196669
grok_oggi,Paris,p,lettera,1197,50.12290969899666,0.9905924955698213,0.02451263494120318
grok_oggi,Paris,g,lettera,1181,50.65338983050847,0.8919194657583812,-0.19409680698126902
grok_oggi,Paris,f,lettera,937,64.04166666666667,0.997849317469656,0.022900630806011152
grok_oggi,Paris,b,lettera,676,88.45185185185186,0.9788779355320743,-0.06430945694174263
grok_oggi,Paris,y,lettera,632,94.973058637084,0.9561746595152106,-0.20275507739926474
grok_oggi,Paris,the,funzione,424,141.7352245862884,1.0577284071171151,-0.30590070006712444
grok_oggi,Paris,and,funzione,307,195.31699346405227,0.7481052785239589,-0.6454258593812532
grok_oggi,Paris,in,funzione,203,294.6980198019802,0.990699225092715,-0.1972055539129909
grok_oggi,Paris,of,funzione,193,311.96875,1.0868971969276313,-0.08612251022153859
grok_oggi,Paris,to,funzione,161,372.04375,0.9725872259088224,-0.24527890909827804
grok_oggi,Paris,with,funzione,110,531.7339449541284,0.7967521574754175,-0.6362191961773246
grok_oggi,Paris,paris,keyword,116,520.0260869565218,0.6691353666993591,-0.7321269528241925
grok_oggi,Paris,urban,keyword,41,1417.525,0.8404505779995763,-0.24906948162631581
grok_oggi,Paris,population,keyword,30,2049.793103448276,1.1564546501963981,-0.011462854736620339
grok_oggi,Paris,city,keyword,35,1762.5882352941176,1.1576183880018263,-0.08730749361869607
grok_oggi,Paris,national,keyword,23,2283.7727272727275,1.2755651205230047,
grok_oggi,Paris,housing,keyword,21,2272.0,1.0945009646895596,
grok_oggi,Paris,french,keyword,20,2735.6315789473683,0.9499454337598517,
grok_oggi,Paris,by,appaiata,97,601.03125,0.9241853737985559,-0.098476266969566
grok_oggi,Paris,like,appaiata,39,1509.4736842105262,1.0623996718542599,-0.2831405547219756
grok_oggi,Paris,that,appaiata,31,1860.3,1.0144931081673412,0.07508365785411482
grok_oggi,Paris,its,appaiata,26,2317.84,0.7782984914487686,-0.21558788327993694
grok_oggi,Paris,such,appaiata,23,2589.590909090909,1.114129473160351,
grok_oggi,Paris,but,appaiata,21,2898.15,0.7563252380972981,
grok_oggi,Paris,th,appaiata,28,2022.2222222222222,1.4722313478095304,0.7488868868152846
grok_oggi,Beijing,vocali,vocali,18425,3.2565132435953106,0.5642909355120765,-0.5437351344792031
grok_oggi,Beijing,spazio,spazio,8240,7.281344823400898,0.4697443897847431,-1.035591619320416
grok_oggi,Beijing,e,lettera,5334,11.244515282205137,0.8997434278319614,-0.2987684945939173
grok_oggi,Beijing,i,lettera,4742,12.65492512128243,0.8728772485781829,-0.3690211400556495
grok_oggi,Beijing,t,lettera,4140,14.48079246194733,0.8519501375391446,-0.3500045409892541
grok_oggi,Beijing,n,lettera,4090,14.670335045243336,0.8498541505971257,-0.3817997498895135
grok_oggi,Beijing,a,lettera,3755,15.971497069792221,0.8678261031018292,-0.3959626062869759
grok_oggi,Beijing,r,lettera,3333,17.987094837935174,0.8618762746572192,-0.32393963047885715
grok_oggi,Beijing,s,lettera,3218,18.638793907367113,0.9447978269342722,-0.15314420023528857
grok_oggi,Beijing,o,lettera,3174,18.902300661834225,0.8756933426364994,-0.3142174922764694
grok_oggi,Beijing,c,lettera,2043,29.34769833496572,1.001133547176097,-0.1687203191883672
grok_oggi,Beijing,l,lettera,2018,29.72384729796728,1.0310261023976062,0.02700640918227435
grok_oggi,Beijing,d,lettera,1792,33.4142936906756,0.9326439559048025,-0.16119077348087693
grok_oggi,Beijing,h,lettera,1620,37.03397158739963,0.9877716704034682,-0.15047962632403847
grok_oggi,Beijing,u,lettera,1420,42.17054263565891,0.981044533542813,-0.1962014017303275
grok_oggi,Beijing,g,lettera,1320,45.43821076573162,0.8675162979208599,-0.2045046617092027
grok_oggi,Beijing,m,lettera,1283,46.72464898595944,0.937534145426813,-0.0897125113547543
grok_oggi,Beijing,p,lettera,1248,48.05773857257418,1.0145984827002892,0.0317631242289227
grok_oggi,Beijing,f,lettera,844,71.13285883748517,1.0037535130045716,0.0014447707675774668
grok_oggi,Beijing,y,lettera,761,78.88815789473684,0.9808145776115036,-0.1533056772654993
grok_oggi,Beijing,b,lettera,671,89.4089552238806,0.9322178044798132,-0.19365847047615795
grok_oggi,Beijing,the,funzione,391,153.62307692307692,1.3600515773031394,-0.2694184774167246
grok_oggi,Beijing,and,funzione,296,202.464406779661,0.938683361520062,-0.5323097645805367
grok_oggi,Beijing,in,funzione,214,279.21596244131456,0.9399148514286383,-0.30808666711691973
grok_oggi,Beijing,of,funzione,173,348.3255813953488,1.0254611308266655,-0.09804625905671703
grok_oggi,Beijing,to,funzione,174,337.6994219653179,1.0164165733166988,-0.14669058359884657
grok_oggi,Beijing,with,funzione,121,496.675,0.7803508904506092,-0.585157345155328
grok_oggi,Beijing,beijing,keyword,121,494.65,0.7798983447611639,-0.4653490756566545
grok_oggi,Beijing,national,keyword,42,1433.1707317073171,1.1564612537487335,0.024942612137470163
grok_oggi,Beijing,beijing's,keyword,41,1268.75,0.898732655853067,-0.37967782084786517
grok_oggi,Beijing,capital,keyword,29,2118.785714285714,1.6633799222869605,0.46861636890260727
grok_oggi,Beijing,state,keyword,36,1643.942857142857,1.2890851552361866,0.16001851927037256
grok_oggi,Beijing,city,keyword,37,1596.638888888889,1.4550190859441092,0.34202145463567274
grok_oggi,Beijing,central,keyword,24,2341.391304347826,1.4720397382515313,
grok_oggi,Beijing,by,appaiata,83,721.390243902439,1.0765356046922345,0.02453949163516405
grok_oggi,Beijing,like,appaiata,41,1431.125,0.9603379256208362,-0.3864231050102255
grok_oggi,Beijing,under,appaiata,38,1586.972972972973,0.8238949526627567,-0.17317052873914826
grok_oggi,Beijing,but,appaiata,30,1654.4827586206898,1.003920837828166,-0.27623263702444745
grok_oggi,Beijing,this,appaiata,28,2009.5555555555557,0.7506404057994367,-0.6583155384379407
grok_oggi,Beijing,at,appaiata,27,2250.0,1.2229973525909386,-0.03279008533686506
grok_oggi,Beijing,it,appaiata,24,2575.7391304347825,1.9520670297293683,
grok_oggi,Isaac Newton,vocali,vocali,18964,3.163950851658493,0.5189948223478452,-0.6029061016238926
grok_oggi,Isaac Newton,spazio,spazio,8348,7.187372708757637,0.4896546638550224,-0.9737752293334258
grok_oggi,Isaac Newton,e,lettera,5523,10.860376675117712,0.8564727755126299,-0.3282296752309145
grok_oggi,Isaac Newton,i,lettera,4667,12.852336048006858,0.8778803585183935,-0.3241509932622168
grok_oggi,Isaac Newton,t,lettera,4336,13.835755478662053,0.8264370027526118,-0.389179826421968
grok_oggi,Isaac Newton,n,lettera,3939,15.23463687150838,0.8602329782720904,-0.36991763263576827
grok_oggi,Isaac Newton,a,lettera,3793,15.816191983122362,0.8932888430528247,-0.3375189102170727
grok_oggi,Isaac Newton,o,lettera,3609,16.62749445676275,0.876944551526629,-0.25787384289290255
grok_oggi,Isaac Newton,r,lettera,3275,18.310934636530238,0.8408339841008123,-0.32166864773022275
grok_oggi,Isaac Newton,s,lettera,3275,18.31887599266952,0.9119905052463123,-0.19271219866388375
grok_oggi,Isaac Newton,l,lettera,2168,27.675588371019842,0.9463463976574946,-0.0840012742641461
grok_oggi,Isaac Newton,c,lettera,1988,30.16809260191243,0.9218382408896407,-0.19552058369076208
grok_oggi,Isaac Newton,h,lettera,1958,30.63771078180889,0.9514758817784685,-0.22770326339051103
grok_oggi,Isaac Newton,d,lettera,1820,32.94502473886751,0.9064758355946203,-0.18468448301365106
grok_oggi,Isaac Newton,u,lettera,1372,43.59810357403355,1.006989715784931,-0.11123760695742449
grok_oggi,Isaac Newton,m,lettera,1310,45.790679908326965,0.9139968972167494,-0.15400607189573975
grok_oggi,Isaac Newton,p,lettera,1264,47.3950910530483,0.9820878562226235,-0.021362304522835416
grok_oggi,Isaac Newton,g,lettera,1036,57.854106280193236,0.929785829264895,-0.1114494905446284
grok_oggi,Isaac Newton,f,lettera,945,63.47351694915254,0.9573011833398343,-0.07388241255976137
grok_oggi,Isaac Newton,y,lettera,697,86.03017241379311,0.9435452310437382,-0.19018109336896658
grok_oggi,Isaac Newton,w,lettera,649,92.31018518518519,0.9032954327356628,-0.22621600551047455
grok_oggi,Isaac Newton,the,funzione,336,175.6179104477612,1.0969926150452023,-0.1900984825957674
grok_oggi,Isaac Newton,of,funzione,259,230.83333333333334,1.055895259329821,-0.3377167585169538
grok_oggi,Isaac Newton,and,funzione,259,232.15891472868216,0.8781496153948747,-0.49546888948416345
grok_oggi,Isaac Newton,in,funzione,186,322.3621621621622,0.8827414660775404,-0.3135333113348426
grok_oggi,Isaac Newton,to,funzione,185,322.20108695652175,0.9399581312204659,-0.232074316393226
grok_oggi,Isaac Newton,his,funzione,127,470.58730158730157,1.1866449836801798,-0.09266795674478902
grok_oggi,Isaac Newton,newton,keyword,149,404.0472972972973,0.624763584022672,-0.8141256390564239
grok_oggi,Isaac Newton,newton's,keyword,46,1301.1777777777777,0.94870698215305,-0.35909573460977295
grok_oggi,Isaac Newton,motion,keyword,27,1340.1923076923076,1.5033800838864473,0.07151623218399328
grok_oggi,Isaac Newton,space,keyword,21,325.65,1.0528707615266213,
grok_oggi,Isaac Newton,royal,keyword,20,3039.5263157894738,1.4168049921008834,
grok_oggi,Isaac Newton,principia,keyword,18,3445.294117647059,1.1873067010040788,
grok_oggi,Isaac Newton,laws,keyword,18,3228.294117647059,1.3697326325751775,
grok_oggi,Isaac Newton,as,appaiata,123,488.9344262295082,0.9510879538657976,-0.3237729474045979
grok_oggi,Isaac Newton,on,appaiata,46,1260.5555555555557,1.0082465432457175,-0.1251637437563185
grok_oggi,Isaac Newton,like,appaiata,29,1936.642857142857,0.8941913131752198,-0.20411281576081158
grok_oggi,Isaac Newton,rather,appaiata,21,2711.4,0.6070406612948392,
grok_oggi,Isaac Newton,an,appaiata,20,2917.7368421052633,1.0558903673635194,
grok_oggi,Isaac Newton,though,appaiata,19,3127.222222222222,0.7628390501202751,
grok_oggi,Isaac Newton,absolute,appaiata,17,1539.125,2.9064933476406147,
grok_oggi,Albert Einstein,vocali,vocali,18541,3.2361380798274,0.5748158950484554,-0.5279449725230617
grok_oggi,Albert Einstein,spazio,spazio,8712,6.886235793823901,0.49593212670953324,-0.9465573404695491
grok_oggi,Albert Einstein,e,lettera,6037,9.938369781312128,0.8639598411493675,-0.3427628360707363
grok_oggi,Albert Einstein,i,lettera,4627,12.96800691742326,0.8524418767061772,-0.3567160991980294
grok_oggi,Albert Einstein,t,lettera,4196,14.295113230035756,0.8534369213226893,-0.32847163947265173
grok_oggi,Albert Einstein,n,lettera,3847,15.596983879355173,0.8709403713415308,-0.3576291118678649
grok_oggi,Albert Einstein,a,lettera,3665,16.37227074235808,0.8704701881806418,-0.3841858268539728
grok_oggi,Albert Einstein,s,lettera,3335,17.9874025194961,0.9203274291265887,-0.16239498831094568
grok_oggi,Albert Einstein,r,lettera,3049,19.67782152230971,0.8285648065284369,-0.38308114185041264
grok_oggi,Albert Einstein,o,lettera,2941,20.38503401360544,0.9265190926410464,-0.2261567036069284
grok_oggi,Albert Einstein,l,lettera,1995,30.08826479438315,0.9274634649743514,-0.09945427082584511
grok_oggi,Albert Einstein,d,lettera,1950,30.730118009235504,0.9247754818812047,-0.19073594772518734
grok_oggi,Albert Einstein,h,lettera,1880,31.87599787120809,0.9212598099540419,-0.23022921622419495
grok_oggi,Albert Einstein,c,lettera,1796,33.412813370473536,0.9769637768485626,-0.13567501048492145
grok_oggi,Albert Einstein,m,lettera,1292,46.39891556932611,0.991998231118649,-0.050175253199812246
grok_oggi,Albert Einstein,u,lettera,1271,47.1015748031496,0.9680603351224217,-0.12372185745280967
grok_oggi,Albert Einstein,p,lettera,1131,53.00088495575221,1.0269055679498518,0.0577381706651931
grok_oggi,Albert Einstein,g,lettera,971,61.751546391752576,1.1139397505699198,0.010899630520282243
grok_oggi,Albert Einstein,f,lettera,943,63.56900212314225,1.0363296636003365,0.008210499065293054
grok_oggi,Albert Einstein,y,lettera,717,83.6536312849162,0.9846614936259711,-0.20712831054846303
grok_oggi,Albert Einstein,b,lettera,633,94.9003164556962,1.067600881438801,-0.008012553727921708
grok_oggi,Albert Einstein,the,funzione,321,186.753125,1.0494282302651963,-0.23347219846012277
grok_oggi,Albert Einstein,and,funzione,245,244.0983606557377,0.9602593282513413,-0.37497911055010896
grok_oggi,Albert Einstein,in,funzione,221,270.8818181818182,0.9154058803074009,-0.2740398049180991
grok_oggi,Albert Einstein,to,funzione,186,320.5405405405405,1.1099115563236135,-0.11800748906873702
grok_oggi,Albert Einstein,of,funzione,165,364.7987804878049,1.1168456507809588,-0.07156182389229372
grok_oggi,Albert Einstein,he,funzione,138,413.3430656934307,1.3689479853279602,-0.23337862114223243
grok_oggi,Albert Einstein,einstein,keyword,162,371.2360248447205,0.7640220805446999,-0.4876629537293585
grok_oggi,Albert Einstein,relativity,keyword,47,1285.6739130434783,1.7178147801890695,0.24834084683277155
grok_oggi,Albert Einstein,einstein's,keyword,32,1873.483870967742,1.12555089445765,0.06943305251578734
grok_oggi,Albert Einstein,theory,keyword,34,1799.060606060606,1.6655825717994766,0.022128455241881992
grok_oggi,Albert Einstein,quantum,keyword,30,2045.4137931034484,2.3183060356326664,0.33940296311160817
grok_oggi,Albert Einstein,light,keyword,27,2236.153846153846,2.0708651127812736,0.5279677323902452
grok_oggi,Albert Einstein,time,keyword,22,2498.8571428571427,1.4237105189994377,
grok_oggi,Albert Einstein,his,appaiata,122,490.94214876033055,1.3381348636128625,-0.005060773193219393
grok_oggi,Albert Einstein,that,appaiata,43,1279.3809523809523,1.1199001970427935,0.025505661108777593
grok_oggi,Albert Einstein,which,appaiata,28,2108.1111111111113,1.2796908317274596,0.0905135156981963
grok_oggi,Albert Einstein,this,appaiata,37,1439.4722222222222,1.1601874298894534,-0.08757514254838203
grok_oggi,Albert Einstein,like,appaiata,27,2259.1153846153848,1.2054892682978338,0.15718624566747133
grok_oggi,Albert Einstein,after,appaiata,23,2645.5,1.1247108883201493,
grok_oggi,Albert Einstein,but,appaiata,22,2576.6190476190477,1.0432509743049847,
grok_oggi,Napoleon,vocali,vocali,18731,3.20320341697811,0.5491072840695745,-0.565727579155244
grok_oggi,Napoleon,spazio,spazio,8679,6.912537451025582,0.4846838574177381,-1.0035947738332058
grok_oggi,Napoleon,e,lettera,5492,10.924968129666727,0.8559692917010899,-0.3222988258919216
grok_oggi,Napoleon,a,lettera,4201,14.278809523809525,0.8787277813067045,-0.3732069141855971
grok_oggi,Napoleon,i,lettera,4198,14.270907791279486,0.8996928105077092,-0.2684780713453416
grok_oggi,Napoleon,t,lettera,4069,14.743362831858407,0.8436777900579006,-0.32592855896359363
grok_oggi,Napoleon,n,lettera,3914,15.332992588806542,0.8224332290638522,-0.38856818884149663
grok_oggi,Napoleon,o,lettera,3524,17.029236446210614,0.8714466488970145,-0.3082550059646468
grok_oggi,Napoleon,r,lettera,3493,17.17497136311569,0.8132994225599369,-0.40232302137246273
grok_oggi,Napoleon,s,lettera,2941,20.398639455782313,0.975114856705915,-0.07373809960412023
grok_oggi,Napoleon,l,lettera,2012,29.80507210343113,0.9604275393312515,-0.06564643071031731
grok_oggi,Napoleon,d,lettera,1974,30.358337557019766,0.9143712820731862,-0.19143607733890575
grok_oggi,Napoleon,c,lettera,1871,32.054010695187166,0.9134774612559436,-0.1824549352804804
grok_oggi,Napoleon,h,lettera,1704,35.18438050499119,0.9369319738307871,-0.23925514924226116
grok_oggi,Napoleon,u,lettera,1316,45.598479087452475,0.8734254112842239,-0.2719248233196079
grok_oggi,Napoleon,p,lettera,1279,46.92253521126761,1.0107913508531203,0.016946826655255015
grok_oggi,Napoleon,m,lettera,1118,53.603401969561325,1.0196170009226635,-0.029884204731092035
grok_oggi,Napoleon,f,lettera,1074,55.835041938490214,0.9886163115847165,-0.04309614250965148
grok_oggi,Napoleon,g,lettera,1004,59.758723828514455,0.8815098741194493,-0.21667446299694992
grok_oggi,Napoleon,b,lettera,802,74.6729088639201,0.912442075072576,-0.21036053573244876
grok_oggi,Napoleon,y,lettera,770,77.93888166449935,0.9084084235107133,-0.25466846390395326
grok_oggi,Napoleon,the,funzione,533,112.51503759398496,0.9617057314291556,-0.40627974343106577
grok_oggi,Napoleon,and,funzione,292,205.27147766323023,0.8715198877580209,-0.3776586237515963
grok_oggi,Napoleon,of,funzione,259,230.51162790697674,0.9488094846954849,-0.19664491797581188
grok_oggi,Napoleon,to,funzione,225,265.2455357142857,0.9502361703967834,-0.2380992200384554
grok_oggi,Napoleon,in,funzione,215,278.77570093457945,1.0976935500726246,-0.17667015824658483
grok_oggi,Napoleon,on,funzione,108,535.2897196261682,0.9356859087962467,-0.27021407678760234
grok_oggi,Napoleon,bonaparte,keyword,117,496.4396551724138,1.0918587335224967,-0.37254960824138406
grok_oggi,Napoleon,french,keyword,78,747.974025974026,1.1238712724508955,-0.12412733403612182
grok_oggi,Napoleon,napoleon,keyword,48,1263.936170212766,1.120235816664394,-0.01500906301612825
grok_oggi,Napoleon,france,keyword,42,1380.341463414634,1.2396358529477616,0.1730249348368387
grok_oggi,Napoleon,bonaparte's,keyword,29,1561.0357142857142,0.7819661311549471,-0.12155637008561564
grok_oggi,Napoleon,military,keyword,27,2002.6153846153845,0.8620791656463446,-0.14028858030164434
grok_oggi,Napoleon,artillery,keyword,25,1210.25,1.396772242560707,
grok_oggi,Napoleon,with,appaiata,84,695.0963855421687,0.7797398713517026,-0.34643324718212
grok_oggi,Napoleon,by,appaiata,83,723.4756097560976,0.7100852206781826,-0.36152418579356477
grok_oggi,Napoleon,was,appaiata,43,1337.0,1.2306655609784611,0.1018890773854652
grok_oggi,Napoleon,an,appaiata,30,1973.0689655172414,0.7333198460112661,-0.24967526380171098
grok_oggi,Napoleon,while,appaiata,29,2052.5,0.9096409589333765,-0.5432258000036059
grok_oggi,Napoleon,that,appaiata,27,2000.3076923076924,0.9357219281424007,-0.06842291728121526
grok_oggi,Napoleon,army,appaiata,26,1661.68,0.7796499784643022,-0.22124343049123057
grok_oggi,Brazil,vocali,vocali,18563,3.2320870595840967,0.5938302193470232,-0.5474607006897706
grok_oggi,Brazil,spazio,spazio,8232,7.28769286842425,0.4711462601478406,-1.0431467608159406
grok_oggi,Brazil,e,lettera,5259,11.404146063141878,0.9011399862952082,-0.282262780645322
grok_oggi,Brazil,i,lettera,4433,13.523240072202166,0.8917891300958662,-0.2979999426828311
grok_oggi,Brazil,a,lettera,4040,14.853676652636791,0.8767946560638455,-0.3660355591577645
grok_oggi,Brazil,t,lettera,3885,15.438465499485067,0.8889133999678799,-0.29887141668763045
grok_oggi,Brazil,n,lettera,3858,15.52994555353902,0.8329296591234354,-0.3742731286847869
grok_oggi,Brazil,r,lettera,3489,17.19552752293578,0.8134660146565527,-0.34215562885636513
grok_oggi,Brazil,o,lettera,3434,17.467812408971746,0.8804626653801427,-0.2954366634488237
grok_oggi,Brazil,s,lettera,3163,18.961100569259962,0.9509337250380958,-0.11255881495899028
grok_oggi,Brazil,l,lettera,2246,26.72293986636971,0.9429537373674038,-0.06479311874304203
grok_oggi,Brazil,d,lettera,2015,29.74826216484608,0.8856881293448928,-0.22442418330696465
grok_oggi,Brazil,c,lettera,1853,32.32829373650108,0.9232143081298914,-0.2065282941129299
grok_oggi,Brazil,u,lettera,1397,42.96776504297994,0.9657640975433083,-0.17809246638151158
grok_oggi,Brazil,h,lettera,1307,45.86676875957121,0.9879424556783785,-0.11123097543552059
grok_oggi,Brazil,p,lettera,1269,47.25867507886435,1.0153947760969377,0.0006833747546186506
grok_oggi,Brazil,m,lettera,1211,49.48512396694215,0.9332187990147662,-0.11051398999722314
grok_oggi,Brazil,g,lettera,1130,52.90434012400355,0.9294724072524051,-0.12847644044815607
grok_oggi,Brazil,f,lettera,913,65.63486842105263,1.0140859022359736,0.015113838963278552
grok_oggi,Brazil,b,lettera,795,75.3942065491184,0.9490892170203729,-0.1666906390452954
grok_oggi,Brazil,y,lettera,639,93.98275862068965,1.006520799989664,-0.25094850706844507
grok_oggi,Brazil,the,funzione,361,166.39444444444445,1.0471507121211199,-0.2971686009784943
grok_oggi,Brazil,and,funzione,297,202.11486486486487,0.8003928762391024,-0.5750415855639431
grok_oggi,Brazil,in,funzione,220,272.71232876712327,1.167565105459571,-0.197679866549012
grok_oggi,Brazil,of,funzione,183,327.47802197802196,0.9679065048676284,-0.13887749138440386
grok_oggi,Brazil,to,funzione,169,348.0357142857143,0.8712916138633118,-0.28835664803193334
grok_oggi,Brazil,by,funzione,123,488.24590163934425,0.7827604826003746,-0.3730248956274285
grok_oggi,Brazil,brazil,keyword,63,951.0645161290323,1.3197040023391178,-0.0776075648978919
grok_oggi,Brazil,brazil's,keyword,27,2197.0384615384614,0.9527670526138569,-0.048082636530565055
grok_oggi,Brazil,brazilian,keyword,24,2367.304347826087,1.2730871501911454,
grok_oggi,Brazil,economic,keyword,20,2944.684210526316,0.8802278153430291,
grok_oggi,Brazil,fiscal,keyword,20,1626.3157894736842,1.1605982856706651,
grok_oggi,Brazil,portuguese,keyword,18,1075.5294117647059,1.1400496780848681,
grok_oggi,Brazil,gdp,keyword,18,3421.0,1.708716235164701,
grok_oggi,Brazil,that,appaiata,35,1583.9117647058824,0.823227658054906,-0.47329924646906507
grok_oggi,Brazil,but,appaiata,27,2159.730769230769,0.8363790331189493,-0.30853377519644787
grok_oggi,Brazil,under,appaiata,23,2620.7272727272725,1.2066013614249393,
grok_oggi,Brazil,at,appaiata,21,2936.5,0.8980681522740491,
grok_oggi,Brazil,while,appaiata,21,2628.25,0.7071279982112822,
grok_oggi,Brazil,his,appaiata,18,1797.1176470588234,1.4122037451095357,
grok_oggi,Brazil,growth,appaiata,17,2092.1875,1.183356581767349,
grok_oggi,Artificial intelligence,vocali,vocali,18954,3.1655674563393656,0.5661032088369984,-0.5428764761393666
grok_oggi,Artificial intelligence,spazio,spazio,7825,7.666538854805726,0.5043270353183471,-0.9827230612614384
grok_oggi,Artificial intelligence,e,lettera,5314,11.28891398456616,0.8750175146553496,-0.2998042228604929
grok_oggi,Artificial intelligence,i,lettera,4706,12.751115834218917,0.9038553541199277,-0.29840766057118323
grok_oggi,Artificial intelligence,a,lettera,4355,13.773771244832338,0.8331270920994043,-0.4374984698964798
grok_oggi,Artificial intelligence,n,lettera,4021,14.921890547263681,0.8675905095073437,-0.33136665257329173
grok_oggi,Artificial intelligence,t,lettera,3870,15.504781597311966,0.8883531326579397,-0.2813194472140395
grok_oggi,Artificial intelligence,s,lettera,3423,17.519871420222092,0.9497760665848263,-0.08208714228681448
grok_oggi,Artificial intelligence,r,lettera,3335,17.99250149970006,0.8530674637913566,-0.3213505131664779
grok_oggi,Artificial intelligence,o,lettera,3206,18.705772230889234,0.8488689696990656,-0.32381836557037896
grok_oggi,Artificial intelligence,l,lettera,2287,26.22965879265092,0.9398188400942361,-0.09048353929373368
grok_oggi,Artificial intelligence,c,lettera,2046,29.33398533007335,0.9262152622254445,-0.23726046205864193
grok_oggi,Artificial intelligence,d,lettera,1940,30.909231562661166,0.9595464929203558,-0.1560465768740232
grok_oggi,Artificial intelligence,m,lettera,1465,40.94808743169399,0.9361718378976784,-0.17529238367210767
grok_oggi,Artificial intelligence,p,lettera,1386,43.26859205776173,0.9463709522851148,-0.1025913460683643
grok_oggi,Artificial intelligence,g,lettera,1379,43.52757619738752,0.9307822158082978,-0.18024059340694476
grok_oggi,Artificial intelligence,u,lettera,1373,43.66253644314869,1.0107568848909787,-0.17164707442718394
grok_oggi,Artificial intelligence,h,lettera,1268,47.232833464877665,0.977368945962281,-0.1363607128812749
grok_oggi,Artificial intelligence,f,lettera,864,69.44611819235226,0.9298393566641561,-0.06227270652752465
grok_oggi,Artificial intelligence,y,lettera,673,88.57589285714286,1.031138859000592,-0.11736638458202407
grok_oggi,Artificial intelligence,b,lettera,630,95.24483306836248,1.0095677197450192,-0.07124783309656614
grok_oggi,Artificial intelligence,and,funzione,288,207.9616724738676,0.8681168411790066,-0.5530533975027834
grok_oggi,Artificial intelligence,in,funzione,220,270.27853881278537,0.9173964435519559,-0.4054830513651273
grok_oggi,Artificial intelligence,to,funzione,167,355.76506024096386,0.8696334457324442,-0.29177881930166294
grok_oggi,Artificial intelligence,for,funzione,117,511.9741379310345,0.9906021928104884,-0.17521272353018852
grok_oggi,Artificial intelligence,the,funzione,111,541.1727272727272,1.486842865351704,0.20582075342985426
grok_oggi,Artificial intelligence,by,funzione,91,657.6555555555556,0.9297092675867644,-0.09104615572835854
grok_oggi,Artificial intelligence,ai,keyword,127,474.92857142857144,1.4694924008628745,-0.010445509830966565
grok_oggi,Artificial intelligence,learning,keyword,63,914.7741935483871,0.9854091635516548,-0.06951175598497801
grok_oggi,Artificial intelligence,data,keyword,61,962.7333333333333,1.025093226866806,-0.11689922051953502
grok_oggi,Artificial intelligence,systems,keyword,51,1170.48,1.003062162083413,-0.015618474772921677
grok_oggi,Artificial intelligence,models,keyword,43,1296.642857142857,0.853440096732047,-0.15808590249350393
grok_oggi,Artificial intelligence,intelligence,keyword,38,1516.972972972973,1.1356472070442303,0.1682815014832536
grok_oggi,Artificial intelligence,human,keyword,44,1310.2558139534883,1.0794163092244629,-0.08257833750236585
grok_oggi,Artificial intelligence,of,appaiata,85,705.4880952380952,1.181406859343932,0.09059503567440368
grok_oggi,Artificial intelligence,from,appaiata,63,955.016129032258,0.9043471140952658,-0.2905728147388386
grok_oggi,Artificial intelligence,like,appaiata,63,929.6129032258065,0.9940625158005133,-0.25042823896921823
grok_oggi,Artificial intelligence,or,appaiata,57,1036.732142857143,1.2080945515090902,-0.0964000726284226
grok_oggi,Artificial intelligence,such,appaiata,38,1525.837837837838,0.6334759427015767,-0.723366494179796
grok_oggi,Artificial intelligence,these,appaiata,30,1879.551724137931,0.5938362452191009,-0.8140659483432817
grok_oggi,Artificial intelligence,via,appaiata,29,1970.25,1.024744320319369,-0.17550903230922602
grok_oggi,Olympic Games,vocali,vocali,18593,3.226764199655766,0.5417148104181312,-0.5597808019528615
grok_oggi,Olympic Games,spazio,spazio,8391,7.150774731823599,0.47490247378327155,-1.01521094603178
grok_oggi,Olympic Games,e,lettera,5492,10.923329083955563,0.8687307238889673,-0.2752774292072964
grok_oggi,Olympic Games,i,lettera,4587,13.079808111644134,0.8544800908449339,-0.3249833803385156
grok_oggi,Olympic Games,t,lettera,4249,14.120998116760829,0.8386687006000716,-0.34094019474595877
grok_oggi,Olympic Games,n,lettera,3932,15.256168913762401,0.8305998635091145,-0.3541825680060174
grok_oggi,Olympic Games,a,lettera,3740,16.03744316662209,0.8593396293256352,-0.4076858071280806
grok_oggi,Olympic Games,o,lettera,3521,17.042613636363637,0.8684203292759393,-0.3002986287459615
grok_oggi,Olympic Games,s,lettera,3260,18.40441853329242,0.9232491634901787,-0.1618541813380661
grok_oggi,Olympic Games,r,lettera,3122,19.218199295097726,0.8753616395702882,-0.31845730727265426
grok_oggi,Olympic Games,l,lettera,2156,27.814849187935035,0.9554375916483304,-0.06335817694066152
grok_oggi,Olympic Games,c,lettera,2026,29.5758024691358,0.8899388950813637,-0.23985639106608977
grok_oggi,Olympic Games,d,lettera,1851,32.39351351351351,0.9241780449849912,-0.15147898787828754
grok_oggi,Olympic Games,h,lettera,1567,38.30395913154534,0.9716478665976732,-0.2225279596808634
grok_oggi,Olympic Games,m,lettera,1460,41.08841672378341,0.9694953787240662,-0.030683621649773625
grok_oggi,Olympic Games,g,lettera,1309,45.850152905198776,0.9536323261548219,-0.18619782440778174
grok_oggi,Olympic Games,p,lettera,1284,46.71083398285269,0.9145101726067404,-0.0987993953899735
grok_oggi,Olympic Games,u,lettera,1253,47.86022364217252,0.9618683127757665,-0.17339666669189013
grok_oggi,Olympic Games,f,lettera,874,68.61512027491409,0.93138068120653,-0.14928803171281366
grok_oggi,Olympic Games,y,lettera,743,80.76684636118598,1.0183103078207363,-0.18227002117925123
grok_oggi,Olympic Games,v,lettera,599,100.23076923076923,0.985752691143652,-0.08778961105848655
grok_oggi,Olympic Games,the,funzione,472,125.7791932059448,1.1254655162907008,-0.3131868678426751
grok_oggi,Olympic Games,and,funzione,309,194.37337662337663,0.7459997119972305,-0.5778720314524866
grok_oggi,Olympic Games,in,funzione,191,303.4578947368421,0.9286397028448303,-0.17306979145815468
grok_oggi,Olympic Games,to,funzione,176,333.66285714285715,0.8429566833181832,-0.44950382236030206
grok_oggi,Olympic Games,of,funzione,136,439.56296296296296,1.0965200914947297,-0.11263906168023373
grok_oggi,Olympic Games,with,funzione,100,588.929292929293,0.8075377466229291,-0.5230694838356527
grok_oggi,Olympic Games,games,keyword,103,580.843137254902,0.9608884246889227,-0.30559968662366027
grok_oggi,Olympic Games,olympic,keyword,101,596.8,1.1303869586656574,-0.10345441832691862
grok_oggi,Olympic Games,ioc,keyword,83,715.0975609756098,2.5845273738452432,-0.4054820646916122
grok_oggi,Olympic Games,international,keyword,39,1547.8947368421052,1.5921238190604814,0.09279690207252245
grok_oggi,Olympic Games,events,keyword,39,1486.921052631579,1.1497434437729652,0.004355451908835711
grok_oggi,Olympic Games,sports,keyword,36,1693.7428571428572,1.585127515974848,0.05952205759646483
grok_oggi,Olympic Games,host,keyword,38,1554.3243243243244,1.4560806429258373,0.392604271619966
grok_oggi,Olympic Games,from,appaiata,98,612.0103092783505,1.0286013863384078,-0.1132636183685927
grok_oggi,Olympic Games,for,appaiata,96,621.7578947368421,1.2026441072554106,-0.0981668657016758
grok_oggi,Olympic Games,by,appaiata,76,774.2533333333333,1.0236140270534175,-0.02495304376671687
grok_oggi,Olympic Games,at,appaiata,39,1505.657894736842,0.9140584037809384,-0.1549952589821017
grok_oggi,Olympic Games,like,appaiata,40,1464.6923076923076,0.8418379829054161,-0.28253671365604166
grok_oggi,Olympic Games,or,appaiata,36,1644.5142857142857,1.553964945801452,0.19151696696243378
grok_oggi,Olympic Games,such,appaiata,29,2031.357142857143,1.0783181648426758,-0.263763917241769
grok_oggi,World War II,vocali,vocali,18367,3.2666884460415986,0.6048948615602355,-0.5051839056625347
grok_oggi,World War II,spazio,spazio,8350,7.1857707509881426,0.4536428276231144,-1.0824987890662618
grok_oggi,World War II,e,lettera,5272,11.378675773098085,0.872579507704776,-0.3164864315553215
grok_oggi,World War II,i,lettera,4322,13.879888914603102,0.9091330036192453,-0.26531736896870767
grok_oggi,World War II,a,lettera,4279,14.015427769985974,0.8937405913981046,-0.32126845825885664
grok_oggi,World War II,n,lettera,3816,15.705111402359108,0.8720371414888238,-0.3396709466335554
grok_oggi,World War II,t,lettera,3633,16.513491189427313,0.8849210553281729,-0.2851909754963937
grok_oggi,World War II,r,lettera,3431,17.462973760932943,0.8816907744572223,-0.28830267949571026
grok_oggi,World War II,s,lettera,3231,18.5656346749226,0.8922431652839705,-0.14865339098941757
grok_oggi,World War II,o,lettera,3163,18.97248576850095,0.9152307663487095,-0.25752424779886895
grok_oggi,World War II,l,lettera,2144,27.986934204386372,0.9900282908580759,0.0042601985206332845
grok_oggi,World War II,d,lettera,2101,28.564285714285713,0.8751538622835404,-0.20519461002145442
grok_oggi,World War II,c,lettera,1568,38.19719208679005,0.9689697686929194,-0.10651029630073323
grok_oggi,World War II,h,lettera,1331,45.04436090225564,0.9855630830369823,-0.1549986127102547
grok_oggi,World War II,u,lettera,1331,45.01954887218045,0.980053199389525,-0.20789009678065035
grok_oggi,World War II,m,lettera,1256,47.79043824701195,0.9812797870039883,-0.08590402194953324
grok_oggi,World War II,p,lettera,1245,48.12540192926045,0.9837929949602332,-0.02196003131228682
grok_oggi,World War II,g,lettera,1148,52.21970357454229,0.9038995773629351,-0.1332446693832767
grok_oggi,World War II,f,lettera,1027,58.37426900584796,0.9898793566354357,0.03006576066135872
grok_oggi,World War II,b,lettera,699,85.68624641833811,1.02481772546839,0.014547690811202491
grok_oggi,World War II,y,lettera,653,91.68098159509202,1.0374335940633514,-0.1656869960689107
grok_oggi,World War II,the,funzione,362,164.792243767313,0.9882603206587817,-0.33405022167193443
grok_oggi,World War II,and,funzione,353,168.33238636363637,0.7242988893373882,-0.6165088885514114
grok_oggi,World War II,in,funzione,162,360.2298136645963,1.140170749212324,-0.16949135663279616
grok_oggi,World War II,to,funzione,151,394.18666666666667,0.9803007440525425,-0.163479575526436
grok_oggi,World War II,of,funzione,149,403.4864864864865,1.0965655334014148,-0.09883302990895798
grok_oggi,World War II,on,funzione,107,550.1415094339623,1.0133252742737258,-0.010249035060427892
grok_oggi,World War II,soviet,keyword,51,1152.54,1.5826999091701028,0.23938217466372344
grok_oggi,World War II,allied,keyword,49,1146.1666666666667,1.9057821269116153,0.05819281046423051
grok_oggi,World War II,german,keyword,50,1147.591836734694,1.4476125234373218,0.21644828797089674
grok_oggi,World War II,forces,keyword,38,1028.7027027027027,1.0230834934019555,-0.16670393479060544
grok_oggi,World War II,million,keyword,35,1658.4705882352941,1.09664936704573,0.16765725158423958
grok_oggi,World War II,germany,keyword,44,1294.7674418604652,1.498776080374843,0.10681128889560254
grok_oggi,World War II,june,keyword,30,1856.2068965517242,1.1313319839489104,0.21470735541265892
grok_oggi,World War II,as,appaiata,48,1210.4255319148936,1.1400471267255807,0.1742016308754049
grok_oggi,World War II,war,appaiata,58,1017.9473684210526,1.2080383051845407,0.16148477008246287
grok_oggi,World War II,over,appaiata,41,1398.025,1.1136945408830285,-0.07992330905754645
grok_oggi,World War II,but,appaiata,28,2058.8518518518517,0.8256455047928709,-0.2274576696718239
grok_oggi,World War II,that,appaiata,28,2214.6296296296296,0.996905709116425,-0.009428853061653107
grok_oggi,World War II,at,appaiata,26,2315.4,1.3342792041345568,0.5200791408112986
grok_oggi,World War II,troops,appaiata,26,1641.4,0.8296991978374797,-0.5532669418175544
grok_oggi,World War I,vocali,vocali,18513,3.240924805531547,0.570831829972196,-0.5248756051588979
grok_oggi,World War I,spazio,spazio,8545,7.021769662921348,0.4680705394629899,-1.0193703706331503
grok_oggi,World War I,e,lettera,5303,11.309883062995096,0.8880020291664029,-0.31033660054340273
grok_oggi,World War I,a,lettera,4398,13.6367978166932,0.8567031986475012,-0.41436827732401216
grok_oggi,World War I,i,lettera,4239,14.154554034922134,0.9235797048990448,-0.2739828422825217
grok_oggi,World War I,n,lettera,3981,15.057788944723619,0.8107646598516567,-0.3949361884683825
grok_oggi,World War I,t,lettera,3905,15.36014344262295,0.8768023948576857,-0.2914026432278239
grok_oggi,World War I,r,lettera,3604,16.648626144879266,0.8219966882562579,-0.3860052255091013
grok_oggi,World War I,s,lettera,3188,18.818010668340133,0.9663479837439368,-0.03866494470578428
grok_oggi,World War I,o,lettera,3071,19.535830618892508,0.9109043383088103,-0.24728802148569273
grok_oggi,World War I,l,lettera,2142,28.018682858477348,0.9771421944201563,-0.05636391981555265
grok_oggi,World War I,d,lettera,1992,30.105474635861377,0.9023167546382113,-0.16644452697419418
grok_oggi,World War I,u,lettera,1502,39.91005996002665,0.9560116678845483,-0.17724899387548326
grok_oggi,World War I,c,lettera,1497,40.07954545454545,0.9313959618805564,-0.17024354588069854
grok_oggi,World War I,h,lettera,1433,41.79399441340782,0.9375998421102409,-0.19030071312355046
grok_oggi,World War I,m,lettera,1290,46.48409619860357,1.0180819304811757,-0.011031405514942293
grok_oggi,World War I,g,lettera,1261,47.59126984126984,0.9214017442215044,-0.18135496983038088
grok_oggi,World War I,p,lettera,1048,57.17191977077364,1.0026274074685106,0.042834665685140244
grok_oggi,World War I,f,lettera,992,60.45005045408678,1.012944611710469,0.0269043188981506
grok_oggi,World War I,b,lettera,769,77.81770833333333,0.9981950624483839,-0.1256090796860107
grok_oggi,World War I,y,lettera,624,96.00802568218299,0.9835690571038505,-0.1583013560060471
grok_oggi,World War I,the,funzione,419,143.17942583732057,1.1529949169625966,-0.26958782966706174
grok_oggi,World War I,and,funzione,300,200.0735785953177,1.000074112148622,-0.4742847446964905
grok_oggi,World War I,to,funzione,199,301.5050505050505,0.917456004228461,-0.36633448604947627
grok_oggi,World War I,of,funzione,169,355.1190476190476,1.1855690930458602,-0.12433757976720126
grok_oggi,World War I,in,funzione,148,405.94557823129253,0.9625964540818592,-0.2409352399715028
grok_oggi,World War I,on,funzione,124,483.7886178861789,1.3112322244266454,0.11348684326261187
grok_oggi,World War I,german,keyword,76,788.7066666666667,1.5557976121170558,0.007111325242396953
grok_oggi,World War I,million,keyword,38,1596.3513513513512,1.7134295833861284,0.31950749630183256
grok_oggi,World War I,august,keyword,36,1409.2,1.500672910029064,0.4233699581812736
grok_oggi,World War I,austria-hungary,keyword,40,1379.820512820513,1.2859669165040561,0.2760948730178211
grok_oggi,World War I,russian,keyword,35,1740.1764705882354,1.5990419956727764,0.3273944413397711
grok_oggi,World War I,germany,keyword,44,1297.4418604651162,1.518963932877631,0.44410930861066217
grok_oggi,World War I,forces,keyword,32,1855.5483870967741,1.273939330848145,-0.4525225214150025
grok_oggi,World War I,with,appaiata,72,825.4366197183099,0.850913531807892,-0.47302823952318795
grok_oggi,World War I,against,appaiata,38,1569.2432432432433,0.7974203703512209,-0.24205813926047298
grok_oggi,World War I,under,appaiata,39,1404.0526315789473,0.8784542276015306,-0.18320695292829275
grok_oggi,World War I,but,appaiata,33,1681.5,0.8013735085917981,-0.3692184680751237
grok_oggi,World War I,which,appaiata,30,1989.2413793103449,1.131786694856274,-0.17560247937447715
grok_oggi,World War I,including,appaiata,29,1999.142857142857,0.9406449534543073,-0.2010958480648056
grok_oggi,World War I,at,appaiata,27,1498.923076923077,0.8969448011958454,-0.09833956273371522
grok_oggi,Hinduism,vocali,vocali,18768,3.1967282996749615,0.5329100760371404,-0.603800652747119
grok_oggi,Hinduism,spazio,spazio,8116,7.393099199014172,0.4666299540856176,-1.0230860737003509
grok_oggi,Hinduism,a,lettera,4853,12.35449299258038,0.9324616207907173,-0.281691115199796
grok_oggi,Hinduism,i,lettera,4808,12.477636779696276,0.8693919951683652,-0.39552206800939543
grok_oggi,Hinduism,e,lettera,4751,12.628842105263159,0.9314153661301039,-0.26138962508302815
grok_oggi,Hinduism,t,lettera,3930,15.265207431916519,0.8846787521048615,-0.34811245200803664
grok_oggi,Hinduism,n,lettera,3661,16.387431693989072,0.8398934909787595,-0.36191634708178466
grok_oggi,Hinduism,s,lettera,3517,17.0608646188851,0.9132238393819136,-0.19827075177932468
grok_oggi,Hinduism,r,lettera,3241,18.510185185185186,0.8546684791049841,-0.3479170300628432
grok_oggi,Hinduism,o,lettera,2951,20.327796610169493,0.9704468249315736,-0.18070893884663036
grok_oggi,Hinduism,d,lettera,2136,28.092271662763466,0.8782279858427177,-0.24181444128049445
grok_oggi,Hinduism,h,lettera,1978,30.333839150227618,1.014989263757704,-0.22574611797781854
grok_oggi,Hinduism,c,lettera,1936,31.003617571059433,0.9914462858795531,-0.11417843710889183
grok_oggi,Hinduism,l,lettera,1897,31.633966244725737,0.9833342098139093,-0.04846947230416801
grok_oggi,Hinduism,u,lettera,1405,42.7022792022792,0.922753049378339,-0.24004336737422763
grok_oggi,Hinduism,m,lettera,1400,42.817012151536815,0.993460461936449,-0.10189809481520061
grok_oggi,Hinduism,p,lettera,1146,52.34497816593886,0.9922502920783522,0.0085159136405137
grok_oggi,Hinduism,g,lettera,1014,58.954590325765054,0.9294759742909241,-0.1234517186307218
grok_oggi,Hinduism,y,lettera,821,73.06951219512194,0.9414059021569424,-0.15680222326222737
grok_oggi,Hinduism,v,lettera,783,76.43734015345268,1.0064930473963856,-0.08913059748585071
grok_oggi,Hinduism,f,lettera,742,80.6693657219973,0.9399270477130219,-0.04251058434076257
grok_oggi,Hinduism,and,funzione,329,182.3841463414634,0.8230858436602122,-0.47851806462030505
grok_oggi,Hinduism,the,funzione,317,189.76582278481013,1.0920264655228633,-0.1509134634787472
grok_oggi,Hinduism,to,funzione,169,355.7142857142857,0.8912717429487953,-0.3418611407268771
grok_oggi,Hinduism,in,funzione,152,389.41059602649005,1.0518448562863039,-0.16090149412253235
grok_oggi,Hinduism,as,funzione,138,436.56934306569343,0.9607006533208939,-0.1664234297636208
grok_oggi,Hinduism,of,funzione,134,445.0827067669173,1.102237599130435,-0.1180627806701828
grok_oggi,Hinduism,vedic,keyword,81,701.55,1.2930952011304662,0.03074371978435995
grok_oggi,Hinduism,bce,keyword,67,892.6969696969697,1.615843833764549,0.16744155780604333
grok_oggi,Hinduism,hindu,keyword,53,1076.923076923077,1.2671261332854997,0.08802930341843299
grok_oggi,Hinduism,texts,keyword,38,1573.027027027027,1.1435065341206485,-0.13318549591549195
grok_oggi,Hinduism,ce,keyword,35,1648.3235294117646,1.6420469540861635,0.06829963387637067
grok_oggi,Hinduism,dharma,keyword,31,1886.1333333333334,1.3827035552794071,0.47347183283126326
grok_oggi,Hinduism,century,keyword,24,2558.478260869565,1.4761680895306077,
grok_oggi,Hinduism,for,appaiata,71,824.3428571428572,1.0448833495267977,0.034417974802757004
grok_oggi,Hinduism,from,appaiata,71,847.2571428571429,0.8171263585175427,-0.3453011860426332
grok_oggi,Hinduism,or,appaiata,52,1119.3921568627452,2.3039032789495293,0.11321936790895022
grok_oggi,Hinduism,th,appaiata,38,1590.4054054054054,1.4866152443372629,0.6373494955645178
grok_oggi,Hinduism,over,appaiata,33,1828.875,0.9962893357021473,-0.04559521685997691
grok_oggi,Hinduism,this,appaiata,30,1934.1724137931035,1.382862304937521,-0.022731267130579373
grok_oggi,Hinduism,ritual,appaiata,24,2196.391304347826,0.8477766693410409,
grok_oggi,Adolf Hitler,vocali,vocali,18236,3.290156292843433,0.5677257436779236,-0.5479773090351219
grok_oggi,Adolf Hitler,spazio,spazio,8533,7.030825128926395,0.47549116364631483,-1.0145336374950271
grok_oggi,Adolf Hitler,e,lettera,5603,10.707425919314531,0.8592809639197545,-0.3341351832206897
grok_oggi,Adolf Hitler,i,lettera,4303,13.944444444444445,0.889003623444984,-0.31604255176277785
grok_oggi,Adolf Hitler,a,lettera,3937,15.238058943089431,0.8473634787542834,-0.39694962827818403
grok_oggi,Adolf Hitler,n,lettera,3812,15.729204933088429,0.8546803095545931,-0.3132858732525115
grok_oggi,Adolf Hitler,t,lettera,3770,15.914831520297161,0.8623607575032616,-0.32995042883504055
grok_oggi,Adolf Hitler,r,lettera,3584,16.741836449902316,0.849223593869258,-0.3658324809307664
grok_oggi,Adolf Hitler,s,lettera,3151,19.02857142857143,0.9495445113348382,-0.11387853276408298
grok_oggi,Adolf Hitler,o,lettera,3128,19.181963543332266,0.9332771916723708,-0.2062457254977357
grok_oggi,Adolf Hitler,l,lettera,2146,27.970163170163172,0.9293772676446443,-0.09272339207296545
grok_oggi,Adolf Hitler,d,lettera,2075,28.911282545805207,0.8895006746489479,-0.19382381833341764
grok_oggi,Adolf Hitler,h,lettera,1790,33.51257685858021,1.002585442896276,-0.1929734861787965
grok_oggi,Adolf Hitler,c,lettera,1644,36.469263542300666,0.9554773275593061,-0.15857923311143962
grok_oggi,Adolf Hitler,m,lettera,1380,43.40681653372009,0.9754543825881253,-0.07766652358221116
grok_oggi,Adolf Hitler,u,lettera,1265,47.33465189873418,0.977179396034187,-0.22197958350494457
grok_oggi,Adolf Hitler,p,lettera,1196,50.17405857740586,1.0194603725167686,0.07857192548504988
grok_oggi,Adolf Hitler,g,lettera,1118,53.6177260519248,0.9396926863810803,-0.13676124549035412
grok_oggi,Adolf Hitler,f,lettera,935,64.22483940042827,0.9371229253580002,-0.05351943621630837
grok_oggi,Adolf Hitler,b,lettera,734,81.61527967257844,1.0209253092124184,-0.008507900742452706
grok_oggi,Adolf Hitler,y,lettera,691,86.73333333333333,0.8902366126865483,-0.27458945684790953
grok_oggi,Adolf Hitler,the,funzione,390,153.89974293059126,0.951797702919747,-0.24764877845714747
grok_oggi,Adolf Hitler,and,funzione,333,179.87048192771084,0.8062352441522784,-0.5510953052059767
grok_oggi,Adolf Hitler,to,funzione,202,294.2587064676617,0.9652899295866623,-0.34152523946884683
grok_oggi,Adolf Hitler,in,funzione,175,342.31609195402297,1.2793802064279691,0.007668770763936261
grok_oggi,Adolf Hitler,of,funzione,161,372.61875,1.070509359075319,-0.19677622276701576
grok_oggi,Adolf Hitler,on,funzione,117,510.9655172413793,0.9573258965643416,-0.20741577340505057
grok_oggi,Adolf Hitler,hitler,keyword,109,549.9351851851852,1.2550395391488176,-0.3613806913627787
grok_oggi,Adolf Hitler,german,keyword,46,1310.5333333333333,1.053850960732611,0.06310658536573993
grok_oggi,Adolf Hitler,jews,keyword,37,1455.638888888889,2.057492182518279,0.38331471423779306
grok_oggi,Adolf Hitler,nazi,keyword,36,1574.5428571428572,1.5499008062303792,0.022385563768579215
grok_oggi,Adolf Hitler,jewish,keyword,29,1589.0714285714287,1.7616620066749926,0.42929009205591745
grok_oggi,Adolf Hitler,party,keyword,32,1804.3225806451612,1.2021723512391058,0.14778332794483295
grok_oggi,Adolf Hitler,hitler's,keyword,24,2411.6521739130435,1.0058439950771096,
grok_oggi,Adolf Hitler,with,appaiata,85,697.1666666666666,0.9000689498916715,-0.3511957976157134
grok_oggi,Adolf Hitler,he,appaiata,37,869.3333333333334,1.9161910299577989,0.07899592824802124
grok_oggi,Adolf Hitler,or,appaiata,33,1796.53125,1.1119491581919951,0.2684531394064482
grok_oggi,Adolf Hitler,under,appaiata,31,1859.8,1.18229801580107,0.14042592465150547
grok_oggi,Adolf Hitler,at,appaiata,27,2147.769230769231,1.063871067978889,-0.28640744012165237
grok_oggi,Adolf Hitler,but,appaiata,24,2434.521739130435,1.1881330037914484,
grok_oggi,Adolf Hitler,racial,appaiata,24,1646.1304347826087,1.8908479855996747,
grok_oggi,Rome,vocali,vocali,18568,3.2313782517369525,0.5861776598400588,-0.5585463209104784
grok_oggi,Rome,spazio,spazio,8545,7.021535580524344,0.4808219492576199,-0.982526023946234
grok_oggi,Rome,e,lettera,5208,11.520645285193009,0.8871676570767855,-0.29694220064706656
grok_oggi,Rome,i,lettera,4584,13.08356971416103,0.8697344450216099,-0.31154175421565256
grok_oggi,Rome,t,lettera,4172,14.380484296331815,0.8367215981517752,-0.3893418690536432
grok_oggi,Rome,a,lettera,4053,14.798617966436328,0.8779397326911605,-0.3945022770606743
grok_oggi,Rome,n,lettera,3903,15.370322911327523,0.8263881519281557,-0.37135777349586657
grok_oggi,Rome,r,lettera,3431,17.492419825072886,0.8668201826742327,-0.33253296096587914
grok_oggi,Rome,o,lettera,3219,18.64418893722809,0.8988580456851463,-0.2543668903927572
grok_oggi,Rome,s,lettera,2967,20.20768712070128,0.9399441584782499,-0.16075738278700788
grok_oggi,Rome,l,lettera,2247,26.705699020480854,0.9615728171881397,-0.05584731965503924
grok_oggi,Rome,c,lettera,1941,30.894329896907216,0.9403429046023608,-0.19319611023447333
grok_oggi,Rome,d,lettera,1814,33.06067291781577,0.9078757342689875,-0.18005624998214476
grok_oggi,Rome,h,lettera,1542,38.792342634652826,0.9456047162518334,-0.1877892273747969
grok_oggi,Rome,u,lettera,1504,39.858283433133735,0.9535304329801283,-0.16766958567032197
grok_oggi,Rome,m,lettera,1351,44.39925925925926,0.9875103346415217,-0.0431776891959669
grok_oggi,Rome,p,lettera,1227,48.86133768352365,0.9989484126903241,0.06822478928309841
grok_oggi,Rome,g,lettera,1108,54.11743450767841,0.9596948658298048,-0.08005127770954777
grok_oggi,Rome,f,lettera,890,67.43982002249719,0.9313902989050237,-0.04406614331303394
grok_oggi,Rome,y,lettera,761,78.88815789473684,0.959806025715508,-0.18135960192802225
grok_oggi,Rome,b,lettera,693,86.58092485549133,1.030377272989952,-0.08446875608643097
grok_oggi,Rome,the,funzione,495,120.87246963562752,1.021372569528167,-0.35067982913175394
grok_oggi,Rome,and,funzione,331,181.37878787878788,0.7445629925123486,-0.6959207191987343
grok_oggi,Rome,in,funzione,193,311.1614583333333,1.065867972784411,-0.2743136021615628
grok_oggi,Rome,of,funzione,178,332.10169491525426,1.0058029112705626,-0.19030912640826067
grok_oggi,Rome,to,funzione,154,388.42483660130716,0.9396464158902771,-0.337308190268093
grok_oggi,Rome,by,funzione,110,549.6697247706422,0.884917949897802,-0.21154943892725936
grok_oggi,Rome,rome,keyword,111,540.3909090909091,0.9016762578495124,-0.46453640493345677
grok_oggi,Rome,bc,keyword,53,403.7307692307692,2.5217679447418466,0.03873662406889246
grok_oggi,Rome,rome's,keyword,44,1316.6511627906978,0.8233443208310186,-0.3124909752610395
grok_oggi,Rome,century,keyword,41,1334.0,1.5487125284073737,0.19787476971852586
grok_oggi,Rome,city,keyword,59,1028.3103448275863,1.0392312821384986,-0.27207699322314094
grok_oggi,Rome,urban,keyword,35,1681.0,0.9195761026280386,0.01127328427832711
grok_oggi,Rome,city's,keyword,27,2161.3076923076924,0.9909595501878317,-0.2956658120498141
grok_oggi,Rome,on,appaiata,61,936.8166666666667,1.310133265903158,0.11066439598268012
grok_oggi,Rome,for,appaiata,48,1264.3829787234042,0.8214614802415728,-0.2967810570010448
grok_oggi,Rome,including,appaiata,34,1754.909090909091,0.7920650939091369,-0.585204751598881
grok_oggi,Rome,like,appaiata,35,1628.9705882352941,0.9722223033940371,-0.2828445678873568
grok_oggi,Rome,over,appaiata,31,1835.6666666666667,0.9169097069004754,-0.2426092685155269
grok_oggi,Rome,th,appaiata,36,1524.5714285714287,1.5578348514085814,0.6109088575588936
grok_oggi,Rome,that,appaiata,26,2341.76,1.3488189818563046,-0.014767159129443739
letterario,wrnpc_0,vocali,vocali,17869,3.3577344974255654,0.4697010211773586,-0.6636876656256676
letterario,wrnpc_0,spazio,spazio,9526,6.2988976377952755,0.5580457122349005,-0.9275871284816967
letterario,wrnpc_0,e,lettera,5867,10.227241732015,0.8306955977103521,-0.349865690689948
letterario,wrnpc_0,a,lettera,3899,15.383786557208825,0.8833781556022873,-0.4054570447668657
letterario,wrnpc_0,t,lettera,3885,15.440525231719876,0.9303055021690825,-0.24915304884487033
letterario,wrnpc_0,i,lettera,3448,17.403249202204815,0.8827577612359159,-0.36689850489800646
letterario,wrnpc_0,o,lettera,3426,17.51036496350365,0.9259985239788382,-0.20051370157089368
letterario,wrnpc_0,n,lettera,3414,17.568707881629066,0.8796841788647788,-0.27857154987530397
letterario,wrnpc_0,s,lettera,2969,20.203167115902964,0.9638642745787259,-0.05778560052058337
letterario,wrnpc_0,h,lettera,2839,21.121916842847074,0.8777573137277861,-0.3798660324680102
letterario,wrnpc_0,r,lettera,2741,21.887591240875913,0.9112673601023228,-0.16593314984013752
letterario,wrnpc_0,d,lettera,2070,28.98356694055099,0.9154904181644054,-0.2154924059948996
letterario,wrnpc_0,l,lettera,1929,31.108402489626556,1.0625944627313786,0.07966198711661901
letterario,wrnpc_0,u,lettera,1229,48.84446254071661,0.9412785814604767,-0.22320789810662076
letterario,wrnpc_0,m,lettera,1127,53.22113676731794,1.0178833285327546,-0.08213356972011546
letterario,wrnpc_0,c,lettera,1124,53.183437221727516,0.9049703224631465,-0.18604961665177266
letterario,wrnpc_0,w,lettera,1080,55.54587581093605,0.9472040737328968,-0.18957804251079266
letterario,wrnpc_0,p,lettera,1038,57.701060752169724,0.991864334564255,0.022746115722692764
letterario,wrnpc_0,y,lettera,975,61.487679671457904,1.0511962248242113,-0.1620919496046211
letterario,wrnpc_0,g,lettera,964,62.22326064382139,0.9808893242696862,-0.09357045157621681
letterario,wrnpc_0,f,lettera,846,70.92307692307692,1.1221610690626707,0.06890521170126848
letterario,wrnpc_0,the,funzione,512,116.9334637964775,1.004290810589014,-0.33070859902974514
letterario,wrnpc_0,and,funzione,361,166.21666666666667,0.8804118630254992,-0.4079475585801408
letterario,wrnpc_0,to,funzione,351,169.04,1.027578546292371,-0.11963959913827438
letterario,wrnpc_0,of,funzione,224,263.56502242152465,1.0448202626643488,-0.18860652409814077
letterario,wrnpc_0,he,funzione,184,325.60655737704917,1.2917116553351484,0.05854795445152167
letterario,wrnpc_0,his,funzione,160,371.39622641509436,1.2129764110164054,0.014619993593667942
letterario,wrnpc_0,prince,keyword,102,588.7326732673267,1.2496295326747449,-0.17115615777187798
letterario,wrnpc_0,pierre,keyword,80,658.5569620253165,1.8027845495980654,-0.20266005996882558
letterario,wrnpc_0,anna,keyword,63,873.9516129032259,1.4316920068924879,-0.27075996141161074
letterario,wrnpc_0,pávlovna,keyword,61,903.0833333333334,1.452105837497308,-0.22368984469363773
letterario,wrnpc_0,princess,keyword,51,999.52,1.1067464116484496,-0.04956104105114065
letterario,wrnpc_0,andrew,keyword,56,727.6909090909091,1.3444173053768036,-0.05317876163336611
letterario,wrnpc_0,vicomte,keyword,41,784.3,1.3731572824211964,0.12741661354389822
letterario,wrnpc_0,said,appaiata,99,591.8673469387755,0.7953050087874375,-0.3258115982402792
letterario,wrnpc_0,not,appaiata,74,802.3561643835617,1.0812095151398142,0.14540737970697196
letterario,wrnpc_0,all,appaiata,66,916.7692307692307,1.0677264482581406,0.23747069530158504
letterario,wrnpc_0,this,appaiata,48,1217.8297872340424,1.1254019156170372,-0.018724306227218844
letterario,wrnpc_0,be,appaiata,55,1095.2407407407406,1.1569068889544372,0.1793570571765735
letterario,wrnpc_0,have,appaiata,55,1075.7037037037037,1.242269201195126,0.2105468532330232
letterario,wrnpc_0,an,appaiata,39,1533.6842105263158,1.153093205821414,-0.04056702819717737
letterario,wrnpc_1,vocali,vocali,17645,3.4003060530491953,0.45496040402752086,-0.7008043011440444
letterario,wrnpc_1,spazio,spazio,9773,6.139480147359803,0.5440487511529211,-0.9642083736572957
letterario,wrnpc_1,e,lettera,5856,10.246285226302305,0.8450444022135941,-0.31566816538985554
letterario,wrnpc_1,t,lettera,4200,14.284353417480352,0.8989562094705408,-0.2517538966350668
letterario,wrnpc_1,a,lettera,3648,16.44941047436249,0.8401409068182365,-0.4150627442790172
letterario,wrnpc_1,i,lettera,3496,17.1447782546495,0.8487490889838653,-0.4105150668973661
letterario,wrnpc_1,o,lettera,3449,17.382830626450115,0.9521890990216423,-0.13933949413316926
letterario,wrnpc_1,n,lettera,3407,17.600411039342337,0.8531490513381449,-0.32137243067322796
letterario,wrnpc_1,h,lettera,3154,19.01966381224231,0.8227138116203104,-0.4058067515901239
letterario,wrnpc_1,s,lettera,3070,19.544802867383513,0.9699730984419219,-0.06108208550114857
letterario,wrnpc_1,r,lettera,2753,21.773255813953487,0.9019808408221919,-0.17398316953793164
letterario,wrnpc_1,d,lettera,2063,29.094568380213385,0.9105482916659406,-0.22943558795993174
letterario,wrnpc_1,l,lettera,1889,31.760593220338983,1.069188478068571,0.0861649296216964
letterario,wrnpc_1,u,lettera,1196,50.07866108786611,0.9716862375146026,-0.16192782404570985
letterario,wrnpc_1,c,lettera,1167,51.417667238421956,0.9724186522158524,-0.14027794974385277
letterario,wrnpc_1,m,lettera,1167,51.38250428816467,1.0223962378403473,-0.057292183332110704
letterario,wrnpc_1,w,lettera,1109,54.1471119133574,0.9505488070290299,-0.15233648822708498
letterario,wrnpc_1,g,lettera,943,63.56581740976645,0.9432699081351025,-0.10279168794322377
letterario,wrnpc_1,p,lettera,943,63.35774946921444,1.0349541068346544,0.03006122931690621
letterario,wrnpc_1,y,lettera,916,65.48633879781421,0.9652619300381813,-0.20437543309211167
letterario,wrnpc_1,f,lettera,876,68.29371428571429,1.090905281163703,-0.009312403859564639
letterario,wrnpc_1,the,funzione,630,94.75516693163752,0.97176486086139,-0.38495336552333387
letterario,wrnpc_1,and,funzione,392,153.12020460358056,0.8026523314093944,-0.5289348198455349
letterario,wrnpc_1,to,funzione,282,212.3914590747331,1.047497965988749,-0.15347485436673142
letterario,wrnpc_1,of,funzione,244,245.91358024691357,1.1480268430432092,0.015434240206187184
letterario,wrnpc_1,in,funzione,161,367.20625,1.1249963210352751,-0.1695640752202265
letterario,wrnpc_1,that,funzione,161,372.93125,0.8961337215920687,-0.2766559220162136
letterario,wrnpc_1,pierre,keyword,94,567.4086021505376,2.3480119544020477,-0.06250655477023002
letterario,wrnpc_1,princess,keyword,69,864.8382352941177,1.4849651269597057,-0.13974304307847485
letterario,wrnpc_1,prince,keyword,66,909.4769230769231,1.3022420263590362,-0.07756997895379461
letterario,wrnpc_1,anna,keyword,52,841.3137254901961,2.257131320533029,-0.06303339397576228
letterario,wrnpc_1,mikháylovna,keyword,52,841.3137254901961,2.257131320533029,-0.04923399723516338
letterario,wrnpc_1,will,keyword,48,1155.5744680851064,1.4772522918611832,0.43827023606155013
letterario,wrnpc_1,know,keyword,42,1322.5365853658536,2.507009346667232,0.5683032686999798
letterario,wrnpc_1,is,appaiata,87,693.4651162790698,1.9357251051849482,0.18787205672290294
letterario,wrnpc_1,him,appaiata,69,843.2352941176471,1.266508124244214,0.0009525986447202111
letterario,wrnpc_1,for,appaiata,64,902.6349206349206,1.4685339410485163,0.14060341811435767
letterario,wrnpc_1,all,appaiata,56,1030.2545454545455,1.0522452619389067,-0.08614187351879223
letterario,wrnpc_1,be,appaiata,50,1212.5102040816328,1.15537654848433,0.2164194911393484
letterario,wrnpc_1,said,appaiata,48,1244.3191489361702,1.0792525811349296,-0.004853531922841124
letterario,wrnpc_1,an,appaiata,42,1352.3658536585365,0.9055579106087615,-0.22753965538375243
letterario,wrnpc_2,vocali,vocali,17462,3.4360002290819542,0.4663350636274093,-0.6687420199478018
letterario,wrnpc_2,spazio,spazio,9566,6.272556194458965,0.5474553554076931,-0.9347494197819676
letterario,wrnpc_2,e,lettera,5798,10.34690357081249,0.8364365395975367,-0.3109681802858851
letterario,wrnpc_2,t,lettera,4195,14.295422031473533,0.8678431976518206,-0.2834106369934346
letterario,wrnpc_2,a,lettera,3704,16.2001080205239,0.8880361099074418,-0.38863319639745736
letterario,wrnpc_2,o,lettera,3392,17.679445591271012,0.9107038342695752,-0.21722361777660223
letterario,wrnpc_2,n,lettera,3391,17.692920353982302,0.9143472439662326,-0.27533468246660775
letterario,wrnpc_2,i,lettera,3310,18.128437594439408,0.8853708028322756,-0.36035132192710334
letterario,wrnpc_2,h,lettera,3048,19.680341319330488,0.8482336740866926,-0.41305842264501264
letterario,wrnpc_2,s,lettera,3003,19.974350433044638,0.9519378848305332,-0.081957688399438
letterario,wrnpc_2,r,lettera,2721,22.048529411764704,0.8935559691161605,-0.27810712872644716
letterario,wrnpc_2,d,lettera,2208,27.165835976438604,0.9395364481130555,-0.2070053784487247
letterario,wrnpc_2,l,lettera,1820,32.98185816382628,1.0990648702298431,0.12543113003494538
letterario,wrnpc_2,u,lettera,1258,47.64280031821798,0.9924525396782594,-0.2098815745022158
letterario,wrnpc_2,c,lettera,1123,53.19162210338681,0.9615179674167874,-0.15074997652554048
letterario,wrnpc_2,f,lettera,1097,54.71350364963504,1.0834349861308812,0.08565277086202112
letterario,wrnpc_2,w,lettera,1091,54.961467889908256,0.9610040607789117,-0.16900677096863254
letterario,wrnpc_2,m,lettera,1035,57.849129593810446,1.032591026721087,-0.0652739421477047
letterario,wrnpc_2,g,lettera,1021,58.58039215686274,0.9444614195513746,-0.11119015710039365
letterario,wrnpc_2,y,lettera,827,72.55569007263922,1.0399340919567774,-0.17149939166492575
letterario,wrnpc_2,p,lettera,769,77.76041666666667,1.0988942370773,0.1435404080915435
letterario,wrnpc_2,the,funzione,799,74.96992481203007,0.9478810196076403,-0.5040400702335585
letterario,wrnpc_2,and,funzione,367,163.78415300546447,0.8674974864416911,-0.40513854709960073
letterario,wrnpc_2,of,funzione,296,201.77627118644068,1.0665084182770581,-0.17794142471377758
letterario,wrnpc_2,to,funzione,264,226.70722433460077,1.1132560044920514,-0.09484944259258014
letterario,wrnpc_2,he,funzione,195,305.9072164948454,1.6137190412214952,0.03277565978312792
letterario,wrnpc_2,his,funzione,173,347.4011627906977,1.3562847137717882,0.07258488981478715
letterario,wrnpc_2,prince,keyword,55,1053.111111111111,2.4675853376949872,0.0947859146032956
letterario,wrnpc_2,bridge,keyword,53,948.0576923076923,2.8997299544556503,0.06976922581352205
letterario,wrnpc_2,andrew,keyword,39,676.7105263157895,0.9875007222775934,-0.35732235007589697
letterario,wrnpc_2,nesvítski,keyword,31,990.6333333333333,1.8581379108519924,0.31429041668638824
letterario,wrnpc_2,will,keyword,27,2204.0384615384614,1.4929768441149094,0.583644661185932
letterario,wrnpc_2,rostóv,keyword,25,596.5833333333334,1.2889740928941587,
letterario,wrnpc_2,bilíbin,keyword,27,651.5769230769231,0.8760253618512036,-0.2354857079916933
letterario,wrnpc_2,is,appaiata,50,1179.8367346938776,1.7035230416837672,0.36650927257284177
letterario,wrnpc_2,were,appaiata,50,1153.6326530612246,1.4513049014624853,0.41771503407387756
letterario,wrnpc_2,what,appaiata,40,1458.2307692307693,1.2277121106928715,0.37811500360985056
letterario,wrnpc_2,this,appaiata,30,1664.7586206896551,1.258208897004532,0.14457208005796252
letterario,wrnpc_2,their,appaiata,26,2160.8,1.4529432009790118,0.5383648766438435
letterario,wrnpc_2,them,appaiata,24,2246.217391304348,1.3838221062427003,
letterario,wrnpc_2,have,appaiata,23,2690.1363636363635,1.4414867199162904,
letterario,wrnpc_3,vocali,vocali,17600,3.409170975623615,0.4620765622368819,-0.6926977635403799
letterario,wrnpc_3,spazio,spazio,9733,6.16420057542129,0.5447317215299158,-0.9785845227606094
letterario,wrnpc_3,e,lettera,5978,10.037644303162121,0.8263124892578189,-0.3278998195868882
letterario,wrnpc_3,t,lettera,4025,14.888916500994036,0.9366761240699921,-0.18590840410773637
letterario,wrnpc_3,a,lettera,3744,16.024846379909164,0.8533596565876989,-0.41768828808326286
letterario,wrnpc_3,i,lettera,3392,17.69212621645532,0.8834908273360329,-0.40838297830502596
letterario,wrnpc_3,n,lettera,3388,17.70682019486271,0.8632881045450652,-0.30619337010236936
letterario,wrnpc_3,o,lettera,3316,18.09441930618401,0.9107025924608778,-0.21274402731120426
letterario,wrnpc_3,h,lettera,3222,18.597019559143124,0.8783058107108539,-0.3732316012889768
letterario,wrnpc_3,s,lettera,3076,19.509918699186994,0.9699471942099502,-0.07562211600183238
letterario,wrnpc_3,r,lettera,2664,22.511828764551257,0.9623484791579467,-0.14432406690762364
letterario,wrnpc_3,d,lettera,2129,28.179981203007518,0.9083222667761913,-0.192521622060387
letterario,wrnpc_3,l,lettera,1968,30.478393492628367,1.0210451537250393,0.03252820214306695
letterario,wrnpc_3,m,lettera,1185,50.602195945945944,0.9978950378907019,-0.10891279082257227
letterario,wrnpc_3,u,lettera,1170,51.229255774165956,0.9264200832746003,-0.1941015046789817
letterario,wrnpc_3,w,lettera,1085,55.276752767527675,0.9489680656837639,-0.174362670542495
letterario,wrnpc_3,c,lettera,1068,56.22492970946579,0.9918162755936164,-0.08896550378801993
letterario,wrnpc_3,f,lettera,999,59.88376753507014,1.0425313993102945,-0.0003588622017182682
letterario,wrnpc_3,g,lettera,920,64.9727965179543,0.9336296351907254,-0.15156012855610745
letterario,wrnpc_3,p,lettera,907,66.15121412803532,1.024128925368542,0.060460247896152265
letterario,wrnpc_3,y,lettera,856,70.06432748538012,1.0634682791753047,-0.12854097812044588
letterario,wrnpc_3,the,funzione,490,121.91411042944786,1.266822871703264,-0.21240025805421633
letterario,wrnpc_3,and,funzione,427,140.76760563380282,0.9519853015036405,-0.32510939181553056
letterario,wrnpc_3,to,funzione,287,208.53146853146853,1.0258406820615928,-0.13133417489196225
letterario,wrnpc_3,of,funzione,255,234.27165354330708,1.2345055274072938,-0.04857949131798266
letterario,wrnpc_3,he,funzione,229,261.2675438596491,2.723262667337278,-0.14960972303995912
letterario,wrnpc_3,her,funzione,176,336.1542857142857,2.2457850162458075,0.20319180737331846
letterario,wrnpc_3,prince,keyword,94,605.9784946236559,1.6720731104647337,-0.08856192113195846
letterario,wrnpc_3,pierre,keyword,93,399.64130434782606,0.9950869921703133,-0.26728825699742287
letterario,wrnpc_3,princess,keyword,65,847.96875,1.9093265413249885,0.2225414679900209
letterario,wrnpc_3,vasíli,keyword,60,955.1864406779661,1.548294013242581,0.01566856161172828
letterario,wrnpc_3,thought,keyword,34,1695.6969696969697,1.1055110777799035,0.27865154092611183
letterario,wrnpc_3,little,keyword,33,1834.0,1.7522397767277273,0.38929430989760067
letterario,wrnpc_3,hélène,keyword,37,771.8055555555555,1.0540385384876492,0.10321997112722343
letterario,wrnpc_3,but,appaiata,88,683.9425287356322,0.9079352536129918,-0.3476173591803972
letterario,wrnpc_3,for,appaiata,81,743.075,1.3047188612817031,0.25687815775595363
letterario,wrnpc_3,you,appaiata,68,803.3432835820895,1.5276650179467983,0.453777081213647
letterario,wrnpc_3,all,appaiata,48,1248.8936170212767,1.3832647812138805,0.3463107116095583
letterario,wrnpc_3,have,appaiata,34,1528.2121212121212,1.0986885507286845,0.37113592010906593
letterario,wrnpc_3,himself,appaiata,33,1503.75,1.384514058854175,0.1962481231187078
letterario,wrnpc_3,who,appaiata,32,1741.5483870967741,1.0340708114601602,-0.0344154577988545
letterario,wrnpc_4,vocali,vocali,17410,3.446263426963065,0.46496582724906244,-0.6799655503921394
letterario,wrnpc_4,spazio,spazio,9548,6.283544568974547,0.535485975481291,-0.9716431560348503
letterario,wrnpc_4,e,lettera,5683,10.555438225976769,0.8588921595178265,-0.2890206856526036
letterario,wrnpc_4,t,lettera,4298,13.959041191528973,0.8658422853174538,-0.296051871047017
letterario,wrnpc_4,o,lettera,3684,16.28265001357589,0.8501314292276989,-0.2734763739580311
letterario,wrnpc_4,a,lettera,3682,16.292311871773975,0.905720204806722,-0.3850482839666015
letterario,wrnpc_4,n,lettera,3454,17.367796119316537,0.8801152640934689,-0.3194800575542385
letterario,wrnpc_4,i,lettera,3145,19.073155216284988,0.8861020496569735,-0.3136403637697773
letterario,wrnpc_4,h,lettera,3114,19.265338901381305,0.8492471341977658,-0.38691931167269084
letterario,wrnpc_4,s,lettera,2994,20.04209822920147,0.9685286492420154,-0.08146264664997897
letterario,wrnpc_4,r,lettera,2816,21.287388987566608,0.9004951794170526,-0.25070212674669745
letterario,wrnpc_4,d,lettera,2150,27.910190786412286,0.9602078526528164,-0.18457997848288435
letterario,wrnpc_4,l,lettera,1891,31.728571428571428,1.1033099466575709,0.11446688788836794
letterario,wrnpc_4,u,lettera,1216,49.32674897119342,0.9327270122021684,-0.2494200070693556
letterario,wrnpc_4,m,lettera,1169,51.34845890410959,0.9837780116911687,-0.022109605561405513
letterario,wrnpc_4,g,lettera,1137,52.703345070422536,0.9868116788098531,-0.14704079211242158
letterario,wrnpc_4,w,lettera,1103,54.349364791288565,0.9925857817040654,-0.15252410699770227
letterario,wrnpc_4,f,lettera,1083,55.27818853974122,1.0628438008769023,0.08770911601111676
letterario,wrnpc_4,c,lettera,1036,57.9487922705314,0.9852124647668994,-0.08928993314475428
letterario,wrnpc_4,y,lettera,838,71.61768219832736,1.046341783567121,-0.17842869438787476
letterario,wrnpc_4,p,lettera,740,80.83085250338296,1.0398276033500504,0.08850568921958361
letterario,wrnpc_4,the,funzione,746,80.43489932885906,0.9516831631863327,-0.43134349013672885
letterario,wrnpc_4,and,funzione,394,152.55979643765903,0.9170738289542156,-0.39002542874134644
letterario,wrnpc_4,to,funzione,292,204.94501718213058,1.0333520835858958,-0.040851235771494084
letterario,wrnpc_4,of,funzione,289,205.25694444444446,1.0952256473177688,-0.08520770926787431
letterario,wrnpc_4,he,funzione,206,288.0292682926829,1.5791007517402575,0.0010336122913361147
letterario,wrnpc_4,in,funzione,168,353.7065868263473,1.103019729733782,-0.06661726990644504
letterario,wrnpc_4,rostóv,keyword,50,1026.7142857142858,4.759831279117724,0.11978423610648435
letterario,wrnpc_4,kutúzov,keyword,49,1079.2291666666667,2.749036494955346,0.30797774002495193
letterario,wrnpc_4,horse,keyword,43,1177.6904761904761,1.8095158870860881,0.4271920238673217
letterario,wrnpc_4,prince,keyword,37,1349.4444444444443,1.902066961102278,0.1472058383385539
letterario,wrnpc_4,front,keyword,31,1633.5,1.344719860516115,0.12062405713639324
letterario,wrnpc_4,andrew,keyword,31,1595.9666666666667,2.7141437945836513,0.07399002707266658
letterario,wrnpc_4,thought,keyword,26,2284.72,1.3505544949832111,0.4644434271971642
letterario,wrnpc_4,by,appaiata,47,1243.4565217391305,1.092609789196347,0.2123077037995732
letterario,wrnpc_4,from,appaiata,40,1503.179487179487,1.0327869793651363,0.03364870467117699
letterario,wrnpc_4,said,appaiata,40,1310.6666666666667,1.4743803469349843,0.09455705022543501
letterario,wrnpc_4,one,appaiata,38,1528.972972972973,1.0991985604654297,0.09445573868341743
letterario,wrnpc_4,out,appaiata,31,1837.3333333333333,1.1835699488331572,-0.022624291074400765
letterario,wrnpc_4,you,appaiata,31,1760.5333333333333,1.3582812555791588,0.5604145089016144
letterario,wrnpc_4,our,appaiata,26,2160.96,0.9842906499377079,0.19509646698456914
letterario,wrnpc_5,vocali,vocali,17083,3.512235101276197,0.45932986919822477,-0.6968559355804536
letterario,wrnpc_5,spazio,spazio,9786,6.130403679100664,0.5426627943759211,-0.9609707603403903
letterario,wrnpc_5,e,lettera,5408,11.08988348437211,0.8728289526264182,-0.2945400064723485
letterario,wrnpc_5,t,lettera,4059,14.781419418432726,0.8893821534576418,-0.27143043748968776
letterario,wrnpc_5,a,lettera,3772,15.909838239193848,0.8666932019772117,-0.3751713900541393
letterario,wrnpc_5,o,lettera,3632,16.505921233819883,0.9291077381731699,-0.2009021457564574
letterario,wrnpc_5,n,lettera,3394,17.673150604185086,0.858876097570103,-0.3522644355612015
letterario,wrnpc_5,h,lettera,3284,18.274748705452332,0.8361820925317935,-0.41247226135479287
letterario,wrnpc_5,s,lettera,3168,18.929586359330596,0.9636618545173873,-0.11358029447504392
letterario,wrnpc_5,i,lettera,3081,19.45487012987013,0.8645711876494652,-0.3556167543863
letterario,wrnpc_5,r,lettera,2370,25.280287040945545,0.9597763555980486,-0.19598461022708316
letterario,wrnpc_5,d,lettera,2327,25.78030954428203,0.9516699124043831,-0.18658271294334663
letterario,wrnpc_5,l,lettera,1910,31.414876898899948,1.0255433916606953,0.05149749113138779
letterario,wrnpc_5,u,lettera,1190,50.39108494533221,1.0014486670756564,-0.1987864910346745
letterario,wrnpc_5,w,lettera,1159,51.78411053540587,1.0214762535852713,-0.20142548270358848
letterario,wrnpc_5,m,lettera,1121,53.23303571428571,1.0260563905540472,-0.05756676561997632
letterario,wrnpc_5,c,lettera,1049,57.097328244274806,0.9970795581838556,-0.10052853329229335
letterario,wrnpc_5,g,lettera,948,63.23970432946146,0.9754161641699423,-0.13690660694566364
letterario,wrnpc_5,f,lettera,920,65.16322089227421,1.0902539745330844,0.04684452697449161
letterario,wrnpc_5,y,lettera,881,68.12045454545455,1.013644034330841,-0.1855717015200929
letterario,wrnpc_5,p,lettera,717,83.58240223463687,1.1856506211838835,0.30452376437782264
letterario,wrnpc_5,the,funzione,529,113.45265151515152,1.1859368863847704,-0.3146739232208857
letterario,wrnpc_5,and,funzione,428,140.37002341920376,0.8296856200217676,-0.4459429334835753
letterario,wrnpc_5,to,funzione,286,208.49122807017545,0.9092444061707827,-0.19899367491365905
letterario,wrnpc_5,he,funzione,243,241.68595041322314,1.2733831276704772,-0.12251681900564632
letterario,wrnpc_5,of,funzione,203,291.5792079207921,1.1011177087882262,-0.08702633767742582
letterario,wrnpc_5,in,funzione,154,388.5686274509804,1.0853303829408998,-0.1176442321909579
letterario,wrnpc_5,nicholas,keyword,54,865.622641509434,1.2400473819485611,-0.1314758145573344
letterario,wrnpc_5,dólokhov,keyword,63,773.7258064516129,1.7183488598411103,0.07283831166143048
letterario,wrnpc_5,natásha,keyword,52,805.1176470588235,1.6154723864983764,-0.1671267138236837
letterario,wrnpc_5,rostóv,keyword,51,896.88,1.725883548173149,-0.039987477678916174
letterario,wrnpc_5,denísov,keyword,47,906.6739130434783,1.8569861533537444,0.22374867516303884
letterario,wrnpc_5,room,keyword,32,1899.225806451613,1.79775500345111,0.1359147622389202
letterario,wrnpc_5,sónya,keyword,35,1224.3529411764705,1.6166506502205025,0.4064323973794526
letterario,wrnpc_5,all,appaiata,50,1214.591836734694,1.1871124501626866,0.308266153498161
letterario,wrnpc_5,so,appaiata,49,1150.7708333333333,1.1366091804667064,0.2129739494836969
letterario,wrnpc_5,this,appaiata,48,1186.212765957447,1.2065524595540529,0.2957893946122587
letterario,wrnpc_5,no,appaiata,43,1377.857142857143,0.9978402705897721,0.13745423901041612
letterario,wrnpc_5,up,appaiata,42,1458.4146341463415,1.042612521949359,-0.1306972374643844
letterario,wrnpc_5,now,appaiata,32,1654.258064516129,1.1855584972159725,0.31193897602562237
letterario,wrnpc_5,who,appaiata,32,1820.6451612903227,1.3341015271748482,0.3085894581013827
letterario,wrnpc_6,vocali,vocali,17375,3.45337861171866,0.4702261455547712,-0.6719923648816017
letterario,wrnpc_6,spazio,spazio,9773,6.139480147359803,0.5393824137161086,-0.9618580566286028
letterario,wrnpc_6,e,lettera,5774,10.390091806686298,0.8512981393388587,-0.29175980244742084
letterario,wrnpc_6,t,lettera,4175,14.369908960229996,0.9089297737504006,-0.24902348391034507
letterario,wrnpc_6,a,lettera,3667,16.358156028368793,0.8702084833660078,-0.3921526346308641
letterario,wrnpc_6,o,lettera,3617,16.582688053097346,0.8875156821588939,-0.24452588713031992
letterario,wrnpc_6,n,lettera,3377,17.76718009478673,0.8403686974155801,-0.3846682853945117
letterario,wrnpc_6,i,lettera,3208,18.704708450265045,0.881958931655972,-0.36566693815630147
letterario,wrnpc_6,s,lettera,3098,19.342912495963837,0.9507726445743802,-0.12364328333273913
letterario,wrnpc_6,h,lettera,2933,20.45463847203274,0.8677149940229971,-0.3782410420721002
letterario,wrnpc_6,r,lettera,2716,22.085082872928176,0.9248638912157535,-0.22766497582374395
letterario,wrnpc_6,d,lettera,2283,26.2874671340929,0.8987040624312747,-0.1963263540643363
letterario,wrnpc_6,l,lettera,1680,35.71351995235259,1.0084968929367353,0.056974954849797935
letterario,wrnpc_6,w,lettera,1187,50.56070826306914,0.9606067341841353,-0.21076017030177788
letterario,wrnpc_6,u,lettera,1109,54.118231046931406,0.9900635302253241,-0.14177782719966134
letterario,wrnpc_6,m,lettera,1079,55.55658627087198,0.9925810156110974,-0.10871002573482898
letterario,wrnpc_6,f,lettera,1034,57.947725072604065,1.1038056289518006,0.13582187549658054
letterario,wrnpc_6,c,lettera,997,60.19076305220884,0.9746886991522516,-0.0985134323199115
letterario,wrnpc_6,g,lettera,927,64.48272138228941,1.0468727644488856,-0.08771485705981331
letterario,wrnpc_6,y,lettera,791,75.7873417721519,1.0267416611308902,-0.10050129077073905
letterario,wrnpc_6,p,lettera,785,76.30484693877551,1.0877477325040603,0.09367554115946279
letterario,wrnpc_6,the,funzione,643,92.87071651090342,1.1347032356515498,-0.34398315596094664
letterario,wrnpc_6,and,funzione,425,141.31367924528303,0.8309659624317531,-0.46778063174026663
letterario,wrnpc_6,to,funzione,306,195.24590163934425,0.9923533952581769,-0.18192931078815444
letterario,wrnpc_6,of,funzione,233,255.71120689655172,1.4114031005193939,-0.06941022156083744
letterario,wrnpc_6,he,funzione,204,292.67487684729065,1.582218160107671,-0.05909857967438356
letterario,wrnpc_6,in,funzione,187,322.3709677419355,1.1421521136564343,-0.0024125316649828516
letterario,wrnpc_6,rostóv,keyword,105,418.58653846153845,1.5052101568476848,-0.3241131209363611
letterario,wrnpc_6,denísov,keyword,73,571.875,2.112461917423054,-0.3081176964622691
letterario,wrnpc_6,prince,keyword,43,1250.3333333333333,4.2630332391495545,0.2534263188623434
letterario,wrnpc_6,pierre,keyword,45,396.77272727272725,1.062600812297151,-0.3499233643415765
letterario,wrnpc_6,andrew,keyword,38,459.64864864864865,0.9375127544392284,-0.0666664364612856
letterario,wrnpc_6,went,keyword,27,2030.7307692307693,0.9418402156845754,0.008522270940121654
letterario,wrnpc_6,asked,keyword,23,2543.5,1.625229189116244,
letterario,wrnpc_6,it,appaiata,111,543.3545454545455,1.2540227088653935,0.21482505711227481
letterario,wrnpc_6,as,appaiata,67,888.8787878787879,1.1920820416777056,0.33510295274267127
letterario,wrnpc_6,one,appaiata,48,1242.3617021276596,1.127370682240917,0.38110406210491277
letterario,wrnpc_6,all,appaiata,40,1499.4102564102564,0.9237305542697568,0.11265753952172784
letterario,wrnpc_6,me,appaiata,34,1451.939393939394,1.6579989012628582,0.5768764530280752
letterario,wrnpc_6,into,appaiata,28,2105.296296296296,0.9547020217916431,-0.17707991411279525
letterario,wrnpc_6,now,appaiata,23,2651.681818181818,0.9744018824824623,
letterario,wrnpc_7,vocali,vocali,17484,3.431676485728994,0.4604220197853614,-0.6890055427746641
letterario,wrnpc_7,spazio,spazio,9526,6.298582677165355,0.5446931177652509,-0.959588450079648
letterario,wrnpc_7,e,lettera,5880,10.201564891988433,0.8500843896194392,-0.32855957024961513
letterario,wrnpc_7,t,lettera,4176,14.36814371257485,0.8995833439501232,-0.269305395807442
letterario,wrnpc_7,a,lettera,3952,15.185016451531258,0.871802715646969,-0.42586242244854533
letterario,wrnpc_7,n,lettera,3511,17.07008547008547,0.8408163469427098,-0.362600155630376
letterario,wrnpc_7,o,lettera,3230,18.574171570145555,0.9450654182626503,-0.15919819547194727
letterario,wrnpc_7,i,lettera,3204,18.727130814861066,0.8656029021648086,-0.3362469761163928
letterario,wrnpc_7,s,lettera,3187,18.82799748901444,0.9326932787128998,-0.10602227564716889
letterario,wrnpc_7,h,lettera,3118,19.23644529996792,0.831886257974932,-0.4094841458192213
letterario,wrnpc_7,r,lettera,2787,21.52333094041637,0.9716637447400769,-0.20143922096916037
letterario,wrnpc_7,d,lettera,2221,27.005855855855856,0.9125810474121586,-0.21966173083009596
letterario,wrnpc_7,l,lettera,1770,33.85811192764274,1.0794715481041912,0.09257924542889989
letterario,wrnpc_7,u,lettera,1218,49.25801150369762,1.00360808630438,-0.21324171801368874
letterario,wrnpc_7,c,lettera,1132,53.01945181255526,1.0070697990231536,-0.04168763248426762
letterario,wrnpc_7,m,lettera,1091,55.00091743119266,0.9946971788868082,-0.031467904238782485
letterario,wrnpc_7,w,lettera,1066,56.17464788732394,1.0229014777545353,-0.16736898431885344
letterario,wrnpc_7,g,lettera,1057,56.53219696969697,0.9749092805514862,-0.15052126275849592
letterario,wrnpc_7,p,lettera,889,67.14189189189189,1.1358260122413877,0.11619368542732272
letterario,wrnpc_7,f,lettera,838,71.62246117084827,1.0648145470297925,0.03677354524397338
letterario,wrnpc_7,y,lettera,816,73.3398773006135,1.0658875089953275,-0.11494616064428527
letterario,wrnpc_7,the,funzione,545,109.27022058823529,1.1342665302095438,-0.26539683590195273
letterario,wrnpc_7,and,funzione,453,131.4579646017699,0.9315237832570118,-0.33462231936875125
letterario,wrnpc_7,to,funzione,315,191.0063694267516,1.0324246102957602,-0.16556327091697814
letterario,wrnpc_7,her,funzione,231,259.4913043478261,1.933981300082374,0.07096078224628927
letterario,wrnpc_7,of,funzione,219,272.0596330275229,1.0786149971500354,-0.06673736054374448
letterario,wrnpc_7,he,funzione,181,332.74444444444447,1.8295525173448874,0.039550483662973306
letterario,wrnpc_7,natásha,keyword,84,700.3855421686746,2.0867478742316163,-0.3295166640777285
letterario,wrnpc_7,prince,keyword,61,831.9833333333333,2.0948750325180368,-0.1381452966841108
letterario,wrnpc_7,andrew,keyword,54,709.2830188679245,1.8027236981277868,-0.2902796870680606
letterario,wrnpc_7,countess,keyword,32,1568.5806451612902,2.345041517677974,0.2103587310516168
letterario,wrnpc_7,ball,keyword,26,1927.56,1.433538641813118,0.263724453627215
letterario,wrnpc_7,pierre,keyword,27,1463.3076923076924,2.022309762548471,0.17002658550222155
letterario,wrnpc_7,speránski,keyword,30,738.0689655172414,2.320629614018109,-0.07592113868140402
letterario,wrnpc_7,as,appaiata,78,772.3116883116883,1.1194065808119784,0.24172682418370425
letterario,wrnpc_7,said,appaiata,61,892.1333333333333,1.3706357678300876,0.11732327837850567
letterario,wrnpc_7,be,appaiata,49,1240.7916666666667,1.463848586467833,0.1959388795274087
letterario,wrnpc_7,from,appaiata,33,1764.90625,0.7973135539821763,-0.11235872377044605
letterario,wrnpc_7,very,appaiata,27,2150.5384615384614,1.0169132724163157,0.4209876351299467
letterario,wrnpc_7,me,appaiata,25,2062.8333333333335,1.393015787166994,
letterario,wrnpc_7,do,appaiata,24,2537.3478260869565,2.003357574557482,
letterario,wrnpc_8,vocali,vocali,17007,3.5280489239092083,0.4673471476712329,-0.6854357981517157
letterario,wrnpc_8,spazio,spazio,9604,6.247214412162866,0.5472204049659031,-0.9620182767629509
letterario,wrnpc_8,e,lettera,5476,10.956712328767123,0.8831664354141484,-0.27800871748863787
letterario,wrnpc_8,t,lettera,3977,15.087776659959758,0.913228919095531,-0.2833904105566732
letterario,wrnpc_8,a,lettera,3971,15.11133501259446,0.8893216881605086,-0.4151627858808978
letterario,wrnpc_8,n,lettera,3409,17.603579812206572,0.8492180472621963,-0.36202582782110204
letterario,wrnpc_8,o,lettera,3357,17.872765196662694,0.9112839871647177,-0.1652995414411142
letterario,wrnpc_8,h,lettera,3355,17.870602265951103,0.8275704313232616,-0.4403557885753242
letterario,wrnpc_8,s,lettera,3340,17.968852949985024,0.9113497041319231,-0.15631002082158366
letterario,wrnpc_8,i,lettera,2983,20.11602951039571,0.9009366053947016,-0.3213212367198037
letterario,wrnpc_8,r,lettera,2510,23.896771622160223,0.9502376718438197,-0.2397517646080421
letterario,wrnpc_8,d,lettera,2212,27.107643600180914,0.843676702669905,-0.2588528153728786
letterario,wrnpc_8,l,lettera,1897,31.635021097046412,1.0228935285694896,0.026592220866334948
letterario,wrnpc_8,u,lettera,1220,49.130434782608695,0.9796727623956599,-0.21679350999894728
letterario,wrnpc_8,m,lettera,1183,50.74788494077834,1.0541499787855633,0.110359663602092
letterario,wrnpc_8,w,lettera,1151,52.141739130434786,0.9568998434285617,-0.19839902764079426
letterario,wrnpc_8,g,lettera,1142,52.232252410166524,0.9890245851141746,-0.11685868289839753
letterario,wrnpc_8,c,lettera,983,61.063136456211815,1.053807724653932,-0.03968243844243321
letterario,wrnpc_8,y,lettera,928,64.67098166127292,1.0344448145049578,-0.154415937966946
letterario,wrnpc_8,f,lettera,882,68.03405221339388,1.0559754779918964,0.07042855653133073
letterario,wrnpc_8,p,lettera,643,93.2398753894081,1.1358681417842516,0.23922738288753753
letterario,wrnpc_8,the,funzione,615,97.32899022801303,1.2371979243100761,-0.3314638780716352
letterario,wrnpc_8,and,funzione,486,123.05567010309278,0.8826599478587592,-0.44621294104623827
letterario,wrnpc_8,to,funzione,254,236.53359683794466,1.0230822900795933,-0.10635138582316307
letterario,wrnpc_8,of,funzione,200,300.47236180904525,1.0876593567273436,-0.019925847259372888
letterario,wrnpc_8,in,funzione,178,331.9039548022599,1.1160929287042276,-0.08057982732742387
letterario,wrnpc_8,she,funzione,176,341.3485714285714,2.121488564725721,0.15181817039074771
letterario,wrnpc_8,natásha,keyword,101,592.84,1.4804378958697069,-0.12298546111375772
letterario,wrnpc_8,nicholas,keyword,79,725.5897435897435,1.2718258304376278,-0.03664454419246134
letterario,wrnpc_8,sónya,keyword,63,659.2096774193549,1.4840554582877024,0.05246777278696322
letterario,wrnpc_8,uncle,keyword,40,979.8717948717949,2.9790060224331363,0.11731200114480267
letterario,wrnpc_8,thought,keyword,32,1782.8709677419354,1.183459448978751,0.1383082327486599
letterario,wrnpc_8,room,keyword,28,1785.5185185185185,1.3302867461548735,0.4114412215555457
letterario,wrnpc_8,went,keyword,26,2299.72,1.3918407558600248,0.17047971939080608
letterario,wrnpc_8,had,appaiata,88,682.1379310344828,1.5247658022210149,0.25928839066164094
letterario,wrnpc_8,as,appaiata,80,727.2278481012659,1.4179805920315809,0.37223971927332256
letterario,wrnpc_8,from,appaiata,54,1107.1509433962265,1.1423598412011358,0.08143940427603558
letterario,wrnpc_8,go,appaiata,33,1552.59375,1.3086803047123947,0.6315685144989205
letterario,wrnpc_8,be,appaiata,32,1785.032258064516,1.029186288486567,0.11189678827062126
letterario,wrnpc_8,into,appaiata,27,2116.1923076923076,1.1823682099188448,0.4481914456771271
letterario,wrnpc_8,if,appaiata,26,2127.96,0.9452401094515506,0.1071355785456509
letterario,wrnpc_9,vocali,vocali,17252,3.477827372326242,0.47631520024520746,-0.6575201110903632
letterario,wrnpc_9,spazio,spazio,9615,6.240378614520491,0.545811592140816,-0.9963352138403814
letterario,wrnpc_9,e,lettera,5594,10.725013409619168,0.8418742234345666,-0.32120312846553956
letterario,wrnpc_9,t,lettera,4077,14.709764474975467,0.8966877442258899,-0.26391678504758403
letterario,wrnpc_9,a,lettera,4052,14.806714391508269,0.8860993230232223,-0.3682661043956216
letterario,wrnpc_9,o,lettera,3500,17.142897970848814,0.920860832382823,-0.1894361307797315
letterario,wrnpc_9,n,lettera,3381,17.74792899408284,0.8453436776393296,-0.3513301578258667
letterario,wrnpc_9,h,lettera,3231,18.559133126934984,0.8549995854027127,-0.4337706822447777
letterario,wrnpc_9,i,lettera,2953,20.312330623306234,0.9010389036030535,-0.3606793726839855
letterario,wrnpc_9,s,lettera,2853,21.01297335203366,0.9640696116649711,-0.09288307873472013
letterario,wrnpc_9,r,lettera,2646,22.67069943289225,0.9630364672901457,-0.1611362261318497
letterario,wrnpc_9,d,lettera,2317,25.897236614853195,0.87082111582417,-0.25965377248922844
letterario,wrnpc_9,l,lettera,1823,32.922063666300765,1.1180134661302605,0.07624329400076893
letterario,wrnpc_9,u,lettera,1153,52.03472222222222,0.938476817867753,-0.22521318649857203
letterario,wrnpc_9,m,lettera,1152,52.06429192006951,1.0160081678027582,-0.09014470573511917
letterario,wrnpc_9,w,lettera,1135,52.83068783068783,0.9264604039928677,-0.20083237363361087
letterario,wrnpc_9,y,lettera,1023,58.611545988258314,1.0341111595074228,-0.11852127019214634
letterario,wrnpc_9,g,lettera,973,61.69135802469136,1.0055407508499712,-0.058217944145608574
letterario,wrnpc_9,c,lettera,840,71.48510131108462,1.008920999977557,-0.09307664853546575
letterario,wrnpc_9,f,lettera,777,77.20876288659794,0.951948160155279,-0.006167115357250271
letterario,wrnpc_9,p,lettera,632,94.78763866877972,1.0557727605095635,0.1474052345316547
letterario,wrnpc_9,and,funzione,415,144.58212560386474,0.8902962617246812,-0.3937405735684928
letterario,wrnpc_9,the,funzione,390,152.55012853470436,1.1662095213432038,-0.157476952088365
letterario,wrnpc_9,to,funzione,352,169.97150997150996,1.0365820059168007,-0.17932770382393293
letterario,wrnpc_9,she,funzione,216,276.33953488372094,3.3243338799535738,0.04049813134802773
letterario,wrnpc_9,her,funzione,206,288.8390243902439,2.5347580659148363,0.08173586070490371
letterario,wrnpc_9,you,funzione,175,344.2586206896552,2.06266445017554,0.268886918749958
letterario,wrnpc_9,natásha,keyword,142,414.2482269503546,3.235174279594607,-0.14358457115563086
letterario,wrnpc_9,anatole,keyword,84,706.7349397590361,1.7813557749836175,-0.1494143373762239
letterario,wrnpc_9,sónya,keyword,64,678.8253968253969,3.1368397687852014,0.10251967030936593
letterario,wrnpc_9,márya,keyword,45,1231.590909090909,2.1955693731268466,0.030996582121800915
letterario,wrnpc_9,room,keyword,45,1271.2045454545455,1.0614311116688642,0.006753929503232629
letterario,wrnpc_9,don’t,keyword,41,1485.475,2.1639177603871933,0.7323806492401032
letterario,wrnpc_9,dmítrievna,keyword,46,1204.2222222222222,2.224978938608587,0.040114256787494515
letterario,wrnpc_9,him,appaiata,133,448.6212121212121,1.2246270937888033,0.0362095219779155
letterario,wrnpc_9,not,appaiata,81,734.9375,1.5158787877385598,-0.054133691139489334
letterario,wrnpc_9,is,appaiata,63,961.5322580645161,1.164534918386552,0.190532477398822
letterario,wrnpc_9,if,appaiata,44,1353.5348837209303,1.2655818882618288,0.18766528513802172
letterario,wrnpc_9,from,appaiata,43,1374.2142857142858,1.0156596224726344,0.18562161962840792
letterario,wrnpc_9,me,appaiata,41,1454.4,1.3511354752512954,0.6239231895205715
letterario,wrnpc_9,went,appaiata,40,1424.051282051282,1.0792708290065878,-0.06153134507913942
letterario,wrnpc_10,vocali,vocali,17535,3.4217520246378466,0.45650387736962733,-0.6994400359286824
letterario,wrnpc_10,spazio,spazio,9506,6.312046291425565,0.5370524517908903,-0.9995962385475069
letterario,wrnpc_10,e,lettera,5776,10.387532467532468,0.8424177322971657,-0.31072800655444355
letterario,wrnpc_10,t,lettera,4243,14.131541725601132,0.9109597272921341,-0.2671912882263186
letterario,wrnpc_10,a,lettera,3830,15.666231392008358,0.8578105779178595,-0.4234577400366144
letterario,wrnpc_10,o,lettera,3547,16.915679639029893,0.8866872011238721,-0.2692894740314536
letterario,wrnpc_10,n,lettera,3544,16.925486875529213,0.877581507689787,-0.32618784166358467
letterario,wrnpc_10,h,lettera,3155,18.995561192136968,0.8653248180543843,-0.38770844422699124
letterario,wrnpc_10,i,lettera,3134,19.140759655282476,0.9044870776230395,-0.323580791741991
letterario,wrnpc_10,s,lettera,3024,19.84254052265961,0.9434062912385027,-0.09774778465317265
letterario,wrnpc_10,r,lettera,2900,20.665746809244567,0.879707469948076,-0.2705611330106866
letterario,wrnpc_10,d,lettera,2241,26.78035714285714,0.8743095152994195,-0.23883572911657086
letterario,wrnpc_10,l,lettera,1852,32.39708265802269,1.0468251766943864,0.04466972396779554
letterario,wrnpc_10,c,lettera,1253,47.86022364217252,1.0137184174136098,-0.015721932202948995
letterario,wrnpc_10,u,lettera,1248,48.06094627105052,0.9708222661192191,-0.1931485885629307
letterario,wrnpc_10,m,lettera,1183,50.4839255499154,0.9535254562850962,-0.08865866182386489
letterario,wrnpc_10,w,lettera,1126,53.21244444444444,0.9605604863612063,-0.1605911220086597
letterario,wrnpc_10,f,lettera,1110,54.0712353471596,1.0065437993643407,0.03184652816549388
letterario,wrnpc_10,g,lettera,950,63.02107481559536,1.015650142024551,-0.09122165186823873
letterario,wrnpc_10,p,lettera,856,70.14619883040936,1.1233461404914329,0.051589260999154424
letterario,wrnpc_10,y,lettera,839,71.34606205250597,1.0257543827864162,-0.18677898589823758
letterario,wrnpc_10,the,funzione,674,88.9777117384844,1.0063203686945348,-0.3955299477501932
letterario,wrnpc_10,and,funzione,419,143.11722488038276,0.7560319790883877,-0.5257146841462046
letterario,wrnpc_10,to,funzione,310,191.7864077669903,0.980698834251947,-0.15697122124228952
letterario,wrnpc_10,of,funzione,293,205.27739726027397,1.090354297413144,-0.14917116118346144
letterario,wrnpc_10,in,funzione,193,307.7916666666667,1.0126531146220308,-0.17373269237078928
letterario,wrnpc_10,he,funzione,182,329.0220994475138,1.6804024758202598,0.1073114405769405
letterario,wrnpc_10,rostóv,keyword,61,931.8333333333334,3.3657917841314533,-0.10781782491955808
letterario,wrnpc_10,emperor,keyword,40,1329.1025641025642,2.883770729744336,0.22291306223665983
letterario,wrnpc_10,pfuel,keyword,32,697.5483870967741,1.4359236208018995,-0.04349174852558071
letterario,wrnpc_10,prince,keyword,29,761.6428571428571,1.0901646291101914,-0.009430153287070763
letterario,wrnpc_10,andrew,keyword,27,1707.3846153846155,2.6236026770378222,0.34573864050617203
letterario,wrnpc_10,army,keyword,23,1375.3636363636363,1.691813744756103,
letterario,wrnpc_10,french,keyword,21,2413.5,2.1897462715505647,
letterario,wrnpc_10,be,appaiata,56,1054.2181818181818,1.2706981629409932,0.24292435978366841
letterario,wrnpc_10,been,appaiata,30,1816.9310344827586,1.5489557716096511,0.34703420114535616
letterario,wrnpc_10,so,appaiata,31,1899.8,0.9646006516656958,0.062442378340077084
letterario,wrnpc_10,said,appaiata,29,1882.5,1.2716765224410371,0.4610711030861784
letterario,wrnpc_10,did,appaiata,26,2290.44,1.12658327894972,0.42095110761275556
letterario,wrnpc_10,out,appaiata,23,2704.318181818182,0.7941059100814979,
letterario,wrnpc_10,no,appaiata,21,2889.8,1.205727394995821,
letterario,wrnpc_11,vocali,vocali,17474,3.433640473873977,0.46772979157631517,-0.6822849757573597
letterario,wrnpc_11,spazio,spazio,9626,6.233142857142857,0.5382687416320352,-0.9730761696333213
letterario,wrnpc_11,e,lettera,5837,10.28032899246059,0.821273061033404,-0.31295176334404745
letterario,wrnpc_11,t,lettera,4230,14.181839678410972,0.9104201735259567,-0.24893104621957785
letterario,wrnpc_11,a,lettera,3795,15.79388508170796,0.8452468847520274,-0.4181827196083197
letterario,wrnpc_11,o,lettera,3599,16.668982768204557,0.8973874282218314,-0.23210022804373784
letterario,wrnpc_11,n,lettera,3442,17.425457715780297,0.8759480662151294,-0.30874004947779543
letterario,wrnpc_11,h,lettera,3145,19.07410941475827,0.851243557002045,-0.41489777689766144
letterario,wrnpc_11,i,lettera,3117,19.245186136071887,0.9409305277495229,-0.30710179435109813
letterario,wrnpc_11,s,lettera,3038,19.745472505762265,0.954131891616244,-0.09466873872714625
letterario,wrnpc_11,r,lettera,2807,21.375623663578047,0.9151271186899763,-0.27026994596114917
letterario,wrnpc_11,d,lettera,2259,26.562444641275466,0.9373906489747941,-0.1834579533900905
letterario,wrnpc_11,l,lettera,1861,32.2,1.0460869961226442,0.06647898155473732
letterario,wrnpc_11,c,lettera,1247,47.990369181380416,0.9815296119776861,-0.07538926455378546
letterario,wrnpc_11,m,lettera,1135,52.85978835978836,0.9651880515861453,-0.11420345940909597
letterario,wrnpc_11,u,lettera,1126,53.269333333333336,0.9653578734050239,-0.20084723156164086
letterario,wrnpc_11,w,lettera,1106,54.03981900452489,0.9605054241314714,-0.17020643777470884
letterario,wrnpc_11,f,lettera,1031,58.21553398058253,1.048790840203883,0.0739405829847814
letterario,wrnpc_11,g,lettera,996,60.18894472361809,1.0156824353959804,-0.07102746132343057
letterario,wrnpc_11,p,lettera,940,63.85516506922258,0.9919876331654528,-0.009922129127292671
letterario,wrnpc_11,y,lettera,791,75.80126582278481,1.0949440251633609,-0.16320355378012438
letterario,wrnpc_11,the,funzione,703,84.57692307692308,1.0723336737116176,-0.3916762456674308
letterario,wrnpc_11,and,funzione,416,143.54939759036145,0.8323298229238557,-0.4879523565455889
letterario,wrnpc_11,to,funzione,352,170.86894586894587,1.0291362935967334,-0.16983832098502705
letterario,wrnpc_11,of,funzione,285,209.54577464788733,1.074777252524563,-0.10290912862961663
letterario,wrnpc_11,he,funzione,188,319.6577540106952,1.4912510274658652,-0.0476266764185596
letterario,wrnpc_11,in,funzione,176,340.4342857142857,0.9093435423339994,-0.2773001506669961
letterario,wrnpc_11,prince,keyword,82,717.5185185185185,2.3241472926537163,0.14173118864390877
letterario,wrnpc_11,alpátych,keyword,50,977.4081632653061,3.5762236557399287,0.06532131985816553
letterario,wrnpc_11,andrew,keyword,36,1092.5714285714287,3.163283031397564,-0.17037711828604132
letterario,wrnpc_11,away,keyword,24,2283.8260869565215,1.6265162837496645,
letterario,wrnpc_11,princess,keyword,23,2665.681818181818,2.7974514880421886,
letterario,wrnpc_11,moscow,keyword,23,2280.4545454545455,1.2968518878031094,
letterario,wrnpc_11,came,keyword,22,2771.190476190476,1.330325998033905,
letterario,wrnpc_11,with,appaiata,83,707.7439024390244,1.006956767516152,-0.14057668553584682
letterario,wrnpc_11,she,appaiata,51,1124.86,4.16548717402508,0.266949058276345
letterario,wrnpc_11,what,appaiata,35,1623.0294117647059,1.1207911782737556,0.2740269627226069
letterario,wrnpc_11,are,appaiata,24,2563.5652173913045,1.3291364593697732,
letterario,wrnpc_11,their,appaiata,23,2519.4545454545455,1.4269919843731766,
letterario,wrnpc_11,man,appaiata,25,1636.7916666666667,1.2770891443442725,
letterario,wrnpc_11,now,appaiata,22,2768.0,1.6434648021707488,
letterario,wrnpc_12,vocali,vocali,17522,3.4242908509788252,0.46516505991705065,-0.6727832400944052
letterario,wrnpc_12,spazio,spazio,9591,6.255057351407716,0.5423950167578704,-0.9459465248224853
letterario,wrnpc_12,e,lettera,5983,10.028084252758275,0.851480808481706,-0.30514592210888786
letterario,wrnpc_12,t,lettera,4355,13.77859439595774,0.8918558103411948,-0.2572501809151352
letterario,wrnpc_12,o,lettera,3639,16.48653106102254,0.9350223338961985,-0.19974120804708256
letterario,wrnpc_12,a,lettera,3513,17.08001138952164,0.8738024894244473,-0.37758352393912
letterario,wrnpc_12,n,lettera,3447,17.403076030179918,0.8712863543348403,-0.33497084567590707
letterario,wrnpc_12,i,lettera,3220,18.616340478409445,0.9215202743684602,-0.3051495210352096
letterario,wrnpc_12,h,lettera,3127,19.19289827255278,0.8576146705074196,-0.39106017961953266
letterario,wrnpc_12,s,lettera,2839,21.12649753347428,0.9365407228917961,-0.10615252116774272
letterario,wrnpc_12,r,lettera,2787,21.51938262742283,0.9197400160910768,-0.1524116377384036
letterario,wrnpc_12,d,lettera,2270,26.398854120758042,0.9049270387555616,-0.17606355200481064
letterario,wrnpc_12,l,lettera,1781,33.69494382022472,1.0902950353200562,0.10316025890335592
letterario,wrnpc_12,w,lettera,1176,50.97191489361702,1.0148019214410875,-0.13257496612042668
letterario,wrnpc_12,u,lettera,1167,51.30789022298456,0.9576154677466394,-0.2019579695318704
letterario,wrnpc_12,c,lettera,1074,55.904007455731595,0.9843957233383192,-0.0769329377963175
letterario,wrnpc_12,m,lettera,1060,56.53068932955618,1.0438452030717758,-0.011403723701501237
letterario,wrnpc_12,f,lettera,993,60.41129032258065,1.1204816620033855,0.13397212372659129
letterario,wrnpc_12,g,lettera,934,63.861736334405144,1.1015246908952963,0.011079190011622038
letterario,wrnpc_12,p,lettera,868,69.14186851211073,1.1170177071508482,0.15171660968296807
letterario,wrnpc_12,y,lettera,855,69.98243559718969,1.0905814679602008,-0.11985913885587743
letterario,wrnpc_12,the,funzione,713,84.22191011235955,1.1287017841544957,-0.37459584170111654
letterario,wrnpc_12,and,funzione,411,145.9658536585366,0.9147206256124019,-0.38180166924900266
letterario,wrnpc_12,of,funzione,300,200.3846153846154,1.1050190450341,-0.08649011766756465
letterario,wrnpc_12,to,funzione,300,199.8494983277592,1.0017260790328564,-0.16500940153787425
letterario,wrnpc_12,he,funzione,174,338.6820809248555,1.5500592569964358,-0.007443333534991677
letterario,wrnpc_12,in,funzione,142,420.5673758865248,1.0367174940432997,-0.08325203060588784
letterario,wrnpc_12,pierre,keyword,95,535.2340425531914,1.4490300193501047,-0.18911125268904505
letterario,wrnpc_12,prince,keyword,44,756.4186046511628,1.9282979247571457,-0.10875991789139111
letterario,wrnpc_12,left,keyword,42,1403.341463414634,1.8131987991224625,0.2682308909028829
letterario,wrnpc_12,position,keyword,40,1205.025641025641,1.4793652627111948,0.3920777435336357
letterario,wrnpc_12,andrew,keyword,42,791.8536585365854,1.52534450868902,-0.1362005053792854
letterario,wrnpc_12,battle,keyword,37,1590.388888888889,1.2929859498687435,0.3725087195498201
letterario,wrnpc_12,flank,keyword,26,1866.76,2.0591197549278335,0.49669592349491143
letterario,wrnpc_12,it,appaiata,103,553.8333333333334,1.2125150463022962,0.10892333786954478
letterario,wrnpc_12,from,appaiata,45,1326.7954545454545,1.2657951782186678,0.14533636376437417
letterario,wrnpc_12,which,appaiata,42,1407.5853658536585,1.1285595061892426,0.16199289393630603
letterario,wrnpc_12,have,appaiata,40,1374.7948717948718,1.4437615990901091,0.26016065790996207
letterario,wrnpc_12,one,appaiata,40,1365.4358974358975,1.102831404523141,0.22940541436929546
letterario,wrnpc_12,what,appaiata,37,1562.25,1.291750568869097,0.33229857800582696
letterario,wrnpc_12,could,appaiata,26,2169.96,1.512375309264616,0.3207895467625006
letterario,wrnpc_13,vocali,vocali,17868,3.358034365030503,0.4577547049420298,-0.6908793796737174
letterario,wrnpc_13,spazio,spazio,9625,6.2335827098919365,0.5421796709063813,-0.9465370549200391
letterario,wrnpc_13,e,lettera,5846,10.264841745081267,0.8335493429267321,-0.3125354469427026
letterario,wrnpc_13,t,lettera,4443,13.5018009905448,0.8725172687905953,-0.277684535129773
letterario,wrnpc_13,o,lettera,3810,15.733000787608296,0.8857346023372131,-0.2881227856467948
letterario,wrnpc_13,a,lettera,3755,15.979754928076717,0.8493448896547529,-0.40741931436690326
letterario,wrnpc_13,n,lettera,3595,16.693934335002783,0.8578222785431381,-0.31329414152874857
letterario,wrnpc_13,i,lettera,3226,18.538604651162792,0.8965337646018606,-0.3098891568801349
letterario,wrnpc_13,s,lettera,3019,19.875414181577202,0.9385538494018009,-0.12501999156392796
letterario,wrnpc_13,h,lettera,2979,20.13734049697784,0.8521418300150676,-0.39353637733321395
letterario,wrnpc_13,r,lettera,2657,22.576807228915662,0.9165732388532964,-0.18022120494282257
letterario,wrnpc_13,d,lettera,2163,27.743293246993524,0.9191372275413906,-0.15017592750307782
letterario,wrnpc_13,l,lettera,1846,32.47642276422764,1.0435501649314367,0.04951563147473524
letterario,wrnpc_13,m,lettera,1245,48.16318327974277,1.0616429902810962,-0.00964135125385876
letterario,wrnpc_13,u,lettera,1231,48.642276422764226,0.956055555812012,-0.22293444975648835
letterario,wrnpc_13,c,lettera,1228,48.85085574572127,1.068884110298693,-0.023032283566671103
letterario,wrnpc_13,f,lettera,1115,53.8213644524237,0.9702045010715874,-0.04091759164024836
letterario,wrnpc_13,w,lettera,1053,56.77376425855513,0.9449564335167671,-0.15309262189094752
letterario,wrnpc_13,g,lettera,900,66.64738598442715,1.0379182970622145,-0.06871683831427527
letterario,wrnpc_13,y,lettera,848,70.73907910271546,0.9963360240189605,-0.203772241551472
letterario,wrnpc_13,b,lettera,780,76.97817715019255,0.9772389661813847,-0.0871109653336571
letterario,wrnpc_13,the,funzione,731,81.9904109589041,1.0054520955045714,-0.42256456086640853
letterario,wrnpc_13,of,funzione,397,149.93434343434345,1.1912851561878464,-0.2062850100837762
letterario,wrnpc_13,and,funzione,392,153.07928388746802,0.9897234200366206,-0.35801631482722107
letterario,wrnpc_13,to,funzione,351,170.2057142857143,1.1540082068833406,-0.21786443425600932
letterario,wrnpc_13,that,funzione,192,297.5026178010471,1.0462978008240786,-0.19418058302235555
letterario,wrnpc_13,in,funzione,165,363.2682926829268,1.025810665764733,-0.10604203150123713
letterario,wrnpc_13,moscow,keyword,53,736.4230769230769,1.8180290629206068,0.078804730544333
letterario,wrnpc_13,army,keyword,38,1027.2432432432433,1.4971782946545718,0.22486039879346179
letterario,wrnpc_13,battle,keyword,34,1769.1818181818182,2.0862960436912026,0.4921033766617599
letterario,wrnpc_13,hélène,keyword,35,477.47058823529414,0.5350663114023795,-0.9241367613176495
letterario,wrnpc_13,french,keyword,30,1842.2758620689656,2.0209137737199407,0.3316177075125257
letterario,wrnpc_13,question,keyword,26,2126.24,1.4571736345642365,0.4623153651466208
letterario,wrnpc_13,russian,keyword,22,2542.095238095238,1.4787567734563458,
letterario,wrnpc_13,who,appaiata,53,1103.0576923076924,1.5426387023908148,0.005189625634413608
letterario,wrnpc_13,did,appaiata,38,1502.918918918919,1.356069829197162,0.3389198785396467
letterario,wrnpc_13,there,appaiata,34,1796.909090909091,1.1562711126424192,0.4655564113511142
letterario,wrnpc_13,an,appaiata,30,1897.103448275862,1.0043662889547813,-0.06979033673806266
letterario,wrnpc_13,when,appaiata,30,1822.8620689655172,1.4449795859491883,0.7760233419675215
letterario,wrnpc_13,their,appaiata,26,2096.88,1.4775197603014796,0.6059619327687447
letterario,wrnpc_13,men,appaiata,22,2810.809523809524,1.4980286667026133,
letterario,wrnpc_14,vocali,vocali,17488,3.431005890089781,0.4677935464621305,-0.674478912710815
letterario,wrnpc_14,spazio,spazio,9456,6.344050766790058,0.549091533527151,-0.9540689250540989
letterario,wrnpc_14,e,lettera,5772,10.390746837636458,0.8470770439721245,-0.31068224286960794
letterario,wrnpc_14,t,lettera,4383,13.685988133272478,0.8333761826987527,-0.3378675745606422
letterario,wrnpc_14,o,lettera,3688,16.268782207756985,0.8954729382919633,-0.22701799418183852
letterario,wrnpc_14,a,lettera,3581,16.748603351955307,0.8745402575945115,-0.3833043226705835
letterario,wrnpc_14,n,lettera,3512,17.080603816576474,0.8833370511280364,-0.3312440753864246
letterario,wrnpc_14,i,lettera,3250,18.445367805478607,0.9287213343400432,-0.3203308769594531
letterario,wrnpc_14,h,lettera,3241,18.50679012345679,0.832558374673845,-0.41555514578610947
letterario,wrnpc_14,s,lettera,2911,20.59278350515464,0.9300475541567618,-0.15222032326133153
letterario,wrnpc_14,r,lettera,2737,21.905701754385966,0.9326175448913208,-0.19942152538301972
letterario,wrnpc_14,d,lettera,2293,26.149214659685864,0.9039289456699577,-0.19035553879346756
letterario,wrnpc_14,l,lettera,1759,34.117178612059156,1.0294088249927467,0.05933281123633374
letterario,wrnpc_14,c,lettera,1366,43.9018315018315,0.9469886261646949,-0.16767420883539338
letterario,wrnpc_14,u,lettera,1197,50.08444816053512,0.8817952448398266,-0.2724262106495592
letterario,wrnpc_14,m,lettera,1160,51.70750647109577,1.009605725369083,-0.1148438046141949
letterario,wrnpc_14,w,lettera,1083,55.35120147874307,0.9902802525354882,-0.12516960207910985
letterario,wrnpc_14,f,lettera,1047,57.27820267686425,1.0804848655880082,0.04850911717607773
letterario,wrnpc_14,g,lettera,988,60.57953394123607,1.019617827324359,-0.12930698687687212
letterario,wrnpc_14,p,lettera,857,70.03154205607477,1.0792039568781469,0.12064943909604808
letterario,wrnpc_14,y,lettera,793,75.6300505050505,0.9130619632493836,-0.22058298189658512
letterario,wrnpc_14,the,funzione,831,72.1987951807229,0.9755350977991497,-0.48402021184196536
letterario,wrnpc_14,and,funzione,413,145.0631067961165,0.8246275392248282,-0.5372047553108164
letterario,wrnpc_14,to,funzione,305,196.51973684210526,1.0702920276593133,-0.1335201010992796
letterario,wrnpc_14,of,funzione,274,213.2087912087912,1.0460694322642698,-0.2083390421849913
letterario,wrnpc_14,in,funzione,195,308.0154639175258,1.037444066052048,-0.1675548676324463
letterario,wrnpc_14,he,funzione,190,316.42857142857144,1.821890641124558,0.12739761534326852
letterario,wrnpc_14,moscow,keyword,57,906.3392857142857,1.9639841686757153,-0.0006949769740443558
letterario,wrnpc_14,rostopchín,keyword,56,760.1090909090909,2.0658617499089162,-0.24183732565162636
letterario,wrnpc_14,crowd,keyword,40,930.4102564102565,1.8223321734521758,-0.18198614064116733
letterario,wrnpc_14,french,keyword,37,1290.4722222222222,1.5169236598907854,0.3700570812399619
letterario,wrnpc_14,count,keyword,38,819.918918918919,1.104604457784066,-0.07135679298530868
letterario,wrnpc_14,people,keyword,30,1721.0689655172414,1.480675683082935,0.37074395487339623
letterario,wrnpc_14,went,keyword,20,2909.0,0.9822887143491413,
letterario,wrnpc_14,all,appaiata,55,970.4814814814815,1.1943157925168137,-0.0673511975082591
letterario,wrnpc_14,is,appaiata,47,1155.891304347826,1.3588110263395707,0.2623953308470313
letterario,wrnpc_14,one,appaiata,40,1501.8974358974358,1.322806520709564,0.2912101696090928
letterario,wrnpc_14,which,appaiata,38,1451.6756756756756,1.15748531646653,0.157500450167529
letterario,wrnpc_14,an,appaiata,36,1557.3142857142857,1.0729497758440862,0.2841130428614637
letterario,wrnpc_14,been,appaiata,29,1903.4642857142858,0.9826773345153847,0.05779380612377852
letterario,wrnpc_14,men,appaiata,20,2785.5263157894738,1.7990152046791437,
letterario,wrnpc_15,vocali,vocali,17568,3.415438037228895,0.446677983938623,-0.7266818581633443
letterario,wrnpc_15,spazio,spazio,9712,6.1776336113685515,0.5295392140792607,-1.0095964504760266
letterario,wrnpc_15,e,lettera,6020,9.96627346735338,0.8068628346019874,-0.3337136733707278
letterario,wrnpc_15,t,lettera,4181,14.34665071770335,0.9106486184191314,-0.2605323593112874
letterario,wrnpc_15,a,lettera,3828,15.67389600209041,0.8319999104677763,-0.4350940842302083
letterario,wrnpc_15,n,lettera,3440,17.444896772317534,0.8286952684727232,-0.3721935337831342
letterario,wrnpc_15,h,lettera,3413,17.57590855803048,0.8322214844715707,-0.4217281576689829
letterario,wrnpc_15,o,lettera,3351,17.898507462686567,0.8795676172033089,-0.2440290976987229
letterario,wrnpc_15,i,lettera,3177,18.8794080604534,0.8572699109374942,-0.36190899085098843
letterario,wrnpc_15,s,lettera,3060,19.60542661000327,0.9418972905562725,-0.11864148474789435
letterario,wrnpc_15,r,lettera,2905,20.65840220385675,0.9202587536911527,-0.1628750550372275
letterario,wrnpc_15,d,lettera,2282,26.295922840859273,0.9310411587659353,-0.18941739142282313
letterario,wrnpc_15,l,lettera,1702,35.22927689594356,1.050059864464602,0.057860097720909
letterario,wrnpc_15,u,lettera,1192,50.287153652392945,0.9518891475307626,-0.22458601690056815
letterario,wrnpc_15,w,lettera,1192,50.269521410579344,0.9595177475625976,-0.1695515090055442
letterario,wrnpc_15,m,lettera,1175,51.09369676320273,0.9977379425400705,-0.040555599986735406
letterario,wrnpc_15,c,lettera,1139,52.50527240773287,1.0257671629364558,-0.06221804969695606
letterario,wrnpc_15,f,lettera,1051,57.1,1.0634004486791846,0.04556004911453925
letterario,wrnpc_15,y,lettera,876,68.39428571428572,0.9891454544002029,-0.20369555558927044
letterario,wrnpc_15,g,lettera,873,68.68463302752293,0.93025177714476,-0.1177137017816871
letterario,wrnpc_15,p,lettera,839,71.46658711217184,1.0867927769983279,0.06425831865684949
letterario,wrnpc_15,the,funzione,556,108.05225225225226,1.1103262149188884,-0.30120284743734443
letterario,wrnpc_15,and,funzione,423,141.8222748815166,0.8628611591928755,-0.4317815500027429
letterario,wrnpc_15,to,funzione,320,187.67084639498432,1.1509907773952066,-0.1517932931117436
letterario,wrnpc_15,of,funzione,262,229.367816091954,1.0894711880342802,-0.12512714945454423
letterario,wrnpc_15,he,funzione,218,273.58986175115206,1.7595368950801482,0.04270557418208171
letterario,wrnpc_15,was,funzione,200,300.3115577889447,1.0764456536289433,-0.0624120999226944
letterario,wrnpc_15,pierre,keyword,71,321.34285714285716,0.6753696188601355,-0.5107568352389353
letterario,wrnpc_15,nicholas,keyword,64,575.1746031746031,1.4217295913634818,-0.38484147363930715
letterario,wrnpc_15,princess,keyword,47,714.7608695652174,1.2254441014625128,-0.1254923004110269
letterario,wrnpc_15,sónya,keyword,50,608.1632653061224,2.2957525578834086,0.04673602935057523
letterario,wrnpc_15,felt,keyword,33,1850.1875,1.2310496566015972,0.1897591117875093
letterario,wrnpc_15,mary,keyword,35,955.7647058823529,1.236380832044834,0.029914119170928757
letterario,wrnpc_15,wife,keyword,29,857.6785714285714,0.9280655120053153,-0.11022773424266039
letterario,wrnpc_15,for,appaiata,63,921.483870967742,1.166028024649295,0.17437431567256542
letterario,wrnpc_15,were,appaiata,63,950.3387096774194,1.3723195451294714,0.1622498751087356
letterario,wrnpc_15,by,appaiata,46,1321.6444444444444,1.3404674106043297,0.07748562586793463
letterario,wrnpc_15,this,appaiata,45,1358.840909090909,0.9789424103650028,0.0059078049781361094
letterario,wrnpc_15,an,appaiata,33,1791.1875,0.9824779555338405,-0.04632869293446733
letterario,wrnpc_15,no,appaiata,31,1818.3,0.9438761065444216,-0.005622414351475524
letterario,wrnpc_15,could,appaiata,26,1806.32,0.9039346258256339,0.09496794461503598
letterario,wrnpc_16,vocali,vocali,17480,3.4322901767835687,0.45995162075179835,-0.6870478154840015
letterario,wrnpc_16,spazio,spazio,9506,6.311520252498685,0.5321371070255433,-1.0166934233452503
letterario,wrnpc_16,e,lettera,5759,10.417679749913164,0.8477085183173347,-0.27970516770243553
letterario,wrnpc_16,t,lettera,4404,13.625028389734272,0.8481492355732037,-0.2929919266197772
letterario,wrnpc_16,a,lettera,3813,15.7300629590766,0.8514312344558952,-0.4054801137899479
letterario,wrnpc_16,o,lettera,3637,16.497799779978,0.9169079429318767,-0.22688526332303968
letterario,wrnpc_16,n,lettera,3425,17.51693925233645,0.8642171944553865,-0.337641171047373
letterario,wrnpc_16,h,lettera,3322,18.06202950918398,0.8452327379506132,-0.40205684448309403
letterario,wrnpc_16,i,lettera,3140,19.107996177126473,0.906391959770754,-0.3272152815194776
letterario,wrnpc_16,s,lettera,3080,19.484572913283532,0.9639158551055037,-0.11023498125650673
letterario,wrnpc_16,r,lettera,2836,21.149911816578484,0.9496739414959741,-0.17265644598043622
letterario,wrnpc_16,d,lettera,2261,26.544690265486725,0.9136256635015337,-0.20733267107748005
letterario,wrnpc_16,l,lettera,1761,34.03238636363636,1.0831940275060847,0.08095541281404751
letterario,wrnpc_16,m,lettera,1153,51.966145833333336,1.0068915273590575,-0.06672203705847414
letterario,wrnpc_16,c,lettera,1135,52.791887125220455,1.0210206017612689,-0.05473452630237194
letterario,wrnpc_16,u,lettera,1131,53.05663716814159,0.926374607477335,-0.2474390020488193
letterario,wrnpc_16,w,lettera,1126,53.22222222222222,0.9947050281023364,-0.17005864462574077
letterario,wrnpc_16,f,lettera,1096,54.63013698630137,1.0676395818377413,0.03431820749424902
letterario,wrnpc_16,g,lettera,1000,59.91891891891892,1.0035448554072584,-0.0746482105499231
letterario,wrnpc_16,p,lettera,826,72.52242424242424,1.0946102728178175,0.10441630919497728
letterario,wrnpc_16,y,lettera,755,79.38196286472149,0.9954719110024197,-0.20000329689858137
letterario,wrnpc_16,the,funzione,749,80.10026737967914,0.9885743342898378,-0.4507474999847246
letterario,wrnpc_16,and,funzione,426,141.04470588235293,0.9306376581316084,-0.4288277673723603
letterario,wrnpc_16,of,funzione,312,191.0,1.2932401442072192,-0.1086445657947241
letterario,wrnpc_16,to,funzione,292,205.91752577319588,1.1399863860384303,-0.030147202784875652
letterario,wrnpc_16,he,funzione,191,312.35263157894735,1.6620402495819502,0.01290351206959205
letterario,wrnpc_16,that,funzione,184,322.1256830601093,1.039970725181191,-0.019567053773484902
letterario,wrnpc_16,pierre,keyword,65,502.515625,1.1453971870662882,0.011617879788402953
letterario,wrnpc_16,french,keyword,43,1368.5714285714287,1.46456702147172,-0.05505218938439219
letterario,wrnpc_16,army,keyword,38,1598.918918918919,2.229474032456772,0.2501062405535291
letterario,wrnpc_16,prisoners,keyword,28,1338.9259259259259,1.6307814049138,0.0629816978224945
letterario,wrnpc_16,kutúzov,keyword,30,884.3448275862069,1.6881103316151644,0.21791309390716213
letterario,wrnpc_16,moscow,keyword,26,2366.56,0.9825028824763735,-0.08965430869213911
letterario,wrnpc_16,whole,keyword,24,2496.304347826087,1.6150873659859792,
letterario,wrnpc_16,as,appaiata,61,989.4666666666667,0.9644141999280378,0.03173457133605704
letterario,wrnpc_16,this,appaiata,41,1416.35,0.7800447569607768,-0.15124180615620544
letterario,wrnpc_16,be,appaiata,38,1566.0,1.1519927905692255,-0.040760564034113086
letterario,wrnpc_16,been,appaiata,28,2011.962962962963,1.016913071772952,0.05917768028954013
letterario,wrnpc_16,so,appaiata,29,1942.6785714285713,1.0068417020081308,0.14274853574830831
letterario,wrnpc_16,man,appaiata,28,1841.111111111111,1.4772587630456941,0.08273045741584942
letterario,wrnpc_16,could,appaiata,24,2564.3478260869565,1.1539647084487121,
letterario,wrnpc_17,vocali,vocali,17534,3.4219471853077055,0.46240826799617235,-0.6802051903158067
letterario,wrnpc_17,spazio,spazio,9503,6.313407703641339,0.5432161712880252,-0.9599328932909239
letterario,wrnpc_17,e,lettera,5921,10.133445945945946,0.8643353366852318,-0.2701919499933913
letterario,wrnpc_17,t,lettera,4425,13.560126582278482,0.8717734683658946,-0.28676153667222365
letterario,wrnpc_17,a,lettera,3793,15.821993670886076,0.8526318171888094,-0.4181281860216971
letterario,wrnpc_17,o,lettera,3471,17.257348703170027,0.8925703889983784,-0.23293745120554712
letterario,wrnpc_17,n,lettera,3458,17.325426670523576,0.8479376828856208,-0.35559455470391255
letterario,wrnpc_17,s,lettera,3198,18.756021269940568,0.944696808068111,-0.10674811739749916
letterario,wrnpc_17,h,lettera,3162,18.95349572919962,0.8658062791747679,-0.3924876903154758
letterario,wrnpc_17,i,lettera,3119,19.237010904425915,0.8840019641645822,-0.33625309277390475
letterario,wrnpc_17,r,lettera,2913,20.600274725274726,0.9010675990823543,-0.2898445205771505
letterario,wrnpc_17,d,lettera,2252,26.636605952909818,0.940291284432038,-0.1980214844209209
letterario,wrnpc_17,l,lettera,1747,34.35910652920962,0.9999202001287796,0.0012156118124837412
letterario,wrnpc_17,u,lettera,1230,48.80309194467046,0.9600413314413203,-0.2281086639566625
letterario,wrnpc_17,f,lettera,1198,50.06850459482038,1.0584602618862917,0.05621238662021322
letterario,wrnpc_17,c,lettera,1160,51.654874892148406,1.018112859234028,-0.03870268663896079
letterario,wrnpc_17,m,lettera,1113,53.91996402877698,0.9921302356606077,-0.0517111030481648
letterario,wrnpc_17,w,lettera,1079,55.55936920222634,0.973380216674707,-0.19696512072041408
letterario,wrnpc_17,g,lettera,958,62.549634273772206,0.9516101454683538,-0.09401658539570554
letterario,wrnpc_17,y,lettera,877,68.32648401826484,0.9087791802385972,-0.2214418469799187
letterario,wrnpc_17,p,lettera,783,76.64450127877238,1.0319399874920323,0.08310219448888538
letterario,wrnpc_17,the,funzione,651,92.08153846153846,1.2638538948622564,-0.34708622771374903
letterario,wrnpc_17,and,funzione,470,126.85287846481876,0.8886460492278943,-0.3876089507378772
letterario,wrnpc_17,of,funzione,357,167.32303370786516,1.1422290348424247,-0.18755221999921412
letterario,wrnpc_17,to,funzione,294,202.4641638225256,1.0749337233137788,-0.11954321390405066
letterario,wrnpc_17,that,funzione,174,342.2485549132948,1.0227023676192146,-0.24805643478972508
letterario,wrnpc_17,in,funzione,156,372.31612903225806,0.9251674636300471,-0.23993786119709737
letterario,wrnpc_17,french,keyword,47,1118.695652173913,2.661521755188396,0.35130547120638533
letterario,wrnpc_17,army,keyword,46,1298.6888888888889,2.735161526185062,0.2489376798292256
letterario,wrnpc_17,natásha,keyword,47,412.1521739130435,1.1105735236536092,-0.08351729860450657
letterario,wrnpc_17,kutúzov,keyword,41,1228.925,3.0434049048636647,0.10610873396635702
letterario,wrnpc_17,russian,keyword,33,1734.5,2.231651744401573,0.39929865829641353
letterario,wrnpc_17,life,keyword,27,1136.4615384615386,2.0624440119325897,0.4061252763109825
letterario,wrnpc_17,mary,keyword,25,787.0833333333334,1.8297456523164253,
letterario,wrnpc_17,you,appaiata,48,854.0,2.108419599505095,0.6473404302954793
letterario,wrnpc_17,who,appaiata,46,1293.6888888888889,1.827230625173402,0.30008353137403027
letterario,wrnpc_17,them,appaiata,42,1366.2439024390244,1.342950756925226,0.45068239965126383
letterario,wrnpc_17,him,appaiata,37,1188.9444444444443,1.5846463752181317,0.384226233495802
letterario,wrnpc_17,did,appaiata,34,1669.5454545454545,1.231172262957204,0.43169618534162607
letterario,wrnpc_17,there,appaiata,27,2239.0,0.9424590671289595,0.16742546026794378
letterario,wrnpc_17,now,appaiata,23,2031.1363636363637,1.52111594345303,
letterario,wrnpc_18,vocali,vocali,17704,3.388973620290346,0.45573059565756485,-0.7009575241630351
letterario,wrnpc_18,spazio,spazio,9734,6.162950785985822,0.5338894590875649,-1.0243871785692826
letterario,wrnpc_18,e,lettera,5936,10.107666385846672,0.8366201588934811,-0.31799521204726333
letterario,wrnpc_18,t,lettera,4036,14.866666666666667,0.899799234813662,-0.2610018193508364
letterario,wrnpc_18,a,lettera,3832,15.652571130253198,0.8787551017758536,-0.40197700358353666
letterario,wrnpc_18,o,lettera,3506,17.114122681883025,0.8827159617240673,-0.2650454950016072
letterario,wrnpc_18,s,lettera,3369,17.80878859857482,0.9278082948689774,-0.14134470047780834
letterario,wrnpc_18,h,lettera,3369,17.801365795724465,0.8368097384170629,-0.4077342430146837
letterario,wrnpc_18,n,lettera,3366,17.826745913818723,0.8598318044082086,-0.36157406031020417
letterario,wrnpc_18,i,lettera,3222,18.623098416640794,0.9031093211482067,-0.3414654686943206
letterario,wrnpc_18,r,lettera,2656,22.589830508474577,0.9234426911688667,-0.23499669127867062
letterario,wrnpc_18,d,lettera,2271,26.38105726872247,0.9858182146510943,-0.1627874901447557
letterario,wrnpc_18,l,lettera,1823,32.845773874862786,1.056727528531508,0.05903445317205831
letterario,wrnpc_18,m,lettera,1219,49.25205254515599,0.9877641990370291,-0.044772426108151415
letterario,wrnpc_18,u,lettera,1208,49.65285832642916,0.9597282107945747,-0.19701581262564843
letterario,wrnpc_18,c,lettera,1158,51.82800345721694,1.092951455194161,0.016699976525586656
letterario,wrnpc_18,f,lettera,1078,55.07892293407614,0.9656120169225473,-0.005424755088654368
letterario,wrnpc_18,w,lettera,1055,56.74478178368121,0.9570583151469709,-0.17514810915561604
letterario,wrnpc_18,y,lettera,881,67.81590909090909,1.011013064937715,-0.18390235540508376
letterario,wrnpc_18,g,lettera,827,72.60653753026634,1.0243444045166838,-0.0907671616390338
letterario,wrnpc_18,p,lettera,788,76.04320203303685,1.1315098811507902,0.15738351425257968
letterario,wrnpc_18,the,funzione,540,110.47309833024119,1.0976578479661083,-0.2807243509063882
letterario,wrnpc_18,and,funzione,442,135.70975056689343,0.936943362314587,-0.3748437220043877
letterario,wrnpc_18,to,funzione,353,170.0340909090909,0.9805665696749976,-0.21824023245910898
letterario,wrnpc_18,of,funzione,266,222.1735849056604,1.1880776192887554,-0.10423838625179714
letterario,wrnpc_18,he,funzione,233,255.43534482758622,1.766435858605164,-0.09188985028242472
letterario,wrnpc_18,her,funzione,228,203.9691629955947,2.1211305975218417,-0.05773528224670843
letterario,wrnpc_18,nicholas,keyword,64,665.1904761904761,0.9465358214544219,-0.3278822275141351
letterario,wrnpc_18,countess,keyword,42,1094.121951219512,1.283480573625973,0.0018668497560979133
letterario,wrnpc_18,mary,keyword,42,890.1951219512196,1.1962168506274815,-0.09003776985102659
letterario,wrnpc_18,natásha,keyword,31,1574.9,2.6711612389707162,0.5468387088002062
letterario,wrnpc_18,always,keyword,23,2354.909090909091,0.857781319608355,
letterario,wrnpc_18,sónya,keyword,24,1406.0869565217392,2.015648921263613,
letterario,wrnpc_18,room,keyword,20,1867.578947368421,1.554645453644013,
letterario,wrnpc_18,from,appaiata,62,952.1803278688525,1.2372243057864318,0.07597221575030146
letterario,wrnpc_18,by,appaiata,46,1290.3333333333333,1.434763742469938,0.17063660820422208
letterario,wrnpc_18,said,appaiata,39,1462.5526315789473,1.5232545089433822,0.2428028622295342
letterario,wrnpc_18,could,appaiata,24,2415.8260869565215,1.4810570002949328,
letterario,wrnpc_18,an,appaiata,23,2628.181818181818,1.040852134221647,
letterario,wrnpc_18,herself,appaiata,23,1888.090909090909,1.287653854488209,
letterario,wrnpc_18,after,appaiata,20,2265.5789473684213,1.0822916618239289,
letterario,wrnpc_19,vocali,vocali,18826,3.186932270916335,0.4473530670775821,-0.7148381596606915
letterario,wrnpc_19,spazio,spazio,9491,6.32086406743941,0.5750972086927209,-0.9369295503789359
letterario,wrnpc_19,e,lettera,6348,9.448715928785253,0.8494045571740252,-0.26998010230132324
letterario,wrnpc_19,t,lettera,4601,13.040652173913044,0.8260229480974837,-0.39676027560794674
letterario,wrnpc_19,o,lettera,4120,14.563000728332119,0.8328458811861633,-0.3922752460767103
letterario,wrnpc_19,i,lettera,3870,15.505040062031533,0.918623772255901,-0.27185286464320946
letterario,wrnpc_19,n,lettera,3860,15.53899974086551,0.838278064814345,-0.35960030646347074
letterario,wrnpc_19,a,lettera,3428,17.501896702655383,0.8555614636997507,-0.39984884759155387
letterario,wrnpc_19,s,lettera,3253,18.44741697416974,1.0033754214987942,-0.06935095289669851
letterario,wrnpc_19,r,lettera,2461,24.377642276422765,0.8928325908406849,-0.24946117224197167
letterario,wrnpc_19,h,lettera,2434,24.650637073571723,0.8799814081756802,-0.3539292489692457
letterario,wrnpc_19,c,lettera,1798,33.34335002782415,0.990231538254742,-0.09038607243666845
letterario,wrnpc_19,l,lettera,1719,34.79161816065192,1.0678240103444445,0.05553119518074528
letterario,wrnpc_19,d,lettera,1545,38.81217616580311,0.9855076315636112,-0.14241123797572672
letterario,wrnpc_19,f,lettera,1482,40.44564483457123,0.9489678723480656,-0.13042411389901287
letterario,wrnpc_19,m,lettera,1382,43.34178131788559,1.0500348323679138,0.05424362020117425
letterario,wrnpc_19,u,lettera,1060,56.57034938621341,0.9542104883172278,-0.19907744394647325
letterario,wrnpc_19,w,lettera,996,60.268341708542714,1.0000567745802695,-0.16440962357662076
letterario,wrnpc_19,y,lettera,796,74.99622641509434,0.9925250677471968,-0.15670831106249566
letterario,wrnpc_19,p,lettera,781,76.86025641025641,1.0901131090212617,0.09896364326238524
letterario,wrnpc_19,b,lettera,646,92.46511627906976,1.0597284388342518,-0.04980360116609013
letterario,wrnpc_19,the,funzione,882,67.87287173666289,1.0702758383102848,-0.5169520332703403
letterario,wrnpc_19,of,funzione,686,87.44525547445255,0.9551814489189995,-0.4693327230615206
letterario,wrnpc_19,and,funzione,331,180.6727272727273,1.0133823093194343,-0.26648363915516016
letterario,wrnpc_19,to,funzione,252,238.23107569721117,1.0407041747562222,-0.08735323596218773
letterario,wrnpc_19,in,funzione,231,260.10869565217394,1.0421718990307243,-0.08341105608480595
letterario,wrnpc_19,is,funzione,222,270.89592760180994,1.094419935249107,-0.09558593610252425
letterario,wrnpc_19,will,keyword,75,794.0135135135135,1.4391774178804293,0.13601144655156225
letterario,wrnpc_19,action,keyword,71,637.5714285714286,1.7689093482114506,0.055431544996521295
letterario,wrnpc_19,free,keyword,68,606.7910447761194,1.1576592712613514,0.00015834975674989312
letterario,wrnpc_19,freedom,keyword,61,639.6,1.786504780932107,0.15983709925797826
letterario,wrnpc_19,time,keyword,52,1116.5294117647059,1.3609114951343324,0.2108826230040434
letterario,wrnpc_19,history,keyword,49,1224.1041666666667,2.1420581323343613,0.14315963764938164
letterario,wrnpc_19,inevitability,keyword,46,1227.1555555555556,3.124401281755877,0.21008369137691102
letterario,wrnpc_19,but,appaiata,77,779.0657894736842,0.9528737411963084,-0.23317619000715264
letterario,wrnpc_19,for,appaiata,73,780.3472222222222,1.4383638027668662,0.19139160040245976
letterario,wrnpc_19,from,appaiata,69,825.5,1.441837136516529,0.17820179298761646
letterario,wrnpc_19,be,appaiata,60,929.2203389830509,1.3303277071119117,0.04006045548377061
letterario,wrnpc_19,are,appaiata,51,1167.8,1.0094802125639661,-0.09174492900424866
letterario,wrnpc_19,this,appaiata,49,1059.5833333333333,1.3516338214579235,-0.02066300107196248
letterario,wrnpc_19,all,appaiata,49,1148.0,1.0091192425794513,0.15857995354363838
